Sections:
00: "org0001:0" (0-5EC)
01: "org0002:82000" (82000-85500)


Source: "basic68k.asm"
                            	     1: *************************************************************************************
                            	     2: *										    *
                            	     3: *	Enhanced BASIC for the Motorola MC680xx					    *
                            	     4: *										    *
                            	     5: *	This version is for the TS2 single board computer.		            *
                            	     6: *	Jeff Tranter (tranter@pobox.com)					    *
                            	     7: *										    *
                            	     8: *************************************************************************************
                            	     9: *										    *
                            	    10: *	Copyright(C) 2002-12 by Lee Davison. This program may be freely distributed *
                            	    11: *	for personal use only. All commercial rights are reserved.		    *
                            	    12: *										    *
                            	    13: *	More 68000 and other projects can be found on my website at ..		    *
                            	    14: *										    *
                            	    15: *	 http://mycorner.no-ip.org/index.html					    *
                            	    16: *										    *
                            	    17: *	mail : leeedavison@googlemail.com					    *
                            	    18: *										    *
                            	    19: *************************************************************************************
                            	    20: 
                            	    21: * Ver 3.54
                            	    22: 
                            	    23: * Ver 3.54 adds experimental support for LOAD/SAVE using Hobbytronics
                            	    24: * USB Flash Drive Host Board
                            	    25: * Ver 3.53 fixes math error that affected exponentiation ("^") and
                            	    26: *  EXP() function. Thanks to joelang for fix.
                            	    27: * Ver 3.52 stops USING$() from reading beyond the end of the format string
                            	    28: * Ver 3.51 fixes the UCASE$() and LCASE$() functions for null strings
                            	    29: * Ver 3.50 unary minus in concatenate generates a type mismatch error
                            	    30: * Ver 3.49 doesn't tokenise 'DEF' or 'DEC' within a hex value
                            	    31: * Ver 3.48 allows scientific notation underflow in the USING$() function
                            	    32: * Ver 3.47 traps the use of array elements as the FOR loop variable
                            	    33: * Ver 3.46 updates function and function variable handling
                            	    34: 
                            	    35: *************************************************************************************
                            	    36: *
                            	    37: * Ver 3.45 makes the handling of non existant variables consistent and gives the
                            	    38: * option of not returning an error for a non existant variable. If this is the
                            	    39: * behaviour you want just change novar to some non zero value
                            	    40: 
                            	    41: novar		EQU	0				* non existant variables cause errors
                            	    42: 
                            	    43: * Set the symbol FLASH_SUPPORT to 1 if you want to enable experimental
                            	    44: * support for LOAD/SAVE using a Hobbytronics USB Flash Drive Host
                            	    45: * Board.
                            	    46: 
                            	    47: FLASH_SUPPORT   EQU     0
                            	    48: 
                            	    49: *************************************************************************************
                            	    50: 
                            	    51: * Ver 3.44 adds overflow indication to the USING$() function
                            	    52: * Ver 3.43 removes an undocumented feature of concatenating null strings
                            	    53: * Ver 3.42 reimplements backspace so that characters are overwritten with [SPACE]
                            	    54: * Ver 3.41 removes undocumented features of the USING$() function
                            	    55: * Ver 3.40 adds the USING$() function
                            	    56: * Ver 3.33 adds the file requester to LOAD and SAVE
                            	    57: * Ver 3.32 adds the optional ELSE clause to IF .. THEN
                            	    58: 
                            	    59: *************************************************************************************
                            	    60: *
                            	    61: * Version 3.25 adds the option to change the behaviour of INPUT so that a null
                            	    62: * response does not cause a program break. If this is the behaviour you want just
                            	    63: * change nobrk to some non zero value.
                            	    64: 
                            	    65: nobrk		EQU	0				* null response to INPUT causes a break
                            	    66: 
                            	    67: 
                            	    68: *************************************************************************************
                            	    69: *
                            	    70: * Version 3.xx replaces the fixed RAM addressing from previous versions with a RAM
                            	    71: * pointer in a3. this means that this could now be run as a task on a multitasking
                            	    72: * system where memory resources may change.
                            	    73: 
                            	    74: 
                            	    75: *************************************************************************************
                            	    76: 
                            	    77: 
                            	    78: 	INCLUDE	"basic68k.inc"

Source: "basic68k.inc"
                            	     1: 
                            	     2: * This lot is in RAM
                            	     3: 
                            	     4:         ORG     0			* start of RAM
                            	     5:  
00:00000000 00000000        	     6: ram_strt	ds.l	$100			* allow 1K for the stack, this should be plenty
00:00000004 *
                            	     7: 						* for any BASIC program that doesn't do something
                            	     8: 						* silly, it could even be much less.
                            	     9: ram_base
00:00000400 0000            	    10: LAB_WARM	ds.w	1			* BASIC warm start entry point
00:00000402 00000000        	    11: Wrmjpv	ds.l	1			* BASIC warm start jump vector
                            	    12: 
00:00000406 0000            	    13: Usrjmp	ds.w	1			* USR function JMP address
00:00000408 00000000        	    14: Usrjpv	ds.l	1			* USR function JMP vector
                            	    15: 
                            	    16: * system dependant i/o vectors
                            	    17: * these are in RAM and are set at start-up
                            	    18: 
00:0000040C 0000            	    19: V_INPT	ds.w	1			* non halting scan input device entry point
00:0000040E 00000000        	    20: V_INPTv	ds.l	1			* non halting scan input device jump vector
                            	    21: 
00:00000412 0000            	    22: V_OUTP	ds.w	1			* send byte to output device entry point
00:00000414 00000000        	    23: V_OUTPv	ds.l	1			* send byte to output device jump vector
                            	    24: 
00:00000418 0000            	    25: V_LOAD	ds.w	1			* load BASIC program entry point
00:0000041A 00000000        	    26: V_LOADv	ds.l	1			* load BASIC program jump vector
                            	    27: 
00:0000041E 0000            	    28: V_SAVE	ds.w	1			* save BASIC program entry point
00:00000420 00000000        	    29: V_SAVEv	ds.l	1			* save BASIC program jump vector
                            	    30: 
00:00000424 0000            	    31: V_CTLC	ds.w	1			* save CTRL-C check entry point
00:00000426 00000000        	    32: V_CTLCv	ds.l	1			* save CTRL-C check jump vector
                            	    33: 
00:0000042A 00000000        	    34: Itemp		ds.l	1			* temporary integer	(for GOTO etc)
                            	    35: 
00:0000042E 00000000        	    36: Smeml		ds.l	1			* start of memory		(start of program)
                            	    37: 
                            	    38: * the program is stored as a series of lines each line having the following format
                            	    39: *
                            	    40: *		ds.l	1			* pointer to the next line or $00000000 if [EOT]
                            	    41: *		ds.l	1			* line number
                            	    42: *		ds.b	n			* program bytes
                            	    43: *		dc.b	$00			* [EOL] marker, there will be a second $00 byte, if
                            	    44: *						* needed, to pad the line to an even number of bytes
                            	    45: 
00:00000432 00000000        	    46: Sfncl		ds.l	1			* start of functions	(end of Program)
                            	    47: 
                            	    48: * the functions are stored as function name, function execute pointer and function
                            	    49: * variable name
                            	    50: *
                            	    51: *		ds.l	1			* name
                            	    52: *		ds.l	1			* execute pointer
                            	    53: *		ds.l	1			* function variable
                            	    54: 
00:00000436 00000000        	    55: Svarl		ds.l	1			* start of variables	(end of functions)
                            	    56: 
                            	    57: * the variables are stored as variable name, variable value
                            	    58: *
                            	    59: *		ds.l	1			* name
                            	    60: *		ds.l	1			* packed float or integer value
                            	    61: 
00:0000043A 00000000        	    62: Sstrl		ds.l	1			* start of strings	(end of variables)
                            	    63: 
                            	    64: * the strings are stored as string name, string pointer and string length
                            	    65: *
                            	    66: *		ds.l	1			* name
                            	    67: *		ds.l	1			* string pointer
                            	    68: *		ds.w	1			* string length
                            	    69: 
00:0000043E 00000000        	    70: Sarryl	ds.l	1			* start of arrays		(end of strings)
                            	    71: 
                            	    72: * the arrays are stored as array name, array size, array dimensions count, array
                            	    73: * dimensions upper bounds and array elements
                            	    74: *
                            	    75: *		ds.l	1			* name
                            	    76: *		ds.l	1			* size including this header
                            	    77: *		ds.w	1			* dimensions count
                            	    78: *		ds.w	1			* 1st dimension upper bound
                            	    79: *		ds.w	1			* 2nd dimension upper bound
                            	    80: *		...				* ...
                            	    81: *		ds.w	1			* nth dimension upper bound
                            	    82: *
                            	    83: * then (i1+1)*(i2+1)...*(in+1) of either ..
                            	    84: *
                            	    85: *		ds.l	1			* packed float or integer value
                            	    86: *
                            	    87: * .. if float or integer, or ..
                            	    88: *
                            	    89: *		ds.l	1			* string pointer
                            	    90: *		ds.w	1			* string length
                            	    91: *
                            	    92: * .. if string
                            	    93: 
00:00000442 00000000        	    94: Earryl	ds.l	1			* end of arrays		(start of free mem)
00:00000446 00000000        	    95: Sstorl	ds.l	1			* string storage		(moving down)
00:0000044A 00000000        	    96: Ememl		ds.l	1			* end of memory		(upper bound of RAM)
00:0000044E 00000000        	    97: Sutill	ds.l	1			* string utility ptr
00:00000452 00000000        	    98: Clinel	ds.l	1			* current line		(Basic line number)
00:00000456 00000000        	    99: Blinel	ds.l	1			* break line		(Basic line number)
                            	   100: 
00:0000045A 00000000        	   101: Cpntrl	ds.l	1			* continue pointer
00:0000045E 00000000        	   102: Dlinel	ds.l	1			* current DATA line
00:00000462 00000000        	   103: Dptrl		ds.l	1			* DATA pointer
00:00000466 00000000        	   104: Rdptrl	ds.l	1			* read pointer
00:0000046A 00000000        	   105: Varname	ds.l	1			* current var name
00:0000046E 00000000        	   106: Cvaral	ds.l	1			* current var address
00:00000472 00000000        	   107: Lvarpl	ds.l	1			* variable pointer for LET and FOR/NEXT
                            	   108: 
00:00000476 00000000        	   109: des_sk_e	ds.l	6			* descriptor stack end address
00:0000047A *
                            	   110: des_sk					* descriptor stack start address
                            	   111: 						* use a4 for the descriptor pointer
00:0000048E 0000            	   112: 		ds.w	1			
00:00000490 00000000        	   113: Ibuffs	ds.l	$40			* start of input buffer
00:00000494 *
                            	   114: Ibuffe
                            	   115: 						* end of input buffer
                            	   116: 
00:00000590 00000000        	   117: FAC1_m	ds.l	1			* FAC1 mantissa1
00:00000594 0000            	   118: FAC1_e	ds.w	1			* FAC1 exponent
                            	   119: FAC1_s	EQU	FAC1_e+1		* FAC1 sign (b7)
00:00000596 0000            	   120: 		ds.w	1			
                            	   121: 
00:00000598 00000000        	   122: FAC2_m	ds.l	1			* FAC2 mantissa1
00:0000059C 00000000        	   123: FAC2_e	ds.l	1			* FAC2 exponent
                            	   124: FAC2_s	EQU	FAC2_e+1		* FAC2 sign (b7)
                            	   125: FAC_sc	EQU	FAC2_e+2		* FAC sign comparison, Acc#1 vs #2
                            	   126: flag		EQU	FAC2_e+3		* flag byte for divide routine
                            	   127: 
00:000005A0 00000000        	   128: PRNlword	ds.l	1			* PRNG seed long word
                            	   129: 
00:000005A4 00000000        	   130: ut1_pl	ds.l	1			* utility pointer 1
                            	   131: 
00:000005A8 00000000        	   132: Asptl		ds.l	1			* array size/pointer
00:000005AC 00000000        	   133: Astrtl	ds.l	1			* array start pointer
                            	   134: 
                            	   135: numexp	EQU	Astrtl		* string to float number exponent count
                            	   136: expcnt	EQU	Astrtl+1		* string to float exponent count
                            	   137: 
                            	   138: expneg	EQU	Astrtl+3		* string to float eval exponent -ve flag
                            	   139: 
00:000005B0 00000000        	   140: func_l	ds.l	1			* function pointer
                            	   141: 
                            	   142: 
                            	   143: 						* these two need to be a word aligned pair !
00:000005B4 0000            	   144: Defdim	ds.w	1			* default DIM flag
                            	   145: cosout	EQU	Defdim		* flag which CORDIC output (re-use byte)
                            	   146: Dtypef	EQU	Defdim+1		* data type flag, $80=string, $40=integer, $00=float
                            	   147: 
                            	   148: 
00:000005B6 00000000        	   149: Binss		ds.l	4			* number to bin string start (32 chrs)
00:000005BA *
                            	   150: 
00:000005C6 00000000        	   151: Decss		ds.l	1			* number to decimal string start (16 chrs)
00:000005CA 0000            	   152: 		ds.w	1			*
00:000005CC 0000            	   153: Usdss		ds.w	1			* unsigned decimal string start (10 chrs)
                            	   154: 
00:000005CE 00000000        	   155: Hexss		ds.l	2			* number to hex string start (8 chrs)
00:000005D2 *
                            	   156: 
00:000005D6 0000            	   157: BHsend	ds.w	1			* bin/decimal/hex string end
                            	   158: 
                            	   159: 
00:000005D8 00              	   160: prstk		ds.b	1			* stacked function index
                            	   161: 
00:000005D9 00              	   162: tpower	ds.b	1			* remember CORDIC power
                            	   163: 
00:000005DA 00              	   164: Asrch		ds.b	1			* scan-between-quotes flag, alt search character
                            	   165: 
00:000005DB 00              	   166: Dimcnt	ds.b	1			* # of dimensions
                            	   167: 
00:000005DC 00              	   168: Breakf	ds.b	1			* break flag, $00=END else=break
00:000005DD 00              	   169: Oquote	ds.b	1			* open quote flag (Flag: DATA; LIST; memory)
00:000005DE 00              	   170: Gclctd	ds.b	1			* garbage collected flag
00:000005DF 00              	   171: Sufnxf	ds.b	1			* subscript/FNX flag, 1xxx xxx = FN(0xxx xxx)
00:000005E0 00              	   172: Imode		ds.b	1			* input mode flag, $00=INPUT, $98=READ
                            	   173: 
00:000005E1 00              	   174: Cflag		ds.b	1			* comparison evaluation flag
                            	   175: 
00:000005E2 00              	   176: TabSiz	ds.b	1			* TAB step size
                            	   177: 
00:000005E3 00              	   178: comp_f	ds.b	1			* compare function flag, bits 0,1 and 2 used
                            	   179: 						* bit 2 set if >
                            	   180: 						* bit 1 set if =
                            	   181: 						* bit 0 set if <
                            	   182: 
00:000005E4 00              	   183: Nullct	ds.b	1			* nulls output after each line
00:000005E5 00              	   184: TPos		ds.b	1			* BASIC terminal position byte
00:000005E6 00              	   185: TWidth	ds.b	1			* BASIC terminal width byte
00:000005E7 00              	   186: Iclim		ds.b	1			* input column limit
00:000005E8 00              	   187: ccflag	ds.b	1			* CTRL-C check flag
00:000005E9 00              	   188: ccbyte	ds.b	1			* CTRL-C last received byte
00:000005EA 00              	   189: ccnull	ds.b	1			* CTRL-C last received byte 'life' timer
                            	   190: 
                            	   191: * these variables for load/save routines
                            	   192: 
                            	   193:  ifne   FLASH_SUPPORT
                            	   194: 
                            	   195: load_first      ds.b    1               * Boolean indicating if first byte read
                            	   196: load_filename   ds.b    13              * Hold LOAD/SAVE filename (DOS 8.3 format plus terminating null)
                            	   197: 
                            	   198:  endc
                            	   199: 
                            	   200: 		even			* dummy even value and zero pad byte
                            	   201: 
                            	   202: prg_strt
                            	   203: 
                            	   204: * Use these two lines when running from ROM
                            	   205: ram_addr	EQU	$02000		* RAM start address
                            	   206: ram_size	EQU	$06000		* RAM size
                            	   207: 
                            	   208: * Use these two lines when running from RAM
                            	   209: *ram_addr	EQU	$04000		* RAM start address
                            	   210: *ram_size	EQU	$04000		* RAM size
                            	   211: 

Source: "basic68k.asm"
                            	    79: 							* RAM offset definitions
                            	    80: 
                            	    81: * Use this value to run out of ROM
                            	    82: 	ORG		$082000			* past the vectors in a real system
                            	    83: * Use this value to run out of RAM
                            	    84: *	ORG		$000800			* past the vectors in a real system
                            	    85: 
                            	    86: ACIA_1   =      $00100400        * Console ACIA base address
                            	    87: ACIA_2   =      $00100410        * Auxiliary ACIA base address
                            	    88: 
01:00082000 6038            	    89:          BRA    code_start       * For convenience, so you can start from first address
                            	    90: 
                            	    91: *************************************************************************************
                            	    92: *
                            	    93: * the following code is simulator specific, change to suit your system
                            	    94: 
                            	    95: * Output character to the console from register d0.b
                            	    96: 
                            	    97: VEC_OUT
01:00082002 323C0002        	    98: 		move.w	#2,D1		; Call cconout
01:00082006 4E41            	    99: 		trap	#1
01:00082008 4E75            	   100: 		RTS
                            	   101: 
                            	   102: * Output character to the second (aux) serial port from register d0.b
                            	   103: 
                            	   104:  ifne   FLASH_SUPPORT
                            	   105: 
                            	   106: VEC_OUT2
                            	   107:         MOVEM.L  A0/D1,-(A7)    * Save working registers
                            	   108: 
                            	   109: 		jsr 	 UartWrCh
                            	   110: 
                            	   111:         MOVEM.L  (A7)+,A0/D1    * Restore working registers
                            	   112:         RTS
                            	   113: 
                            	   114: * Output null terminated string pointed to by A0 to first serial port.
                            	   115: 
                            	   116: PRINTSTRING1
                            	   117:         MOVEM.L  A0/D0,-(A7)    * Save working registers
                            	   118: LP1     CMP.B    #0,(A0)        * Is it null?
                            	   119:         BEQ      RET1           * If so, return
                            	   120:         MOVE.B   (A0)+,D0       * Get character and advance pointer
                            	   121:         JSR      VEC_OUT        * Output it
                            	   122:         BRA      LP1            * Continue for rest of string
                            	   123: 
                            	   124: RET1    MOVEM.L  (A7)+,A0/D0    * Restore working registers
                            	   125:         RTS                     * Return
                            	   126: 
                            	   127: * Output null terminated string pointed to by A0 to second serial port.
                            	   128: 
                            	   129: PRINTSTRING2
                            	   130:         MOVEM.L  A0/D0,-(A7)    * Save working registers
                            	   131: LP2     CMP.B    #0,(A0)        * Is it null?
                            	   132:         BEQ      RET2           * If so, return
                            	   133:         MOVE.B   (A0)+,D0       * Get character and advance pointer
                            	   134:         JSR      VEC_OUT2       * Output it
                            	   135:         BRA      LP2            * Continue for rest of string
                            	   136: 
                            	   137: RET2    MOVEM.L  (A7)+,A0/D0    * Restore working registers
                            	   138:         RTS                     * Return
                            	   139: 
                            	   140:  endc
                            	   141: 
                            	   142: *************************************************************************************
                            	   143: *
                            	   144: * input a character from the console into register d0
                            	   145: * else return Cb=0 if there's no character available
                            	   146: 
                            	   147: VEC_IN
01:0008200A 48E74080        	   148:         MOVEM.L  A0/D1,-(A7)    * Save working registers
01:0008200E 123C0001        	   149: 		MOVE.b	#1,D1
                            	   150: 
01:00082012 4E41            	   151: 		trap	#1
                            	   152: 
01:00082014 B07C00FF        	   153:         CMP.W   #255,D0        ; compara D0 com 255 (sem afetar D0)
01:00082018 620A            	   154:         BHI     RXNOTREADY
                            	   155: 
01:0008201A 4CDF0102        	   156:         MOVEM.L  (A7)+,A0/D1    * Restore working registers
01:0008201E 003C0001        	   157:         ORI.B    #1,CCR         * Set the carry, flag we got a byte
01:00082022 4E75            	   158:         RTS                     * Return
                            	   159: RXNOTREADY
01:00082024 4CDF0102        	   160:         MOVEM.L  (A7)+,A0/D1    * Restore working registers
01:00082028 023C00FE        	   161:         ANDI.B   #$FE,CCR       * Clear the carry, flag character not available
01:0008202C 4E75            	   162:         RTS
                            	   163: 
                            	   164: * Input routine used in LOAD mode to read file from USB flash storage.
                            	   165: 
                            	   166:  ifne   FLASH_SUPPORT
                            	   167: 
                            	   168: VEC_IN2
                            	   169:         MOVEM.L  A0/D1,-(A7)    * Save working registers
                            	   170:         LEA.L    VEC_OUT2,A0    * Redirect output to aux. port.
                            	   171:         MOVE.L   A0,V_OUTPv(a3)
                            	   172: 
                            	   173: * The first time, send READ <filename> 1 1
                            	   174: * Subsequent times, send READ <filename> n 1
                            	   175: 
                            	   176:         LEA      LAB_READN(pc),A0 * Send READ command string
                            	   177:         BSR      PRINTSTRING2   * Print null terminated string
                            	   178: 
                            	   179:         LEA      load_filename(A3),A0 * Send filename string
                            	   180:         BSR      PRINTSTRING2   * Print null terminated string
                            	   181: 
                            	   182:         MOVE.B   #' ',D0       * Send space
                            	   183:         JSR      VEC_OUT2
                            	   184: 
                            	   185:         CMP.B    #1,load_first(A3) * First time?
                            	   186:         BNE      NOTFIRST1
                            	   187:         MOVE.B   #'1',D0        * Send '1'
                            	   188:         CLR.B    load_first(A3) * Clear first flag
                            	   189:         BRA      SENDCMD1
                            	   190: NOTFIRST1
                            	   191:         MOVE.B   #'n',D0        * Send 'n'
                            	   192: SENDCMD1
                            	   193:         JSR      VEC_OUT2
                            	   194:         MOVE.B   #' ',D0        * Send space
                            	   195:         JSR      VEC_OUT2
                            	   196:         MOVE.B   #'1',D0        * Send '1'
                            	   197:         JSR      VEC_OUT2
                            	   198:         MOVE.B   #$0D,D0        * Send <Return>
                            	   199:         JSR      VEC_OUT2
                            	   200: 
                            	   201:         LEA.L    VEC_OUT,A0     * Redirect output back to console port.
                            	   202:         MOVE.L   A0,V_OUTPv(a3)
                            	   203: 
                            	   204: * Read one byte from USB host
                            	   205: 
                            	   206:         LEA.L    ACIA_2,A0      * A0 points to console ACIA
                            	   207: RXNOTREADY2
                            	   208:         MOVE.B   (A0),D1        * Read ACIA status
                            	   209:         BTST     #0,D1          * Test RDRF bit
                            	   210:         BEQ.S    RXNOTREADY2    * Branch if ACIA Rx not ready
                            	   211:         MOVE.B   2(A0),D0       * Read character received
                            	   212: 
                            	   213: * Check for end of file character ('~') and if found, redirect
                            	   214: * input back to console port.
                            	   215: 
                            	   216:         CMP.B    #'~',D0        * End of file marker?
                            	   217:         BNE      NOTEOF
                            	   218:         MOVE.B   #$0D,D0        * Convert '~' to a Return
                            	   219:         LEA.L    VEC_IN,A0      * Redirect input back to console port.
                            	   220:         MOVE.L   A0,V_INPTv(a3)
                            	   221: NOTEOF
                            	   222:         MOVEM.L  (A7)+,A0/D1    * Restore working registers
                            	   223:         ORI.b    #1,CCR         * Set the carry, flag we got a byte
                            	   224:         RTS                     * Return
                            	   225: 
                            	   226:  endc
                            	   227: 
                            	   228: *************************************************************************************
                            	   229: *
                            	   230: * LOAD routine for the TS2 computer (not implemented)
                            	   231: 
                            	   232:  ifeq   FLASH_SUPPORT
                            	   233: 
                            	   234: VEC_LD
01:0008202E 7E2E            	   235:        MOVEQ           #$2E,d7                         * error code $2E "Not implemented" error
01:00082030 60000140        	   236:        BRA             LAB_XERR                        * do error #d7, then warm start
                            	   237: 
                            	   238:  endc
                            	   239: 
                            	   240: * LOAD routine for the TS2 computer. Supports a Hobbytronics USB Flash
                            	   241: * Drive Host Board connected to the auxiliary serial port.
                            	   242: 
                            	   243:  ifne   FLASH_SUPPORT
                            	   244: 
                            	   245: VEC_LD  LEA             LAB_FILENAME(PC),A0             * Prompt for filename.
                            	   246:         BSR             PRINTSTRING1                    * Print null terminated string
                            	   247:         MOVE.L          A3,A2                           * Save pointer to RAM variables
                            	   248: GETFN1  JSR             VEC_IN                          * Get character
                            	   249:         BCC             GETFN1                          * Go back if carry clear, indicating no key pressed
                            	   250:         JSR             VEC_OUT                         * Echo the character
                            	   251:         CMP.B           #$0D,D0                         * Was it <Return>?
                            	   252:         BEQ             ENDLN1                          * If so, branch
                            	   253:         CMP.B           #$7F,D0                         * Was it <Delete>?
                            	   254:         BEQ             DELETE1                         * If so, handle delete
                            	   255:         CMP.B           #$08,D0                         * Was it <Backspace?
                            	   256:         BEQ             DELETE1                         * If so, handle as delete
                            	   257:         MOVE.B          D0,load_filename(A2)            * Save in buffer
                            	   258:         ADDQ.L          #1,A2                           * Advance string pointer
                            	   259:         BRA             GETFN1                          * Go back and get next character
                            	   260: DELETE1 SUBQ.L          #1,A2                           * Delete last character entered
                            	   261:         BRA             GETFN1                          * Go back and get next character
                            	   262: 
                            	   263: ENDLN1  MOVE.B          #0,load_filename(A2)            * Add terminating null to filename
                            	   264:         LEA.L           VEC_IN2,A0                      * Redirect input from aux. port.
                            	   265:         MOVE.L          A0,V_INPTv(a3)
                            	   266:         MOVE.B          #1,load_first(A3)               * Set load_first flag
                            	   267: 
                            	   268: * Input routine will detect end of file and redirect input back to
                            	   269: * console port.
                            	   270: 
                            	   271:         RTS
                            	   272: 
                            	   273:  endc
                            	   274: 
                            	   275: *************************************************************************************
                            	   276: *
                            	   277: * SAVE routine for the TS2 computer (not implemented)
                            	   278: 
                            	   279:  ifeq   FLASH_SUPPORT
                            	   280: VEC_SV
01:00082034 7E2E            	   281:        MOVEQ           #$2E,d7                         * error code $2E "Not implemented" error
01:00082036 6000013A        	   282:        BRA             LAB_XERR                        * do error #d7, then warm start
                            	   283:  endc
                            	   284: 
                            	   285:  ifne   FLASH_SUPPORT
                            	   286: 
                            	   287: * SAVE routine for the TS2 computer. Supports a Hobbytronics USB Flash
                            	   288: * Drive Host Board connected to the auxiliary serial port.
                            	   289: 
                            	   290: * TODO: Make configurable at build time
                            	   291: 
                            	   292: VEC_SV  LEA             LAB_FILENAME(PC),A0             * Prompt for filename.
                            	   293:         BSR             PRINTSTRING1                    * Print null terminated string
                            	   294:         MOVE.L          A3,A2                           * Save pointer to RAM variables
                            	   295: GETFN   JSR             VEC_IN                          * Get character
                            	   296:         BCC             GETFN                           * Go back if carry clear, indicating no key pressed
                            	   297:         JSR             VEC_OUT                         * Echo the character
                            	   298:         CMP.B           #$0D,D0                         * Was it <Return>?
                            	   299:         BEQ             ENDLN                           * If so, branch
                            	   300:         CMP.B           #$7F,D0                         * Was it <Delete>?
                            	   301:         BEQ             DELETE                          * If so, handle delete
                            	   302:         CMP.B           #$08,D0                         * Was it <Backspace?
                            	   303:         BEQ             DELETE                          * If so, handle as delete
                            	   304:         MOVE.B          D0,load_filename(A2)            * Save in buffer
                            	   305:         ADDQ.L          #1,A2                           * Advance string pointer
                            	   306:         BRA             GETFN                           * Go back and get next character
                            	   307: DELETE  SUBQ.L          #1,A2                           * Delete last character entered
                            	   308:         BRA             GETFN                           * Go back and get next character
                            	   309: 
                            	   310: ENDLN   MOVE.B          #0,load_filename(A2)            * Add terminating null to filename
                            	   311: 
                            	   312:         LEA.L           VEC_OUT2,A0                     * Redirect output to aux. port.
                            	   313:         MOVE.L          A0,V_OUTPv(a3)
                            	   314: 
                            	   315:         LEA             LAB_WRITE(pc),A0                * Send WRITE command string
                            	   316:         BSR             PRINTSTRING2                    * Print null terminated string
                            	   317: 
                            	   318:         LEA             load_filename(A3),A0            * Send filename string
                            	   319:         BSR             PRINTSTRING2                    * Print null terminated string
                            	   320: 
                            	   321:         MOVE.B          #$0D,D0                         * Send <Return>
                            	   322:         JSR             VEC_OUT2
                            	   323: 
                            	   324:         MOVE.l          #356000,d0                      * Delay approx. 1 second to allow USB to create file
                            	   325: DELAY   SUBQ.l          #1,d0
                            	   326:         BNE             DELAY
                            	   327: 
                            	   328:         MOVEQ           #0,d0                           * Tells LIST no arguments
                            	   329:         ANDI.b          #$FE,CCR                        * Clear carry
                            	   330:         BSR             LAB_LIST                        * Call LIST routine
                            	   331: 
                            	   332:         MOVEQ           #'~',d0                         * Send tilde symbol indicate end of file (used when loading)
                            	   333:         BSR             LAB_PRNA
                            	   334: 
                            	   335:         MOVEQ           #26,d0                          * Send Control-Z to indicate end of file save operation
                            	   336:         BSR             LAB_PRNA
                            	   337: 
                            	   338:         LEA.L           VEC_OUT,A0                      * Redirect output back to console port.
                            	   339:         MOVE.L          A0,V_OUTPv(a3)
                            	   340:         RTS                                             * Return
                            	   341: 
                            	   342: LAB_WRITE
                            	   343:         dc.b            '$WRITE ',$00
                            	   344: 
                            	   345: LAB_READN
                            	   346:         dc.b            '$READ ',$00
                            	   347: 
                            	   348: LAB_FILENAME
                            	   349:         dc.b            'Filename? ',$00
                            	   350: 
                            	   351:  endc
                            	   352:         even
                            	   353: 
                            	   354: *************************************************************************************
                            	   355: 
                            	   356: code_start
                            	   357:                                 * Set up ACIA parameters
01:0008203A 41F900100400    	   358:         LEA.L   ACIA_1,A0       * A0 points to console ACIA
01:00082040 10BC0015        	   359:         MOVE.B  #$15,(A0)       * Set up ACIA1 constants (no IRQ,
                            	   360:                                 * RTS* low, 8 bit, no parity, 1 stop)
01:00082044 41F900100410    	   361:         LEA.L   ACIA_2,A0       * A0 points to aux. ACIA
01:0008204A 10BC0015        	   362:         MOVE.B  #$15,(A0)       * Set up ACIA2 constants (no IRQ,
                            	   363:                                 * RTS* low, 8 bit, no parity, 1 stop)
                            	   364: 
                            	   365: * to tell EhBASIC where and how much RAM it has pass the address in a0 and the size
                            	   366: * in d0. these values are at the end of the .inc file
                            	   367: 
01:0008204E 307C2000        	   368: 	MOVEA.l	#ram_addr,a0		* tell BASIC where RAM starts
01:00082052 203C00006000    	   369: 	MOVE.l	#ram_size,d0		* tell BASIC how big RAM is
                            	   370: 
                            	   371: * end of simulator specific code
                            	   372: 
                            	   373: 
                            	   374: ****************************************************************************************
                            	   375: ****************************************************************************************
                            	   376: ****************************************************************************************
                            	   377: ****************************************************************************************
                            	   378: *
                            	   379: * Register use :- (must improve this !!)
                            	   380: *
                            	   381: *	a6 -	temp Bpntr				* temporary BASIC execute pointer
                            	   382: *	a5 -	Bpntr					* BASIC execute (get byte) pointer
                            	   383: *	a4 -	des_sk				        * descriptor stack pointer
                            	   384: *	a3 -	ram_strt				* start of RAM. all RAM references are offsets
                            	   385: *							* from this value
                            	   386: *
                            	   387: 
                            	   388: *************************************************************************************
                            	   389: *
                            	   390: * BASIC cold start entry point. assume entry with RAM address in a0 and RAM length
                            	   391: * in d0
                            	   392: 
                            	   393: LAB_COLD
01:00082058 B0BC00004000    	   394: 	CMP.l		#$4000,d0			* compare size with 16k
01:0008205E 6C06            	   395: 	BGE.s		LAB_sizok			* branch if >= 16k
                            	   396: 
                            	   397: 							* Fatal error - not enough RAM
01:00082060 1E3C00E4        	   398:         move.b          #228,D7                         * Go to TUTOR function
01:00082064 4E4E            	   399:         trap            #14                             * Call TRAP14 handler
                            	   400: 
                            	   401: LAB_sizok
01:00082066 2648            	   402: 	MOVEA.l	a0,a3				* copy RAM base to a3
01:00082068 D1C0            	   403: 	ADDA.l	d0,a0				* a0 is top of RAM
01:0008206A 2748044A        	   404: 	MOVE.l	a0,Ememl(a3)		* set end of mem
01:0008206E 4FEB0400        	   405: 	LEA		ram_base(a3),sp		* set stack to RAM start + 1k
                            	   406: 
01:00082072 303C4EF9        	   407: 	MOVE.w	#$4EF9,d0			* JMP opcode
01:00082076 204F            	   408: 	MOVEA.l	sp,a0				* point to start of vector table
                            	   409: 
01:00082078 30C0            	   410: 	MOVE.w	d0,(a0)+			* LAB_WARM
01:0008207A 43FAFFDC        	   411: 	LEA		LAB_COLD(pc),a1		* initial warm start vector
01:0008207E 20C9            	   412: 	MOVE.l	a1,(a0)+			* set vector
                            	   413: 
01:00082080 30C0            	   414: 	MOVE.w	d0,(a0)+			* Usrjmp
01:00082082 43FA00DC        	   415: 	LEA		LAB_FCER(pc),a1		* initial user function vector
                            	   416: 							* "Function call" error
01:00082086 20C9            	   417: 	MOVE.l	a1,(a0)+			* set vector
                            	   418: 
01:00082088 30C0            	   419: 	MOVE.w	d0,(a0)+			* V_INPT JMP opcode
01:0008208A 43FAFF7E        	   420: 	LEA		VEC_IN(pc),a1		* get byte from input device vector
01:0008208E 20C9            	   421: 	MOVE.l	a1,(a0)+			* set vector
                            	   422: 
01:00082090 30C0            	   423: 	MOVE.w	d0,(a0)+			* V_OUTP JMP opcode
01:00082092 43FAFF6E        	   424: 	LEA		VEC_OUT(pc),a1		* send byte to output device vector
01:00082096 20C9            	   425: 	MOVE.l	a1,(a0)+			* set vector
                            	   426: 
01:00082098 30C0            	   427: 	MOVE.w	d0,(a0)+			* V_LOAD JMP opcode
01:0008209A 43FAFF92        	   428: 	LEA		VEC_LD(pc),a1		* load BASIC program vector
01:0008209E 20C9            	   429: 	MOVE.l	a1,(a0)+			* set vector
                            	   430: 
01:000820A0 30C0            	   431: 	MOVE.w	d0,(a0)+			* V_SAVE JMP opcode
01:000820A2 43FAFF90        	   432: 	LEA		VEC_SV(pc),a1		* save BASIC program vector
01:000820A6 20C9            	   433: 	MOVE.l	a1,(a0)+			* set vector
                            	   434: 
01:000820A8 30C0            	   435: 	MOVE.w	d0,(a0)+			* V_CTLC JMP opcode
01:000820AA 43FA2608        	   436: 	LEA		VEC_CC(pc),a1		* save CTRL-C check vector
01:000820AE 20C9            	   437: 	MOVE.l	a1,(a0)+			* set vector
                            	   438: 
                            	   439: * set-up start values
                            	   440: 
                            	   441: *##LAB_GMEM
01:000820B0 7000            	   442: 	MOVEQ		#$00,d0			* clear d0
01:000820B2 174005E4        	   443: 	MOVE.b	d0,Nullct(a3)		* default NULL count
01:000820B6 174005E5        	   444: 	MOVE.b	d0,TPos(a3)			* clear terminal position
01:000820BA 174005E8        	   445: 	MOVE.b	d0,ccflag(a3)		* allow CTRL-C check
01:000820BE 374005EA        	   446: 	MOVE.w	d0,prg_strt-2(a3)		* clear start word
01:000820C2 374005D6        	   447: 	MOVE.w	d0,BHsend(a3)		* clear value to string end word
                            	   448: 
01:000820C6 177C005005E6    	   449: 	MOVE.b	#$50,TWidth(a3)		* default terminal width byte for simulator
01:000820CC 177C000E05E2    	   450: 	MOVE.b	#$0E,TabSiz(a3)		* save default tab size = 14
                            	   451: 
01:000820D2 177C003805E7    	   452: 	MOVE.b	#$38,Iclim(a3)		* default limit for TAB = 14 for simulator
                            	   453: 
01:000820D8 49EB048E        	   454: 	LEA		des_sk(a3),a4		* set descriptor stack start
                            	   455: 
01:000820DC 41EB05EC        	   456: 	LEA		prg_strt(a3),a0		* get start of mem
01:000820E0 2748042E        	   457: 	MOVE.l	a0,Smeml(a3)		* save start of mem
                            	   458: 
01:000820E4 61000322        	   459: 	BSR		LAB_1463			* do "NEW" and "CLEAR"
01:000820E8 61000896        	   460: 	BSR		LAB_CRLF			* print CR/LF
01:000820EC 202B044A        	   461: 	MOVE.l	Ememl(a3),d0		* get end of mem
01:000820F0 90AB042E        	   462: 	SUB.l		Smeml(a3),d0		* subtract start of mem
                            	   463: 
01:000820F4 61001BBE        	   464: 	BSR		LAB_295E			* print d0 as unsigned integer (bytes free)
01:000820F8 41FA33D6        	   465: 	LEA		LAB_SMSG(pc),a0		* point to start message
01:000820FC 610008E0        	   466: 	BSR		LAB_18C3			* print null terminated string from memory
                            	   467: 
01:00082100 41FA29BA        	   468: 	LEA		LAB_RSED(pc),a0		* get pointer to value
01:00082104 61001A5A        	   469: 	BSR		LAB_UFAC			* unpack memory (a0) into FAC1
                            	   470: 
01:00082108 41FA0092        	   471: 	LEA		LAB_1274(pc),a0		* get warm start vector
01:0008210C 27480402        	   472: 	MOVE.l	a0,Wrmjpv(a3)		* set warm start vector
01:00082110 61001FC4        	   473: 	BSR		LAB_RND			* initialise
01:00082114 4EEB0400        	   474: 	JMP		LAB_WARM(a3)		* go do warm start
                            	   475: 
                            	   476: 
                            	   477: *************************************************************************************
                            	   478: *
                            	   479: * do format error
                            	   480: 
                            	   481: LAB_FOER
01:00082118 7E2C            	   482: 	MOVEQ		#$2C,d7			* error code $2C "Format" error
01:0008211A 6056            	   483: 	BRA.s		LAB_XERR			* do error #d7, then warm start
                            	   484: 
                            	   485: 
                            	   486: *************************************************************************************
                            	   487: *
                            	   488: * do address error
                            	   489: 
                            	   490: LAB_ADER
01:0008211C 7E2A            	   491: 	MOVEQ		#$2A,d7			* error code $2A "Address" error
01:0008211E 6052            	   492: 	BRA.s		LAB_XERR			* do error #d7, then warm start
                            	   493: 
                            	   494: 
                            	   495: *************************************************************************************
                            	   496: *
                            	   497: * do wrong dimensions error
                            	   498: 
                            	   499: LAB_WDER
01:00082120 7E28            	   500: 	MOVEQ		#$28,d7			* error code $28 "Wrong dimensions" error
01:00082122 604E            	   501: 	BRA.s		LAB_XERR			* do error #d7, then warm start
                            	   502: 
                            	   503: 
                            	   504: *************************************************************************************
                            	   505: *
                            	   506: * do undimensioned array error
                            	   507: 
                            	   508: LAB_UDER
01:00082124 7E26            	   509: 	MOVEQ		#$26,d7			* error code $26 "undimensioned array" error
01:00082126 604A            	   510: 	BRA.s		LAB_XERR			* do error #d7, then warm start
                            	   511: 
                            	   512: 
                            	   513: *************************************************************************************
                            	   514: *
                            	   515: * do undefined variable error
                            	   516: 
                            	   517: LAB_UVER
                            	   518: 
                            	   519: * if you do want a non existant variable to return an error then leave the novar
                            	   520: * value at the top of this file set to zero
                            	   521: 
                            	   522:  ifeq	novar
                            	   523: 
01:00082128 7E24            	   524: 	MOVEQ		#$24,d7			* error code $24 "undefined variable" error
01:0008212A 6046            	   525: 	BRA.s		LAB_XERR			* do error #d7, then warm start
                            	   526: 
                            	   527:  endc
                            	   528: 
                            	   529: * if you want a non existant variable to return a null value then set the novar
                            	   530: * value at the top of this file to some non zero value
                            	   531: 
                            	   532:  ifne	novar
                            	   533: 
                            	   534: 	ADD.l		d0,d0				* .......$ .......& ........ .......0
                            	   535: 	SWAP		d0				* ........ .......0 .......$ .......&
                            	   536: 	ROR.b		#1,d0				* ........ .......0 .......$ &.......
                            	   537: 	LSR.w		#1,d0				* ........ .......0 0....... $&.....­.
                            	   538: 	AND.b		#$C0,d0			* mask the type bits
                            	   539: 	MOVE.b	d0,Dtypef(a3)		* save the data type
                            	   540: 
                            	   541: 	MOVEQ		#0,d0				* clear d0 and set the zero flag
                            	   542: 	MOVEA.l	d0,a0				* return a null address
                            	   543: 	RTS
                            	   544: 
                            	   545:  endc
                            	   546: 
                            	   547: 
                            	   548: *************************************************************************************
                            	   549: *
                            	   550: * do loop without do error
                            	   551: 
                            	   552: LAB_LDER
01:0008212C 7E22            	   553: 	MOVEQ		#$22,d7			* error code $22 "LOOP without DO" error
01:0008212E 6042            	   554: 	BRA.s		LAB_XERR			* do error #d7, then warm start
                            	   555: 
                            	   556: 
                            	   557: *************************************************************************************
                            	   558: *
                            	   559: * do undefined function error
                            	   560: 
                            	   561: LAB_UFER
01:00082130 7E20            	   562: 	MOVEQ		#$20,d7			* error code $20 "Undefined function" error
01:00082132 603E            	   563: 	BRA.s		LAB_XERR			* do error #d7, then warm start
                            	   564: 
                            	   565: 
                            	   566: *************************************************************************************
                            	   567: *
                            	   568: * do can't continue error
                            	   569: 
                            	   570: LAB_CCER
01:00082134 7E1E            	   571: 	MOVEQ		#$1E,d7			* error code $1E "Can't continue" error
01:00082136 603A            	   572: 	BRA.s		LAB_XERR			* do error #d7, then warm start
                            	   573: 
                            	   574: 
                            	   575: *************************************************************************************
                            	   576: *
                            	   577: * do string too complex error
                            	   578: 
                            	   579: LAB_SCER
01:00082138 7E1C            	   580: 	MOVEQ		#$1C,d7			* error code $1C "String too complex" error
01:0008213A 6036            	   581: 	BRA.s		LAB_XERR			* do error #d7, then warm start
                            	   582: 
                            	   583: 
                            	   584: *************************************************************************************
                            	   585: *
                            	   586: * do string too long error
                            	   587: 
                            	   588: LAB_SLER
01:0008213C 7E1A            	   589: 	MOVEQ		#$1A,d7			* error code $1A "String too long" error
01:0008213E 6032            	   590: 	BRA.s		LAB_XERR			* do error #d7, then warm start
                            	   591: 
                            	   592: 
                            	   593: *************************************************************************************
                            	   594: *
                            	   595: * do type missmatch error
                            	   596: 
                            	   597: LAB_TMER
01:00082140 7E18            	   598: 	MOVEQ		#$18,d7			* error code $18 "Type mismatch" error
01:00082142 602E            	   599: 	BRA.s		LAB_XERR			* do error #d7, then warm start
                            	   600: 
                            	   601: 
                            	   602: *************************************************************************************
                            	   603: *
                            	   604: * do illegal direct error
                            	   605: 
                            	   606: LAB_IDER
01:00082144 7E16            	   607: 	MOVEQ		#$16,d7			* error code $16 "Illegal direct" error
01:00082146 602A            	   608: 	BRA.s		LAB_XERR			* do error #d7, then warm start
                            	   609: 
                            	   610: 
                            	   611: *************************************************************************************
                            	   612: *
                            	   613: * do divide by zero error
                            	   614: 
                            	   615: LAB_DZER
01:00082148 7E14            	   616: 	MOVEQ		#$14,d7			* error code $14 "Divide by zero" error
01:0008214A 6026            	   617: 	BRA.s		LAB_XERR			* do error #d7, then warm start
                            	   618: 
                            	   619: 
                            	   620: *************************************************************************************
                            	   621: *
                            	   622: * do double dimension error
                            	   623: 
                            	   624: LAB_DDER
01:0008214C 7E12            	   625: 	MOVEQ		#$12,d7			* error code $12 "Double dimension" error
01:0008214E 6022            	   626: 	BRA.s		LAB_XERR			* do error #d7, then warm start
                            	   627: 
                            	   628: 
                            	   629: *************************************************************************************
                            	   630: *
                            	   631: * do array bounds error
                            	   632: 
                            	   633: LAB_ABER
01:00082150 7E10            	   634: 	MOVEQ		#$10,d7			* error code $10 "Array bounds" error
01:00082152 601E            	   635: 	BRA.s		LAB_XERR			* do error #d7, then warm start
                            	   636: 
                            	   637: 
                            	   638: *************************************************************************************
                            	   639: *
                            	   640: * do undefined satement error
                            	   641: 
                            	   642: LAB_USER
01:00082154 7E0E            	   643: 	MOVEQ		#$0E,d7			* error code $0E "Undefined statement" error
01:00082156 601A            	   644: 	BRA.s		LAB_XERR			* do error #d7, then warm start
                            	   645: 
                            	   646: 
                            	   647: *************************************************************************************
                            	   648: *
                            	   649: * do out of memory error
                            	   650: 
                            	   651: LAB_OMER
01:00082158 7E0C            	   652: 	MOVEQ		#$0C,d7			* error code $0C "Out of memory" error
01:0008215A 6016            	   653: 	BRA.s		LAB_XERR			* do error #d7, then warm start
                            	   654: 
                            	   655: 
                            	   656: *************************************************************************************
                            	   657: *
                            	   658: * do overflow error
                            	   659: 
                            	   660: LAB_OFER
01:0008215C 7E0A            	   661: 	MOVEQ		#$0A,d7			* error code $0A "Overflow" error
01:0008215E 6012            	   662: 	BRA.s		LAB_XERR			* do error #d7, then warm start
                            	   663: 
                            	   664: 
                            	   665: *************************************************************************************
                            	   666: *
                            	   667: * do function call error
                            	   668: 
                            	   669: LAB_FCER
01:00082160 7E08            	   670: 	MOVEQ		#$08,d7			* error code $08 "Function call" error
01:00082162 600E            	   671: 	BRA.s		LAB_XERR			* do error #d7, then warm start
                            	   672: 
                            	   673: 
                            	   674: *************************************************************************************
                            	   675: *
                            	   676: * do out of data error
                            	   677: 
                            	   678: LAB_ODER
01:00082164 7E06            	   679: 	MOVEQ		#$06,d7			* error code $06 "Out of DATA" error
01:00082166 600A            	   680: 	BRA.s		LAB_XERR			* do error #d7, then warm start
                            	   681: 
                            	   682: 
                            	   683: *************************************************************************************
                            	   684: *
                            	   685: * do return without gosub error
                            	   686: 
                            	   687: LAB_RGER
01:00082168 7E04            	   688: 	MOVEQ		#$04,d7			* error code $04 "RETURN without GOSUB" error
01:0008216A 6006            	   689: 	BRA.s		LAB_XERR			* do error #d7, then warm start
                            	   690: 
                            	   691: 
                            	   692: *************************************************************************************
                            	   693: *
                            	   694: * do syntax error
                            	   695: 
                            	   696: LAB_SNER
01:0008216C 7E02            	   697: 	MOVEQ		#$02,d7			* error code $02 "Syntax" error
01:0008216E 6002            	   698: 	BRA.s		LAB_XERR			* do error #d7, then warm start
                            	   699: 
                            	   700: 
                            	   701: *************************************************************************************
                            	   702: *
                            	   703: * do next without for error
                            	   704: 
                            	   705: LAB_NFER
01:00082170 7E00            	   706: 	MOVEQ		#$00,d7			* error code $00 "NEXT without FOR" error
                            	   707: 
                            	   708: 
                            	   709: *************************************************************************************
                            	   710: *
                            	   711: * do error #d7, then warm start
                            	   712: 
                            	   713: LAB_XERR
01:00082172 610002CA        	   714: 	BSR		LAB_1491			* flush stack & clear continue flag
01:00082176 61000808        	   715: 	BSR		LAB_CRLF			* print CR/LF
01:0008217A 43FA2FCC        	   716: 	LEA		LAB_BAER(pc),a1		* start of error message pointer table
01:0008217E 3E317000        	   717: 	MOVE.w	(a1,d7.w),d7		* get error message offset
01:00082182 41F17000        	   718: 	LEA		(a1,d7.w),a0		* get error message address
01:00082186 61000856        	   719: 	BSR		LAB_18C3			* print null terminated string from memory
01:0008218A 41FA3307        	   720: 	LEA		LAB_EMSG(pc),a0		* point to " Error" message
                            	   721: LAB_1269
01:0008218E 6100084E        	   722: 	BSR		LAB_18C3			* print null terminated string from memory
01:00082192 202B0452        	   723: 	MOVE.l	Clinel(a3),d0		* get current line
01:00082196 6B04            	   724: 	BMI.s		LAB_1274			* go do warm start if -ve # (was immediate mode)
                            	   725: 
                            	   726: 							* else print line number
01:00082198 61001B0E        	   727: 	BSR		LAB_2953			* print " in line [LINE #]"
                            	   728: 
                            	   729: * BASIC warm start entry point, wait for Basic command
                            	   730: 
                            	   731: LAB_1274
01:0008219C 41FA3328        	   732: 	LEA		LAB_RMSG(pc),a0		* point to "Ready" message
01:000821A0 6100083C        	   733: 	BSR		LAB_18C3			* go do print string
                            	   734: 
                            	   735: * wait for Basic command - no "Ready"
                            	   736: 
                            	   737: LAB_127D
01:000821A4 72FF            	   738: 	MOVEQ		#-1,d1			* set to -1
01:000821A6 27410452        	   739: 	MOVE.l	d1,Clinel(a3)		* set current line #
01:000821AA 174105DC        	   740: 	MOVE.b	d1,Breakf(a3)		* set break flag
01:000821AE 4BEB0490        	   741: 	LEA		Ibuffs(a3),a5		* set basic execute pointer ready for new line
                            	   742: LAB_127E
01:000821B2 610000EC        	   743: 	BSR		LAB_1357			* call for BASIC input
01:000821B6 61000BF2        	   744: 	BSR		LAB_GBYT			* scan memory
01:000821BA 67F6            	   745: 	BEQ.s		LAB_127E			* loop while null
                            	   746: 
                            	   747: * got to interpret input line now ....
                            	   748: 
01:000821BC 6508            	   749: 	BCS.s		LAB_1295			* branch if numeric character, handle new
                            	   750: 							* BASIC line
                            	   751: 
                            	   752: 							* no line number so do immediate mode, a5
                            	   753: 							* points to the buffer start
01:000821BE 61000156        	   754: 	BSR		LAB_13A6			* crunch keywords into Basic tokens
                            	   755: 							* crunch from (a5), output to (a0)
                            	   756: 							* returns ..
                            	   757: 							* d2 is length, d1 trashed, d0 trashed,
                            	   758: 							* a1 trashed
01:000821C2 600003C2        	   759: 	BRA		LAB_15F6			* go scan & interpret code
                            	   760: 
                            	   761: 
                            	   762: *************************************************************************************
                            	   763: *
                            	   764: * handle a new BASIC line
                            	   765: 
                            	   766: LAB_1295
01:000821C6 61000638        	   767: 	BSR		LAB_GFPN			* get fixed-point number into temp integer & d1
01:000821CA 6100014A        	   768: 	BSR		LAB_13A6			* crunch keywords into Basic tokens
                            	   769: 							* crunch from (a5), output to (a0)
                            	   770: 							* returns .. d2 is length,
                            	   771: 							* d1 trashed, d0 trashed, a1 trashed
01:000821CE 222B042A        	   772: 	MOVE.l	Itemp(a3),d1		* get required line #
01:000821D2 61000218        	   773: 	BSR		LAB_SSLN			* search BASIC for d1 line number
                            	   774: 							* returns pointer in a0
01:000821D6 6532            	   775: 	BCS.s		LAB_12E6			* branch if not found
                            	   776: 
                            	   777: 							* aroooogah! line # already exists! delete it
01:000821D8 2250            	   778: 	MOVEA.l	(a0),a1			* get start of block (next line pointer)
01:000821DA 202B0432        	   779: 	MOVE.l	Sfncl(a3),d0		* get end of block (start of functions)
01:000821DE 9089            	   780: 	SUB.l		a1,d0				* subtract start of block ( = bytes to move)
01:000821E0 E288            	   781: 	LSR.l		#1,d0				* /2 (word move)
01:000821E2 5380            	   782: 	SUBQ.l	#1,d0				* adjust for DBF loop
01:000821E4 4840            	   783: 	SWAP		d0				* swap high word to low word
01:000821E6 2448            	   784: 	MOVEA.l	a0,a2				* copy destination
                            	   785: LAB_12AE
01:000821E8 4840            	   786: 	SWAP		d0				* swap high word to low word
                            	   787: LAB_12B0
01:000821EA 34D9            	   788: 	MOVE.w	(a1)+,(a2)+			* copy word
01:000821EC 51C8FFFC        	   789: 	DBF		d0,LAB_12B0			* decrement low count and loop until done
                            	   790: 
01:000821F0 4840            	   791: 	SWAP		d0				* swap high word to low word
01:000821F2 51C8FFF4        	   792: 	DBF		d0,LAB_12AE			* decrement high count and loop until done
                            	   793: 
01:000821F6 274A0432        	   794: 	MOVE.l	a2,Sfncl(a3)		* start of functions
01:000821FA 274A0436        	   795: 	MOVE.l	a2,Svarl(a3)		* save start of variables
01:000821FE 274A043A        	   796: 	MOVE.l	a2,Sstrl(a3)		* start of strings
01:00082202 274A043E        	   797: 	MOVE.l	a2,Sarryl(a3)		* save start of arrays
01:00082206 274A0442        	   798: 	MOVE.l	a2,Earryl(a3)		* save end of arrays
                            	   799: 
                            	   800: 							* got new line in buffer and no existing same #
                            	   801: LAB_12E6
01:0008220A 102B0490        	   802: 	MOVE.b	Ibuffs(a3),d0		* get byte from start of input buffer
01:0008220E 6764            	   803: 	BEQ.s		LAB_1325			* if null line go do line chaining
                            	   804: 
                            	   805: 							* got new line and it isn't empty line
01:00082210 226B0432        	   806: 	MOVEA.l	Sfncl(a3),a1		* get start of functions (end of block to move)
01:00082214 45F12008        	   807: 	LEA		8(a1,d2),a2			* copy it, add line length and add room for
                            	   808: 							* pointer and line number
                            	   809: 
01:00082218 274A0432        	   810: 	MOVE.l	a2,Sfncl(a3)		* start of functions
01:0008221C 274A0436        	   811: 	MOVE.l	a2,Svarl(a3)		* save start of variables
01:00082220 274A043A        	   812: 	MOVE.l	a2,Sstrl(a3)		* start of strings
01:00082224 274A043E        	   813: 	MOVE.l	a2,Sarryl(a3)		* save start of arrays
01:00082228 274A0442        	   814: 	MOVE.l	a2,Earryl(a3)		* save end of arrays
01:0008222C 276B044A0446    	   815: 	MOVE.l	Ememl(a3),Sstorl(a3)	* copy end of mem to start of strings, clear
                            	   816: 							* strings
                            	   817: 
01:00082232 2209            	   818: 	MOVE.l	a1,d1				* copy end of block to move
01:00082234 9288            	   819: 	SUB.l		a0,d1				* subtract start of block to move
01:00082236 E289            	   820: 	LSR.l		#1,d1				* /2 (word copy)
01:00082238 5381            	   821: 	SUBQ.l	#1,d1				* correct for loop end on -1
01:0008223A 4841            	   822: 	SWAP		d1				* swap high word to low word
                            	   823: LAB_12FF
01:0008223C 4841            	   824: 	SWAP		d1				* swap high word to low word
                            	   825: LAB_1301
01:0008223E 3521            	   826: 	MOVE.w	-(a1),-(a2)			* decrement pointers and copy word
01:00082240 51C9FFFC        	   827: 	DBF		d1,LAB_1301			* decrement & loop
                            	   828: 
01:00082244 4841            	   829: 	SWAP		d1				* swap high word to low word
01:00082246 51C9FFF4        	   830: 	DBF		d1,LAB_12FF			* decrement high count and loop until done
                            	   831: 
                            	   832: * space is opened up, now copy the crunched line from the input buffer into the space
                            	   833: 
01:0008224A 43EB0490        	   834: 	LEA		Ibuffs(a3),a1		* source is input buffer
01:0008224E 2448            	   835: 	MOVEA.l	a0,a2				* copy destination
01:00082250 72FF            	   836: 	MOVEQ		#-1,d1			* set to allow re-chaining
01:00082252 24C1            	   837: 	MOVE.l	d1,(a2)+			* set next line pointer (allow re-chaining)
01:00082254 24EB042A        	   838: 	MOVE.l	Itemp(a3),(a2)+		* save line number
01:00082258 E24A            	   839: 	LSR.w		#1,d2				* /2 (word copy)
01:0008225A 5342            	   840: 	SUBQ.w	#1,d2				* correct for loop end on -1
                            	   841: LAB_1303
01:0008225C 34D9            	   842: 	MOVE.w	(a1)+,(a2)+			* copy word
01:0008225E 51CAFFFC        	   843: 	DBF		d2,LAB_1303			* decrement & loop
                            	   844: 
01:00082262 6010            	   845: 	BRA.s		LAB_1325			* go test for end of prog
                            	   846: 
                            	   847: * rebuild chaining of BASIC lines
                            	   848: 
                            	   849: LAB_132E
01:00082264 5048            	   850: 	ADDQ.w	#8,a0				* point to first code byte of line, there is
                            	   851: 							* always 1 byte + [EOL] as null entries are
                            	   852: 							* deleted
                            	   853: LAB_1330
01:00082266 4A18            	   854: 	TST.b		(a0)+				* test byte	
01:00082268 66FC            	   855: 	BNE.s		LAB_1330			* loop if not [EOL]
                            	   856: 
                            	   857: 							* was [EOL] so get next line start
01:0008226A 3208            	   858: 	MOVE.w	a0,d1				* past pad byte(s)
01:0008226C 02410001        	   859: 	ANDI.w	#1,d1				* mask odd bit
01:00082270 D0C1            	   860: 	ADD.w		d1,a0				* add back to ensure even
01:00082272 2288            	   861: 	MOVE.l	a0,(a1)			* save next line pointer to current line
                            	   862: LAB_1325
01:00082274 2248            	   863: 	MOVEA.l	a0,a1				* copy pointer for this line
01:00082276 4A90            	   864: 	TST.l		(a0)				* test pointer to next line
01:00082278 66EA            	   865: 	BNE.s		LAB_132E			* not end of program yet so we must
                            	   866: 							* go and fix the pointers
                            	   867: 
01:0008227A 61000198        	   868: 	BSR		LAB_1477			* reset execution to start, clear variables
                            	   869: 							* and flush stack
01:0008227E 6000FF24        	   870: 	BRA		LAB_127D			* now we just wait for Basic command, no "Ready"
                            	   871: 
                            	   872: 
                            	   873: *************************************************************************************
                            	   874: *
                            	   875: * receive a line from the keyboard
                            	   876: 							* character $08 as delete key, BACKSPACE on
                            	   877: 							* standard keyboard
                            	   878: LAB_134B
01:00082282 61000774        	   879: 	BSR		LAB_PRNA			* go print the character
01:00082286 7020            	   880: 	MOVEQ		#' ',d0			* load [SPACE]
01:00082288 6100076E        	   881: 	BSR		LAB_PRNA			* go print
01:0008228C 7008            	   882: 	MOVEQ		#$08,d0			* load [BACKSPACE]
01:0008228E 61000768        	   883: 	BSR		LAB_PRNA			* go print
01:00082292 5341            	   884: 	SUBQ.w	#$01,d1			* decrement the buffer index (delete)
01:00082294 6010            	   885: 	BRA.s		LAB_1359			* re-enter loop
                            	   886: 
                            	   887: * print "? " and get BASIC input
                            	   888: * return a0 pointing to the buffer start
                            	   889: 
                            	   890: LAB_INLN
01:00082296 6100075E        	   891: 	BSR		LAB_18E3			* print "?" character
01:0008229A 7020            	   892: 	MOVEQ		#' ',d0			* load " "
01:0008229C 6100075A        	   893: 	BSR		LAB_PRNA			* go print
                            	   894: 
                            	   895: * call for BASIC input (main entry point)
                            	   896: * return a0 pointing to the buffer start
                            	   897: 
                            	   898: LAB_1357
01:000822A0 7200            	   899: 	MOVEQ		#$00,d1			* clear buffer index
01:000822A2 41EB0490        	   900: 	LEA		Ibuffs(a3),a0		* set buffer base pointer
                            	   901: LAB_1359
01:000822A6 4EAB040C        	   902: 	JSR		V_INPT(a3)			* call scan input device
01:000822AA 64FA            	   903: 	BCC.s		LAB_1359			* loop if no byte
                            	   904: 
01:000822AC 67F8            	   905: 	BEQ.s		LAB_1359			* loop if null byte
                            	   906: 
01:000822AE B03C0007        	   907: 	CMP.b		#$07,d0			* compare with [BELL]
01:000822B2 6718            	   908: 	BEQ.s		LAB_1378			* branch if [BELL]
                            	   909: 
01:000822B4 B03C000D        	   910: 	CMP.b		#$0D,d0			* compare with [CR]
01:000822B8 670006C0        	   911: 	BEQ		LAB_1866			* do CR/LF exit if [CR]
                            	   912: 
01:000822BC 4A41            	   913: 	TST.w		d1				* set flags on buffer index
01:000822BE 6606            	   914: 	BNE.s		LAB_1374			* branch if not empty
                            	   915: 
                            	   916: * the next two lines ignore any non printing character and [SPACE] if the input buffer
                            	   917: * is empty
                            	   918: 
01:000822C0 B03C0020        	   919: 	CMP.b		#' ',d0			* compare with [SP]+1
01:000822C4 63E0            	   920: 	BLS.s		LAB_1359			* if < ignore character
                            	   921: 
                            	   922: *##	CMP.b		#' '+1,d0			* compare with [SP]+1
                            	   923: *##	BCS.s		LAB_1359			* if < ignore character
                            	   924: 
                            	   925: LAB_1374
01:000822C6 B03C0008        	   926: 	CMP.b		#$08,d0			* compare with [BACKSPACE]
01:000822CA 67B6            	   927: 	BEQ.s		LAB_134B			* go delete last character
                            	   928: 
                            	   929: LAB_1378
01:000822CC B27C00FF        	   930: 	CMP.w		#(Ibuffe-Ibuffs-1),d1	* compare character count with max-1
01:000822D0 640C            	   931: 	BCC.s		LAB_138E			* skip store & do [BELL] if buffer full
                            	   932: 
01:000822D2 11801000        	   933: 	MOVE.b	d0,(a0,d1.w)		* else store in buffer
01:000822D6 5241            	   934: 	ADDQ.w	#$01,d1			* increment index
                            	   935: LAB_137F
01:000822D8 6100071E        	   936: 	BSR		LAB_PRNA			* go print the character
01:000822DC 60C8            	   937: 	BRA.s		LAB_1359			* always loop for next character
                            	   938: 
                            	   939: * announce buffer full
                            	   940: 
                            	   941: LAB_138E
01:000822DE 7007            	   942: 	MOVEQ		#$07,d0			* [BELL] character into d0
01:000822E0 60F6            	   943: 	BRA.s		LAB_137F			* go print the [BELL] but ignore input character
                            	   944: 
                            	   945: 
                            	   946: *************************************************************************************
                            	   947: *
                            	   948: * copy a hex value without crunching
                            	   949: 
                            	   950: LAB_1392
01:000822E2 11802000        	   951: 	MOVE.b	d0,(a0,d2.w)		* save the byte to the output
01:000822E6 5242            	   952: 	ADDQ.w	#1,d2				* increment the buffer save index
                            	   953: 
01:000822E8 5241            	   954: 	ADDQ.w	#1,d1				* increment the buffer read index
01:000822EA 10351000        	   955: 	MOVE.b	(a5,d1.w),d0		* get a byte from the input buffer
01:000822EE 67000094        	   956: 	BEQ		LAB_13EC			* if [EOL] go save it without crunching
                            	   957: 
01:000822F2 B03C0020        	   958: 	CMP.b		#' ',d0			* compare the character with " "
01:000822F6 67EA            	   959: 	BEQ.s		LAB_1392			* if [SPACE] just go save it and get another
                            	   960: 
01:000822F8 B03C0030        	   961: 	CMP.b		#'0',d0			* compare the character with "0"
01:000822FC 654A            	   962: 	BCS.s		LAB_13C6			* if < "0" quit the hex save loop
                            	   963: 
01:000822FE B03C0039        	   964: 	CMP.b		#'9',d0			* compare with "9"
01:00082302 63DE            	   965: 	BLS.s		LAB_1392			* if it is "0" to "9" save it and get another
                            	   966: 
01:00082304 7ADF            	   967: 	MOVEQ		#-33,d5			* mask xx0x xxxx, ASCII upper case
01:00082306 CA00            	   968: 	AND.b		d0,d5				* mask the character
                            	   969: 
01:00082308 BA3C0041        	   970: 	CMP.b		#'A',d5			* compare with "A"
01:0008230C 6540            	   971: 	BCS.s		LAB_13CC			* if < "A" quit the hex save loop
                            	   972: 
01:0008230E BA3C0046        	   973: 	CMP.b		#'F',d5			* compare with "F"
01:00082312 63CE            	   974: 	BLS.s		LAB_1392			* if it is "A" to "F" save it and get another
                            	   975: 
01:00082314 6038            	   976: 	BRA.s		LAB_13CC			* else continue crunching
                            	   977: 
                            	   978: * crunch keywords into Basic tokens
                            	   979: * crunch from (a5), output to (a0)
                            	   980: * returns ..
                            	   981: * d4 trashed
                            	   982: * d3 trashed
                            	   983: * d2 is length
                            	   984: * d1 trashed
                            	   985: * d0 trashed
                            	   986: * a1 trashed
                            	   987: 
                            	   988: * this is the improved BASIC crunch routine and is 10 to 100 times faster than the
                            	   989: * old list search
                            	   990: 
                            	   991: LAB_13A6
01:00082316 7200            	   992: 	MOVEQ		#0,d1				* clear the read index
01:00082318 2401            	   993: 	MOVE.l	d1,d2				* clear the save index
01:0008231A 174105DD        	   994: 	MOVE.b	d1,Oquote(a3)		* clear the open quote/DATA flag
                            	   995: LAB_13AC
01:0008231E 7000            	   996: 	MOVEQ		#0,d0				* clear word
01:00082320 10351000        	   997: 	MOVE.b	(a5,d1.w),d0		* get byte from input buffer
01:00082324 675E            	   998: 	BEQ.s		LAB_13EC			* if null save byte then continue crunching
                            	   999: 
01:00082326 B03C005F        	  1000: 	CMP.b		#'_',d0			* compare with "_"
01:0008232A 6458            	  1001: 	BCC.s		LAB_13EC			* if >= "_" save byte then continue crunching
                            	  1002: 
01:0008232C B03C003C        	  1003: 	CMP.b		#'<',d0			* compare with "<"
01:00082330 641C            	  1004: 	BCC.s		LAB_13CC			* if >= "<" go crunch
                            	  1005: 
01:00082332 B03C0030        	  1006: 	CMP.b		#'0',d0			* compare with "0"
01:00082336 644C            	  1007: 	BCC.s		LAB_13EC			* if >= "0" save byte then continue crunching
                            	  1008: 
01:00082338 174005DA        	  1009: 	MOVE.b	d0,Asrch(a3)		* save buffer byte as search character
01:0008233C B03C0022        	  1010: 	CMP.b		#$22,d0			* is it quote character?
01:00082340 6776            	  1011: 	BEQ.s		LAB_1410			* branch if so (copy quoted string)
                            	  1012: 
01:00082342 B03C0024        	  1013: 	CMP.b		#'$',d0			* is it the hex value character?
01:00082346 679A            	  1014: 	BEQ.s		LAB_1392			* if so go copy a hex value
                            	  1015: 
                            	  1016: LAB_13C6
01:00082348 B03C002A        	  1017: 	CMP.b		#'*',d0			* compare with "*"
01:0008234C 6536            	  1018: 	BCS.s		LAB_13EC			* if <= "*" save byte then continue crunching
                            	  1019: 
                            	  1020: 							* crunch rest
                            	  1021: LAB_13CC
01:0008234E 082B000605DD    	  1022: 	BTST.b	#6,Oquote(a3)		* test open quote/DATA token flag
01:00082354 662E            	  1023: 	BNE.s		LAB_13EC			* branch if b6 of Oquote set (was DATA)
                            	  1024: 							* go save byte then continue crunching
                            	  1025: 
01:00082356 903C002A        	  1026: 	SUB.b		#$2A,d0			* normalise byte
01:0008235A D040            	  1027: 	ADD.w		d0,d0				* *2 makes word offset (high byte=$00)
01:0008235C 43FA2BEC        	  1028: 	LEA		TAB_CHRT(pc),a1		* get keyword offset table address
01:00082360 30310000        	  1029: 	MOVE.w	(a1,d0.w),d0		* get offset into keyword table
01:00082364 6B6E            	  1030: 	BMI.s		LAB_141F			* branch if no keywords for character
                            	  1031: 
01:00082366 43FA2F78        	  1032: 	LEA		TAB_STAR(pc),a1		* get keyword table address
01:0008236A D2C0            	  1033: 	ADDA.w	d0,a1				* add keyword offset
01:0008236C 76FF            	  1034: 	MOVEQ		#-1,d3			* clear index
01:0008236E 3801            	  1035: 	MOVE.w	d1,d4				* copy read index
                            	  1036: LAB_13D6
01:00082370 5243            	  1037: 	ADDQ.w	#1,d3				* increment table index
01:00082372 10313000        	  1038: 	MOVE.b	(a1,d3.w),d0		* get byte from table
                            	  1039: LAB_13D8
01:00082376 6B0A            	  1040: 	BMI.s		LAB_13EA			* branch if token, save token and continue
                            	  1041: 							* crunching
                            	  1042: 
01:00082378 5244            	  1043: 	ADDQ.w	#1,d4				* increment read index
01:0008237A B0354000        	  1044: 	CMP.b		(a5,d4.w),d0		* compare byte from input buffer
01:0008237E 67F0            	  1045: 	BEQ.s		LAB_13D6			* loop if character match
                            	  1046: 
01:00082380 6040            	  1047: 	BRA.s		LAB_1417			* branch if no match
                            	  1048: 
                            	  1049: LAB_13EA
01:00082382 3204            	  1050: 	MOVE.w	d4,d1				* update read index
                            	  1051: LAB_13EC
01:00082384 11802000        	  1052: 	MOVE.b	d0,(a0,d2.w)		* save byte to output
01:00082388 5242            	  1053: 	ADDQ.w	#1,d2				* increment buffer save index
01:0008238A 5241            	  1054: 	ADDQ.w	#1,d1				* increment buffer read index
01:0008238C 4A00            	  1055: 	TST.b		d0				* set flags
01:0008238E 674A            	  1056: 	BEQ.s		LAB_142A			* branch if was null [EOL]
                            	  1057: 
                            	  1058: 							* d0 holds token or byte here
01:00082390 903C003A        	  1059: 	SUB.b		#$3A,d0			* subtract ":"
01:00082394 6706            	  1060: 	BEQ.s		LAB_13FF			* branch if it was ":" (is now $00)
                            	  1061: 
                            	  1062: 							* d0 now holds token-$3A
01:00082396 B03C0049        	  1063: 	CMP.b		#(TK_DATA-$3A),d0		* compare with DATA token - $3A
01:0008239A 6604            	  1064: 	BNE.s		LAB_1401			* branch if not DATA
                            	  1065: 
                            	  1066: 							* token was : or DATA
                            	  1067: LAB_13FF
01:0008239C 174005DD        	  1068: 	MOVE.b	d0,Oquote(a3)		* save token-$3A ($00 for ":", TK_DATA-$3A for
                            	  1069: 							* DATA)
                            	  1070: LAB_1401
01:000823A0 903C0055        	  1071: 	SUB.b		#(TK_REM-$3A),d0		* subtract REM token offset
01:000823A4 6600FF78        	  1072: 	BNE		LAB_13AC			* If wasn't REM then go crunch rest of line
                            	  1073: 
01:000823A8 174005DA        	  1074: 	MOVE.b	d0,Asrch(a3)		* else was REM so set search for [EOL]
                            	  1075: 
                            	  1076: 							* loop for REM, "..." etc.
                            	  1077: LAB_1408
01:000823AC 10351000        	  1078: 	MOVE.b	(a5,d1.w),d0		* get byte from input buffer
01:000823B0 67D2            	  1079: 	BEQ.s		LAB_13EC			* branch if null [EOL]
                            	  1080: 
01:000823B2 B02B05DA        	  1081: 	CMP.b		Asrch(a3),d0		* compare with stored character
01:000823B6 67CC            	  1082: 	BEQ.s		LAB_13EC			* branch if match (end quote, REM, :, or DATA)
                            	  1083: 
                            	  1084: 							* entry for copy string in quotes, don't crunch
                            	  1085: LAB_1410
01:000823B8 11802000        	  1086: 	MOVE.b	d0,(a0,d2.w)		* save byte to output
01:000823BC 5242            	  1087: 	ADDQ.w	#1,d2				* increment buffer save index
01:000823BE 5241            	  1088: 	ADDQ.w	#1,d1				* increment buffer read index
01:000823C0 60EA            	  1089: 	BRA.s		LAB_1408			* loop
                            	  1090: 
                            	  1091: * not found keyword this go so find the end of this word in the table
                            	  1092: 
                            	  1093: LAB_1417
01:000823C2 3801            	  1094: 	MOVE.w	d1,d4				* reset read pointer
                            	  1095: LAB_141B
01:000823C4 5243            	  1096: 	ADDQ.w	#1,d3				* increment keyword table pointer, flag
                            	  1097: 							* unchanged
01:000823C6 10313000        	  1098: 	MOVE.b	(a1,d3.w),d0		* get keyword table byte
01:000823CA 6AF8            	  1099: 	BPL.s		LAB_141B			* if not end of keyword go do next byte
                            	  1100: 
01:000823CC 5243            	  1101: 	ADDQ.w	#1,d3				* increment keyword table pointer flag
                            	  1102: 							* unchanged
01:000823CE 10313000        	  1103: 	MOVE.b	(a1,d3.w),d0		* get keyword table byte
01:000823D2 66A2            	  1104: 	BNE.s		LAB_13D8			* go test next word if not zero byte (table end)
                            	  1105: 
                            	  1106: 							* reached end of table with no match
                            	  1107: LAB_141F
01:000823D4 10351000        	  1108: 	MOVE.b	(a5,d1.w),d0		* restore byte from input buffer
01:000823D8 60AA            	  1109: 	BRA.s		LAB_13EC			* go save byte in output and continue crunching
                            	  1110: 
                            	  1111: 							* reached [EOL]
                            	  1112: LAB_142A
01:000823DA 7000            	  1113: 	MOVEQ		#0,d0				* ensure longword clear
01:000823DC 0102            	  1114: 	BTST		d0,d2				* test odd bit (fastest)
01:000823DE 6706            	  1115: 	BEQ.s		LAB_142C			* branch if no bytes to fill
                            	  1116: 
01:000823E0 11802000        	  1117: 	MOVE.b	d0,(a0,d2.w)		* clear next byte
01:000823E4 5242            	  1118: 	ADDQ.w	#1,d2				* increment buffer save index
                            	  1119: LAB_142C
01:000823E6 21802000        	  1120: 	MOVE.l	d0,(a0,d2.w)		* clear next line pointer, EOT in immediate mode
01:000823EA 4E75            	  1121: 	RTS
                            	  1122: 
                            	  1123: 
                            	  1124: *************************************************************************************
                            	  1125: *
                            	  1126: * search Basic for d1 line number from start of mem
                            	  1127: 
                            	  1128: LAB_SSLN
01:000823EC 206B042E        	  1129: 	MOVEA.l	Smeml(a3),a0		* get start of program mem
01:000823F0 6002            	  1130: 	BRA.s		LAB_SCLN			* go search for required line from a0
                            	  1131: 
                            	  1132: LAB_145F
01:000823F2 2040            	  1133: 	MOVEA.l	d0,a0				* copy next line pointer
                            	  1134: 
                            	  1135: * search Basic for d1 line number from a0
                            	  1136: * returns Cb=0 if found
                            	  1137: * returns a0 pointer to found or next higher (not found) line
                            	  1138: 
                            	  1139: LAB_SCLN
01:000823F4 2018            	  1140: 	MOVE.l	(a0)+,d0			* get next line pointer and point to line #
01:000823F6 6708            	  1141: 	BEQ.s		LAB_145E			* is end marker so we're done, do 'no line' exit
                            	  1142: 
01:000823F8 B290            	  1143: 	CMP.l		(a0),d1			* compare this line # with required line #
01:000823FA 6EF6            	  1144: 	BGT.s		LAB_145F			* loop if required # > this #
                            	  1145: 
01:000823FC 5948            	  1146: 	SUBQ.w	#4,a0				* adjust pointer, flags not changed
01:000823FE 4E75            	  1147: 	RTS
                            	  1148: 
                            	  1149: LAB_145E
01:00082400 5948            	  1150: 	SUBQ.w	#4,a0				* adjust pointer, flags not changed
01:00082402 5380            	  1151: 	SUBQ.l	#1,d0				* make end program found = -1, set carry
01:00082404 4E75            	  1152: 	RTS
                            	  1153: 
                            	  1154: 
                            	  1155: *************************************************************************************
                            	  1156: *
                            	  1157: * perform NEW
                            	  1158: 
                            	  1159: LAB_NEW
01:00082406 664C            	  1160: 	BNE.s		RTS_005			* exit if not end of statement (do syntax error)
                            	  1161: 
                            	  1162: LAB_1463
01:00082408 206B042E        	  1163: 	MOVEA.l	Smeml(a3),a0		* point to start of program memory
01:0008240C 7000            	  1164: 	MOVEQ		#0,d0				* clear longword
01:0008240E 20C0            	  1165: 	MOVE.l	d0,(a0)+			* clear first line, next line pointer
01:00082410 27480432        	  1166: 	MOVE.l	a0,Sfncl(a3)		* set start of functions
                            	  1167: 
                            	  1168: * reset execution to start, clear variables and flush stack
                            	  1169: 
                            	  1170: LAB_1477
01:00082414 2A6B042E        	  1171: 	MOVEA.l	Smeml(a3),a5		* reset BASIC execute pointer
01:00082418 534D            	  1172: 	SUBQ.w	#1,a5				* -1 (as end of previous line)
                            	  1173: 
                            	  1174: * "CLEAR" command gets here
                            	  1175: 
                            	  1176: LAB_147A
01:0008241A 276B044A0446    	  1177: 	MOVE.l	Ememl(a3),Sstorl(a3)	* save end of mem as bottom of string space
01:00082420 202B0432        	  1178: 	MOVE.l	Sfncl(a3),d0		* get start of functions
01:00082424 27400436        	  1179: 	MOVE.l	d0,Svarl(a3)		* start of variables
01:00082428 2740043A        	  1180: 	MOVE.l	d0,Sstrl(a3)		* start of strings
01:0008242C 2740043E        	  1181: 	MOVE.l	d0,Sarryl(a3)		* set start of arrays
01:00082430 27400442        	  1182: 	MOVE.l	d0,Earryl(a3)		* set end of arrays
                            	  1183: LAB_1480
01:00082434 7000            	  1184: 	MOVEQ		#0,d0				* set Zb
01:00082436 174005EA        	  1185: 	MOVE.b	d0,ccnull(a3)		* clear get byte countdown
01:0008243A 610001CC        	  1186: 	BSR		LAB_RESTORE			* perform RESTORE command
                            	  1187: 
                            	  1188: * flush stack & clear continue flag
                            	  1189: 
                            	  1190: LAB_1491
01:0008243E 49EB048E        	  1191: 	LEA		des_sk(a3),a4		* reset descriptor stack pointer
                            	  1192: 
01:00082442 201F            	  1193: 	MOVE.l	(sp)+,d0			* pull return address
01:00082444 4FEB0400        	  1194: 	LEA		ram_base(a3),sp		* set stack to RAM start + 1k, flush stack
01:00082448 2F00            	  1195: 	MOVE.l	d0,-(sp)			* restore return address
                            	  1196: 
01:0008244A 7000            	  1197: 	MOVEQ		#0,d0				* clear longword
01:0008244C 2740045A        	  1198: 	MOVE.l	d0,Cpntrl(a3)		* clear continue pointer
01:00082450 174005DF        	  1199: 	MOVE.b	d0,Sufnxf(a3)		* clear subscript/FNX flag
                            	  1200: RTS_005
01:00082454 4E75            	  1201: 	RTS
                            	  1202: 
                            	  1203: 
                            	  1204: *************************************************************************************
                            	  1205: *
                            	  1206: * perform CLEAR
                            	  1207: 
                            	  1208: LAB_CLEAR
01:00082456 67C2            	  1209: 	BEQ.s		LAB_147A			* if no following byte go do "CLEAR"
                            	  1210: 
01:00082458 4E75            	  1211: 	RTS						* was following byte (go do syntax error)
                            	  1212: 
                            	  1213: 
                            	  1214: *************************************************************************************
                            	  1215: *
                            	  1216: * perform LIST [n][-m]
                            	  1217: 
                            	  1218: LAB_LIST
01:0008245A 6512            	  1219: 	BCS.s		LAB_14BD			* branch if next character numeric (LIST n...)
                            	  1220: 
01:0008245C 72FF            	  1221: 	MOVEQ		#-1,d1			* set end to $FFFFFFFF
01:0008245E 2741042A        	  1222: 	MOVE.l	d1,Itemp(a3)		* save to Itemp
                            	  1223: 
01:00082462 7200            	  1224: 	MOVEQ		#0,d1				* set start to $00000000
01:00082464 4A00            	  1225: 	TST.b		d0				* test next byte
01:00082466 670A            	  1226: 	BEQ.s		LAB_14C0			* branch if next character [NULL] (LIST)
                            	  1227: 
01:00082468 B03C00B3        	  1228: 	CMP.b		#TK_MINUS,d0		* compare with token for -
01:0008246C 66E6            	  1229: 	BNE.s		RTS_005			* exit if not - (LIST -m)
                            	  1230: 
                            	  1231: 							* LIST [[n]-[m]] this sets the n, if present,
                            	  1232: 							* as the start and end
                            	  1233: LAB_14BD
01:0008246E 61000390        	  1234: 	BSR		LAB_GFPN			* get fixed-point number into temp integer & d1
                            	  1235: LAB_14C0
01:00082472 6100FF78        	  1236: 	BSR		LAB_SSLN			* search BASIC for d1 line number
                            	  1237: 							* (pointer in a0)
01:00082476 61000932        	  1238: 	BSR		LAB_GBYT			* scan memory
01:0008247A 6716            	  1239: 	BEQ.s		LAB_14D4			* branch if no more characters
                            	  1240: 
                            	  1241: 							* this bit checks the - is present
01:0008247C B03C00B3        	  1242: 	CMP.b		#TK_MINUS,d0		* compare with token for -
01:00082480 66D2            	  1243: 	BNE.s		RTS_005			* return if not "-" (will be Syntax error)
                            	  1244: 
01:00082482 72FF            	  1245: 	MOVEQ		#-1,d1			* set end to $FFFFFFFF
01:00082484 2741042A        	  1246: 	MOVE.l	d1,Itemp(a3)		* save Itemp
                            	  1247: 
                            	  1248: 							* LIST [n]-[m] the - was there so see if
                            	  1249: 							* there is an m to set as the end value
01:00082488 6100091E        	  1250: 	BSR		LAB_IGBY			* increment & scan memory
01:0008248C 6704            	  1251: 	BEQ.s		LAB_14D4			* branch if was [NULL] (LIST n-)
                            	  1252: 
01:0008248E 61000370        	  1253: 	BSR		LAB_GFPN			* get fixed-point number into temp integer & d1
                            	  1254: LAB_14D4
01:00082492 177C000005DD    	  1255: 	MOVE.b	#$00,Oquote(a3)		* clear open quote flag
01:00082498 610004E6        	  1256: 	BSR		LAB_CRLF			* print CR/LF
01:0008249C 2018            	  1257: 	MOVE.l	(a0)+,d0			* get next line pointer
01:0008249E 67B4            	  1258: 	BEQ.s		RTS_005			* if null all done so exit
                            	  1259: 
01:000824A0 2240            	  1260: 	MOVEA.l	d0,a1				* copy next line pointer
01:000824A2 6100012A        	  1261: 	BSR		LAB_1629			* do CRTL-C check vector
                            	  1262: 
01:000824A6 2018            	  1263: 	MOVE.l	(a0)+,d0			* get this line #
01:000824A8 B0AB042A        	  1264: 	CMP.l		Itemp(a3),d0		* compare end line # with this line #
01:000824AC 62A6            	  1265: 	BHI.s		RTS_005			* if this line greater all done so exit
                            	  1266: 
                            	  1267: LAB_14E2
01:000824AE 48E700C0        	  1268: 	MOVEM.l	a0-a1,-(sp)			* save registers
01:000824B2 61001800        	  1269: 	BSR		LAB_295E			* print d0 as unsigned integer
01:000824B6 205F225F        	  1270: 	MOVEM.l	(sp)+,a0-a1			* restore registers
01:000824BA 7020            	  1271: 	MOVEQ		#$20,d0			* space is the next character
                            	  1272: LAB_150C
01:000824BC 6100053A        	  1273: 	BSR		LAB_PRNA			* go print the character
01:000824C0 B03C0022        	  1274: 	CMP.b		#$22,d0			* was it " character
01:000824C4 6604            	  1275: 	BNE.s		LAB_1519			* branch if not
                            	  1276: 
                            	  1277: 							* we're either entering or leaving quotes
01:000824C6 462B05DD        	  1278: 	EOR.b		#$FF,Oquote(a3)		* toggle open quote flag
                            	  1279: LAB_1519
01:000824CA 1018            	  1280: 	MOVE.b	(a0)+,d0			* get byte and increment pointer
01:000824CC 6608            	  1281: 	BNE.s		LAB_152E			* branch if not [EOL] (go print)
                            	  1282: 
                            	  1283: 							* was [EOL]
01:000824CE 2049            	  1284: 	MOVEA.l	a1,a0				* copy next line pointer
01:000824D0 2008            	  1285: 	MOVE.l	a0,d0				* copy to set flags
01:000824D2 66BE            	  1286: 	BNE.s		LAB_14D4			* go do next line if not [EOT]
                            	  1287: 
01:000824D4 4E75            	  1288: 	RTS
                            	  1289: 
                            	  1290: LAB_152E
01:000824D6 6AE4            	  1291: 	BPL.s		LAB_150C			* just go print it if not token byte
                            	  1292: 
                            	  1293: 							* else it was a token byte so maybe uncrunch it
01:000824D8 4A2B05DD        	  1294: 	TST.b		Oquote(a3)			* test the open quote flag
01:000824DC 6BDE            	  1295: 	BMI.s		LAB_150C			* just go print character if open quote set
                            	  1296: 
                            	  1297: 							* else uncrunch BASIC token
01:000824DE 45FA2AD4        	  1298: 	LEA		LAB_KEYT(pc),a2		* get keyword table address
01:000824E2 727F            	  1299: 	MOVEQ		#$7F,d1			* mask into d1
01:000824E4 C200            	  1300: 	AND.b		d0,d1				* copy and mask token
01:000824E6 E549            	  1301: 	LSL.w		#2,d1				* *4
01:000824E8 45F21000        	  1302: 	LEA		(a2,d1.w),a2		* get keyword entry address
01:000824EC 101A            	  1303: 	MOVE.b	(a2)+,d0			* get byte from keyword table
01:000824EE 61000508        	  1304: 	BSR		LAB_PRNA			* go print the first character
01:000824F2 7200            	  1305: 	MOVEQ		#0,d1				* clear d1
01:000824F4 121A            	  1306: 	MOVE.b	(a2)+,d1			* get remaining length byte from keyword table
01:000824F6 6BD2            	  1307: 	BMI.s		LAB_1519			* if -ve done so go get next byte
                            	  1308: 
01:000824F8 3012            	  1309: 	MOVE.w	(a2),d0			* get offset to rest
01:000824FA 45FA2DE4        	  1310: 	LEA		TAB_STAR(pc),a2		* get keyword table address
01:000824FE 45F20000        	  1311: 	LEA		(a2,d0.w),a2		* get address of rest
                            	  1312: LAB_1540
01:00082502 101A            	  1313: 	MOVE.b	(a2)+,d0			* get byte from keyword table
01:00082504 610004F2        	  1314: 	BSR		LAB_PRNA			* go print the character
01:00082508 51C9FFF8        	  1315: 	DBF		d1,LAB_1540			* decrement and loop if more to do
                            	  1316: 
01:0008250C 60BC            	  1317: 	BRA.s		LAB_1519			* go get next byte
                            	  1318: 
                            	  1319: 
                            	  1320: *************************************************************************************
                            	  1321: *
                            	  1322: * perform FOR
                            	  1323: 
                            	  1324: LAB_FOR
01:0008250E 61000390        	  1325: 	BSR		LAB_LET			* go do LET
                            	  1326: 
01:00082512 202B0472        	  1327: 	MOVE.l	Lvarpl(a3),d0		* get the loop variable pointer
01:00082516 B0AB043A        	  1328: 	CMP.l		Sstrl(a3),d0		* compare it with the end of vars memory
01:0008251A 6C00FC24        	  1329: 	BGE		LAB_TMER			* if greater go do type mismatch error
                            	  1330: 
                            	  1331: * test for not less than the start of variables memory if needed
                            	  1332: *
                            	  1333: *	CMP.l		Svarl(a3),d0		* compare it with the start of variables memory
                            	  1334: *	BLT		LAB_TMER			* if not variables memory do type mismatch error
                            	  1335: 
                            	  1336: *	MOVEQ		#28,d0			* we need 28 bytes !
                            	  1337: *	BSR.s		LAB_1212			* check room on stack for d0 bytes
                            	  1338: 
01:0008251E 61000214        	  1339: 	BSR		LAB_SNBS			* scan for next BASIC statement ([:] or [EOL])
                            	  1340: 							* returns a0 as pointer to [:] or [EOL]
01:00082522 2E88            	  1341: 	MOVE.l	a0,(sp)			* push onto stack (and dump the return address)
01:00082524 2F2B0452        	  1342: 	MOVE.l	Clinel(a3),-(sp)		* push current line onto stack
                            	  1343: 
01:00082528 70AA            	  1344: 	MOVEQ		#TK_TO-$100,d0		* set "TO" token
01:0008252A 61000874        	  1345: 	BSR		LAB_SCCA			* scan for CHR$(d0) else syntax error/warm start
01:0008252E 61000702        	  1346: 	BSR		LAB_CTNM			* check if source is numeric, else type mismatch
01:00082532 1F2B05B5        	  1347: 	MOVE.b	Dtypef(a3),-(sp)		* push the FOR variable data type onto stack
01:00082536 610006F8        	  1348: 	BSR		LAB_EVNM			* evaluate expression and check is numeric else
                            	  1349: 							* do type mismatch
                            	  1350: 
01:0008253A 2F2B0590        	  1351: 	MOVE.l	FAC1_m(a3),-(sp)		* push TO value mantissa
01:0008253E 3F2B0594        	  1352: 	MOVE.w	FAC1_e(a3),-(sp)		* push TO value exponent and sign
                            	  1353: 
01:00082542 277C800000000590	  1354: 	MOVE.l	#$80000000,FAC1_m(a3)	* set default STEP size mantissa
01:0008254A 377C81000594    	  1355: 	MOVE.w	#$8100,FAC1_e(a3)		* set default STEP size exponent and sign
                            	  1356: 
01:00082550 61000858        	  1357: 	BSR		LAB_GBYT			* scan memory
01:00082554 B03C00AF        	  1358: 	CMP.b		#TK_STEP,d0			* compare with STEP token
01:00082558 6608            	  1359: 	BNE.s		LAB_15B3			* jump if not "STEP"
                            	  1360: 
                            	  1361: 							* was STEP token so ....
01:0008255A 6100084C        	  1362: 	BSR		LAB_IGBY			* increment & scan memory
01:0008255E 610006D0        	  1363: 	BSR		LAB_EVNM			* evaluate expression & check is numeric
                            	  1364: 							* else do type mismatch
                            	  1365: LAB_15B3
01:00082562 2F2B0590        	  1366: 	MOVE.l	FAC1_m(a3),-(sp)		* push STEP value mantissa
01:00082566 3F2B0594        	  1367: 	MOVE.w	FAC1_e(a3),-(sp)		* push STEP value exponent and sign
                            	  1368: 
01:0008256A 2F2B0472        	  1369: 	MOVE.l	Lvarpl(a3),-(sp)		* push variable pointer for FOR/NEXT
01:0008256E 3F3C0081        	  1370: 	MOVE.w	#TK_FOR,-(sp)		* push FOR token on stack
                            	  1371: 
01:00082572 6018            	  1372: 	BRA.s		LAB_15C2			* go do interpreter inner loop
                            	  1373: 
                            	  1374: LAB_15DC						* have reached [EOL]+1
01:00082574 300D            	  1375: 	MOVE.w	a5,d0				* copy BASIC execute pointer
01:00082576 C07C0001        	  1376: 	AND.w		#1,d0				* and make line start address even
01:0008257A DAC0            	  1377: 	ADD.w		d0,a5				* add to BASIC execute pointer
01:0008257C 201D            	  1378: 	MOVE.l	(a5)+,d0			* get next line pointer
01:0008257E 6700FC1C        	  1379: 	BEQ		LAB_1274			* if null go to immediate mode, no "BREAK"
                            	  1380: 							* message (was immediate or [EOT] marker)
                            	  1381: 
01:00082582 275D0452        	  1382: 	MOVE.l	(a5)+,Clinel(a3)		* save (new) current line #
                            	  1383: LAB_15F6
01:00082586 61000822        	  1384: 	BSR		LAB_GBYT			* get BASIC byte
01:0008258A 611A            	  1385: 	BSR.s		LAB_15FF			* go interpret BASIC code from (a5)
                            	  1386: 
                            	  1387: * interpreter inner loop (re)entry point
                            	  1388: 
                            	  1389: LAB_15C2
01:0008258C 6140            	  1390: 	BSR.s		LAB_1629			* do CRTL-C check vector
01:0008258E 4A2B0452        	  1391: 	TST.b		Clinel(a3)			* test current line #, is -ve for immediate mode
01:00082592 6B04            	  1392: 	BMI.s		LAB_15D1			* branch if immediate mode
                            	  1393: 
01:00082594 274D045A        	  1394: 	MOVE.l	a5,Cpntrl(a3)		* save BASIC execute pointer as continue pointer
                            	  1395: LAB_15D1
01:00082598 101D            	  1396: 	MOVE.b	(a5)+,d0			* get this byte & increment pointer
01:0008259A 67D8            	  1397: 	BEQ.s		LAB_15DC			* loop if [EOL]
                            	  1398: 
01:0008259C B03C003A        	  1399: 	CMP.b		#$3A,d0			* compare with ":"
01:000825A0 67E4            	  1400: 	BEQ.s		LAB_15F6			* loop if was statement separator
                            	  1401: 
01:000825A2 6000FBC8        	  1402: 	BRA		LAB_SNER			* else syntax error, then warm start
                            	  1403: 
                            	  1404: 
                            	  1405: *************************************************************************************
                            	  1406: *
                            	  1407: * interpret BASIC code from (a5)
                            	  1408: 
                            	  1409: LAB_15FF
01:000825A6 6700008C        	  1410: 	BEQ		RTS_006			* exit if zero [EOL]
                            	  1411: 
                            	  1412: LAB_1602
01:000825AA 0A000080        	  1413: 	EORI.b	#$80,d0			* normalise token
01:000825AE 6B0002F0        	  1414: 	BMI		LAB_LET			* if not token, go do implied LET
                            	  1415: 
01:000825B2 B03C0028        	  1416: 	CMP.b		#(TK_TAB-$80),d0		* compare normalised token with TAB
01:000825B6 6400FBB4        	  1417: 	BCC		LAB_SNER			* branch if d0>=TAB, syntax error/warm start
                            	  1418: 							* only tokens before TAB can start a statement
                            	  1419: 
01:000825BA 4880            	  1420: 	EXT.w		d0				* byte to word (clear high byte)
01:000825BC D040            	  1421: 	ADD.w		d0,d0				* *2
01:000825BE 41FA2852        	  1422: 	LEA		LAB_CTBL(pc),a0		* get vector table base address
01:000825C2 30300000        	  1423: 	MOVE.w	(a0,d0.w),d0		* get offset to vector
01:000825C6 48700000        	  1424: 	PEA		(a0,d0.w)			* push vector
01:000825CA 600007DC        	  1425: 	BRA		LAB_IGBY			* get following byte & execute vector
                            	  1426: 
                            	  1427: 
                            	  1428: *************************************************************************************
                            	  1429: *
                            	  1430: * CTRL-C check jump. this is called as a subroutine but exits back via a jump if a
                            	  1431: * key press is detected.
                            	  1432: 
                            	  1433: LAB_1629
01:000825CE 4EEB0424        	  1434: 	JMP		V_CTLC(a3)			* ctrl c check vector
                            	  1435: 
                            	  1436: * if there was a key press it gets back here .....
                            	  1437: 
                            	  1438: LAB_1636
01:000825D2 B03C0003        	  1439: 	CMP.b		#$03,d0			* compare with CTRL-C
01:000825D6 670C            	  1440: 	BEQ.s		LAB_163B			* STOP if was CTRL-C
                            	  1441: 
                            	  1442: LAB_1639
01:000825D8 4E75            	  1443: 	RTS						*
                            	  1444: 
                            	  1445: 
                            	  1446: *************************************************************************************
                            	  1447: *
                            	  1448: * perform END
                            	  1449: 
                            	  1450: LAB_END
01:000825DA 66FC            	  1451: 	BNE.s		LAB_1639			* exit if something follows STOP
01:000825DC 177C000005DC    	  1452: 	MOVE.b	#0,Breakf(a3)		* clear break flag, indicate program end
                            	  1453: 
                            	  1454: 
                            	  1455: *************************************************************************************
                            	  1456: *
                            	  1457: * perform STOP
                            	  1458: 
                            	  1459: LAB_STOP
01:000825E2 66F4            	  1460: 	BNE.s		LAB_1639			* exit if something follows STOP
                            	  1461: 
                            	  1462: LAB_163B
01:000825E4 43EB0590        	  1463: 	LEA		Ibuffe(a3),a1		* get buffer end
01:000825E8 BBC9            	  1464: 	CMPA.l	a1,a5				* compare execute address with buffer end
01:000825EA 650A            	  1465: 	BCS.s		LAB_164F			* branch if BASIC pointer is in buffer
                            	  1466: 							* can't continue in immediate mode
                            	  1467: 
                            	  1468: 							* else...
01:000825EC 274D045A        	  1469: 	MOVE.l	a5,Cpntrl(a3)		* save BASIC execute pointer as continue pointer
                            	  1470: LAB_1647
01:000825F0 276B04520456    	  1471: 	MOVE.l	Clinel(a3),Blinel(a3)	* save break line
                            	  1472: LAB_164F
01:000825F6 584F            	  1473: 	ADDQ.w	#4,sp				* dump return address, don't return to execute
                            	  1474: 							* loop
01:000825F8 102B05DC        	  1475: 	MOVE.b	Breakf(a3),d0		* get break flag
01:000825FC 6700FB9E        	  1476: 	BEQ		LAB_1274			* go do warm start if was program end
                            	  1477: 
01:00082600 41FA2E89        	  1478: 	LEA		LAB_BMSG(pc),a0		* point to "Break"
01:00082604 6000FB88        	  1479: 	BRA		LAB_1269			* print "Break" and do warm start
                            	  1480: 
                            	  1481: 
                            	  1482: *************************************************************************************
                            	  1483: *
                            	  1484: * perform RESTORE
                            	  1485: 
                            	  1486: LAB_RESTORE
01:00082608 206B042E        	  1487: 	MOVEA.l	Smeml(a3),a0		* copy start of memory
01:0008260C 6720            	  1488: 	BEQ.s		LAB_1624			* branch if next character null (RESTORE)
                            	  1489: 
01:0008260E 610001F0        	  1490: 	BSR		LAB_GFPN			* get fixed-point number into temp integer & d1
01:00082612 B2AB0452        	  1491: 	CMP.l		Clinel(a3),d1		* compare current line # with required line #
01:00082616 630E            	  1492: 	BLS.s		LAB_GSCH			* branch if >= (start search from beginning)
                            	  1493: 
01:00082618 204D            	  1494: 	MOVEA.l	a5,a0				* copy BASIC execute pointer
                            	  1495: LAB_RESs
01:0008261A 4A18            	  1496: 	TST.b		(a0)+				* test next byte & increment pointer
01:0008261C 66FC            	  1497: 	BNE.s		LAB_RESs			* loop if not EOL
                            	  1498: 
01:0008261E 3008            	  1499: 	MOVE.w	a0,d0				* copy pointer
01:00082620 C07C0001        	  1500: 	AND.w		#1,d0				* mask odd bit
01:00082624 D0C0            	  1501: 	ADD.w		d0,a0				* add pointer
                            	  1502: 							* search for line in Itemp from (a0)
                            	  1503: LAB_GSCH
01:00082626 6100FDCC        	  1504: 	BSR		LAB_SCLN			* search for d1 line number from a0
                            	  1505: 							* returns Cb=0 if found
01:0008262A 6500FB28        	  1506: 	BCS		LAB_USER			* go do "Undefined statement" error if not found
                            	  1507: 
                            	  1508: LAB_1624
01:0008262E 4A20            	  1509: 	TST.b		-(a0)				* decrement pointer (faster)
01:00082630 27480462        	  1510: 	MOVE.l	a0,Dptrl(a3)		* save DATA pointer
                            	  1511: RTS_006
01:00082634 4E75            	  1512: 	RTS
                            	  1513: 
                            	  1514: 
                            	  1515: *************************************************************************************
                            	  1516: *
                            	  1517: * perform NULL
                            	  1518: 
                            	  1519: LAB_NULL
01:00082636 610010D0        	  1520: 	BSR		LAB_GTBY			* get byte parameter, result in d0 and Itemp
01:0008263A 174005E4        	  1521: 	MOVE.b	d0,Nullct(a3)		* save new NULL count
01:0008263E 4E75            	  1522: 	RTS
                            	  1523: 
                            	  1524: 
                            	  1525: *************************************************************************************
                            	  1526: *
                            	  1527: * perform CONT
                            	  1528: 
                            	  1529: LAB_CONT
01:00082640 6600FB2A        	  1530: 	BNE		LAB_SNER			* if following byte exit to do syntax error
                            	  1531: 
01:00082644 4A2B0452        	  1532: 	TST.b		Clinel(a3)			* test current line #, is -ve for immediate mode
01:00082648 6A00FAEA        	  1533: 	BPL		LAB_CCER			* if running go do can't continue error
                            	  1534: 
01:0008264C 202B045A        	  1535: 	MOVE.l	Cpntrl(a3),d0		* get continue pointer
01:00082650 6700FAE2        	  1536: 	BEQ		LAB_CCER			* go do can't continue error if we can't
                            	  1537: 
                            	  1538: 							* we can continue so ...
01:00082654 2A40            	  1539: 	MOVEA.l	d0,a5				* save continue pointer as BASIC execute pointer
01:00082656 276B04560452    	  1540: 	MOVE.l	Blinel(a3),Clinel(a3)	* set break line as current line
01:0008265C 4E75            	  1541: 	RTS
                            	  1542: 
                            	  1543: 
                            	  1544: *************************************************************************************
                            	  1545: *
                            	  1546: * perform RUN
                            	  1547: 
                            	  1548: LAB_RUN
01:0008265E 660C            	  1549: 	BNE.s		LAB_RUNn			* if following byte do RUN n
                            	  1550: 
01:00082660 6100FDB2        	  1551: 	BSR		LAB_1477			* execution to start, clear vars & flush stack
01:00082664 274D045A        	  1552: 	MOVE.l	a5,Cpntrl(a3)		* save as continue pointer
01:00082668 6000FF22        	  1553: 	BRA		LAB_15C2			* go do interpreter inner loop
                            	  1554: 							* (can't RTS, we flushed the stack!)
                            	  1555: 
                            	  1556: LAB_RUNn
01:0008266C 6100FDAC        	  1557: 	BSR		LAB_147A			* go do "CLEAR"
01:00082670 601C            	  1558: 	BRA.s		LAB_16B0			* get n and do GOTO n
                            	  1559: 
                            	  1560: 
                            	  1561: *************************************************************************************
                            	  1562: *
                            	  1563: * perform DO
                            	  1564: 
                            	  1565: LAB_DO
                            	  1566: *	MOVE.l	#$05,d0			* need 5 bytes for DO
                            	  1567: *	BSR.s		LAB_1212			* check room on stack for A bytes
01:00082672 2F0D            	  1568: 	MOVE.l	a5,-(sp)			* push BASIC execute pointer on stack
01:00082674 2F2B0452        	  1569: 	MOVE.l	Clinel(a3),-(sp)		* push current line on stack
01:00082678 3F3C009C        	  1570: 	MOVE.w	#TK_DO,-(sp)		* push token for DO on stack
01:0008267C 487AFF0E        	  1571: 	PEA		LAB_15C2(pc)		* set return address
01:00082680 60000728        	  1572: 	BRA		LAB_GBYT			* scan memory & return to interpreter inner loop
                            	  1573: 
                            	  1574: 
                            	  1575: *************************************************************************************
                            	  1576: *
                            	  1577: * perform GOSUB
                            	  1578: 
                            	  1579: LAB_GOSUB
                            	  1580: *	MOVE.l	#10,d0			* need 10 bytes for GOSUB
                            	  1581: *	BSR.s		LAB_1212			* check room on stack for d0 bytes
01:00082684 2F0D            	  1582: 	MOVE.l	a5,-(sp)			* push BASIC execute pointer
01:00082686 2F2B0452        	  1583: 	MOVE.l	Clinel(a3),-(sp)		* push current line
01:0008268A 3F3C008D        	  1584: 	MOVE.w	#TK_GOSUB,-(sp)		* push token for GOSUB
                            	  1585: LAB_16B0
01:0008268E 6100071A        	  1586: 	BSR		LAB_GBYT			* scan memory
01:00082692 487AFEF8        	  1587: 	PEA		LAB_15C2(pc)		* return to interpreter inner loop after GOTO n
                            	  1588: 
                            	  1589: * this PEA is needed because either we just cleared the stack and have nowhere to return
                            	  1590: * to or, in the case of GOSUB, we have just dropped a load on the stack and the address
                            	  1591: * we whould have returned to is buried. This burried return address will be unstacked by
                            	  1592: * the corresponding RETURN command
                            	  1593: 
                            	  1594: 
                            	  1595: *************************************************************************************
                            	  1596: *
                            	  1597: * perform GOTO
                            	  1598: 
                            	  1599: LAB_GOTO
01:00082696 61000168        	  1600: 	BSR		LAB_GFPN			* get fixed-point number into temp integer & d1
01:0008269A 206B042E        	  1601: 	MOVEA.l	Smeml(a3),a0		* get start of memory
01:0008269E B2AB0452        	  1602: 	CMP.l		Clinel(a3),d1		* compare current line with wanted #
01:000826A2 630E            	  1603: 	BLS.s		LAB_16D0			* branch if current # => wanted #
                            	  1604: 
01:000826A4 204D            	  1605: 	MOVEA.l	a5,a0				* copy BASIC execute pointer
                            	  1606: LAB_GOTs
01:000826A6 4A18            	  1607: 	TST.b		(a0)+				* test next byte & increment pointer
01:000826A8 66FC            	  1608: 	BNE.s		LAB_GOTs			* loop if not EOL
                            	  1609: 
01:000826AA 3008            	  1610: 	MOVE.w	a0,d0				* past pad byte(s)
01:000826AC C07C0001        	  1611: 	AND.w		#1,d0				* mask odd bit
01:000826B0 D0C0            	  1612: 	ADD.w		d0,a0				* add to pointer
                            	  1613: 
                            	  1614: LAB_16D0
01:000826B2 6100FD40        	  1615: 	BSR		LAB_SCLN			* search for d1 line number from a0
                            	  1616: 							* returns Cb=0 if found
01:000826B6 6500FA9C        	  1617: 	BCS		LAB_USER			* if carry set go do "Undefined statement" error
                            	  1618: 
01:000826BA 2A48            	  1619: 	MOVEA.l	a0,a5				* copy to basic execute pointer
01:000826BC 534D            	  1620: 	SUBQ.w	#1,a5				* decrement pointer
01:000826BE 274D045A        	  1621: 	MOVE.l	a5,Cpntrl(a3)		* save as continue pointer
01:000826C2 4E75            	  1622: 	RTS
                            	  1623: 
                            	  1624: 
                            	  1625: *************************************************************************************
                            	  1626: *
                            	  1627: * perform LOOP
                            	  1628: 
                            	  1629: LAB_LOOP
01:000826C4 0C6F009C0004    	  1630: 	CMP.w		#TK_DO,4(sp)		* compare token on stack with DO token
01:000826CA 6600FA60        	  1631: 	BNE		LAB_LDER			* branch if no matching DO
                            	  1632: 
01:000826CE 1E00            	  1633: 	MOVE.b	d0,d7				* copy following token (byte)
01:000826D0 672E            	  1634: 	BEQ.s		LoopAlways			* if no following token loop forever
                            	  1635: 
01:000826D2 BE3C003A        	  1636: 	CMP.b		#':',d7			* compare with ":"
01:000826D6 6728            	  1637: 	BEQ.s		LoopAlways			* if no following token loop forever
                            	  1638: 
01:000826D8 9E3C00B0        	  1639: 	SUB.b		#TK_UNTIL,d7		* subtract token for UNTIL
01:000826DC 6708            	  1640: 	BEQ.s		DoRest			* branch if was UNTIL
                            	  1641: 
01:000826DE 5307            	  1642: 	SUBQ.b	#1,d7				* decrement result
01:000826E0 6600FA8A        	  1643: 	BNE		LAB_SNER			* if not WHILE go do syntax error & warm start
                            	  1644: 							* only if the token was WHILE will this fail
                            	  1645: 
01:000826E4 7EFF            	  1646: 	MOVEQ		#-1,d7			* set invert result longword
                            	  1647: DoRest
01:000826E6 610006C0        	  1648: 	BSR		LAB_IGBY			* increment & scan memory
01:000826EA 6100055C        	  1649: 	BSR		LAB_EVEX			* evaluate expression
01:000826EE 4A2B0594        	  1650: 	TST.b		FAC1_e(a3)			* test FAC1 exponent
01:000826F2 6706            	  1651: 	BEQ.s		DoCmp				* if = 0 go do straight compare
                            	  1652: 
01:000826F4 177C00FF0594    	  1653: 	MOVE.b	#$FF,FAC1_e(a3)		* else set all bits
                            	  1654: DoCmp
01:000826FA BF2B0594        	  1655: 	EOR.b		d7,FAC1_e(a3)		* EOR with invert byte
01:000826FE 6614            	  1656: 	BNE.s		LoopDone			* if <> 0 clear stack & back to interpreter loop
                            	  1657: 
                            	  1658: 							* loop condition wasn't met so do it again
                            	  1659: LoopAlways
01:00082700 276F00060452    	  1660: 	MOVE.l	6(sp),Clinel(a3)		* copy DO current line
01:00082706 2A6F000A        	  1661: 	MOVE.l	10(sp),a5			* save BASIC execute pointer
                            	  1662: 
01:0008270A 41FAFE80        	  1663: 	LEA		LAB_15C2(pc),a0		* get return address
01:0008270E 2E88            	  1664: 	MOVE.l	a0,(sp)			* dump the call to this routine and set the
                            	  1665: 							* return address
01:00082710 60000698        	  1666: 	BRA		LAB_GBYT			* scan memory and return to interpreter inner
                            	  1667: 							* loop
                            	  1668: 
                            	  1669: 							* clear stack & back to interpreter loop
                            	  1670: LoopDone
01:00082714 4FEF000E        	  1671: 	LEA		14(sp),sp			* dump structure and call from stack
01:00082718 6014            	  1672: 	BRA.s		LAB_DATA			* go perform DATA (find : or [EOL])
                            	  1673: 
                            	  1674: 
                            	  1675: *************************************************************************************
                            	  1676: *
                            	  1677: * perform RETURN
                            	  1678: 
                            	  1679: LAB_RETURN
01:0008271A 6616            	  1680: 	BNE.s		RTS_007			* exit if following token to allow syntax error
                            	  1681: 
01:0008271C 0C6F008D0004    	  1682: 	CMP.w		#TK_GOSUB,4(sp)		* compare token from stack with GOSUB
01:00082722 6600FA44        	  1683: 	BNE		LAB_RGER			* do RETURN without GOSUB error if no matching
                            	  1684: 							* GOSUB
                            	  1685: 
01:00082726 5C4F            	  1686: 	ADDQ.w	#6,sp				* dump calling address & token
01:00082728 275F0452        	  1687: 	MOVE.l	(sp)+,Clinel(a3)		* pull current line
01:0008272C 2A5F            	  1688: 	MOVE.l	(sp)+,a5			* pull BASIC execute pointer
                            	  1689: 							* now do perform "DATA" statement as we could be
                            	  1690: 							* returning into the middle of an ON <var> GOSUB
                            	  1691: 							* n,m,p,q line (the return address used by the
                            	  1692: 							* DATA statement is the one pushed before the
                            	  1693: 							* GOSUB was executed!)
                            	  1694: 
                            	  1695: 
                            	  1696: *************************************************************************************
                            	  1697: *
                            	  1698: * perform DATA
                            	  1699: 
                            	  1700: LAB_DATA
01:0008272E 6104            	  1701: 	BSR.s		LAB_SNBS			* scan for next BASIC statement ([:] or [EOL])
                            	  1702: 							* returns a0 as pointer to [:] or [EOL]
01:00082730 2A48            	  1703: 	MOVEA.l	a0,a5				* skip rest of statement
                            	  1704: RTS_007
01:00082732 4E75            	  1705: 	RTS
                            	  1706: 
                            	  1707: 
                            	  1708: *************************************************************************************
                            	  1709: *
                            	  1710: * scan for next BASIC statement ([:] or [EOL])
                            	  1711: * returns a0 as pointer to [:] or [EOL]
                            	  1712: 
                            	  1713: LAB_SNBS
01:00082734 204D            	  1714: 	MOVEA.l	a5,a0				* copy BASIC execute pointer
01:00082736 7222            	  1715: 	MOVEQ		#$22,d1			* set string quote character
01:00082738 743A            	  1716: 	MOVEQ		#$3A,d2			* set look for character = ":"
01:0008273A 6008            	  1717: 	BRA.s		LAB_172D			* go do search
                            	  1718: 
                            	  1719: LAB_172C
01:0008273C B400            	  1720: 	CMP.b		d0,d2				* compare with ":"
01:0008273E 6708            	  1721: 	BEQ.s		RTS_007a			* exit if found
                            	  1722: 
01:00082740 B200            	  1723: 	CMP.b		d0,d1				* compare with '"'
01:00082742 670C            	  1724: 	BEQ.s		LAB_1725			* if found go search for [EOL]
                            	  1725: 
                            	  1726: LAB_172D
01:00082744 1018            	  1727: 	MOVE.b	(a0)+,d0			* get next byte
01:00082746 66F4            	  1728: 	BNE.s		LAB_172C			* loop if not null [EOL]
                            	  1729: 
                            	  1730: RTS_007a
01:00082748 5348            	  1731: 	SUBQ.w	#1,a0				* correct pointer
01:0008274A 4E75            	  1732: 	RTS
                            	  1733: 
                            	  1734: LAB_1723
01:0008274C B200            	  1735: 	CMP.b		d0,d1				* compare with '"'
01:0008274E 67F4            	  1736: 	BEQ.s		LAB_172D			* if found go search for ":" or [EOL]
                            	  1737: 
                            	  1738: LAB_1725
01:00082750 1018            	  1739: 	MOVE.b	(a0)+,d0			* get next byte
01:00082752 66F8            	  1740: 	BNE.s		LAB_1723			* loop if not null [EOL]
                            	  1741: 
01:00082754 60F2            	  1742: 	BRA.s		RTS_007a			* correct pointer & return
                            	  1743: 
                            	  1744: 
                            	  1745: *************************************************************************************
                            	  1746: *
                            	  1747: * perform IF
                            	  1748: 
                            	  1749: LAB_IF
01:00082756 610004F0        	  1750: 	BSR		LAB_EVEX			* evaluate expression
01:0008275A 6100064E        	  1751: 	BSR		LAB_GBYT			* scan memory
01:0008275E B03C00AD        	  1752: 	CMP.b		#TK_THEN,d0			* compare with THEN token
01:00082762 6714            	  1753: 	BEQ.s		LAB_174B			* if it was THEN then continue
                            	  1754: 
                            	  1755: 							* wasn't IF .. THEN so must be IF .. GOTO
01:00082764 B03C0089        	  1756: 	CMP.b		#TK_GOTO,d0			* compare with GOTO token
01:00082768 6600FA02        	  1757: 	BNE		LAB_SNER			* if not GOTO token do syntax error/warm start
                            	  1758: 
                            	  1759: 							* was GOTO so check for GOTO <n>
01:0008276C 204D            	  1760: 	MOVE.l	a5,a0				* save the execute pointer
01:0008276E 61000638        	  1761: 	BSR		LAB_IGBY			* scan memory, test for a numeric character
01:00082772 2A48            	  1762: 	MOVE.l	a0,a5				* restore the execute pointer
01:00082774 6400F9F6        	  1763: 	BCC		LAB_SNER			* if not numeric do syntax error/warm start
                            	  1764: 
                            	  1765: LAB_174B
01:00082778 102B0594        	  1766: 	MOVE.b	FAC1_e(a3),d0		* get FAC1 exponent
01:0008277C 671E            	  1767: 	BEQ.s		LAB_174E			* if result was zero go look for an ELSE
                            	  1768: 
01:0008277E 61000628        	  1769: 	BSR		LAB_IGBY			* increment & scan memory
01:00082782 6500FF12        	  1770: 	BCS		LAB_GOTO			* if numeric do GOTO n
                            	  1771: 							* a GOTO <n> will never return to the IF
                            	  1772: 							* statement so there is no need to return
                            	  1773: 							* to this code
                            	  1774: 
01:00082786 B03C008E        	  1775: 	CMP.b		#TK_RETURN,d0		* compare with RETURN token
01:0008278A 6700FE1E        	  1776: 	BEQ		LAB_1602			* if RETURN then interpret BASIC code from (a5)
                            	  1777: 							* and don't return here
                            	  1778: 
01:0008278E 6100FE16        	  1779: 	BSR		LAB_15FF			* else interpret BASIC code from (a5)
                            	  1780: 
                            	  1781: * the IF was executed and there may be a following ELSE so the code needs to return
                            	  1782: * here to check and ignore the ELSE if present
                            	  1783: 
01:00082792 1015            	  1784: 	MOVE.b	(a5),d0			* get the next basic byte
01:00082794 B03C00A9        	  1785: 	CMP.b		#TK_ELSE,d0			* compare it with the token for ELSE
01:00082798 6794            	  1786: 	BEQ		LAB_DATA			* if ELSE ignore the following statement
                            	  1787: 
                            	  1788: * there was no ELSE so continue execution of IF <expr> THEN <stat> [: <stat>]. any
                            	  1789: * following ELSE will, correctly, cause a syntax error
                            	  1790: 
01:0008279A 4E75            	  1791: 	RTS						* else return to interpreter inner loop
                            	  1792: 
                            	  1793: * perform ELSE after IF
                            	  1794: 
                            	  1795: LAB_174E
01:0008279C 101D            	  1796: 	MOVE.b	(a5)+,d0			* faster increment past THEN
01:0008279E 76A9            	  1797: 	MOVEQ		#TK_ELSE,d3			* set search for ELSE token
01:000827A0 788B            	  1798: 	MOVEQ		#TK_IF,d4			* set search for IF token
01:000827A2 7A00            	  1799: 	MOVEQ		#0,d5				* clear the nesting depth
                            	  1800: LAB_1750
01:000827A4 101D            	  1801: 	MOVE.b	(a5)+,d0			* get next BASIC byte & increment ptr
01:000827A6 6720            	  1802: 	BEQ.s		LAB_1754			* if EOL correct the pointer and return
                            	  1803: 
01:000827A8 B004            	  1804: 	CMP.b		d4,d0				* compare with "IF" token
01:000827AA 6604            	  1805: 	BNE.s		LAB_1752			* skip if not nested IF
                            	  1806: 
01:000827AC 5245            	  1807: 	ADDQ.w	#1,d5				* else increment the nesting depth ..
01:000827AE 60F4            	  1808: 	BRA.s		LAB_1750			* .. and continue looking
                            	  1809: 
                            	  1810: LAB_1752
01:000827B0 B003            	  1811: 	CMP.b		d3,d0				* compare with ELSE token
01:000827B2 66F0            	  1812: 	BNE.s		LAB_1750			* if not ELSE continue looking
                            	  1813: 
                            	  1814: LAB_1756
01:000827B4 51CDFFEE        	  1815: 	DBF		d5,LAB_1750			* loop if still nested
                            	  1816: 
                            	  1817: * found the matching ELSE, now do <{n|statement}>
                            	  1818: 
01:000827B8 610005F0        	  1819: 	BSR		LAB_GBYT			* scan memory
01:000827BC 6500FED8        	  1820: 	BCS		LAB_GOTO			* if numeric do GOTO n
                            	  1821: 							* code will return to the interpreter loop
                            	  1822: 							* at the tail end of the GOTO <n>
                            	  1823: 
01:000827C0 6000FDE4        	  1824: 	BRA		LAB_15FF			* else interpret BASIC code from (a5)
                            	  1825: 							* code will return to the interpreter loop
                            	  1826: 							* at the tail end of the <statement>
                            	  1827: 
                            	  1828: 
                            	  1829: *************************************************************************************
                            	  1830: *
                            	  1831: * perform REM, skip (rest of) line
                            	  1832: 
                            	  1833: LAB_REM
01:000827C4 4A1D            	  1834: 	TST.b		(a5)+				* test byte & increment pointer
01:000827C6 66FC            	  1835: 	BNE.s		LAB_REM			* loop if not EOL
                            	  1836: 
                            	  1837: LAB_1754
01:000827C8 534D            	  1838: 	SUBQ.w	#1,a5				* correct the execute pointer
01:000827CA 4E75            	  1839: 	RTS
                            	  1840: 
                            	  1841: 
                            	  1842: *************************************************************************************
                            	  1843: *
                            	  1844: * perform ON
                            	  1845: 
                            	  1846: LAB_ON
01:000827CC 61000F3A        	  1847: 	BSR		LAB_GTBY			* get byte parameter, result in d0 and Itemp
01:000827D0 1400            	  1848: 	MOVE.b	d0,d2				* copy byte
01:000827D2 610005D6        	  1849: 	BSR		LAB_GBYT			* restore BASIC byte
01:000827D6 3F00            	  1850: 	MOVE.w	d0,-(sp)			* push GOTO/GOSUB token
01:000827D8 B03C008D        	  1851: 	CMP.b		#TK_GOSUB,d0		* compare with GOSUB token
01:000827DC 6708            	  1852: 	BEQ.s		LAB_176C			* branch if GOSUB
                            	  1853: 
01:000827DE B03C0089        	  1854: 	CMP.b		#TK_GOTO,d0			* compare with GOTO token
01:000827E2 6600F988        	  1855: 	BNE		LAB_SNER			* if not GOTO do syntax error, then warm start
                            	  1856: 
                            	  1857: * next character was GOTO or GOSUB
                            	  1858: 
                            	  1859: LAB_176C
01:000827E6 5302            	  1860: 	SUBQ.b	#1,d2				* decrement index (byte value)
01:000827E8 6606            	  1861: 	BNE.s		LAB_1773			* branch if not zero
                            	  1862: 
01:000827EA 301F            	  1863: 	MOVE.w	(sp)+,d0			* pull GOTO/GOSUB token
01:000827EC 6000FDBC        	  1864: 	BRA		LAB_1602			* go execute it
                            	  1865: 
                            	  1866: LAB_1773
01:000827F0 610005B6        	  1867: 	BSR		LAB_IGBY			* increment & scan memory
01:000827F4 610A            	  1868: 	BSR.s		LAB_GFPN			* get fixed-point number into temp integer & d1
                            	  1869: 							* (skip this n)
01:000827F6 B03C002C        	  1870: 	CMP.b		#$2C,d0			* compare next character with ","
01:000827FA 67EA            	  1871: 	BEQ.s		LAB_176C			* loop if ","
                            	  1872: 
01:000827FC 301F            	  1873: 	MOVE.w	(sp)+,d0			* pull GOTO/GOSUB token (run out of options)
01:000827FE 4E75            	  1874: 	RTS						* and exit
                            	  1875: 
                            	  1876: 
                            	  1877: *************************************************************************************
                            	  1878: *
                            	  1879: * get fixed-point number into temp integer & d1
                            	  1880: * interpret number from (a5), leave (a5) pointing to byte after #
                            	  1881: 
                            	  1882: LAB_GFPN
01:00082800 7200            	  1883: 	MOVEQ		#$00,d1			* clear integer register
01:00082802 2001            	  1884: 	MOVE.l	d1,d0				* clear d0
01:00082804 610005A4        	  1885: 	BSR		LAB_GBYT			* scan memory, Cb=1 if "0"-"9", & get byte
01:00082808 642E            	  1886: 	BCC.s		LAB_1786			* return if carry clear, chr was not "0"-"9"
                            	  1887: 
01:0008280A 2F02            	  1888: 	MOVE.l	d2,-(sp)			* save d2
                            	  1889: LAB_1785
01:0008280C 2401            	  1890: 	MOVE.l	d1,d2				* copy integer register
01:0008280E D281            	  1891: 	ADD.l		d1,d1				* *2
01:00082810 6500F95A        	  1892: 	BCS		LAB_SNER			* if overflow do syntax error, then warm start
                            	  1893: 
01:00082814 D281            	  1894: 	ADD.l		d1,d1				* *4
01:00082816 6500F954        	  1895: 	BCS		LAB_SNER			* if overflow do syntax error, then warm start
                            	  1896: 
01:0008281A D282            	  1897: 	ADD.l		d2,d1				* *1 + *4
01:0008281C 6500F94E        	  1898: 	BCS		LAB_SNER			* if overflow do syntax error, then warm start
                            	  1899: 
01:00082820 D281            	  1900: 	ADD.l		d1,d1				* *10
01:00082822 6500F948        	  1901: 	BCS		LAB_SNER			* if overflow do syntax error, then warm start
                            	  1902: 
01:00082826 903C0030        	  1903: 	SUB.b		#$30,d0			* subtract $30 from byte
01:0008282A D280            	  1904: 	ADD.l		d0,d1				* add to integer register, the top 24 bits are
                            	  1905: 							* always clear
01:0008282C 6900F93E        	  1906: 	BVS		LAB_SNER			* if overflow do syntax error, then warm start
                            	  1907: 							* this makes the maximum line number 2147483647
01:00082830 61000576        	  1908: 	BSR		LAB_IGBY			* increment & scan memory
01:00082834 65D6            	  1909: 	BCS.s		LAB_1785			* loop for next character if "0"-"9"
                            	  1910: 
01:00082836 241F            	  1911: 	MOVE.l	(sp)+,d2			* restore d2
                            	  1912: LAB_1786
01:00082838 2741042A        	  1913: 	MOVE.l	d1,Itemp(a3)		* save Itemp
01:0008283C 4E75            	  1914: 	RTS
                            	  1915: 
                            	  1916: 
                            	  1917: *************************************************************************************
                            	  1918: *
                            	  1919: * perform DEC
                            	  1920: 
                            	  1921: LAB_DEC
01:0008283E 3F3C8180        	  1922: 	MOVE.w	#$8180,-(sp)		* set -1 sign/exponent
01:00082842 600A            	  1923: 	BRA.s		LAB_17B7			* go do DEC
                            	  1924: 
                            	  1925: 
                            	  1926: *************************************************************************************
                            	  1927: *
                            	  1928: * perform INC
                            	  1929: 
                            	  1930: LAB_INC
01:00082844 3F3C8100        	  1931: 	MOVE.w	#$8100,-(sp)		* set 1 sign/exponent
01:00082848 6004            	  1932: 	BRA.s		LAB_17B7			* go do INC
                            	  1933: 
                            	  1934: 							* was "," so another INCR variable to do
                            	  1935: LAB_17B8
01:0008284A 6100055C        	  1936: 	BSR		LAB_IGBY			* increment and scan memory
                            	  1937: LAB_17B7
01:0008284E 61000766        	  1938: 	BSR		LAB_GVAR			* get variable address in a0
                            	  1939: 
                            	  1940: * if you want a non existant variable to return a null value then set the novar
                            	  1941: * value at the top of this file to some non zero value
                            	  1942: 
                            	  1943:  ifne	novar
                            	  1944: 
                            	  1945: 	BEQ.s		LAB_INCT			* if variable not found skip the inc/dec
                            	  1946: 
                            	  1947:  endc
                            	  1948: 
01:00082852 4A2B05B5        	  1949: 	TST.b		Dtypef(a3)			* test data type, $80=string, $40=integer,
                            	  1950: 							* $00=float
01:00082856 6B00F8E8        	  1951: 	BMI		LAB_TMER			* if string do "Type mismatch" error/warm start
                            	  1952: 
01:0008285A 6636            	  1953: 	BNE.s		LAB_INCI			* go do integer INC/DEC
                            	  1954: 
01:0008285C 27480472        	  1955: 	MOVE.l	a0,Lvarpl(a3)		* save var address
01:00082860 610012FE        	  1956: 	BSR		LAB_UFAC			* unpack memory (a0) into FAC1
01:00082864 277C800000000598	  1957: 	MOVE.l	#$80000000,FAC2_m(a3)	* set FAC2 mantissa for 1
01:0008286C 3017            	  1958: 	MOVE.w	(sp),d0			* move exponent & sign to d0
01:0008286E 3740059C        	  1959: 	MOVE.w	d0,FAC2_e(a3)		* move exponent & sign to FAC2
01:00082872 176B0595059E    	  1960: 	MOVE.b	FAC1_s(a3),FAC_sc(a3)	* make sign compare = FAC1 sign
01:00082878 B12B059E        	  1961: 	EOR.b		d0,FAC_sc(a3)		* make sign compare (FAC1_s EOR FAC2_s)
01:0008287C 61001000        	  1962: 	BSR		LAB_ADD			* add FAC2 to FAC1
01:00082880 610012FA        	  1963: 	BSR		LAB_PFAC			* pack FAC1 into variable (Lvarpl)
                            	  1964: LAB_INCT
01:00082884 61000524        	  1965: 	BSR		LAB_GBYT			* scan memory
01:00082888 0C00002C        	  1966: 	CMPI.b	#$2C,d0			* compare with ","
01:0008288C 67BC            	  1967: 	BEQ.s		LAB_17B8			* continue if "," (another variable to do)
                            	  1968: 
01:0008288E 544F            	  1969: 	ADDQ.w	#2,sp				* else dump sign & exponent
01:00082890 4E75            	  1970: 	RTS
                            	  1971: 
                            	  1972: LAB_INCI
01:00082892 4A2F0001        	  1973: 	TST.b		1(sp)				* test sign
01:00082896 6604            	  1974: 	BNE.s		LAB_DECI			* branch if DEC
                            	  1975: 
01:00082898 5290            	  1976: 	ADDQ.l	#1,(a0)			* increment variable
01:0008289A 60E8            	  1977: 	BRA.s		LAB_INCT			* go scan for more
                            	  1978: 
                            	  1979: LAB_DECI
01:0008289C 5390            	  1980: 	SUBQ.l	#1,(a0)			* decrement variable
01:0008289E 60E4            	  1981: 	BRA.s		LAB_INCT			* go scan for more
                            	  1982: 
                            	  1983: 
                            	  1984: *************************************************************************************
                            	  1985: *
                            	  1986: * perform LET
                            	  1987: 
                            	  1988: LAB_LET
01:000828A0 61000710        	  1989: 	BSR		LAB_SVAR			* search for or create a variable
                            	  1990: 							* return the variable address in a0
01:000828A4 27480472        	  1991: 	MOVE.l	a0,Lvarpl(a3)		* save variable address
01:000828A8 1F2B05B5        	  1992: 	MOVE.b	Dtypef(a3),-(sp)		* push var data type, $80=string, $40=integer,
                            	  1993: 							* $00=float
01:000828AC 70BD            	  1994: 	MOVEQ		#TK_EQUAL-$100,d0		* get = token
01:000828AE 610004F0        	  1995: 	BSR		LAB_SCCA			* scan for CHR$(d0), else do syntax error/warm
                            	  1996: 							* start
01:000828B2 61000394        	  1997: 	BSR		LAB_EVEX			* evaluate expression
01:000828B6 102B05B5        	  1998: 	MOVE.b	Dtypef(a3),d0		* copy expression data type
01:000828BA 175F05B5        	  1999: 	MOVE.b	(sp)+,Dtypef(a3)		* pop variable data type
01:000828BE E318            	  2000: 	ROL.b		#1,d0				* set carry if expression type = string
01:000828C0 61000372        	  2001: 	BSR		LAB_CKTM			* type match check, set C for string
01:000828C4 670012B6        	  2002: 	BEQ		LAB_PFAC			* if number pack FAC1 into variable Lvarpl & RET
                            	  2003: 
                            	  2004: * string LET
                            	  2005: 
                            	  2006: LAB_17D5
01:000828C8 246B0472        	  2007: 	MOVEA.l	Lvarpl(a3),a2		* get pointer to variable
                            	  2008: LAB_17D6
01:000828CC 206B0590        	  2009: 	MOVEA.l	FAC1_m(a3),a0		* get descriptor pointer
01:000828D0 2250            	  2010: 	MOVEA.l	(a0),a1			* get string pointer
01:000828D2 B3EB0446        	  2011: 	CMP.l		Sstorl(a3),a1		* compare string memory start with string
                            	  2012: 							* pointer
01:000828D6 6516            	  2013: 	BCS.s		LAB_1811			* if it was in program memory assign the value
                            	  2014: 							* and exit
                            	  2015: 
01:000828D8 B1EB0432        	  2016: 	CMPA.l	Sfncl(a3),a0		* compare functions start with descriptor
                            	  2017: 							* pointer
01:000828DC 6510            	  2018: 	BCS.s		LAB_1811			* branch if >= (string is on stack)
                            	  2019: 
                            	  2020: 							* string is variable$ make space and copy string
                            	  2021: LAB_1810
01:000828DE 7200            	  2022: 	MOVEQ		#0,d1				* clear length
01:000828E0 32280004        	  2023: 	MOVE.w	4(a0),d1			* get string length
01:000828E4 2050            	  2024: 	MOVEA.l	(a0),a0			* get string pointer
01:000828E6 61000B02        	  2025: 	BSR		LAB_20C9			* copy string
01:000828EA 206B0590        	  2026: 	MOVEA.l	FAC1_m(a3),a0		* get descriptor pointer back
                            	  2027: 							* clean stack & assign value to string variable
                            	  2028: LAB_1811
01:000828EE B9C8            	  2029: 	CMPA.l	a0,a4				* is string on the descriptor stack
01:000828F0 6602            	  2030: 	BNE.s		LAB_1813			* skip pop if not
                            	  2031: 
01:000828F2 5C4C            	  2032: 	ADDQ.w	#$06,a4			* else update stack pointer
                            	  2033: LAB_1813
01:000828F4 24D8            	  2034: 	MOVE.l	(a0)+,(a2)+			* save pointer to variable
01:000828F6 3490            	  2035: 	MOVE.w	(a0),(a2)			* save length to variable
                            	  2036: RTS_008
01:000828F8 4E75            	  2037: 	RTS
                            	  2038: 
                            	  2039: 
                            	  2040: *************************************************************************************
                            	  2041: *
                            	  2042: * perform GET
                            	  2043: 
                            	  2044: LAB_GET
01:000828FA 610006B6        	  2045: 	BSR		LAB_SVAR			* search for or create a variable
                            	  2046: 							* return the variable address in a0
01:000828FE 27480472        	  2047: 	MOVE.l	a0,Lvarpl(a3)		* save variable address as GET variable
01:00082902 4A2B05B5        	  2048: 	TST.b		Dtypef(a3)			* test data type, $80=string, $40=integer,
                            	  2049: 							* $00=float
01:00082906 6B0C            	  2050: 	BMI.s		LAB_GETS			* go get string character
                            	  2051: 
                            	  2052: 							* was numeric get
01:00082908 61001DD0        	  2053: 	BSR		INGET				* get input byte
01:0008290C 610009B8        	  2054: 	BSR		LAB_1FD0			* convert d0 to unsigned byte in FAC1
01:00082910 6000126A        	  2055: 	BRA		LAB_PFAC			* pack FAC1 into variable (Lvarpl) & return
                            	  2056: 
                            	  2057: LAB_GETS
01:00082914 7200            	  2058: 	MOVEQ		#$00,d1			* assume no byte
01:00082916 2041            	  2059: 	MOVE.l	d1,a0				* assume null string
01:00082918 61001DC0        	  2060: 	BSR		INGET				* get input byte
01:0008291C 6408            	  2061: 	BCC.s		LAB_NoSt			* branch if no byte received
                            	  2062: 
01:0008291E 7201            	  2063: 	MOVEQ		#$01,d1			* string is single byte
01:00082920 61000AFA        	  2064: 	BSR		LAB_2115			* make string space d1 bytes long
                            	  2065: 							* return a0 = pointer, other registers unchanged
                            	  2066: 
01:00082924 1080            	  2067: 	MOVE.b	d0,(a0)			* save byte in string (byte IS string!)
                            	  2068: LAB_NoSt
01:00082926 61000ADA        	  2069: 	BSR		LAB_RTST			* push string on descriptor stack
                            	  2070: 							* a0 = pointer, d1 = length
                            	  2071: 
01:0008292A 609C            	  2072: 	BRA.s		LAB_17D5			* do string LET & return
                            	  2073: 
                            	  2074: 
                            	  2075: *************************************************************************************
                            	  2076: *
                            	  2077: * PRINT
                            	  2078: 
                            	  2079: LAB_1829
01:0008292C 610000B4        	  2080: 	BSR		LAB_18C6			* print string from stack
                            	  2081: LAB_182C
01:00082930 61000478        	  2082: 	BSR		LAB_GBYT			* scan memory
                            	  2083: 
                            	  2084: * perform PRINT
                            	  2085: 
                            	  2086: LAB_PRINT
01:00082934 674A            	  2087: 	BEQ.s		LAB_CRLF			* if nothing following just print CR/LF
                            	  2088: 
                            	  2089: LAB_1831
01:00082936 B03C00A8        	  2090: 	CMP.b		#TK_TAB,d0			* compare with TAB( token
01:0008293A 6764            	  2091: 	BEQ.s		LAB_18A2			* go do TAB/SPC
                            	  2092: 
01:0008293C B03C00AC        	  2093: 	CMP.b		#TK_SPC,d0			* compare with SPC( token
01:00082940 675E            	  2094: 	BEQ.s		LAB_18A2			* go do TAB/SPC
                            	  2095: 
01:00082942 B03C002C        	  2096: 	CMP.b		#',',d0			* compare with ","
01:00082946 6740            	  2097: 	BEQ.s		LAB_188B			* go do move to next TAB mark
                            	  2098: 
01:00082948 B03C003B        	  2099: 	CMP.b		#';',d0			* compare with ";"
01:0008294C 67000086        	  2100: 	BEQ		LAB_18BD			* if ";" continue with PRINT processing
                            	  2101: 
01:00082950 610002F6        	  2102: 	BSR		LAB_EVEX			* evaluate expression
01:00082954 4A2B05B5        	  2103: 	TST.b		Dtypef(a3)			* test data type, $80=string, $40=integer,
                            	  2104: 							* $00=float
01:00082958 6BD2            	  2105: 	BMI.s		LAB_1829			* branch if string
                            	  2106: 
                            	  2107: ** replace the two lines above with this code
                            	  2108: 
                            	  2109: **	MOVE.b	Dtypef(a3),d0		* get data type flag, $80=string, $00=numeric
                            	  2110: **	BMI.s		LAB_1829			* branch if string
                            	  2111: 
01:0008295A 6100139E        	  2112: 	BSR		LAB_2970			* convert FAC1 to string
01:0008295E 61000A5C        	  2113: 	BSR		LAB_20AE			* print " terminated string to FAC1 stack
                            	  2114: 
                            	  2115: * don't check fit if terminal width byte is zero
                            	  2116: 
01:00082962 7000            	  2117: 	MOVEQ		#0,d0				* clear d0
01:00082964 102B05E6        	  2118: 	MOVE.b	TWidth(a3),d0		* get terminal width byte
01:00082968 670C            	  2119: 	BEQ.s		LAB_185E			* skip check if zero
                            	  2120: 
01:0008296A 902C0007        	  2121: 	SUB.b		7(a4),d0			* subtract string length
01:0008296E 902B05E5        	  2122: 	SUB.b		TPos(a3),d0			* subtract terminal position
01:00082972 6402            	  2123: 	BCC.s		LAB_185E			* branch if less than terminal width
                            	  2124: 
01:00082974 610A            	  2125: 	BSR.s		LAB_CRLF			* else print CR/LF
                            	  2126: LAB_185E
01:00082976 616A            	  2127: 	BSR.s		LAB_18C6			* print string from stack
01:00082978 60B6            	  2128: 	BRA.s		LAB_182C			* always go continue processing line
                            	  2129: 
                            	  2130: 
                            	  2131: *************************************************************************************
                            	  2132: *
                            	  2133: * CR/LF return to BASIC from BASIC input handler
                            	  2134: * leaves a0 pointing to the buffer start
                            	  2135: 
                            	  2136: LAB_1866
01:0008297A 11BC00001000    	  2137: 	MOVE.b	#$00,(a0,d1.w)		* null terminate input
                            	  2138: 
                            	  2139: * print CR/LF
                            	  2140: 
                            	  2141: LAB_CRLF
01:00082980 700D            	  2142: 	MOVEQ		#$0D,d0			* load [CR]
01:00082982 6174            	  2143: 	BSR.s		LAB_PRNA			* go print the character
01:00082984 700A            	  2144: 	MOVEQ		#$0A,d0			* load [LF]
01:00082986 6070            	  2145: 	BRA.s		LAB_PRNA			* go print the character & return
                            	  2146: 
                            	  2147: LAB_188B
01:00082988 142B05E5        	  2148: 	MOVE.b	TPos(a3),d2			* get terminal position
01:0008298C B42B05E7        	  2149: 	CMP.b		Iclim(a3),d2		* compare with input column limit
01:00082990 6504            	  2150: 	BCS.s		LAB_1898			* branch if less than Iclim
                            	  2151: 
01:00082992 61EC            	  2152: 	BSR.s		LAB_CRLF			* else print CR/LF (next line)
01:00082994 603E            	  2153: 	BRA.s		LAB_18BD			* continue with PRINT processing
                            	  2154: 
                            	  2155: LAB_1898
01:00082996 942B05E2        	  2156: 	SUB.b		TabSiz(a3),d2		* subtract TAB size
01:0008299A 64FA            	  2157: 	BCC.s		LAB_1898			* loop if result was >= 0
                            	  2158: 
01:0008299C 4402            	  2159: 	NEG.b		d2				* twos complement it
01:0008299E 6022            	  2160: 	BRA.s		LAB_18B7			* print d2 spaces
                            	  2161: 
                            	  2162: 							* do TAB/SPC
                            	  2163: LAB_18A2
01:000829A0 3F00            	  2164: 	MOVE.w	d0,-(sp)			* save token
01:000829A2 61000D60        	  2165: 	BSR		LAB_SGBY			* increment and get byte, result in d0 and Itemp
01:000829A6 3400            	  2166: 	MOVE.w	d0,d2				* copy byte
01:000829A8 61000400        	  2167: 	BSR		LAB_GBYT			* get basic byte back
01:000829AC B03C0029        	  2168: 	CMP.b		#$29,d0			* is next character ")"
01:000829B0 6600F7BA        	  2169: 	BNE		LAB_SNER			* if not do syntax error, then warm start
                            	  2170: 
01:000829B4 301F            	  2171: 	MOVE.w	(sp)+,d0			* get token back
01:000829B6 B03C00A8        	  2172: 	CMP.b		#TK_TAB,d0			* was it TAB ?
01:000829BA 6606            	  2173: 	BNE.s		LAB_18B7			* branch if not (was SPC)
                            	  2174: 
                            	  2175: 							* calculate TAB offset
01:000829BC 942B05E5        	  2176: 	SUB.b		TPos(a3),d2			* subtract terminal position
01:000829C0 6312            	  2177: 	BLS.s		LAB_18BD			* branch if result was <= 0
                            	  2178: 							* can't TAB backwards or already there
                            	  2179: 
                            	  2180: 							* print d2.b spaces
                            	  2181: LAB_18B7
01:000829C2 7000            	  2182: 	MOVEQ		#0,d0				* clear longword
01:000829C4 5300            	  2183: 	SUBQ.b	#1,d0				* make d0 = $FF
01:000829C6 C480            	  2184: 	AND.l		d0,d2				* mask for byte only
01:000829C8 670A            	  2185: 	BEQ.s		LAB_18BD			* branch if zero
                            	  2186: 
01:000829CA 7020            	  2187: 	MOVEQ		#$20,d0			* load " "
01:000829CC 5302            	  2188: 	SUBQ.b	#1,d2				* adjust for DBF loop
                            	  2189: LAB_18B8
01:000829CE 6128            	  2190: 	BSR.s		LAB_PRNA			* go print
01:000829D0 51CAFFFC        	  2191: 	DBF		d2,LAB_18B8			* decrement count and loop if not all done
                            	  2192: 
                            	  2193: 							* continue with PRINT processing
                            	  2194: LAB_18BD
01:000829D4 610003D2        	  2195: 	BSR		LAB_IGBY			* increment & scan memory
01:000829D8 6600FF5C        	  2196: 	BNE		LAB_1831			* if byte continue executing PRINT
                            	  2197: 
01:000829DC 4E75            	  2198: 	RTS						* exit if nothing more to print
                            	  2199: 
                            	  2200: 
                            	  2201: *************************************************************************************
                            	  2202: *
                            	  2203: * print null terminated string from a0
                            	  2204: 
                            	  2205: LAB_18C3
01:000829DE 610009DC        	  2206: 	BSR		LAB_20AE			* print terminated string to FAC1/stack
                            	  2207: 
                            	  2208: * print string from stack
                            	  2209: 
                            	  2210: LAB_18C6
01:000829E2 61000BC4        	  2211: 	BSR		LAB_22B6			* pop string off descriptor stack or from memory
                            	  2212: 							* returns with d0 = length, a0 = pointer
01:000829E6 670C            	  2213: 	BEQ.s		RTS_009			* exit (RTS) if null string
                            	  2214: 
01:000829E8 3200            	  2215: 	MOVE.w	d0,d1				* copy length & set Z flag
01:000829EA 5341            	  2216: 	SUBQ.w	#1,d1				* -1 for BF loop
                            	  2217: LAB_18CD
01:000829EC 1018            	  2218: 	MOVE.b	(a0)+,d0			* get byte from string
01:000829EE 6108            	  2219: 	BSR.s		LAB_PRNA			* go print the character
01:000829F0 51C9FFFA        	  2220: 	DBF		d1,LAB_18CD			* decrement count and loop if not done yet
                            	  2221: 
                            	  2222: RTS_009
01:000829F4 4E75            	  2223: 	RTS
                            	  2224: 
                            	  2225: 
                            	  2226: *************************************************************************************
                            	  2227: *
                            	  2228: * print "?" character
                            	  2229: 
                            	  2230: LAB_18E3
01:000829F6 703F            	  2231: 	MOVEQ		#$3F,d0			* load "?" character
                            	  2232: 
                            	  2233: 
                            	  2234: *************************************************************************************
                            	  2235: *
                            	  2236: * print character in d0, includes the null handler and infinite line length code
                            	  2237: * changes no registers
                            	  2238: 
                            	  2239: LAB_PRNA
01:000829F8 2F01            	  2240: 	MOVE.l	d1,-(sp)			* save d1
01:000829FA B03C0020        	  2241: 	CMP.b		#$20,d0			* compare with " "
01:000829FE 6528            	  2242: 	BCS.s		LAB_18F9			* branch if less, non printing character
                            	  2243: 
                            	  2244: 							* don't check fit if terminal width byte is zero
01:00082A00 122B05E6        	  2245: 	MOVE.b	TWidth(a3),d1		* get terminal width
01:00082A04 6610            	  2246: 	BNE.s		LAB_18F0			* branch if not zero (not infinite length)
                            	  2247: 
                            	  2248: 							* is "infinite line" so check TAB position
01:00082A06 122B05E5        	  2249: 	MOVE.b	TPos(a3),d1			* get position
01:00082A0A 922B05E2        	  2250: 	SUB.b		TabSiz(a3),d1		* subtract TAB size
01:00082A0E 6614            	  2251: 	BNE.s		LAB_18F7			* skip reset if different
                            	  2252: 
01:00082A10 174105E5        	  2253: 	MOVE.b	d1,TPos(a3)			* else reset position
01:00082A14 600E            	  2254: 	BRA.s		LAB_18F7			* go print character
                            	  2255: 
                            	  2256: LAB_18F0
01:00082A16 B22B05E5        	  2257: 	CMP.b		TPos(a3),d1			* compare with terminal character position
01:00082A1A 6608            	  2258: 	BNE.s		LAB_18F7			* branch if not at end of line
                            	  2259: 
01:00082A1C 2F00            	  2260: 	MOVE.l	d0,-(sp)			* save d0
01:00082A1E 6100FF60        	  2261: 	BSR		LAB_CRLF			* else print CR/LF
01:00082A22 201F            	  2262: 	MOVE.l	(sp)+,d0			* restore d0
                            	  2263: LAB_18F7
01:00082A24 522B05E5        	  2264: 	ADDQ.b	#$01,TPos(a3)		* increment terminal position
                            	  2265: LAB_18F9
01:00082A28 4EAB0412        	  2266: 	JSR		V_OUTP(a3)			* output byte via output vector
01:00082A2C B03C000D        	  2267: 	CMP.b		#$0D,d0			* compare with [CR]
01:00082A30 6618            	  2268: 	BNE.s		LAB_188A			* branch if not [CR]
                            	  2269: 
                            	  2270: 							* else print nullct nulls after the [CR]
01:00082A32 7200            	  2271: 	MOVEQ		#$00,d1			* clear d1
01:00082A34 122B05E4        	  2272: 	MOVE.b	Nullct(a3),d1		* get null count
01:00082A38 670C            	  2273: 	BEQ.s		LAB_1886			* branch if no nulls
                            	  2274: 
01:00082A3A 7000            	  2275: 	MOVEQ		#$00,d0			* load [NULL]
                            	  2276: LAB_1880
01:00082A3C 4EAB0412        	  2277: 	JSR		V_OUTP(a3)			* go print the character
01:00082A40 51C9FFFA        	  2278: 	DBF		d1,LAB_1880			* decrement count and loop if not all done
                            	  2279: 
01:00082A44 700D            	  2280: 	MOVEQ		#$0D,d0			* restore the character
                            	  2281: LAB_1886
01:00082A46 174105E5        	  2282: 	MOVE.b	d1,TPos(a3)			* clear terminal position
                            	  2283: LAB_188A
01:00082A4A 221F            	  2284: 	MOVE.l	(sp)+,d1			* restore d1
01:00082A4C 4E75            	  2285: 	RTS
                            	  2286: 
                            	  2287: 
                            	  2288: *************************************************************************************
                            	  2289: *
                            	  2290: * handle bad input data
                            	  2291: 
                            	  2292: LAB_1904
01:00082A4E 2A5F            	  2293: 	MOVEA.l	(sp)+,a5			* restore execute pointer
01:00082A50 4A2B05E0        	  2294: 	TST.b		Imode(a3)			* test input mode flag, $00=INPUT, $98=READ
01:00082A54 6A0A            	  2295: 	BPL.s		LAB_1913			* branch if INPUT (go do redo)
                            	  2296: 
01:00082A56 276B045E0452    	  2297: 	MOVE.l	Dlinel(a3),Clinel(a3)	* save DATA line as current line
01:00082A5C 6000F6E2        	  2298: 	BRA		LAB_TMER			* do type mismatch error, then warm start
                            	  2299: 
                            	  2300: 							* mode was INPUT
                            	  2301: LAB_1913
01:00082A60 41FA2A52        	  2302: 	LEA		LAB_REDO(pc),a0		* point to redo message
01:00082A64 6100FF78        	  2303: 	BSR		LAB_18C3			* print null terminated string from memory
01:00082A68 2A6B045A        	  2304: 	MOVEA.l	Cpntrl(a3),a5		* save continue pointer as BASIC execute pointer
01:00082A6C 4E75            	  2305: 	RTS
                            	  2306: 
                            	  2307: 
                            	  2308: *************************************************************************************
                            	  2309: *
                            	  2310: * perform INPUT
                            	  2311: 
                            	  2312: LAB_INPUT
01:00082A6E 6100085E        	  2313: 	BSR		LAB_CKRN			* check not direct (back here if ok)
01:00082A72 B03C0022        	  2314: 	CMP.b		#'"',d0			* compare the next byte with open quote
01:00082A76 660E            	  2315: 	BNE.s		LAB_1934			* if no prompt string just go get the input
                            	  2316: 
01:00082A78 61000306        	  2317: 	BSR		LAB_1BC1			* print "..." string
01:00082A7C 703B            	  2318: 	MOVEQ		#';',d0			* set the search character to ";"
01:00082A7E 61000320        	  2319: 	BSR		LAB_SCCA			* scan for CHR$(d0), else do syntax error/warm
                            	  2320: 							* start
01:00082A82 6100FF5E        	  2321: 	BSR		LAB_18C6			* print string from Sutill/Sutilh
                            	  2322: 							* finished the prompt, now read the data
                            	  2323: LAB_1934
01:00082A86 6100F80E        	  2324: 	BSR		LAB_INLN			* print "? " and get BASIC input
                            	  2325: 							* return a0 pointing to the buffer start
01:00082A8A 7000            	  2326: 	MOVEQ		#0,d0				* flag INPUT
                            	  2327: 
                            	  2328: * if you don't want a null response to INPUT to break the program then set the nobrk
                            	  2329: * value at the top of this file to some non zero value
                            	  2330: 
                            	  2331:  ifne	nobrk
                            	  2332: 
                            	  2333: 	BRA.s		LAB_1953			* go handle the input
                            	  2334: 
                            	  2335:  endc
                            	  2336: 
                            	  2337: * if you do want a null response to INPUT to break the program then leave the nobrk
                            	  2338: * value at the top of this file set to zero
                            	  2339: 
                            	  2340:  ifeq	nobrk
                            	  2341: 
01:00082A8C 4A10            	  2342: 	TST.b		(a0)				* test first byte from buffer
01:00082A8E 660A            	  2343: 	BNE.s		LAB_1953			* branch if not null input
                            	  2344: 
01:00082A90 6000FB5E        	  2345: 	BRA		LAB_1647			* go do BREAK exit
                            	  2346: 
                            	  2347:  endc
                            	  2348: 
                            	  2349: 
                            	  2350: *************************************************************************************
                            	  2351: *
                            	  2352: * perform READ
                            	  2353: 
                            	  2354: LAB_READ
01:00082A94 206B0462        	  2355: 	MOVEA.l	Dptrl(a3),a0		* get the DATA pointer
01:00082A98 7098            	  2356: 	MOVEQ		#$98-$100,d0		* flag READ
                            	  2357: LAB_1953
01:00082A9A 174005E0        	  2358: 	MOVE.b	d0,Imode(a3)		* set input mode flag, $00=INPUT, $98=READ
01:00082A9E 27480466        	  2359: 	MOVE.l	a0,Rdptrl(a3)		* save READ pointer
                            	  2360: 
                            	  2361: 							* READ or INPUT the next variable from list
                            	  2362: LAB_195B
01:00082AA2 6100050E        	  2363: 	BSR		LAB_SVAR			* search for or create a variable
                            	  2364: 							* return the variable address in a0
01:00082AA6 27480472        	  2365: 	MOVE.l	a0,Lvarpl(a3)		* save variable address as LET variable
01:00082AAA 2F0D            	  2366: 	MOVE.l	a5,-(sp)			* save BASIC execute pointer
                            	  2367: LAB_1961
01:00082AAC 2A6B0466        	  2368: 	MOVEA.l	Rdptrl(a3),a5		* set READ pointer as BASIC execute pointer
01:00082AB0 610002F8        	  2369: 	BSR		LAB_GBYT			* scan memory
01:00082AB4 661E            	  2370: 	BNE.s		LAB_1986			* if not null go get the value
                            	  2371: 
                            	  2372: 							* the pointer was to a null entry
01:00082AB6 4A2B05E0        	  2373: 	TST.b		Imode(a3)			* test input mode flag, $00=INPUT, $98=READ
01:00082ABA 6B72            	  2374: 	BMI.s		LAB_19DD			* branch if READ (go find the next statement)
                            	  2375: 
                            	  2376: 							* else the mode was INPUT so get more
01:00082ABC 6100FF38        	  2377: 	BSR		LAB_18E3			* print a "?" character
01:00082AC0 6100F7D4        	  2378: 	BSR		LAB_INLN			* print "? " and get BASIC input
                            	  2379: 							* return a0 pointing to the buffer start
                            	  2380: 
                            	  2381: * if you don't want a null response to INPUT to break the program then set the nobrk
                            	  2382: * value at the top of this file to some non zero value
                            	  2383: 
                            	  2384:  ifne	nobrk
                            	  2385: 
                            	  2386: 	MOVE.l	a0,Rdptrl(a3)		* save the READ pointer
                            	  2387: 	BRA.s		LAB_1961			* go handle the input
                            	  2388: 
                            	  2389:  endc
                            	  2390: 
                            	  2391: * if you do want a null response to INPUT to break the program then leave the nobrk
                            	  2392: * value at the top of this file set to zero
                            	  2393: 
                            	  2394:  ifeq	nobrk
                            	  2395: 
01:00082AC4 4A10            	  2396: 	TST.b		(a0)				* test the first byte from the buffer
01:00082AC6 6604            	  2397: 	BNE.s		LAB_1984			* if not null input go handle it
                            	  2398: 
01:00082AC8 6000FB26        	  2399: 	BRA		LAB_1647			* else go do the BREAK exit
                            	  2400: 
                            	  2401: LAB_1984
01:00082ACC 2A48            	  2402: 	MOVEA.l	a0,a5				* set the execute pointer to the buffer
01:00082ACE 534D            	  2403: 	SUBQ.w	#1,a5				* decrement the execute pointer
                            	  2404: 
                            	  2405:  endc
                            	  2406: 
                            	  2407: LAB_1985
01:00082AD0 610002D6        	  2408: 	BSR		LAB_IGBY			* increment & scan memory
                            	  2409: LAB_1986
01:00082AD4 4A2B05B5        	  2410: 	TST.b		Dtypef(a3)			* test data type, $80=string, $40=integer,
                            	  2411: 							* $00=float
01:00082AD8 6A20            	  2412: 	BPL.s		LAB_19B0			* branch if numeric
                            	  2413: 
                            	  2414: 							* else get string
01:00082ADA 1400            	  2415: 	MOVE.b	d0,d2				* save search character
01:00082ADC B03C0022        	  2416: 	CMP.b		#$22,d0			* was it " ?
01:00082AE0 6706            	  2417: 	BEQ.s		LAB_1999			* branch if so
                            	  2418: 
01:00082AE2 743A            	  2419: 	MOVEQ		#':',d2			* set new search character
01:00082AE4 702C            	  2420: 	MOVEQ		#',',d0			* other search character is ","
01:00082AE6 534D            	  2421: 	SUBQ.w	#1,a5				* decrement BASIC execute pointer
                            	  2422: LAB_1999
01:00082AE8 524D            	  2423: 	ADDQ.w	#1,a5				* increment BASIC execute pointer
01:00082AEA 1600            	  2424: 	MOVE.b	d0,d3				* set second search character
01:00082AEC 204D            	  2425: 	MOVEA.l	a5,a0				* BASIC execute pointer is source
                            	  2426: 
01:00082AEE 610008D0        	  2427: 	BSR		LAB_20B4			* print d2/d3 terminated string to FAC1 stack
                            	  2428: 							* d2 = Srchc, d3 = Asrch, a0 is source
01:00082AF2 2A4A            	  2429: 	MOVEA.l	a2,a5				* copy end of string to BASIC execute pointer
01:00082AF4 6100FDD2        	  2430: 	BSR		LAB_17D5			* go do string LET
01:00082AF8 6010            	  2431: 	BRA.s		LAB_19B6			* go check string terminator
                            	  2432: 
                            	  2433: 							* get numeric INPUT
                            	  2434: LAB_19B0
01:00082AFA 1F2B05B5        	  2435: 	MOVE.b	Dtypef(a3),-(sp)		* save variable data type
01:00082AFE 61001D82        	  2436: 	BSR		LAB_2887			* get FAC1 from string
01:00082B02 175F05B5        	  2437: 	MOVE.b	(sp)+,Dtypef(a3)		* restore variable data type
01:00082B06 61001074        	  2438: 	BSR		LAB_PFAC			* pack FAC1 into (Lvarpl)
                            	  2439: LAB_19B6
01:00082B0A 6100029E        	  2440: 	BSR		LAB_GBYT			* scan memory
01:00082B0E 670A            	  2441: 	BEQ.s		LAB_19C2			* branch if null (last entry)
                            	  2442: 
01:00082B10 B03C002C        	  2443: 	CMP.b		#',',d0			* else compare with ","
01:00082B14 6600FF38        	  2444: 	BNE		LAB_1904			* if not "," go handle bad input data
                            	  2445: 
01:00082B18 524D            	  2446: 	ADDQ.w	#1,a5				* else was "," so point to next chr
                            	  2447: 							* got good input data
                            	  2448: LAB_19C2
01:00082B1A 274D0466        	  2449: 	MOVE.l	a5,Rdptrl(a3)		* save the read pointer for now
01:00082B1E 2A5F            	  2450: 	MOVEA.l	(sp)+,a5			* restore the execute pointer
01:00082B20 61000288        	  2451: 	BSR		LAB_GBYT			* scan the memory
01:00082B24 6736            	  2452: 	BEQ.s		LAB_1A03			* if null go do extra ignored message
                            	  2453: 
01:00082B26 487AFF7A        	  2454: 	PEA		LAB_195B(pc)		* set return address
01:00082B2A 60000272        	  2455: 	BRA		LAB_1C01			* scan for "," else do syntax error/warm start
                            	  2456: 							* then go INPUT next variable from list
                            	  2457: 
                            	  2458: 							* find next DATA statement or do "Out of Data"
                            	  2459: 							* error
                            	  2460: LAB_19DD
01:00082B2E 6100FC04        	  2461: 	BSR		LAB_SNBS			* scan for next BASIC statement ([:] or [EOL])
                            	  2462: 							* returns a0 as pointer to [:] or [EOL]
01:00082B32 2A48            	  2463: 	MOVEA.l	a0,a5				* add index, now = pointer to [EOL]/[EOS]
01:00082B34 524D            	  2464: 	ADDQ.w	#1,a5				* pointer to next character
01:00082B36 B03C003A        	  2465: 	CMP.b		#':',d0			* was it statement end?
01:00082B3A 6712            	  2466: 	BEQ.s		LAB_19F6			* branch if [:]
                            	  2467: 
                            	  2468: 							* was [EOL] so find next line
                            	  2469: 
01:00082B3C 320D            	  2470: 	MOVE.w	a5,d1				* past pad byte(s)
01:00082B3E C27C0001        	  2471: 	AND.w		#1,d1				* mask odd bit
01:00082B42 DAC1            	  2472: 	ADD.w		d1,a5				* add pointer
01:00082B44 241D            	  2473: 	MOVE.l	(a5)+,d2			* get next line pointer
01:00082B46 6700F61C        	  2474: 	BEQ		LAB_ODER			* branch if end of program
                            	  2475: 
01:00082B4A 275D045E        	  2476: 	MOVE.l	(a5)+,Dlinel(a3)		* save current DATA line
                            	  2477: LAB_19F6
01:00082B4E 6100025A        	  2478: 	BSR		LAB_GBYT			* scan memory
01:00082B52 B03C0083        	  2479: 	CMP.b		#TK_DATA,d0			* compare with "DATA" token
01:00082B56 6700FF78        	  2480: 	BEQ		LAB_1985			* was "DATA" so go do next READ
                            	  2481: 
01:00082B5A 60D2            	  2482: 	BRA.s		LAB_19DD			* go find next statement if not "DATA"
                            	  2483: 
                            	  2484: * end of INPUT/READ routine
                            	  2485: 
                            	  2486: LAB_1A03
01:00082B5C 206B0466        	  2487: 	MOVEA.l	Rdptrl(a3),a0		* get temp READ pointer
01:00082B60 4A2B05E0        	  2488: 	TST.b		Imode(a3)			* get input mode flag, $00=INPUT, $98=READ
01:00082B64 6A06            	  2489: 	BPL.s		LAB_1A0E			* branch if INPUT
                            	  2490: 
01:00082B66 27480462        	  2491: 	MOVE.l	a0,Dptrl(a3)		* else save temp READ pointer as DATA pointer
01:00082B6A 4E75            	  2492: 	RTS
                            	  2493: 
                            	  2494: 							* we were getting INPUT
                            	  2495: LAB_1A0E
01:00082B6C 4A10            	  2496: 	TST.b		(a0)				* test next byte
01:00082B6E 6602            	  2497: 	BNE.s		LAB_1A1B			* error if not end of INPUT
                            	  2498: 
01:00082B70 4E75            	  2499: 	RTS
                            	  2500: 							* user typed too much
                            	  2501: LAB_1A1B
01:00082B72 41FA2930        	  2502: 	LEA		LAB_IMSG(pc),a0		* point to extra ignored message
01:00082B76 6000FE66        	  2503: 	BRA		LAB_18C3			* print null terminated string from memory & RTS
                            	  2504: 
                            	  2505: 
                            	  2506: *************************************************************************************
                            	  2507: *
                            	  2508: * perform NEXT
                            	  2509: 
                            	  2510: LAB_NEXT
01:00082B7A 6610            	  2511: 	BNE.s		LAB_1A46			* branch if NEXT var
                            	  2512: 
01:00082B7C 584F            	  2513: 	ADDQ.w	#4,sp				* back past return address
01:00082B7E 0C570081        	  2514: 	CMP.w		#TK_FOR,(sp)		* is FOR token on stack?
01:00082B82 6600F5EC        	  2515: 	BNE		LAB_NFER			* if not do NEXT without FOR err/warm start
                            	  2516: 
01:00082B86 206F0002        	  2517: 	MOVEA.l	2(sp),a0			* get stacked FOR variable pointer
01:00082B8A 601C            	  2518: 	BRA.s		LAB_11BD			* branch always (no variable to search for)
                            	  2519: 
                            	  2520: * NEXT var
                            	  2521: 
                            	  2522: LAB_1A46
01:00082B8C 61000428        	  2523: 	BSR		LAB_GVAR			* get variable address in a0
01:00082B90 584F            	  2524: 	ADDQ.w	#4,sp				* back past return address
01:00082B92 303C0081        	  2525: 	MOVE.w	#TK_FOR,d0			* set for FOR token
01:00082B96 721C            	  2526: 	MOVEQ		#$1C,d1			* set for FOR use size
01:00082B98 6002            	  2527: 	BRA.s		LAB_11A6			* enter loop for next variable search
                            	  2528: 
                            	  2529: LAB_11A5
01:00082B9A DFC1            	  2530: 	ADDA.l	d1,sp				* add FOR stack use size
                            	  2531: LAB_11A6
01:00082B9C B057            	  2532: 	CMP.w		(sp),d0			* is FOR token on stack?
01:00082B9E 6600F5D0        	  2533: 	BNE		LAB_NFER			* if not found do NEXT without FOR error and
                            	  2534: 							* warm start
                            	  2535: 
                            	  2536: 							* was FOR token
01:00082BA2 B1EF0002        	  2537: 	CMPA.l	2(sp),a0			* compare var pointer with stacked var pointer
01:00082BA6 66F2            	  2538: 	BNE.s		LAB_11A5			* loop if no match found
                            	  2539: 
                            	  2540: LAB_11BD
01:00082BA8 376F0006059C    	  2541: 	MOVE.w	6(sp),FAC2_e(a3)		* get STEP value exponent and sign
01:00082BAE 276F00080598    	  2542: 	MOVE.l	8(sp),FAC2_m(a3)		* get STEP value mantissa
                            	  2543: 
01:00082BB4 176F001205B5    	  2544: 	MOVE.b	18(sp),Dtypef(a3)		* restore FOR variable data type
01:00082BBA 6100021A        	  2545: 	BSR		LAB_1C19			* check type and unpack (a0)
                            	  2546: 
01:00082BBE 176B059D059E    	  2547: 	MOVE.b	FAC2_s(a3),FAC_sc(a3)	* save FAC2 sign as sign compare
01:00082BC4 102B0595        	  2548: 	MOVE.b	FAC1_s(a3),d0		* get FAC1 sign
01:00082BC8 B12B059E        	  2549: 	EOR.b		d0,FAC_sc(a3)		* EOR to create sign compare
                            	  2550: 
01:00082BCC 27480472        	  2551: 	MOVE.l	a0,Lvarpl(a3)		* save variable pointer
01:00082BD0 61000CAC        	  2552: 	BSR		LAB_ADD			* add STEP value to FOR variable
01:00082BD4 176F001205B5    	  2553: 	MOVE.b	18(sp),Dtypef(a3)		* restore FOR variable data type (again)
01:00082BDA 61000FA0        	  2554: 	BSR		LAB_PFAC			* pack FAC1 into FOR variable (Lvarpl)
                            	  2555: 
01:00082BDE 376F000C059C    	  2556: 	MOVE.w	12(sp),FAC2_e(a3)		* get TO value exponent and sign
01:00082BE4 276F000E0598    	  2557: 	MOVE.l	14(sp),FAC2_m(a3)		* get TO value mantissa
                            	  2558: 
01:00082BEA 176B059D059E    	  2559: 	MOVE.b	FAC2_s(a3),FAC_sc(a3)	* save FAC2 sign as sign compare
01:00082BF0 102B0595        	  2560: 	MOVE.b	FAC1_s(a3),d0		* get FAC1 sign
01:00082BF4 B12B059E        	  2561: 	EOR.b		d0,FAC_sc(a3)		* EOR to create sign compare
                            	  2562: 
01:00082BF8 6100102C        	  2563: 	BSR		LAB_27FA			* compare FAC1 with FAC2 (TO value)
                            	  2564: 							* returns d0=+1 if FAC1 > FAC2
                            	  2565: 							* returns d0= 0 if FAC1 = FAC2
                            	  2566: 							* returns d0=-1 if FAC1 < FAC2
                            	  2567: 
01:00082BFC 322F0006        	  2568: 	MOVE.w	6(sp),d1			* get STEP value exponent and sign
01:00082C00 B141            	  2569: 	EOR.w		d0,d1				* EOR compare result with STEP exponent and sign
                            	  2570: 
01:00082C02 4A00            	  2571: 	TST.b		d0				* test for =
01:00082C04 6704            	  2572: 	BEQ.s		LAB_1A90			* branch if = (loop INcomplete)
                            	  2573: 
01:00082C06 4A01            	  2574: 	TST.b		d1				* test result
01:00082C08 6A0E            	  2575: 	BPL.s		LAB_1A9B			* branch if > (loop complete)
                            	  2576: 
                            	  2577: 							* loop back and do it all again
                            	  2578: LAB_1A90
01:00082C0A 276F00140452    	  2579: 	MOVE.l	20(sp),Clinel(a3)		* reset current line
01:00082C10 2A6F0018        	  2580: 	MOVE.l	24(sp),a5			* reset BASIC execute pointer
01:00082C14 6000F976        	  2581: 	BRA		LAB_15C2			* go do interpreter inner loop
                            	  2582: 
                            	  2583: 							* loop complete so carry on
                            	  2584: LAB_1A9B
01:00082C18 4FEF001C        	  2585: 	ADDA.w	#28,sp			* add 28 to dump FOR structure
01:00082C1C 6100018C        	  2586: 	BSR		LAB_GBYT			* scan memory
01:00082C20 B03C002C        	  2587: 	CMP.b		#$2C,d0			* compare with ","
01:00082C24 6600F966        	  2588: 	BNE		LAB_15C2			* if not "," go do interpreter inner loop
                            	  2589: 
                            	  2590: 							* was "," so another NEXT variable to do
01:00082C28 6100017E        	  2591: 	BSR		LAB_IGBY			* else increment & scan memory
01:00082C2C 6100FF5E        	  2592: 	BSR		LAB_1A46			* do NEXT (var)
                            	  2593: 
                            	  2594: 
                            	  2595: *************************************************************************************
                            	  2596: *
                            	  2597: * evaluate expression & check is numeric, else do type mismatch
                            	  2598: 
                            	  2599: LAB_EVNM
01:00082C30 6116            	  2600: 	BSR.s		LAB_EVEX			* evaluate expression
                            	  2601: 
                            	  2602: 
                            	  2603: *************************************************************************************
                            	  2604: *
                            	  2605: * check if source is numeric, else do type mismatch
                            	  2606: 
                            	  2607: LAB_CTNM
01:00082C32 B040            	  2608: 	CMP.w		d0,d0				* required type is numeric so clear carry
                            	  2609: 
                            	  2610: 
                            	  2611: *************************************************************************************
                            	  2612: *
                            	  2613: * type match check, set C for string, clear C for numeric
                            	  2614: 
                            	  2615: LAB_CKTM
01:00082C34 082B000705B5    	  2616: 	BTST.b	#7,Dtypef(a3)		* test data type flag, don't change carry
01:00082C3A 6606            	  2617: 	BNE.s		LAB_1ABA			* branch if data type is string
                            	  2618: 
                            	  2619: 							* else data type was numeric
01:00082C3C 6500F502        	  2620: 	BCS		LAB_TMER			* if required type is string do type mismatch
                            	  2621: 							* error
                            	  2622: 
01:00082C40 4E75            	  2623: 	RTS
                            	  2624: 							* data type was string, now check required type
                            	  2625: LAB_1ABA
01:00082C42 6400F4FC        	  2626: 	BCC		LAB_TMER			* if required type is numeric do type mismatch
                            	  2627: 							* error
01:00082C46 4E75            	  2628: 	RTS
                            	  2629: 
                            	  2630: 
                            	  2631: *************************************************************************************
                            	  2632: *
                            	  2633: * this routine evaluates any type of expression. first it pushes an end marker so
                            	  2634: * it knows when the expression has been evaluated, this is a precedence value of zero.
                            	  2635: * next the first value is evaluated, this can be an in line value, either numeric or
                            	  2636: * string, a variable or array element of any type, a function or even an expression
                            	  2637: * in parenthesis. this value is kept in FAC_1
                            	  2638: * after the value is evaluated a test is made on the next BASIC program byte, if it
                            	  2639: * is a comparrison operator i.e. "<", "=" or ">", then the corresponding bit is set
                            	  2640: * in the comparison evaluation flag. this test loops until no more comparrison operators
                            	  2641: * are found or more than one of any type is found. in the last case an error is generated
                            	  2642: 
                            	  2643: * evaluate expression
                            	  2644: 
                            	  2645: LAB_EVEX
01:00082C48 534D            	  2646: 	SUBQ.w	#1,a5				* decrement BASIC execute pointer
                            	  2647: LAB_EVEZ
01:00082C4A 7200            	  2648: 	MOVEQ		#0,d1				* clear precedence word
01:00082C4C 174105B5        	  2649: 	MOVE.b	d1,Dtypef(a3)		* clear the data type, $80=string, $40=integer,
                            	  2650: 							* $00=float
01:00082C50 601C            	  2651: 	BRA.s		LAB_1ACD			* enter loop
                            	  2652: 
                            	  2653: * get vector, set up operator then continue evaluation
                            	  2654: 
                            	  2655: LAB_1B43						*
01:00082C52 41FA22A6        	  2656: 	LEA		LAB_OPPT(pc),a0		* point to operator vector table
01:00082C56 30301002        	  2657: 	MOVE.w	2(a0,d1.w),d0		* get vector offset
01:00082C5A 48700000        	  2658: 	PEA		(a0,d0.w)			* push vector
                            	  2659: 
01:00082C5E 2F2B0590        	  2660: 	MOVE.l	FAC1_m(a3),-(sp)		* push FAC1 mantissa
01:00082C62 3F2B0594        	  2661: 	MOVE.w	FAC1_e(a3),-(sp)		* push sign and exponent
01:00082C66 1F2B05E3        	  2662: 	MOVE.b	comp_f(a3),-(sp)		* push comparison evaluation flag
                            	  2663: 
01:00082C6A 32301000        	  2664: 	MOVE.w	(a0,d1.w),d1		* get precedence value
                            	  2665: LAB_1ACD
01:00082C6E 3F01            	  2666: 	MOVE.w	d1,-(sp)			* push precedence value
01:00082C70 610000E4        	  2667: 	BSR		LAB_GVAL			* get value from line
01:00082C74 177C000005E3    	  2668: 	MOVE.b	#$00,comp_f(a3)		* clear compare function flag
                            	  2669: LAB_1ADB
01:00082C7A 6100012E        	  2670: 	BSR		LAB_GBYT			* scan memory
                            	  2671: LAB_1ADE
01:00082C7E 903C00BC        	  2672: 	SUB.b		#TK_GT,d0			* subtract token for > (lowest compare function)
01:00082C82 652A            	  2673: 	BCS.s		LAB_1AFA			* branch if < TK_GT
                            	  2674: 
01:00082C84 B03C0003        	  2675: 	CMP.b		#$03,d0			* compare with ">" to "<" tokens
01:00082C88 650A            	  2676: 	BCS.s		LAB_1AE0			* branch if <= TK_SGN (is compare function)
                            	  2677: 
01:00082C8A 4A2B05E3        	  2678: 	TST.b		comp_f(a3)			* test compare function flag
01:00082C8E 6660            	  2679: 	BNE.s		LAB_1B2A			* branch if compare function
                            	  2680: 
01:00082C90 60000086        	  2681: 	BRA		LAB_1B78			* go do functions
                            	  2682: 
                            	  2683: 							* was token for > = or < (d0 = 0, 1 or 2)
                            	  2684: LAB_1AE0
01:00082C94 7201            	  2685: 	MOVEQ		#1,d1				* set to 0000 0001
01:00082C96 E121            	  2686: 	ASL.b		d0,d1				* 1 if >, 2 if =, 4 if <
01:00082C98 102B05E3        	  2687: 	MOVE.b	comp_f(a3),d0		* copy old compare function flag
01:00082C9C B32B05E3        	  2688: 	EOR.b		d1,comp_f(a3)		* EOR in this compare function bit
01:00082CA0 B02B05E3        	  2689: 	CMP.b		comp_f(a3),d0		* compare old with new compare function flag
01:00082CA4 6400F4C6        	  2690: 	BCC		LAB_SNER			* if new <= old comp_f do syntax error and warm
                            	  2691: 							* start, there was more than one <, = or >
01:00082CA8 610000FE        	  2692: 	BSR		LAB_IGBY			* increment & scan memory
01:00082CAC 60D0            	  2693: 	BRA.s		LAB_1ADE			* go do next character
                            	  2694: 
                            	  2695: 							* token is < ">" or > "<" tokens
                            	  2696: LAB_1AFA
01:00082CAE 4A2B05E3        	  2697: 	TST.b		comp_f(a3)			* test compare function flag
01:00082CB2 663C            	  2698: 	BNE.s		LAB_1B2A			* branch if compare function
                            	  2699: 
                            	  2700: 							* was < TK_GT so is operator or lower
01:00082CB4 D03C000A        	  2701: 	ADD.b	#(TK_GT-TK_PLUS),d0		* add # of operators (+ - * / ^ AND OR EOR)
01:00082CB8 645E            	  2702: 	BCC.s		LAB_1B78			* branch if < + operator
                            	  2703: 
01:00082CBA 6608            	  2704: 	BNE.s		LAB_1B0B			* branch if not + token
                            	  2705: 
01:00082CBC 4A2B05B5        	  2706: 	TST.b		Dtypef(a3)			* test data type, $80=string, $40=integer,
                            	  2707: 							* $00=float
01:00082CC0 6B000872        	  2708: 	BMI		LAB_224D			* type is string & token was +
                            	  2709: 
                            	  2710: LAB_1B0B
01:00082CC4 7200            	  2711: 	MOVEQ		#0,d1				* clear longword
01:00082CC6 D000            	  2712: 	ADD.b		d0,d0				* *2
01:00082CC8 D000            	  2713: 	ADD.b		d0,d0				* *4
01:00082CCA 1200            	  2714: 	MOVE.b	d0,d1				* copy to index
                            	  2715: LAB_1B13
01:00082CCC 301F            	  2716: 	MOVE.w	(sp)+,d0			* pull previous precedence
01:00082CCE 41FA222A        	  2717: 	LEA		LAB_OPPT(pc),a0		* set pointer to operator table
01:00082CD2 B0701000        	  2718: 	CMP.w		(a0,d1.w),d0		* compare with this opperator precedence
01:00082CD6 6446            	  2719: 	BCC.s		LAB_1B7D			* branch if previous precedence (d0) >=
                            	  2720: 
01:00082CD8 6100FF58        	  2721: 	BSR		LAB_CTNM			* check if source is numeric, else type mismatch
                            	  2722: LAB_1B1C
01:00082CDC 3F00            	  2723: 	MOVE.w	d0,-(sp)			* save precedence
                            	  2724: LAB_1B1D
01:00082CDE 6100FF72        	  2725: 	BSR		LAB_1B43			* get vector, set-up operator and continue
                            	  2726: 							* evaluation
01:00082CE2 301F            	  2727: 	MOVE.w	(sp)+,d0			* restore precedence
01:00082CE4 222B05D8        	  2728: 	MOVE.l	prstk(a3),d1		* get stacked function pointer
01:00082CE8 6A22            	  2729: 	BPL.s		LAB_1B3C			* branch if stacked values
                            	  2730: 
01:00082CEA 3000            	  2731: 	MOVE.w	d0,d0				* copy precedence (set flags)
01:00082CEC 672E            	  2732: 	BEQ.s		LAB_1B7B			* exit if done
                            	  2733: 
01:00082CEE 603C            	  2734: 	BRA.s		LAB_1B86			* else pop FAC2 & return (do function)
                            	  2735: 
                            	  2736: 							* was compare function (< = >)
                            	  2737: LAB_1B2A
01:00082CF0 102B05B5        	  2738: 	MOVE.b	Dtypef(a3),d0		* get data type flag
01:00082CF4 122B05E3        	  2739: 	MOVE.b	comp_f(a3),d1		* get compare function flag
01:00082CF8 D000            	  2740: 	ADD.b		d0,d0				* string bit flag into X bit
01:00082CFA D301            	  2741: 	ADDX.b	d1,d1				* shift compare function flag
                            	  2742: 
01:00082CFC 177C000005B5    	  2743: 	MOVE.b	#0,Dtypef(a3)		* clear data type flag, $00=float
01:00082D02 174105E3        	  2744: 	MOVE.b	d1,comp_f(a3)		* save new compare function flag
01:00082D06 534D            	  2745: 	SUBQ.w	#1,a5				* decrement BASIC execute pointer
01:00082D08 7230            	  2746: 	MOVEQ		#(TK_LT-TK_PLUS)*4,d1	* set offset to last operator entry
01:00082D0A 60C0            	  2747: 	BRA.s		LAB_1B13			* branch always
                            	  2748: 
                            	  2749: LAB_1B3C
01:00082D0C 41FA21EC        	  2750: 	LEA		LAB_OPPT(pc),a0		* point to function vector table
01:00082D10 B0701000        	  2751: 	CMP.w		(a0,d1.w),d0		* compare with this opperator precedence
01:00082D14 6416            	  2752: 	BCC.s		LAB_1B86			* branch if d0 >=, pop FAC2 & return
                            	  2753: 
01:00082D16 60C4            	  2754: 	BRA.s		LAB_1B1C			* branch always
                            	  2755: 
                            	  2756: * do functions
                            	  2757: 
                            	  2758: LAB_1B78
01:00082D18 72FF            	  2759: 	MOVEQ		#-1,d1			* flag all done
01:00082D1A 301F            	  2760: 	MOVE.w	(sp)+,d0			* pull precedence word
                            	  2761: LAB_1B7B
01:00082D1C 6732            	  2762: 	BEQ.s		LAB_1B9D			* exit if done
                            	  2763: 
                            	  2764: LAB_1B7D
01:00082D1E B07C0064        	  2765: 	CMP.w		#$64,d0			* compare previous precedence with $64
01:00082D22 6704            	  2766: 	BEQ.s		LAB_1B84			* branch if was $64 (< function can be string)
                            	  2767: 
01:00082D24 6100FF0C        	  2768: 	BSR		LAB_CTNM			* check if source is numeric, else type mismatch
                            	  2769: LAB_1B84
01:00082D28 274105D8        	  2770: 	MOVE.l	d1,prstk(a3)		* save current operator index
                            	  2771: 
                            	  2772: 							* pop FAC2 & return
                            	  2773: LAB_1B86
01:00082D2C 101F            	  2774: 	MOVE.b	(sp)+,d0			* pop comparison evaluation flag
01:00082D2E 1200            	  2775: 	MOVE.b	d0,d1				* copy comparison evaluation flag
01:00082D30 E208            	  2776: 	LSR.b		#1,d0				* shift out comparison evaluation lowest bit
01:00082D32 174005E1        	  2777: 	MOVE.b	d0,Cflag(a3)		* save comparison evaluation flag
01:00082D36 375F059C        	  2778: 	MOVE.w	(sp)+,FAC2_e(a3)		* pop exponent and sign
01:00082D3A 275F0598        	  2779: 	MOVE.l	(sp)+,FAC2_m(a3)		* pop mantissa
01:00082D3E 176B059D059E    	  2780: 	MOVE.b	FAC2_s(a3),FAC_sc(a3)	* copy FAC2 sign
01:00082D44 102B0595        	  2781: 	MOVE.b	FAC1_s(a3),d0		* get FAC1 sign
01:00082D48 B12B059E        	  2782: 	EOR.b		d0,FAC_sc(a3)		* EOR FAC1 sign and set sign compare
                            	  2783: 
01:00082D4C E209            	  2784: 	LSR.b		#1,d1				* type bit into X and C
01:00082D4E 4E75            	  2785: 	RTS
                            	  2786: 
                            	  2787: LAB_1B9D
01:00082D50 102B0594        	  2788: 	MOVE.b	FAC1_e(a3),d0		* get FAC1 exponent
01:00082D54 4E75            	  2789: 	RTS
                            	  2790: 
                            	  2791: 
                            	  2792: *************************************************************************************
                            	  2793: *
                            	  2794: * get a value from the BASIC line
                            	  2795: 
                            	  2796: LAB_GVAL
01:00082D56 6150            	  2797: 	BSR.s		LAB_IGBY			* increment & scan memory
01:00082D58 65001B28        	  2798: 	BCS		LAB_2887			* if numeric get FAC1 from string & return
                            	  2799: 
01:00082D5C 4A00            	  2800: 	TST.b		d0				* test byte
01:00082D5E 6B00008C        	  2801: 	BMI		LAB_1BD0			* if -ve go test token values
                            	  2802: 
                            	  2803: 							* else it is either a string, number, variable
                            	  2804: 							* or (<expr>)
01:00082D62 B03C0024        	  2805: 	CMP.b		#'$',d0			* compare with "$"
01:00082D66 67001B1A        	  2806: 	BEQ		LAB_2887			* if "$" get hex number from string & return
                            	  2807: 
01:00082D6A B03C0025        	  2808: 	CMP.b		#'%',d0			* else compare with "%"
01:00082D6E 67001B12        	  2809: 	BEQ		LAB_2887			* if "%" get binary number from string & return
                            	  2810: 
01:00082D72 B03C002E        	  2811: 	CMP.b		#$2E,d0			* compare with "."
01:00082D76 67001B0A        	  2812: 	BEQ		LAB_2887			* if so get FAC1 from string and return
                            	  2813: 							* (e.g. .123)
                            	  2814: 
                            	  2815: 							* wasn't a number so ...
01:00082D7A B03C0022        	  2816: 	CMP.b		#$22,d0			* compare with "
01:00082D7E 660C            	  2817: 	BNE.s		LAB_1BF3			* if not open quote it must be a variable or
                            	  2818: 							* open bracket
                            	  2819: 
                            	  2820: 							* was open quote so get the enclosed string
                            	  2821: 
                            	  2822: * print "..." string to string stack
                            	  2823: 
                            	  2824: LAB_1BC1
01:00082D80 101D            	  2825: 	MOVE.b	(a5)+,d0			* increment BASIC execute pointer (past ")
                            	  2826: 							* fastest/shortest method
01:00082D82 204D            	  2827: 	MOVEA.l	a5,a0				* copy basic execute pointer (string start)
01:00082D84 61000636        	  2828: 	BSR		LAB_20AE			* print " terminated string to stack
01:00082D88 2A4A            	  2829: 	MOVEA.l	a2,a5				* restore BASIC execute pointer from temp
01:00082D8A 4E75            	  2830: 	RTS
                            	  2831: 
                            	  2832: * get value from line .. continued
                            	  2833: 							* wasn't any sort of number so ...
                            	  2834: LAB_1BF3
01:00082D8C B03C0028        	  2835: 	CMP.b		#'(',d0			* compare with "("
01:00082D90 6640            	  2836: 	BNE.s		LAB_1C18			* if not "(" get (var) and return value in FAC1
                            	  2837: 							* and $ flag
                            	  2838: 
                            	  2839: 
                            	  2840: *************************************************************************************
                            	  2841: *
                            	  2842: * evaluate expression within parentheses
                            	  2843: 
                            	  2844: LAB_1BF7
01:00082D92 6100FEB6        	  2845: 	BSR		LAB_EVEZ			* evaluate expression (no decrement)
                            	  2846: 
                            	  2847: 
                            	  2848: *************************************************************************************
                            	  2849: *
                            	  2850: * all the 'scan for' routines return the character after the sought character
                            	  2851: 
                            	  2852: * scan for ")", else do syntax error, then warm start
                            	  2853: 
                            	  2854: LAB_1BFB
01:00082D96 7029            	  2855: 	MOVEQ		#$29,d0			* load d0 with ")"
01:00082D98 6006            	  2856: 	BRA.s		LAB_SCCA
                            	  2857: 
                            	  2858: 
                            	  2859: *************************************************************************************
                            	  2860: *
                            	  2861: * scan for "," and get byte, else do Syntax error then warm start
                            	  2862: 
                            	  2863: LAB_SCGB
01:00082D9A 487A096C        	  2864: 	PEA		LAB_GTBY(pc)		* return address is to get byte parameter
                            	  2865: 
                            	  2866: 
                            	  2867: *************************************************************************************
                            	  2868: *
                            	  2869: * scan for ",", else do syntax error, then warm start
                            	  2870: 
                            	  2871: LAB_1C01
01:00082D9E 702C            	  2872: 	MOVEQ		#$2C,d0			* load d0 with ","
                            	  2873: 
                            	  2874: 
                            	  2875: *************************************************************************************
                            	  2876: *
                            	  2877: * scan for CHR$(d0) , else do syntax error, then warm start
                            	  2878: 
                            	  2879: LAB_SCCA
01:00082DA0 B01D            	  2880: 	CMP.b		(a5)+,d0			* check next byte is = d0
01:00082DA2 6706            	  2881: 	BEQ.s		LAB_GBYT			* if so go get next
                            	  2882: 
01:00082DA4 6000F3C6        	  2883: 	BRA		LAB_SNER			* else do syntax error/warm start
                            	  2884: 
                            	  2885: 
                            	  2886: *************************************************************************************
                            	  2887: *
                            	  2888: * BASIC increment and scan memory routine
                            	  2889: 
                            	  2890: LAB_IGBY
01:00082DA8 101D            	  2891: 	MOVE.b	(a5)+,d0			* get byte & increment pointer
                            	  2892: 
                            	  2893: * scan memory routine, exit with Cb = 1 if numeric character
                            	  2894: * also skips any spaces encountered
                            	  2895: 
                            	  2896: LAB_GBYT
01:00082DAA 1015            	  2897: 	MOVE.b	(a5),d0			* get byte
                            	  2898: 
01:00082DAC B03C0020        	  2899: 	CMP.b		#$20,d0			* compare with " "
01:00082DB0 67F6            	  2900: 	BEQ.s		LAB_IGBY			* if " " go do next
                            	  2901: 
                            	  2902: * test current BASIC byte, exit with Cb = 1 if numeric character
                            	  2903: 
01:00082DB2 B03C00A9        	  2904: 	CMP.b		#TK_ELSE,d0			* compare with the token for ELSE
01:00082DB6 640C            	  2905: 	BCC.s		RTS_001			* exit if >= (not numeric, carry clear)
                            	  2906: 
01:00082DB8 B03C003A        	  2907: 	CMP.b		#$3A,d0			* compare with ":"
01:00082DBC 6406            	  2908: 	BCC.s		RTS_001			* exit if >= (not numeric, carry clear)
                            	  2909: 
01:00082DBE 7CD0            	  2910: 	MOVEQ		#$D0,d6			* set -"0"
01:00082DC0 D006            	  2911: 	ADD.b		d6,d0				* add -"0"
01:00082DC2 9006            	  2912: 	SUB.b		d6,d0				* subtract -"0"
                            	  2913: RTS_001						* carry set if byte = "0"-"9"
01:00082DC4 4E75            	  2914: 	RTS
                            	  2915: 
                            	  2916: 
                            	  2917: *************************************************************************************
                            	  2918: *
                            	  2919: * set-up for - operator
                            	  2920: 
                            	  2921: LAB_1C11
01:00082DC6 6100FE6A        	  2922: 	BSR		LAB_CTNM			* check if source is numeric, else type mismatch
01:00082DCA 7228            	  2923: 	MOVEQ	#(TK_GT-TK_PLUS)*4,d1		* set offset from base to - operator
                            	  2924: LAB_1C13
01:00082DCC 588F            	  2925: 	LEA		4(sp),sp			* dump GVAL return address
01:00082DCE 6000FF0E        	  2926: 	BRA		LAB_1B1D			* continue evaluating expression
                            	  2927: 
                            	  2928: 
                            	  2929: *************************************************************************************
                            	  2930: *
                            	  2931: * variable name set-up
                            	  2932: * get (var), return value in FAC_1 & data type flag
                            	  2933: 
                            	  2934: LAB_1C18
01:00082DD2 610001E2        	  2935: 	BSR		LAB_GVAR			* get variable address in a0
                            	  2936: 
                            	  2937: * if you want a non existant variable to return a null value then set the novar
                            	  2938: * value at the top of this file to some non zero value
                            	  2939: 
                            	  2940:  ifne	novar
                            	  2941: 
                            	  2942: 	BNE.s		LAB_1C19			* if it exists return it
                            	  2943: 
                            	  2944: 	LEA.l		LAB_1D96(pc),a0		* else return a null descriptor/pointer
                            	  2945: 
                            	  2946:  endc
                            	  2947: 
                            	  2948: * return existing variable value
                            	  2949: 
                            	  2950: LAB_1C19
01:00082DD6 4A2B05B5        	  2951: 	TST.b		Dtypef(a3)			* test data type, $80=string, $40=integer,
                            	  2952: 							* $00=float
01:00082DDA 67000D84        	  2953: 	BEQ		LAB_UFAC			* if float unpack memory (a0) into FAC1 and
                            	  2954: 							* return
                            	  2955: 
01:00082DDE 6A06            	  2956: 	BPL.s		LAB_1C1A			* if integer unpack memory (a0) into FAC1
                            	  2957: 							* and return
                            	  2958: 
01:00082DE0 27480590        	  2959: 	MOVE.l	a0,FAC1_m(a3)		* else save descriptor pointer in FAC1
01:00082DE4 4E75            	  2960: 	RTS
                            	  2961: 
                            	  2962: LAB_1C1A
01:00082DE6 2010            	  2963: 	MOVE.l	(a0),d0			* get integer value
01:00082DE8 600004BC        	  2964: 	BRA		LAB_AYFC			* convert d0 to signed longword in FAC1 & return
                            	  2965: 
                            	  2966: 
                            	  2967: *************************************************************************************
                            	  2968: *
                            	  2969: * get value from line .. continued
                            	  2970: * do tokens
                            	  2971: 
                            	  2972: LAB_1BD0
01:00082DEC B03C00B3        	  2973: 	CMP.b		#TK_MINUS,d0		* compare with token for -
01:00082DF0 67D4            	  2974: 	BEQ.s		LAB_1C11			* branch if - token (do set-up for - operator)
                            	  2975: 
                            	  2976: 							* wasn't -123 so ...
01:00082DF2 B03C00B2        	  2977: 	CMP.b		#TK_PLUS,d0			* compare with token for +
01:00082DF6 6700FF5E        	  2978: 	BEQ		LAB_GVAL			* branch if + token (+n = n so ignore leading +)
                            	  2979: 
01:00082DFA B03C00AE        	  2980: 	CMP.b		#TK_NOT,d0			* compare with token for NOT
01:00082DFE 6606            	  2981: 	BNE.s		LAB_1BE7			* branch if not token for NOT
                            	  2982: 
                            	  2983: 							* was NOT token
01:00082E00 323C002C        	  2984: 	MOVE.w	#(TK_EQUAL-TK_PLUS)*4,d1	* offset to NOT function
01:00082E04 60C6            	  2985: 	BRA.s		LAB_1C13			* do set-up for function then execute
                            	  2986: 
                            	  2987: 							* wasn't +, - or NOT so ...
                            	  2988: LAB_1BE7
01:00082E06 B03C00AB        	  2989: 	CMP.b		#TK_FN,d0			* compare with token for FN
01:00082E0A 67000514        	  2990: 	BEQ		LAB_201E			* if FN go evaluate FNx
                            	  2991: 
                            	  2992: 							* wasn't +, -, NOT or FN so ...
01:00082E0E 903C00BF        	  2993: 	SUB.b		#TK_SGN,d0			* compare with token for SGN & normalise
01:00082E12 6500F358        	  2994: 	BCS		LAB_SNER			* if < SGN token then do syntax error
                            	  2995: 
                            	  2996: * get value from line .. continued
                            	  2997: * only functions left so set up function references
                            	  2998: 
                            	  2999: * new for V2.0+ this replaces a lot of IF .. THEN .. ELSEIF .. THEN .. that was needed
                            	  3000: * to process function calls. now the function vector is computed and pushed on the stack
                            	  3001: * and the preprocess offset is read. if the preprocess offset is non zero then the vector
                            	  3002: * is calculated and the routine called, if not this routine just does RTS. whichever
                            	  3003: * happens the RTS at the end of this routine, or the preprocess routine calls, the
                            	  3004: * function code
                            	  3005: 
                            	  3006: * this also removes some less than elegant code that was used to bypass type checking
                            	  3007: * for functions that returned strings
                            	  3008: 
01:00082E16 C07C007F        	  3009: 	AND.w		#$7F,d0			* mask byte
01:00082E1A D040            	  3010: 	ADD.w		d0,d0				* *2 (2 bytes per function offset)
                            	  3011: 
01:00082E1C 41FA2090        	  3012: 	LEA		LAB_FTBL(pc),a0		* pointer to functions vector table
01:00082E20 32300000        	  3013: 	MOVE.w	(a0,d0.w),d1		* get function vector offset
01:00082E24 48701000        	  3014: 	PEA		(a0,d1.w)			* push function vector
                            	  3015: 
01:00082E28 41FA2038        	  3016: 	LEA		LAB_FTPP(pc),a0		* pointer to functions preprocess vector table
01:00082E2C 30300000        	  3017: 	MOVE.w	(a0,d0.w),d0		* get function preprocess vector offset
01:00082E30 6712            	  3018: 	BEQ.s		LAB_1C2A			* no preprocess vector so go do function
                            	  3019: 
01:00082E32 41F00000        	  3020: 	LEA		(a0,d0.w),a0		* get function preprocess vector
01:00082E36 4ED0            	  3021: 	JMP		(a0)				* go do preprocess routine then function
                            	  3022: 
                            	  3023: 
                            	  3024: *************************************************************************************
                            	  3025: *
                            	  3026: * process string expression in parenthesis
                            	  3027: 
                            	  3028: LAB_PPFS
01:00082E38 6100FF58        	  3029: 	BSR		LAB_1BF7			* process expression in parenthesis
01:00082E3C 4A2B05B5        	  3030: 	TST.b		Dtypef(a3)			* test data type
01:00082E40 6A00F2FE        	  3031: 	BPL		LAB_TMER			* if numeric do Type missmatch Error/warm start
                            	  3032: 
                            	  3033: LAB_1C2A
01:00082E44 4E75            	  3034: 	RTS						* else do function
                            	  3035: 
                            	  3036: 
                            	  3037: *************************************************************************************
                            	  3038: *
                            	  3039: * process numeric expression in parenthesis
                            	  3040: 
                            	  3041: LAB_PPFN
01:00082E46 6100FF4A        	  3042: 	BSR		LAB_1BF7			* process expression in parenthesis
01:00082E4A 4A2B05B5        	  3043: 	TST.b		Dtypef(a3)			* test data type
01:00082E4E 6B00F2F0        	  3044: 	BMI		LAB_TMER			* if string do Type missmatch Error/warm start
                            	  3045: 
01:00082E52 4E75            	  3046: 	RTS						* else do function
                            	  3047: 
                            	  3048: 
                            	  3049: *************************************************************************************
                            	  3050: *
                            	  3051: * set numeric data type and increment BASIC execute pointer
                            	  3052: 
                            	  3053: LAB_PPBI
01:00082E54 177C000005B5    	  3054: 	MOVE.b	#$00,Dtypef(a3)		* clear data type flag, $00=float
01:00082E5A 101D            	  3055: 	MOVE.b	(a5)+,d0			* get next BASIC byte
01:00082E5C 4E75            	  3056: 	RTS						* do function
                            	  3057: 
                            	  3058: 
                            	  3059: *************************************************************************************
                            	  3060: *
                            	  3061: * process string for LEFT$, RIGHT$ or MID$
                            	  3062: 
                            	  3063: LAB_LRMS
01:00082E5E 6100FDEA        	  3064: 	BSR		LAB_EVEZ			* evaluate (should be string) expression
01:00082E62 4A2B05B5        	  3065: 	TST.b		Dtypef(a3)			* test data type flag
01:00082E66 6A00F2D8        	  3066: 	BPL		LAB_TMER			* if type is not string do type mismatch error
                            	  3067: 
01:00082E6A 141D            	  3068: 	MOVE.b	(a5)+,d2			* get BASIC byte
01:00082E6C B43C002C        	  3069: 	CMP.b		#',',d2			* compare with comma
01:00082E70 6600F2FA        	  3070: 	BNE		LAB_SNER			* if not "," go do syntax error/warm start
                            	  3071: 
01:00082E74 2F2B0590        	  3072: 	MOVE.l	FAC1_m(a3),-(sp)		* save descriptor pointer
01:00082E78 610008A2        	  3073: 	BSR		LAB_GTWO			* get word parameter, result in d0 and Itemp
01:00082E7C 205F            	  3074: 	MOVEA.l	(sp)+,a0			* restore descriptor pointer
01:00082E7E 4E75            	  3075: 	RTS						* do function
                            	  3076: 
                            	  3077: 
                            	  3078: *************************************************************************************
                            	  3079: *
                            	  3080: * process numeric expression(s) for BIN$ or HEX$
                            	  3081: 
                            	  3082: LAB_BHSS
01:00082E80 6100FDC8        	  3083: 	BSR		LAB_EVEZ			* evaluate expression (no decrement)
01:00082E84 4A2B05B5        	  3084: 	TST.b		Dtypef(a3)			* test data type
01:00082E88 6B00F2B6        	  3085: 	BMI		LAB_TMER			* if string do Type missmatch Error/warm start
                            	  3086: 
01:00082E8C 61000DC4        	  3087: 	BSR		LAB_2831			* convert FAC1 floating to fixed
                            	  3088: 							* result in d0 and Itemp
01:00082E90 7200            	  3089: 	MOVEQ		#0,d1				* set default to no leading "0"s
01:00082E92 141D            	  3090: 	MOVE.b	(a5)+,d2			* get BASIC byte
01:00082E94 B43C002C        	  3091: 	CMP.b		#',',d2			* compare with comma
01:00082E98 660C            	  3092: 	BNE.s		LAB_BHCB			* if not "," go check close bracket
                            	  3093: 
01:00082E9A 2F00            	  3094: 	MOVE.l	d0,-(sp)			* copy number to stack
01:00082E9C 6100086A        	  3095: 	BSR		LAB_GTBY			* get byte value
01:00082EA0 2200            	  3096: 	MOVE.l	d0,d1				* copy leading 0s #
01:00082EA2 201F            	  3097: 	MOVE.l	(sp)+,d0			* restore number from stack
01:00082EA4 141D            	  3098: 	MOVE.b	(a5)+,d2			* get BASIC byte
                            	  3099: LAB_BHCB
01:00082EA6 B43C0029        	  3100: 	CMP.b		#')',d2			* compare with close bracket
01:00082EAA 6600F2C0        	  3101: 	BNE		LAB_SNER			* if not ")" do Syntax Error/warm start
                            	  3102: 
01:00082EAE 4E75            	  3103: 	RTS						* go do function
                            	  3104: 
                            	  3105: 
                            	  3106: *************************************************************************************
                            	  3107: *
                            	  3108: * perform EOR
                            	  3109: 
                            	  3110: LAB_EOR
01:00082EB0 6116            	  3111: 	BSR.s		GetFirst			* get two values for OR, AND or EOR
                            	  3112: 							* first in d0, and Itemp, second in d2
01:00082EB2 B580            	  3113: 	EOR.l		d2,d0				* EOR values
01:00082EB4 600003F0        	  3114: 	BRA		LAB_AYFC			* convert d0 to signed longword in FAC1 & RET
                            	  3115: 
                            	  3116: 
                            	  3117: *************************************************************************************
                            	  3118: *
                            	  3119: * perform OR
                            	  3120: 
                            	  3121: LAB_OR
01:00082EB8 610E            	  3122: 	BSR.s		GetFirst			* get two values for OR, AND or EOR
                            	  3123: 							* first in d0, and Itemp, second in d2
01:00082EBA 8082            	  3124: 	OR.l		d2,d0				* do OR
01:00082EBC 600003E8        	  3125: 	BRA		LAB_AYFC			* convert d0 to signed longword in FAC1 & RET
                            	  3126: 
                            	  3127: 
                            	  3128: *************************************************************************************
                            	  3129: *
                            	  3130: * perform AND
                            	  3131: 
                            	  3132: LAB_AND
01:00082EC0 6106            	  3133: 	BSR.s		GetFirst			* get two values for OR, AND or EOR
                            	  3134: 							* first in d0, and Itemp, second in d2
01:00082EC2 C082            	  3135: 	AND.l		d2,d0				* do AND
01:00082EC4 600003E0        	  3136: 	BRA		LAB_AYFC			* convert d0 to signed longword in FAC1 & RET
                            	  3137: 
                            	  3138: 
                            	  3139: *************************************************************************************
                            	  3140: *
                            	  3141: * get two values for OR, AND, EOR
                            	  3142: * first in d0, second in d2
                            	  3143: 
                            	  3144: GetFirst
01:00082EC8 61000228        	  3145: 	BSR		LAB_EVIR			* evaluate integer expression (no sign check)
                            	  3146: 							* result in d0 and Itemp
01:00082ECC 2400            	  3147: 	MOVE.l	d0,d2				* copy second value
01:00082ECE 61000CEA        	  3148: 	BSR		LAB_279B			* copy FAC2 to FAC1, get first value in
                            	  3149: 							* expression
01:00082ED2 6000021E        	  3150: 	BRA		LAB_EVIR			* evaluate integer expression (no sign check)
                            	  3151: 							* result in d0 and Itemp & return
                            	  3152: 
                            	  3153: 
                            	  3154: *************************************************************************************
                            	  3155: *
                            	  3156: * perform NOT
                            	  3157: 
                            	  3158: LAB_EQUAL
01:00082ED6 6100021A        	  3159: 	BSR		LAB_EVIR			* evaluate integer expression (no sign check)
                            	  3160: 							* result in d0 and Itemp
01:00082EDA 4680            	  3161: 	NOT.l		d0				* bitwise invert
01:00082EDC 600003C8        	  3162: 	BRA		LAB_AYFC			* convert d0 to signed longword in FAC1 & RET
                            	  3163: 
                            	  3164: 
                            	  3165: *************************************************************************************
                            	  3166: *
                            	  3167: * perform comparisons
                            	  3168: * do < compare
                            	  3169: 
                            	  3170: LAB_LTHAN
01:00082EE0 6100FD52        	  3171: 	BSR		LAB_CKTM			* type match check, set C for string
01:00082EE4 6506            	  3172: 	BCS.s		LAB_1CAE			* branch if string
                            	  3173: 
                            	  3174: 							* do numeric < compare
01:00082EE6 61000D3E        	  3175: 	BSR		LAB_27FA			* compare FAC1 with FAC2
                            	  3176: 							* returns d0=+1 if FAC1 > FAC2
                            	  3177: 							* returns d0= 0 if FAC1 = FAC2
                            	  3178: 							* returns d0=-1 if FAC1 < FAC2
01:00082EEA 6042            	  3179: 	BRA.s		LAB_1CF2			* process result
                            	  3180: 
                            	  3181: 							* do string < compare
                            	  3182: LAB_1CAE
01:00082EEC 177C000005B5    	  3183: 	MOVE.b	#$00,Dtypef(a3)		* clear data type, $80=string, $40=integer,
                            	  3184: 							* $00=float
01:00082EF2 610006B4        	  3185: 	BSR		LAB_22B6			* pop string off descriptor stack, or from top
                            	  3186: 							* of string space returns d0 = length,
                            	  3187: 							* a0 = pointer
01:00082EF6 2248            	  3188: 	MOVEA.l	a0,a1				* copy string 2 pointer
01:00082EF8 2200            	  3189: 	MOVE.l	d0,d1				* copy string 2 length
01:00082EFA 206B0598        	  3190: 	MOVEA.l	FAC2_m(a3),a0		* get string 1 descriptor pointer
01:00082EFE 610006AC        	  3191: 	BSR		LAB_22BA			* pop (a0) descriptor, returns with ..
                            	  3192: 							* d0 = length, a0 = pointer
01:00082F02 2400            	  3193: 	MOVE.l	d0,d2				* copy length
01:00082F04 6604            	  3194: 	BNE.s		LAB_1CB5			* branch if not null string
                            	  3195: 
01:00082F06 4A81            	  3196: 	TST.l		d1				* test if string 2 is null also
01:00082F08 6724            	  3197: 	BEQ.s		LAB_1CF2			* if so do string 1 = string 2
                            	  3198: 
                            	  3199: LAB_1CB5
01:00082F0A 9481            	  3200: 	SUB.l		d1,d2				* subtract string 2 length
01:00082F0C 670C            	  3201: 	BEQ.s		LAB_1CD5			* branch if strings = length
                            	  3202: 
01:00082F0E 6504            	  3203: 	BCS.s		LAB_1CD4			* branch if string 1 < string 2
                            	  3204: 
01:00082F10 70FF            	  3205: 	MOVEQ		#-1,d0			* set for string 1 > string 2
01:00082F12 6008            	  3206: 	BRA.s		LAB_1CD6			* go do character comapare
                            	  3207: 
                            	  3208: LAB_1CD4
01:00082F14 2200            	  3209: 	MOVE.l	d0,d1				* string 1 length is compare length
01:00082F16 7001            	  3210: 	MOVEQ		#1,d0				* and set for string 1 < string 2
01:00082F18 6002            	  3211: 	BRA.s		LAB_1CD6			* go do character comapare
                            	  3212: 
                            	  3213: LAB_1CD5
01:00082F1A 2002            	  3214: 	MOVE.l	d2,d0				* set for string 1 = string 2
                            	  3215: LAB_1CD6
01:00082F1C 5381            	  3216: 	SUBQ.l	#1,d1				* adjust length for DBcc loop
                            	  3217: 
                            	  3218: 							* d1 is length to compare, d0 is <=> for length
                            	  3219: 							* a0 is string 1 pointer, a1 is string 2 pointer
                            	  3220: LAB_1CE6
01:00082F1E B308            	  3221: 	CMPM.b	(a0)+,(a1)+			* compare string bytes (1 with 2)
01:00082F20 56C9FFFC        	  3222: 	DBNE		d1,LAB_1CE6			* loop if same and not end yet
                            	  3223: 
01:00082F24 6708            	  3224: 	BEQ.s		LAB_1CF2			* if = to here, then go use length compare
                            	  3225: 
01:00082F26 6404            	  3226: 	BCC.s		LAB_1CDB			* else branch if string 1 > string 2
                            	  3227: 
01:00082F28 70FF            	  3228: 	MOVEQ		#-1,d0			* else set for string 1 < string 2
01:00082F2A 6002            	  3229: 	BRA.s		LAB_1CF2			* go set result
                            	  3230: 
                            	  3231: LAB_1CDB
01:00082F2C 7001            	  3232: 	MOVEQ		#1,d0				* and set for string 1 > string 2
                            	  3233: 
                            	  3234: LAB_1CF2
01:00082F2E 5200            	  3235: 	ADDQ.b	#1,d0				* make result 0, 1 or 2
01:00082F30 1200            	  3236: 	MOVE.b	d0,d1				* copy to d1
01:00082F32 7001            	  3237: 	MOVEQ		#1,d0				* set d0 longword
01:00082F34 E338            	  3238: 	ROL.b		d1,d0				* make 1, 2 or 4 (result = flag bit)
01:00082F36 C02B05E1        	  3239: 	AND.b		Cflag(a3),d0		* AND with comparison evaluation flag
01:00082F3A 67000CD2        	  3240: 	BEQ		LAB_27DB			* exit if not a wanted result (i.e. false)
                            	  3241: 
01:00082F3E 70FF            	  3242: 	MOVEQ		#-1,d0			* else set -1 (true)
01:00082F40 60000CCC        	  3243: 	BRA		LAB_27DB			* save d0 as integer & return
                            	  3244: 
                            	  3245: 
                            	  3246: LAB_1CFE
01:00082F44 6100FE58        	  3247: 	BSR		LAB_1C01			* scan for ",", else do syntax error/warm start
                            	  3248: 
                            	  3249: 
                            	  3250: *************************************************************************************
                            	  3251: *
                            	  3252: * perform DIM
                            	  3253: 
                            	  3254: LAB_DIM
01:00082F48 72FF            	  3255: 	MOVEQ		#-1,d1			* set "DIM" flag
01:00082F4A 6170            	  3256: 	BSR.s		LAB_1D10			* search for or dimension a variable
01:00082F4C 6100FE5C        	  3257: 	BSR		LAB_GBYT			* scan memory
01:00082F50 66F2            	  3258: 	BNE.s		LAB_1CFE			* loop and scan for "," if not null
                            	  3259: 
01:00082F52 4E75            	  3260: 	RTS
                            	  3261: 
                            	  3262: 
                            	  3263: *************************************************************************************
                            	  3264: *
                            	  3265: * perform << (left shift)
                            	  3266: 
                            	  3267: LAB_LSHIFT
01:00082F54 612E            	  3268: 	BSR.s		GetPair			* get an integer and byte pair
                            	  3269: 							* byte is in d2, integer is in d0 and Itemp
01:00082F56 6708            	  3270: 	BEQ.s		NoShift			* branch if byte zero
                            	  3271: 
01:00082F58 B43C0020        	  3272: 	CMP.b		#$20,d2			* compare bit count with 32d
01:00082F5C 6420            	  3273: 	BCC.s		TooBig			* branch if >=
                            	  3274: 
01:00082F5E E5A0            	  3275: 	ASL.l		d2,d0				* shift longword
                            	  3276: NoShift
01:00082F60 60000344        	  3277: 	BRA		LAB_AYFC			* convert d0 to signed longword in FAC1 & RET
                            	  3278: 
                            	  3279: 
                            	  3280: *************************************************************************************
                            	  3281: *
                            	  3282: * perform >> (right shift)
                            	  3283: 
                            	  3284: LAB_RSHIFT
01:00082F64 611E            	  3285: 	BSR.s		GetPair			* get an integer and byte pair
                            	  3286: 							* byte is in d2, integer is in d0 and Itemp
01:00082F66 67F8            	  3287: 	BEQ.s		NoShift			* branch if byte zero
                            	  3288: 
01:00082F68 B43C0020        	  3289: 	CMP.b		#$20,d2			* compare bit count with 32d
01:00082F6C 650A            	  3290: 	BCS.s		Not2Big			* branch if >= (return shift)
                            	  3291: 
01:00082F6E 4A80            	  3292: 	TST.l		d0				* test sign bit
01:00082F70 6A0C            	  3293: 	BPL.s		TooBig			* branch if +ve
                            	  3294: 
01:00082F72 70FF            	  3295: 	MOVEQ		#-1,d0			* set longword
01:00082F74 60000330        	  3296: 	BRA		LAB_AYFC			* convert d0 to longword in FAC1 & RET
                            	  3297: 
                            	  3298: Not2Big
01:00082F78 E4A0            	  3299: 	ASR.l		d2,d0				* shift longword
01:00082F7A 6000032A        	  3300: 	BRA		LAB_AYFC			* convert d0 to longword in FAC1 & RET
                            	  3301: 
                            	  3302: TooBig
01:00082F7E 7000            	  3303: 	MOVEQ		#0,d0				* clear longword
01:00082F80 60000324        	  3304: 	BRA		LAB_AYFC			* convert d0 to longword in FAC1 & RET
                            	  3305: 
                            	  3306: 
                            	  3307: *************************************************************************************
                            	  3308: *
                            	  3309: * get an integer and byte pair
                            	  3310: * byte is in d2, integer is in d0 and Itemp
                            	  3311: 
                            	  3312: GetPair
01:00082F84 61000786        	  3313: 	BSR		LAB_EVBY			* evaluate byte expression, result in d0 and
                            	  3314: 							* Itemp
01:00082F88 1400            	  3315: 	MOVE.b	d0,d2				* save it
01:00082F8A 61000C2E        	  3316: 	BSR		LAB_279B			* copy FAC2 to FAC1, get first value in
                            	  3317: 							* expression
01:00082F8E 61000162        	  3318: 	BSR		LAB_EVIR			* evaluate integer expression (no sign check)
                            	  3319: 							* result in d0 and Itemp
01:00082F92 4A02            	  3320: 	TST.b		d2				* test byte value
01:00082F94 4E75            	  3321: 	RTS
                            	  3322: 
                            	  3323: 
                            	  3324: *************************************************************************************
                            	  3325: *
                            	  3326: * check alpha, return C=0 if<"A" or >"Z" or <"a" to "z">
                            	  3327: 
                            	  3328: LAB_CASC
01:00082F96 B03C0061        	  3329: 	CMP.b		#$61,d0			* compare with "a"
01:00082F9A 6410            	  3330: 	BCC.s		LAB_1D83			* if >="a" go check =<"z"
                            	  3331: 
                            	  3332: 
                            	  3333: *************************************************************************************
                            	  3334: *
                            	  3335: * check alpha upper case, return C=0 if<"A" or >"Z"
                            	  3336: 
                            	  3337: LAB_CAUC
01:00082F9C B03C0041        	  3338: 	CMP.b		#$41,d0			* compare with "A"
01:00082FA0 6404            	  3339: 	BCC.s		LAB_1D8A			* if >="A" go check =<"Z"
                            	  3340: 
01:00082FA2 8040            	  3341: 	OR		d0,d0				* make C=0
01:00082FA4 4E75            	  3342: 	RTS
                            	  3343: 
                            	  3344: LAB_1D8A
01:00082FA6 B03C005B        	  3345: 	CMP.b		#$5B,d0			* compare with "Z"+1
                            	  3346: 							* carry set if byte<="Z"
01:00082FAA 4E75            	  3347: 	RTS
                            	  3348: 
                            	  3349: LAB_1D83
01:00082FAC B03C007B        	  3350: 	CMP.b		#$7B,d0			* compare with "z"+1
                            	  3351: 							* carry set if byte<="z"
01:00082FB0 4E75            	  3352: 	RTS
                            	  3353: 
                            	  3354: 
                            	  3355: *************************************************************************************
                            	  3356: *
                            	  3357: * search for or create variable. this is used to automatically create a variable if
                            	  3358: * it is not found. any routines that need to create the variable call LAB_GVAR via
                            	  3359: * this point and error generation is supressed and the variable will be created
                            	  3360: *
                            	  3361: * return pointer to variable in Cvaral and a0
                            	  3362: * set data type to variable type
                            	  3363: 
                            	  3364: LAB_SVAR
01:00082FB2 6102            	  3365: 	BSR.s		LAB_GVAR			* search for variable
                            	  3366: LAB_FVAR
01:00082FB4 4E75            	  3367: 	RTS
                            	  3368: 
                            	  3369: 
                            	  3370: *************************************************************************************
                            	  3371: *
                            	  3372: * search for variable. if this routine is called from anywhere but the above call and
                            	  3373: * the variable searched for does not exist then an error will be returned
                            	  3374: *
                            	  3375: * DIM flag is in d1.b
                            	  3376: * return pointer to variable in Cvaral and a0
                            	  3377: * set data type to variable type
                            	  3378: 
                            	  3379: LAB_GVAR
01:00082FB6 7200            	  3380: 	MOVEQ		#$00,d1			* set DIM flag = $00
01:00082FB8 6100FDF0        	  3381: 	BSR		LAB_GBYT			* scan memory (1st character)
                            	  3382: LAB_1D10
01:00082FBC 174105B4        	  3383: 	MOVE.b	d1,Defdim(a3)		* save DIM flag
                            	  3384: 
                            	  3385: * search for FN name entry point
                            	  3386: 
                            	  3387: LAB_1D12
01:00082FC0 61D4            	  3388: 	BSR.s		LAB_CASC			* check byte, return C=0 if<"A" or >"Z"
01:00082FC2 6400F1A8        	  3389: 	BCC		LAB_SNER			* if not, syntax error then warm start
                            	  3390: 
                            	  3391: 							* it is a variable name so ...
01:00082FC6 7200            	  3392: 	MOVEQ		#$0,d1			* set index for name byte
01:00082FC8 41EB046A        	  3393: 	LEA		Varname(a3),a0		* pointer to variable name
01:00082FCC 2081            	  3394: 	MOVE.l	d1,(a0)			* clear the variable name
01:00082FCE 174105B5        	  3395: 	MOVE.b	d1,Dtypef(a3)		* clear the data type, $80=string, $40=integer,
                            	  3396: 							* $00=float
                            	  3397: 
                            	  3398: LAB_1D2D
01:00082FD2 B27C0004        	  3399: 	CMP.w		#$04,d1			* done all significant characters?
01:00082FD6 6406            	  3400: 	BCC.s		LAB_1D2E			* if so go ignore any more
                            	  3401: 
01:00082FD8 11801000        	  3402: 	MOVE.b	d0,(a0,d1.w)		* save the character
01:00082FDC 5241            	  3403: 	ADDQ.w	#1,d1				* increment index
                            	  3404: LAB_1D2E
01:00082FDE 6100FDC8        	  3405: 	BSR		LAB_IGBY			* increment & scan memory (next character)
01:00082FE2 65EE            	  3406: 	BCS.s		LAB_1D2D			* branch if character = "0"-"9" (ok)
                            	  3407: 
                            	  3408: 							* character wasn't "0" to "9" so ...
01:00082FE4 61B0            	  3409: 	BSR.s		LAB_CASC			* check byte, return C=0 if<"A" or >"Z"
01:00082FE6 65EA            	  3410: 	BCS.s		LAB_1D2D			* branch if = "A"-"Z" (ok)
                            	  3411: 
                            	  3412: 							* check if string variable
01:00082FE8 B03C0024        	  3413: 	CMP.b		#'$',d0			* compare with "$"
01:00082FEC 660C            	  3414: 	BNE.s		LAB_1D44			* branch if not string
                            	  3415: 
                            	  3416: 							* type is string
01:00082FEE 002B0080046B    	  3417: 	OR.b		#$80,Varname+1(a3)	* set top bit of 2nd character, indicate string
01:00082FF4 6100FDB2        	  3418: 	BSR		LAB_IGBY			* increment & scan memory
01:00082FF8 6010            	  3419: 	BRA.s		LAB_1D45			* skip integer check
                            	  3420: 
                            	  3421: 							* check if integer variable
                            	  3422: LAB_1D44
01:00082FFA B03C0026        	  3423: 	CMP.b		#'&',d0			* compare with "&"
01:00082FFE 660A            	  3424: 	BNE.s		LAB_1D45			* branch if not integer
                            	  3425: 
                            	  3426: 							* type is integer
01:00083000 002B0080046C    	  3427: 	OR.b		#$80,Varname+2(a3)	* set top bit of 3rd character, indicate integer
01:00083006 6100FDA0        	  3428: 	BSR		LAB_IGBY			* increment & scan memory
                            	  3429: 
                            	  3430: * after we have determined the variable type we need to determine
                            	  3431: * if it's an array of type
                            	  3432: 
                            	  3433: 							* gets here with character after var name in d0
                            	  3434: LAB_1D45
01:0008300A 4A2B05DF        	  3435: 	TST.b		Sufnxf(a3)			* test function name flag
01:0008300E 670E            	  3436: 	BEQ.s		LAB_1D48			* if not FN or FN variable continue
                            	  3437: 
01:00083010 6A14            	  3438: 	BPL.s		LAB_1D49			* if FN variable go find or create it
                            	  3439: 
                            	  3440: 							* else was FN name
01:00083012 202B046A        	  3441: 	MOVE.l	Varname(a3),d0		* get whole function name
01:00083016 7208            	  3442: 	MOVEQ		#8,d1				* set step to next function size -4
01:00083018 41EB0432        	  3443: 	LEA		Sfncl(a3),a0		* get pointer to start of functions
01:0008301C 601C            	  3444: 	BRA.s		LAB_1D4B			* go find function
                            	  3445: 
                            	  3446: LAB_1D48
01:0008301E 903C0028        	  3447: 	SUB.b		#'(',d0			* subtract "("
01:00083022 670000F4        	  3448: 	BEQ		LAB_1E17			* if "(" go find, or make, array
                            	  3449: 
                            	  3450: * either find or create var
                            	  3451: * var name (1st four characters only!) is in Varname
                            	  3452: 
                            	  3453: 							* variable name wasn't var( .. so look for
                            	  3454: 							* plain variable
                            	  3455: LAB_1D49
01:00083026 202B046A        	  3456: 	MOVE.l	Varname(a3),d0		* get whole variable name
                            	  3457: LAB_1D4A
01:0008302A 7204            	  3458: 	MOVEQ		#4,d1				* set step to next variable size -4
01:0008302C 41EB0436        	  3459: 	LEA		Svarl(a3),a0		* get pointer to start of variables
                            	  3460: 
01:00083030 08000017        	  3461: 	BTST.l	#23,d0			* test if string name
01:00083034 6704            	  3462: 	BEQ.s		LAB_1D4B			* branch if not
                            	  3463: 
01:00083036 5441            	  3464: 	ADDQ.w	#2,d1				* 6 bytes per string entry
01:00083038 5848            	  3465: 	ADDQ.w	#(Sstrl-Svarl),a0		* move to string area
                            	  3466: 
                            	  3467: LAB_1D4B
01:0008303A 22680004        	  3468: 	MOVEA.l	4(a0),a1			* get end address
01:0008303E 2050            	  3469: 	MOVEA.l	(a0),a0			* get start address
01:00083040 6006            	  3470: 	BRA.s		LAB_1D5E			* enter loop at exit check
                            	  3471: 
                            	  3472: LAB_1D5D
01:00083042 B098            	  3473: 	CMP.l		(a0)+,d0			* compare this variable with name
01:00083044 6776            	  3474: 	BEQ.s		LAB_1DD7			* branch if match (found var)
                            	  3475: 
01:00083046 D1C1            	  3476: 	ADDA.l	d1,a0				* add offset to next variable
                            	  3477: LAB_1D5E
01:00083048 B1C9            	  3478: 	CMPA.l	a1,a0				* compare address with variable space end
01:0008304A 66F6            	  3479: 	BNE.s		LAB_1D5D			* if not end go check next
                            	  3480: 
01:0008304C 4A2B05DF        	  3481: 	TST.b		Sufnxf(a3)			* is it a function or function variable
01:00083050 660A            	  3482: 	BNE.s		LAB_1D94			* if was go do DEF or function variable
                            	  3483: 
                            	  3484: 							* reached end of variable mem without match
                            	  3485: 							* ... so create new variable, possibly
                            	  3486: 
01:00083052 45FAFF60        	  3487: 	LEA		LAB_FVAR(pc),a2		* get the address of the create if doesn't
                            	  3488: 							* exist call to LAB_GVAR
01:00083056 B5D7            	  3489: 	CMPA.l	(sp),a2			* compare the return address with expected
01:00083058 6600F0CE        	  3490: 	BNE		LAB_UVER			* if not create go do error or return null
                            	  3491: 
                            	  3492: * this will only branch if the call to LAB_GVAR wasn't from LAB_SVAR
                            	  3493: 
                            	  3494: LAB_1D94
01:0008305C 082B000005DF    	  3495: 	BTST.b	#0,Sufnxf(a3)		* test function search flag
01:00083062 6600F0CC        	  3496: 	BNE		LAB_UFER			* if not doing DEF then go do undefined
                            	  3497: 							* function error
                            	  3498: 
                            	  3499: 							* else create new variable/function
                            	  3500: LAB_1D98
01:00083066 246B0442        	  3501: 	MOVEA.l	Earryl(a3),a2		* get end of block to move
01:0008306A 240A            	  3502: 	MOVE.l	a2,d2				* copy end of block to move
01:0008306C 9489            	  3503: 	SUB.l		a1,d2				* calculate block to move size
                            	  3504: 
01:0008306E 204A            	  3505: 	MOVEA.l	a2,a0				* copy end of block to move
01:00083070 5881            	  3506: 	ADDQ.l	#4,d1				* space for one variable/function + name
01:00083072 D5C1            	  3507: 	ADDA.l	d1,a2				* add space for one variable/function
01:00083074 274A0442        	  3508: 	MOVE.l	a2,Earryl(a3)		* set new array mem end
01:00083078 E28A            	  3509: 	LSR.l		#1,d2				* /2 for word copy
01:0008307A 6712            	  3510: 	BEQ.s		LAB_1DAF			* skip move if zero length block
                            	  3511: 
01:0008307C 5382            	  3512: 	SUBQ.l	#1,d2				* -1 for DFB loop
01:0008307E 4842            	  3513: 	SWAP		d2				* swap high word to low word
                            	  3514: LAB_1DAC
01:00083080 4842            	  3515: 	SWAP		d2				* swap high word to low word
                            	  3516: LAB_1DAE
01:00083082 3520            	  3517: 	MOVE.w	-(a0),-(a2)			* copy word
01:00083084 51CAFFFC        	  3518: 	DBF		d2,LAB_1DAE			* loop until done
                            	  3519: 
01:00083088 4842            	  3520: 	SWAP		d2				* swap high word to low word
01:0008308A 51CAFFF4        	  3521: 	DBF		d2,LAB_1DAC			* decrement high count and loop until done
                            	  3522: 
                            	  3523: * get here after creating either a function, variable or string
                            	  3524: * if function set variables start, string start, array start
                            	  3525: * if variable set string start, array start
                            	  3526: * if string set array start
                            	  3527: 
                            	  3528: LAB_1DAF
01:0008308E 4A2B05DF        	  3529: 	TST.b		Sufnxf(a3)			* was it function
01:00083092 6B08            	  3530: 	BMI.s		LAB_1DB0			* branch if was FN
                            	  3531: 
01:00083094 08000017        	  3532: 	BTST.l	#23,d0			* was it string
01:00083098 660A            	  3533: 	BNE.s		LAB_1DB2			* branch if string
                            	  3534: 
01:0008309A 6004            	  3535: 	BRA.s		LAB_1DB1			* branch if was plain variable
                            	  3536: 
                            	  3537: LAB_1DB0
01:0008309C D3AB0436        	  3538: 	ADD.l		d1,Svarl(a3)		* set new variable memory start
                            	  3539: LAB_1DB1
01:000830A0 D3AB043A        	  3540: 	ADD.l		d1,Sstrl(a3)		* set new start of strings
                            	  3541: LAB_1DB2
01:000830A4 D3AB043E        	  3542: 	ADD.l		d1,Sarryl(a3)		* set new array memory start
01:000830A8 20C0            	  3543: 	MOVE.l	d0,(a0)+			* save variable/function name
01:000830AA 20BC00000000    	  3544: 	MOVE.l	#$00,(a0)			* initialise variable
01:000830B0 08000017        	  3545: 	BTST.l	#23,d0			* was it string
01:000830B4 6706            	  3546: 	BEQ.s		LAB_1DD7			* branch if not string
                            	  3547: 
01:000830B6 317C00000004    	  3548: 	MOVE.w	#$00,4(a0)			* else initialise string length
                            	  3549: 
                            	  3550: 							* found a match for var ((Vrschl) = ptr)
                            	  3551: LAB_1DD7
01:000830BC 2200            	  3552: 	MOVE.l	d0,d1				* ........ $....... &....... ........
01:000830BE D281            	  3553: 	ADD.l		d1,d1				* .......$ .......& ........ .......0
01:000830C0 4841            	  3554: 	SWAP		d1				* ........ .......0 .......$ .......&
01:000830C2 E219            	  3555: 	ROR.b		#1,d1				* ........ .......0 .......$ &.......
01:000830C4 E249            	  3556: 	LSR.w		#1,d1				* ........ .......0 0....... $&.....­.
01:000830C6 C23C00C0        	  3557: 	AND.b		#$C0,d1			* mask the type bits
01:000830CA 174105B5        	  3558: 	MOVE.b	d1,Dtypef(a3)		* save the data type
                            	  3559: 
01:000830CE 177C000005DF    	  3560: 	MOVE.b	#$00,Sufnxf(a3)		* clear FN flag byte
                            	  3561: 
                            	  3562: * if you want a non existant variable to return a null value then set the novar
                            	  3563: * value at the top of this file to some non zero value
                            	  3564: 
                            	  3565:  ifne	novar
                            	  3566: 
                            	  3567: 	MOVEQ		#-1,d0			* return variable found
                            	  3568: 
                            	  3569:  endc
                            	  3570: 
01:000830D4 4E75            	  3571: 	RTS
                            	  3572: 
                            	  3573: 
                            	  3574: *************************************************************************************
                            	  3575: *
                            	  3576: * set-up array pointer, d0, to first element in array
                            	  3577: * set d0 to (a0)+2*(Dimcnt)+$0A
                            	  3578: 
                            	  3579: LAB_1DE6
01:000830D6 7005            	  3580: 	MOVEQ		#5,d0				* set d0 to 5 (*2 = 10, later)
01:000830D8 D02B05DB        	  3581: 	ADD.b		Dimcnt(a3),d0		* add # of dimensions (1, 2 or 3)
01:000830DC D080            	  3582: 	ADD.l		d0,d0				* *2 (bytes per dimension size)
01:000830DE D088            	  3583: 	ADD.l		a0,d0				* add array start pointer
01:000830E0 4E75            	  3584: 	RTS
                            	  3585: 
                            	  3586: 
                            	  3587: *************************************************************************************
                            	  3588: *
                            	  3589: * evaluate unsigned integer expression
                            	  3590: 
                            	  3591: LAB_EVIN
01:000830E2 6100FCC4        	  3592: 	BSR		LAB_IGBY			* increment & scan memory
01:000830E6 6100FB48        	  3593: 	BSR		LAB_EVNM			* evaluate expression & check is numeric,
                            	  3594: 							* else do type mismatch
                            	  3595: 
                            	  3596: 
                            	  3597: *************************************************************************************
                            	  3598: *
                            	  3599: * evaluate positive integer expression, result in d0 and Itemp
                            	  3600: 
                            	  3601: LAB_EVPI
01:000830EA 4A2B0595        	  3602: 	TST.b		FAC1_s(a3)			* test FAC1 sign (b7)
01:000830EE 6B00F070        	  3603: 	BMI		LAB_FCER			* do function call error if -ve
                            	  3604: 
                            	  3605: 
                            	  3606: *************************************************************************************
                            	  3607: *
                            	  3608: * evaluate integer expression, no sign check
                            	  3609: * result in d0 and Itemp, exit with flags set correctly
                            	  3610: 
                            	  3611: LAB_EVIR
01:000830F2 0C2B00A00594    	  3612: 	CMPI.b	#$A0,FAC1_e(a3)		* compare exponent with exponent = 2^32 (n>2^31)
01:000830F8 65000B58        	  3613: 	BCS		LAB_2831			* convert FAC1 floating to fixed
                            	  3614: 							* result in d0 and Itemp
01:000830FC 6600F062        	  3615: 	BNE		LAB_FCER			* if > do function call error, then warm start
                            	  3616: 
01:00083100 4A2B0595        	  3617: 	TST.b		FAC1_s(a3)			* test sign of FAC1
01:00083104 6A000B4C        	  3618: 	BPL		LAB_2831			* if +ve then ok
                            	  3619: 
01:00083108 202B0590        	  3620: 	MOVE.l	FAC1_m(a3),d0		* get mantissa
01:0008310C 4480            	  3621: 	NEG.l		d0				* do -d0
01:0008310E 6800F050        	  3622: 	BVC		LAB_FCER			* if not $80000000 do FC error, then warm start
                            	  3623: 
01:00083112 2740042A        	  3624: 	MOVE.l	d0,Itemp(a3)		* else just set it
01:00083116 4E75            	  3625: 	RTS
                            	  3626: 
                            	  3627: 
                            	  3628: *************************************************************************************
                            	  3629: *
                            	  3630: * find or make array
                            	  3631: 
                            	  3632: LAB_1E17
01:00083118 3F2B05B4        	  3633: 	MOVE.w	Defdim(a3),-(sp)		* get DIM flag and data type flag (word in mem)
01:0008311C 7200            	  3634: 	MOVEQ		#0,d1				* clear dimensions count
                            	  3635: 
                            	  3636: * now get the array dimension(s) and stack it (them) before the data type and DIM flag
                            	  3637: 
                            	  3638: LAB_1E1F
01:0008311E 3F01            	  3639: 	MOVE.w	d1,-(sp)			* save dimensions count
01:00083120 2F2B046A        	  3640: 	MOVE.l	Varname(a3),-(sp)		* save variable name
01:00083124 61BC            	  3641: 	BSR.s		LAB_EVIN			* evaluate integer expression
                            	  3642: 
01:00083126 4840            	  3643: 	SWAP		d0				* swap high word to low word
01:00083128 4A40            	  3644: 	TST.w		d0				* test swapped high word
01:0008312A 6600F024        	  3645: 	BNE		LAB_ABER			* if too big do array bounds error
                            	  3646: 
01:0008312E 275F046A        	  3647: 	MOVE.l	(sp)+,Varname(a3)		* restore variable name
01:00083132 321F            	  3648: 	MOVE.w	(sp)+,d1			* restore dimensions count
01:00083134 301F            	  3649: 	MOVE.w	(sp)+,d0			* restore DIM and data type flags
01:00083136 3F2B042C        	  3650: 	MOVE.w	Itemp+2(a3),-(sp)		* stack this dimension size
01:0008313A 3F00            	  3651: 	MOVE.w	d0,-(sp)			* save DIM and data type flags
01:0008313C 5241            	  3652: 	ADDQ.w	#1,d1				* increment dimensions count
01:0008313E 6100FC6A        	  3653: 	BSR		LAB_GBYT			* scan memory
01:00083142 B03C002C        	  3654: 	CMP.b		#$2C,d0			* compare with ","
01:00083146 67D6            	  3655: 	BEQ.s		LAB_1E1F			* if found go do next dimension
                            	  3656: 
01:00083148 174105DB        	  3657: 	MOVE.b	d1,Dimcnt(a3)		* store dimensions count
01:0008314C 6100FC48        	  3658: 	BSR		LAB_1BFB			* scan for ")", else do syntax error/warm start
01:00083150 375F05B4        	  3659: 	MOVE.w	(sp)+,Defdim(a3)		* restore DIM and data type flags (word in mem)
01:00083154 206B043E        	  3660: 	MOVEA.l	Sarryl(a3),a0		* get array mem start
                            	  3661: 
                            	  3662: * now check to see if we are at the end of array memory (we would be if there were
                            	  3663: * no arrays).
                            	  3664: 
                            	  3665: LAB_1E5C
01:00083158 274805AC        	  3666: 	MOVE.l	a0,Astrtl(a3)		* save as array start pointer
01:0008315C B1EB0442        	  3667: 	CMPA.l	Earryl(a3),a0		* compare with array mem end
01:00083160 672E            	  3668: 	BEQ.s		LAB_1EA1			* go build array if not found
                            	  3669: 
                            	  3670: 							* search for array
01:00083162 2010            	  3671: 	MOVE.l	(a0),d0			* get this array name
01:00083164 B0AB046A        	  3672: 	CMP.l		Varname(a3),d0		* compare with array name
01:00083168 670A            	  3673: 	BEQ.s		LAB_1E8D			* array found so branch
                            	  3674: 
                            	  3675: 							* no match
01:0008316A 20680004        	  3676: 	MOVEA.l	4(a0),a0			* get this array size
01:0008316E D1EB05AC        	  3677: 	ADDA.l	Astrtl(a3),a0		* add to array start pointer
01:00083172 60E4            	  3678: 	BRA.s		LAB_1E5C			* go check next array
                            	  3679: 
                            	  3680: 							* found array, are we trying to dimension it?
                            	  3681: LAB_1E8D
01:00083174 4A2B05B4        	  3682: 	TST.b		Defdim(a3)			* are we trying to dimension it?
01:00083178 6600EFD2        	  3683: 	BNE		LAB_DDER			* if so do double dimension error/warm start
                            	  3684: 
                            	  3685: * found the array and we're not dimensioning it so we must find an element in it
                            	  3686: 
01:0008317C 6100FF58        	  3687: 	BSR		LAB_1DE6			* set data pointer, d0, to the first element
                            	  3688: 							* in the array
01:00083180 5048            	  3689: 	ADDQ.w	#8,a0				* index to dimension count
01:00083182 3018            	  3690: 	MOVE.w	(a0)+,d0			* get no of dimensions
01:00083184 B02B05DB        	  3691: 	CMP.b		Dimcnt(a3),d0		* compare with dimensions count
01:00083188 67000094        	  3692: 	BEQ		LAB_1F28			* found array so go get element
                            	  3693: 
01:0008318C 6000EF92        	  3694: 	BRA		LAB_WDER			* else wrong so do "Wrong dimensions" error
                            	  3695: 
                            	  3696: 							* array not found, so possibly build it
                            	  3697: LAB_1EA1
01:00083190 4A2B05B4        	  3698: 	TST.b		Defdim(a3)			* test the default DIM flag
01:00083194 6700EF8E        	  3699: 	BEQ		LAB_UDER			* if default flag is clear then we are not
                            	  3700: 							* explicitly dimensioning an array so go
                            	  3701: 							* do an "Undimensioned array" error
                            	  3702: 
01:00083198 6100FF3C        	  3703: 	BSR		LAB_1DE6			* set data pointer, d0, to the first element
                            	  3704: 							* in the array
01:0008319C 202B046A        	  3705: 	MOVE.l	Varname(a3),d0		* get array name
01:000831A0 20C0            	  3706: 	MOVE.l	d0,(a0)+			* save array name
01:000831A2 7204            	  3707: 	MOVEQ		#4,d1				* set 4 bytes per element
01:000831A4 08000017        	  3708: 	BTST.l	#23,d0			* test if string array
01:000831A8 6702            	  3709: 	BEQ.s		LAB_1EDF			* branch if not string
                            	  3710: 
01:000831AA 7206            	  3711: 	MOVEQ		#6,d1				* else 6 bytes per element
                            	  3712: LAB_1EDF
01:000831AC 274105A8        	  3713: 	MOVE.l	d1,Asptl(a3)		* set array data size (bytes per element)
01:000831B0 122B05DB        	  3714: 	MOVE.b	Dimcnt(a3),d1		* get dimensions count
01:000831B4 5848            	  3715: 	ADDQ.w	#4,a0				* skip the array size now (don't know it yet!)
01:000831B6 30C1            	  3716: 	MOVE.w	d1,(a0)+			* set array's dimensions count
                            	  3717: 
                            	  3718: * now calculate the array data space size
                            	  3719: 
                            	  3720: LAB_1EC0
                            	  3721: 
                            	  3722: * If you want arrays to dimension themselves by default then comment out the test
                            	  3723: * above and uncomment the next three code lines and the label LAB_1ED0
                            	  3724: 
                            	  3725: *	MOVE.w	#$0A,d1			* set default dimension value, allow 0 to 9
                            	  3726: *	TST.b		Defdim(a3)			* test default DIM flag
                            	  3727: *	BNE.s		LAB_1ED0			* branch if b6 of Defdim is clear
                            	  3728: 
01:000831B8 321F            	  3729: 	MOVE.w	(sp)+,d1			* get dimension size
                            	  3730: *LAB_1ED0
01:000831BA 30C1            	  3731: 	MOVE.w	d1,(a0)+			* save to array header
01:000831BC 610000AE        	  3732: 	BSR		LAB_1F7C			* do this dimension size+1 * array size
                            	  3733: 							* (d1+1)*(Asptl), result in d0
01:000831C0 274005A8        	  3734: 	MOVE.l	d0,Asptl(a3)		* save array data size
01:000831C4 532B05DB        	  3735: 	SUBQ.b	#1,Dimcnt(a3)		* decrement dimensions count
01:000831C8 66EE            	  3736: 	BNE.s		LAB_1EC0			* loop while not = 0
                            	  3737: 
01:000831CA D1EB05A8        	  3738: 	ADDA.l	Asptl(a3),a0		* add size to first element address
01:000831CE 6500EF88        	  3739: 	BCS		LAB_OMER			* if overflow go do "Out of memory" error
                            	  3740: 
01:000831D2 B1EB0446        	  3741: 	CMPA.l	Sstorl(a3),a0		* compare with bottom of string memory
01:000831D6 650C            	  3742: 	BCS.s		LAB_1ED6			* branch if less (is ok)
                            	  3743: 
01:000831D8 6100028E        	  3744: 	BSR		LAB_GARB			* do garbage collection routine
01:000831DC B1EB0446        	  3745: 	CMPA.l	Sstorl(a3),a0		* compare with bottom of string memory
01:000831E0 6400EF76        	  3746: 	BCC		LAB_OMER			* if Sstorl <= a0 do "Out of memory"
                            	  3747: 							* error then warm start
                            	  3748: 
                            	  3749: LAB_1ED6						* ok exit, carry set
01:000831E4 27480442        	  3750: 	MOVE.l	a0,Earryl(a3)		* save array mem end
01:000831E8 7000            	  3751: 	MOVEQ		#0,d0				* zero d0
01:000831EA 222B05A8        	  3752: 	MOVE.l	Asptl(a3),d1		* get size in bytes
01:000831EE E289            	  3753: 	LSR.l		#1,d1				* /2 for word fill (may be odd # words)
01:000831F0 5341            	  3754: 	SUBQ.w	#1,d1				* adjust for DBF loop
                            	  3755: LAB_1ED8
01:000831F2 3100            	  3756: 	MOVE.w	d0,-(a0)			* decrement pointer and clear word
01:000831F4 51C9FFFC        	  3757: 	DBF		d1,LAB_1ED8			* decrement & loop until low word done
                            	  3758: 
01:000831F8 4841            	  3759: 	SWAP		d1				* swap words
01:000831FA 4A41            	  3760: 	TST.w		d1				* test high word
01:000831FC 6706            	  3761: 	BEQ.s		LAB_1F07			* exit if done
                            	  3762: 
01:000831FE 5341            	  3763: 	SUBQ.w	#1,d1				* decrement low (high) word
01:00083200 4841            	  3764: 	SWAP		d1				* swap back
01:00083202 60EE            	  3765: 	BRA.s		LAB_1ED8			* go do a whole block
                            	  3766: 
                            	  3767: * now we need to calculate the array size by doing Earryl - Astrtl
                            	  3768: 
                            	  3769: LAB_1F07
01:00083204 206B05AC        	  3770: 	MOVEA.l	Astrtl(a3),a0		* get for calculation and as pointer
01:00083208 202B0442        	  3771: 	MOVE.l	Earryl(a3),d0		* get array memory end
01:0008320C 9088            	  3772: 	SUB.l		a0,d0				* calculate array size
01:0008320E 21400004        	  3773: 	MOVE.l	d0,4(a0)			* save size to array
01:00083212 4A2B05B4        	  3774: 	TST.b		Defdim(a3)			* test default DIM flag
01:00083216 6652            	  3775: 	BNE.s		RTS_011			* exit (RET) if this was a DIM command
                            	  3776: 
                            	  3777: 							* else, find element
01:00083218 5048            	  3778: 	ADDQ.w	#8,a0				* index to dimension count
01:0008321A 375805DB        	  3779: 	MOVE.w	(a0)+,Dimcnt(a3)		* get array's dimension count
                            	  3780: 
                            	  3781: * we have found, or built, the array. now we need to find the element
                            	  3782: 
                            	  3783: LAB_1F28
01:0008321E 7000            	  3784: 	MOVEQ		#0,d0				* clear first result
01:00083220 274005A8        	  3785: 	MOVE.l	d0,Asptl(a3)		* clear array data pointer
                            	  3786: 
                            	  3787: * compare nth dimension bound (a0) with nth index (sp)+
                            	  3788: * if greater do array bounds error
                            	  3789: 
                            	  3790: LAB_1F2C
01:00083224 3218            	  3791: 	MOVE.w	(a0)+,d1			* get nth dimension bound
01:00083226 B257            	  3792: 	CMP.w		(sp),d1			* compare nth index with nth dimension bound
01:00083228 6500EF26        	  3793: 	BCS		LAB_ABER			* if d1 less or = do array bounds error
                            	  3794: 
                            	  3795: * now do pointer = pointer * nth dimension + nth index
                            	  3796: 
01:0008322C 4A80            	  3797: 	TST.l		d0				* test pointer
01:0008322E 6702            	  3798: 	BEQ.s		LAB_1F5A			* skip multiply if last result = null
                            	  3799: 
01:00083230 613A            	  3800: 	BSR.s		LAB_1F7C			* do this dimension size+1 * array size
                            	  3801: LAB_1F5A
01:00083232 7200            	  3802: 	MOVEQ		#0,d1				* clear longword
01:00083234 321F            	  3803: 	MOVE.w	(sp)+,d1			* get nth dimension index
01:00083236 D081            	  3804: 	ADD.l		d1,d0				* add index to size
01:00083238 274005A8        	  3805: 	MOVE.l	d0,Asptl(a3)		* save array data pointer
                            	  3806: 
01:0008323C 532B05DB        	  3807: 	SUBQ.b	#1,Dimcnt(a3)		* decrement dimensions count
01:00083240 66E2            	  3808: 	BNE.s		LAB_1F2C			* loop if dimensions still to do
                            	  3809: 
01:00083242 177C000005B5    	  3810: 	MOVE.b	#0,Dtypef(a3)		* set data type to float
01:00083248 7203            	  3811: 	MOVEQ		#3,d1				* set for numeric array
01:0008324A 4A2B046B        	  3812: 	TST.b		Varname+1(a3)		* test if string array
01:0008324E 6A0A            	  3813: 	BPL.s		LAB_1F6A			* branch if not string
                            	  3814: 
01:00083250 7205            	  3815: 	MOVEQ		#5,d1				* else set for string array
01:00083252 177C008005B5    	  3816: 	MOVE.b	#$80,Dtypef(a3)		* and set data type to string
01:00083258 600C            	  3817: 	BRA.s		LAB_1F6B			* skip integer test
                            	  3818: 
                            	  3819: LAB_1F6A
01:0008325A 4A2B046C        	  3820: 	TST.b		Varname+2(a3)		* test if integer array
01:0008325E 6A06            	  3821: 	BPL.s		LAB_1F6B			* branch if not integer
                            	  3822: 
01:00083260 177C004005B5    	  3823: 	MOVE.b	#$40,Dtypef(a3)		* else set data type to integer
                            	  3824: LAB_1F6B
01:00083266 6104            	  3825: 	BSR.s		LAB_1F7C			* do element size (d1) * array size (Asptl)
01:00083268 D1C0            	  3826: 	ADDA.l	d0,a0				* add array data start pointer
                            	  3827: RTS_011
01:0008326A 4E75            	  3828: 	RTS
                            	  3829: 
                            	  3830: 
                            	  3831: *************************************************************************************
                            	  3832: *
                            	  3833: * do this dimension size (d1) * array data size (Asptl)
                            	  3834: 
                            	  3835: * do a 16 x 32 bit multiply
                            	  3836: * d1 holds the 16 bit multiplier
                            	  3837: * Asptl holds the 32 bit multiplicand
                            	  3838: 
                            	  3839: * d0	bbbb  bbbb
                            	  3840: * d1	0000  aaaa
                            	  3841: *	----------
                            	  3842: * d0	rrrr  rrrr
                            	  3843: 
                            	  3844: LAB_1F7C
01:0008326C 202B05A8        	  3845: 	MOVE.l	Asptl(a3),d0		* get result
01:00083270 2400            	  3846: 	MOVE.l	d0,d2				* copy it
01:00083272 4842            	  3847: 	SWAP		d2				* shift high word to low word
01:00083274 C0C1            	  3848: 	MULU.w	d1,d0				* d1 * low word = low result
01:00083276 C4C1            	  3849: 	MULU.w	d1,d2				* d1 * high word = high result
01:00083278 4842            	  3850: 	SWAP		d2				* align words for test
01:0008327A 4A42            	  3851: 	TST.w		d2				* must be zero
01:0008327C 6600EEDA        	  3852: 	BNE		LAB_OMER			* if overflow go do "Out of memory" error
                            	  3853: 
01:00083280 D082            	  3854: 	ADD.l		d2,d0				* calculate result
01:00083282 6500EED4        	  3855: 	BCS		LAB_OMER			* if overflow go do "Out of memory" error
                            	  3856: 
01:00083286 D0AB05A8        	  3857: 	ADD.l		Asptl(a3),d0		* add original
01:0008328A 6500EECC        	  3858: 	BCS		LAB_OMER			* if overflow go do "Out of memory" error
                            	  3859: 
01:0008328E 4E75            	  3860: 	RTS
                            	  3861: 
                            	  3862: 
                            	  3863: *************************************************************************************
                            	  3864: *
                            	  3865: * perform FRE()
                            	  3866: 
                            	  3867: LAB_FRE
01:00083290 4A2B05B5        	  3868: 	TST.b		Dtypef(a3)			* test data type, $80=string, $40=integer,
                            	  3869: 							* $00=float
01:00083294 6A04            	  3870: 	BPL.s		LAB_1FB4			* branch if numeric
                            	  3871: 
01:00083296 61000310        	  3872: 	BSR		LAB_22B6			* pop string off descriptor stack, or from
                            	  3873: 							* top of string space, returns d0 = length,
                            	  3874: 							* a0 = pointer
                            	  3875: 
                            	  3876: 							* FRE(n) was numeric so do this
                            	  3877: LAB_1FB4
01:0008329A 610001CC        	  3878: 	BSR		LAB_GARB			* go do garbage collection
01:0008329E 202B0446        	  3879: 	MOVE.l	Sstorl(a3),d0		* get bottom of string space
01:000832A2 90AB0442        	  3880: 	SUB.l		Earryl(a3),d0		* subtract array mem end
                            	  3881: 
                            	  3882: 
                            	  3883: *************************************************************************************
                            	  3884: *
                            	  3885: * convert d0 to signed longword in FAC1
                            	  3886: 
                            	  3887: LAB_AYFC
01:000832A6 177C000005B5    	  3888: 	MOVE.b	#$00,Dtypef(a3)		* clear data type, $80=string, $40=integer,
                            	  3889: 							* $00=float
01:000832AC 377CA0000594    	  3890: 	MOVE.w	#$A000,FAC1_e(a3)		* set FAC1 exponent and clear sign (b7)
01:000832B2 27400590        	  3891: 	MOVE.l	d0,FAC1_m(a3)		* save FAC1 mantissa
01:000832B6 6A000636        	  3892: 	BPL		LAB_24D0			* convert if +ve
                            	  3893: 
01:000832BA 003C0001        	  3894: 	ORI.b		#1,CCR			* else set carry
01:000832BE 6000062E        	  3895: 	BRA		LAB_24D0			* do +/- (carry is sign) & normalise FAC1
                            	  3896: 
                            	  3897: 
                            	  3898: *************************************************************************************
                            	  3899: *
                            	  3900: * remember if the line length is zero (infinite line) then POS(n) will return
                            	  3901: * position MOD tabsize
                            	  3902: 
                            	  3903: * perform POS()
                            	  3904: 
                            	  3905: LAB_POS
01:000832C2 102B05E5        	  3906: 	MOVE.b	TPos(a3),d0			* get terminal position
                            	  3907: 
                            	  3908: * convert d0 to unsigned byte in FAC1
                            	  3909: 
                            	  3910: LAB_1FD0
01:000832C6 C0BC000000FF    	  3911: 	AND.l		#$FF,d0			* clear high bits
01:000832CC 60D8            	  3912: 	BRA.s		LAB_AYFC			* convert d0 to signed longword in FAC1 & RET
                            	  3913: 
                            	  3914: * check not direct (used by DEF and INPUT)
                            	  3915: 
                            	  3916: LAB_CKRN
01:000832CE 4A2B0452        	  3917: 	TST.b		Clinel(a3)			* test current line #
01:000832D2 6B00EE70        	  3918: 	BMI		LAB_IDER			* if -ve go do illegal direct error then warm
                            	  3919: 							* start
                            	  3920: 
01:000832D6 4E75            	  3921: 	RTS						* can continue so return
                            	  3922: 
                            	  3923: 
                            	  3924: *************************************************************************************
                            	  3925: *
                            	  3926: * perform DEF
                            	  3927: 
                            	  3928: LAB_DEF
01:000832D8 70AB            	  3929: 	MOVEQ		#TK_FN-$100,d0		* get FN token
01:000832DA 6100FAC4        	  3930: 	BSR		LAB_SCCA			* scan for CHR$(d0), else syntax error and
                            	  3931: 							* warm start
                            	  3932: 							* return character after d0
01:000832DE 177C008005DF    	  3933: 	MOVE.b	#$80,Sufnxf(a3)		* set FN flag bit
01:000832E4 6100FCDA        	  3934: 	BSR		LAB_1D12			* get FN name
01:000832E8 274805B0        	  3935: 	MOVE.l	a0,func_l(a3)		* save function pointer
                            	  3936: 
01:000832EC 61E0            	  3937: 	BSR.s		LAB_CKRN			* check not direct (back here if ok)
01:000832EE 0C1D0028        	  3938: 	CMP.b		#$28,(a5)+			* check next byte is "(" and increment
01:000832F2 6600EE78        	  3939: 	BNE		LAB_SNER			* else do syntax error/warm start
                            	  3940: 
01:000832F6 177C007E05DF    	  3941: 	MOVE.b	#$7E,Sufnxf(a3)		* set FN variable flag bits
01:000832FC 6100FCB4        	  3942: 	BSR		LAB_SVAR			* search for or create a variable
                            	  3943: 							* return the variable address in a0
01:00083300 6100FA94        	  3944: 	BSR		LAB_1BFB			* scan for ")", else do syntax error/warm start
01:00083304 70BD            	  3945: 	MOVEQ		#TK_EQUAL-$100,d0		* = token
01:00083306 6100FA98        	  3946: 	BSR		LAB_SCCA			* scan for CHR$(A), else syntax error/warm start
                            	  3947: 							* return character after d0
01:0008330A 2F2B046A        	  3948: 	MOVE.l	Varname(a3),-(sp)		* push current variable name
01:0008330E 2F0D            	  3949: 	MOVE.l	a5,-(sp)			* push BASIC execute pointer
01:00083310 6100F41C        	  3950: 	BSR		LAB_DATA			* go perform DATA, find end of DEF FN statement
01:00083314 206B05B0        	  3951: 	MOVEA.l	func_l(a3),a0		* get the function pointer
01:00083318 209F            	  3952: 	MOVE.l	(sp)+,(a0)			* save BASIC execute pointer to function
01:0008331A 215F0004        	  3953: 	MOVE.l	(sp)+,4(a0)			* save current variable name to function
01:0008331E 4E75            	  3954: 	RTS
                            	  3955: 
                            	  3956: 
                            	  3957: *************************************************************************************
                            	  3958: *
                            	  3959: * evaluate FNx
                            	  3960: 
                            	  3961: LAB_201E
01:00083320 177C008105DF    	  3962: 	MOVE.b	#$81,Sufnxf(a3)		* set FN flag (find not create)
01:00083326 6100FA80        	  3963: 	BSR		LAB_IGBY			* increment & scan memory
01:0008332A 6100FC94        	  3964: 	BSR		LAB_1D12			* get FN name
01:0008332E 1F2B05B5        	  3965: 	MOVE.b	Dtypef(a3),-(sp)		* push data type flag (function type)
01:00083332 2F08            	  3966: 	MOVE.l	a0,-(sp)			* push function pointer
01:00083334 0C150028        	  3967: 	CMP.b		#$28,(a5)			* check next byte is "(", no increment
01:00083338 6600EE32        	  3968: 	BNE		LAB_SNER			* else do syntax error/warm start
                            	  3969: 
01:0008333C 6100FA54        	  3970: 	BSR		LAB_1BF7			* evaluate expression within parentheses
01:00083340 205F            	  3971: 	MOVEA.l	(sp)+,a0			* pop function pointer
01:00083342 274805B0        	  3972: 	MOVE.l	a0,func_l(a3)		* set function pointer
01:00083346 1F2B05B5        	  3973: 	MOVE.b	Dtypef(a3),-(sp)		* push data type flag (function expression type)
                            	  3974: 
01:0008334A 20280004        	  3975: 	MOVE.l	4(a0),d0			* get function variable name
01:0008334E 6100FCDA        	  3976: 	BSR		LAB_1D4A			* go find function variable (already created)
                            	  3977: 
                            	  3978: 							* now check type match for variable
01:00083352 101F            	  3979: 	MOVE.b	(sp)+,d0			* pop data type flag (function expression type)
01:00083354 E318            	  3980: 	ROL.b		#1,d0				* set carry if type = string
01:00083356 6100F8DC        	  3981: 	BSR		LAB_CKTM			* type match check, set C for string
                            	  3982: 
                            	  3983: 							* now stack the function variable value before
                            	  3984: 							* use
01:0008335A 6712            	  3985: 	BEQ.s		LAB_2043			* branch if not string
                            	  3986: 
01:0008335C 43EB0476        	  3987: 	LEA		des_sk_e(a3),a1		* get string stack pointer max+1
01:00083360 B9C9            	  3988: 	CMPA.l	a1,a4				* compare string stack pointer with max+1
01:00083362 6700EDD4        	  3989: 	BEQ		LAB_SCER			* if no space on the stack go do string too
                            	  3990: 							* complex error
                            	  3991: 
01:00083366 39280004        	  3992: 	MOVE.w	4(a0),-(a4)			* string length on descriptor stack
01:0008336A 2910            	  3993: 	MOVE.l	(a0),-(a4)			* string address on stack
01:0008336C 6002            	  3994: 	BRA.s		LAB_204S			* skip var push
                            	  3995: 
                            	  3996: LAB_2043
01:0008336E 2F10            	  3997: 	MOVE.l	(a0),-(sp)			* push variable
                            	  3998: LAB_204S
01:00083370 2F08            	  3999: 	MOVE.l	a0,-(sp)			* push variable address
01:00083372 1F2B05B5        	  4000: 	MOVE.b	Dtypef(a3),-(sp)		* push variable data type
                            	  4001: 
01:00083376 6132            	  4002: 	BSR.s		LAB_2045			* pack function expression value into (a0)
                            	  4003: 							* (function variable)
01:00083378 2F0D            	  4004: 	MOVE.l	a5,-(sp)			* push BASIC execute pointer
01:0008337A 206B05B0        	  4005: 	MOVEA.l	func_l(a3),a0		* get function pointer
01:0008337E 2A50            	  4006: 	MOVEA.l	(a0),a5			* save function execute ptr as BASIC execute ptr
01:00083380 6100F8C6        	  4007: 	BSR		LAB_EVEX			* evaluate expression
01:00083384 6100FA24        	  4008: 	BSR		LAB_GBYT			* scan memory
01:00083388 6600EDE2        	  4009: 	BNE		LAB_SNER			* if not [EOL] or [EOS] do syntax error and
                            	  4010: 							* warm start
                            	  4011: 
01:0008338C 2A5F            	  4012: 	MOVE.l	(sp)+,a5			* restore BASIC execute pointer
                            	  4013: 
                            	  4014: * restore variable from stack and test data type
                            	  4015: 
01:0008338E 101F            	  4016: 	MOVE.b	(sp)+,d0			* pull variable data type
01:00083390 205F            	  4017: 	MOVEA.l	(sp)+,a0			* pull variable address
01:00083392 4A00            	  4018: 	TST.b		d0				* test variable data type
01:00083394 6A08            	  4019: 	BPL.s		LAB_204T			* branch if not string
                            	  4020: 
01:00083396 209C            	  4021: 	MOVE.l	(a4)+,(a0)			* string address from descriptor stack
01:00083398 315C0004        	  4022: 	MOVE.w	(a4)+,4(a0)			* string length from descriptor stack
01:0008339C 6002            	  4023: 	BRA.s		LAB_2044			* skip variable pull
                            	  4024: 
                            	  4025: LAB_204T
01:0008339E 209F            	  4026: 	MOVE.l	(sp)+,(a0)			* restore variable from stack
                            	  4027: LAB_2044
01:000833A0 101F            	  4028: 	MOVE.b	(sp)+,d0			* pop data type flag (function type)
01:000833A2 E318            	  4029: 	ROL.b		#1,d0				* set carry if type = string
01:000833A4 6100F88E        	  4030: 	BSR		LAB_CKTM			* type match check, set C for string
01:000833A8 4E75            	  4031: 	RTS
                            	  4032: 
                            	  4033: LAB_2045
01:000833AA 4A2B05B5        	  4034: 	TST.b		Dtypef(a3)			* test data type
01:000833AE 6A0007E4        	  4035: 	BPL		LAB_2778			* if numeric pack FAC1 into variable (a0)
                            	  4036: 							* and return
                            	  4037: 
01:000833B2 2448            	  4038: 	MOVEA.l	a0,a2				* copy variable pointer
01:000833B4 6000F516        	  4039: 	BRA		LAB_17D6			* go do string LET & return
                            	  4040: 
                            	  4041: 
                            	  4042: 
                            	  4043: *************************************************************************************
                            	  4044: *
                            	  4045: * perform STR$()
                            	  4046: 
                            	  4047: LAB_STRS
01:000833B8 61000940        	  4048: 	BSR		LAB_2970			* convert FAC1 to string
                            	  4049: 
                            	  4050: * scan, set up string
                            	  4051: * print " terminated string to FAC1 stack
                            	  4052: 
                            	  4053: LAB_20AE
01:000833BC 7422            	  4054: 	MOVEQ		#$22,d2			* set Srchc character (terminator 1)
01:000833BE 3602            	  4055: 	MOVE.w	d2,d3				* set Asrch character (terminator 2)
                            	  4056: 
                            	  4057: * print d2/d3 terminated string to FAC1 stack
                            	  4058: * d2 = Srchc, d3 = Asrch, a0 is source
                            	  4059: * a6 is temp
                            	  4060: 
                            	  4061: LAB_20B4
01:000833C0 7200            	  4062: 	MOVEQ		#0,d1				* clear longword
01:000833C2 5341            	  4063: 	SUBQ.w	#1,d1				* set length to -1
01:000833C4 2448            	  4064: 	MOVEA.l	a0,a2				* copy start to calculate end
                            	  4065: LAB_20BE
01:000833C6 5241            	  4066: 	ADDQ.w	#1,d1				* increment length
01:000833C8 10301000        	  4067: 	MOVE.b	(a0,d1.w),d0		* get byte from string
01:000833CC 6710            	  4068: 	BEQ.s		LAB_20D0			* exit loop if null byte [EOS]
                            	  4069: 
01:000833CE B002            	  4070: 	CMP.b		d2,d0				* compare with search character (terminator 1)
01:000833D0 6704            	  4071: 	BEQ.s		LAB_20CB			* branch if terminator
                            	  4072: 
01:000833D2 B003            	  4073: 	CMP.b		d3,d0				* compare with terminator 2
01:000833D4 66F0            	  4074: 	BNE.s		LAB_20BE			* loop if not terminator 2 (or null string)
                            	  4075: 
                            	  4076: LAB_20CB
01:000833D6 B03C0022        	  4077: 	CMP.b		#$22,d0			* compare with "
01:000833DA 6602            	  4078: 	BNE.s		LAB_20D0			* branch if not "
                            	  4079: 
01:000833DC 524A            	  4080: 	ADDQ.w	#1,a2				* else increment string start (skip " at end)
                            	  4081: LAB_20D0
01:000833DE D5C1            	  4082: 	ADDA.l	d1,a2				* add longowrd length to make string end+1
                            	  4083: 
01:000833E0 B1CB            	  4084: 	CMPA.l	a3,a0				* is string in ram
01:000833E2 651E            	  4085: 	BCS.s		LAB_RTST			* if not go push descriptor on stack & exit
                            	  4086: 							* (could be message string from ROM)
                            	  4087: 
01:000833E4 B1EB042E        	  4088: 	CMPA.l	Smeml(a3),a0		* is string in utility ram
01:000833E8 6418            	  4089: 	BCC.s		LAB_RTST			* if not go push descriptor on stack & exit
                            	  4090: 							* (is in string or program space)
                            	  4091: 
                            	  4092: 							* (else) copy string to string memory
                            	  4093: LAB_20C9
01:000833EA 2248            	  4094: 	MOVEA.l	a0,a1				* copy descriptor pointer
01:000833EC 2001            	  4095: 	MOVE.l	d1,d0				* copy longword length
01:000833EE 6604            	  4096: 	BNE.s		LAB_20D8			* branch if not null string
                            	  4097: 
01:000833F0 2041            	  4098: 	MOVEA.l	d1,a0				* make null pointer
01:000833F2 600E            	  4099: 	BRA.s		LAB_RTST			* go push descriptor on stack & exit
                            	  4100: 
                            	  4101: LAB_20D8
01:000833F4 6126            	  4102: 	BSR.s		LAB_2115			* make string space d1 bytes long
01:000833F6 D1C1            	  4103: 	ADDA.l	d1,a0				* new string end
01:000833F8 D3C1            	  4104: 	ADDA.l	d1,a1				* old string end
01:000833FA 5340            	  4105: 	SUBQ.w	#1,d0				* -1 for DBF loop
                            	  4106: LAB_20E0
01:000833FC 1121            	  4107: 	MOVE.b	-(a1),-(a0)			* copy byte (source can be odd aligned)
01:000833FE 51C8FFFC        	  4108: 	DBF		d0,LAB_20E0			* loop until done
                            	  4109: 
                            	  4110: 
                            	  4111: 
                            	  4112: *************************************************************************************
                            	  4113: *
                            	  4114: * check for space on descriptor stack then ...
                            	  4115: * put string address and length on descriptor stack & update stack pointers
                            	  4116: * start is in a0, length is in d1
                            	  4117: 
                            	  4118: LAB_RTST
01:00083402 43EB0476        	  4119: 	LEA		des_sk_e(a3),a1		* get string stack pointer max+1
01:00083406 B9C9            	  4120: 	CMPA.l	a1,a4				* compare string stack pointer with max+1
01:00083408 6700ED2E        	  4121: 	BEQ		LAB_SCER			* if no space on string stack ..
                            	  4122: 							* .. go do 'string too complex' error
                            	  4123: 
                            	  4124: 							* push string & update pointers
01:0008340C 3901            	  4125: 	MOVE.w	d1,-(a4)			* string length on descriptor stack
01:0008340E 2908            	  4126: 	MOVE.l	a0,-(a4)			* string address on stack
01:00083410 274C0590        	  4127: 	MOVE.l	a4,FAC1_m(a3)		* string descriptor pointer in FAC1
01:00083414 177C008005B5    	  4128: 	MOVE.b	#$80,Dtypef(a3)		* save data type flag, $80=string
01:0008341A 4E75            	  4129: 	RTS
                            	  4130: 
                            	  4131: 
                            	  4132: *************************************************************************************
                            	  4133: *
                            	  4134: * build descriptor a0/d1
                            	  4135: * make space in string memory for string d1.w long
                            	  4136: * return pointer in a0/Sutill
                            	  4137: 
                            	  4138: LAB_2115
01:0008341C 4A41            	  4139: 	TST.w		d1				* test length
01:0008341E 672E            	  4140: 	BEQ.s		LAB_2128			* branch if user wants null string
                            	  4141: 
                            	  4142: 							* make space for string d1 long
01:00083420 2F00            	  4143: 	MOVE.l	d0,-(sp)			* save d0
01:00083422 7000            	  4144: 	MOVEQ		#0,d0				* clear longword
01:00083424 174005DE        	  4145: 	MOVE.b	d0,Gclctd(a3)		* clear garbage collected flag (b7)
01:00083428 7001            	  4146: 	MOVEQ		#1,d0				* +1 to possibly round up
01:0008342A C041            	  4147: 	AND.w		d1,d0				* mask odd bit
01:0008342C D041            	  4148: 	ADD.w		d1,d0				* ensure d0 is even length
01:0008342E 6404            	  4149: 	BCC.s		LAB_2117			* branch if no overflow
                            	  4150: 
01:00083430 7001            	  4151: 	MOVEQ		#1,d0				* set to allocate 65536 bytes
01:00083432 4840            	  4152: 	SWAP		d0				* makes $00010000
                            	  4153: LAB_2117
01:00083434 206B0446        	  4154: 	MOVEA.l	Sstorl(a3),a0		* get bottom of string space
01:00083438 91C0            	  4155: 	SUBA.l	d0,a0				* subtract string length
01:0008343A B1EB0442        	  4156: 	CMPA.l	Earryl(a3),a0		* compare with top of array space
01:0008343E 6512            	  4157: 	BCS.s		LAB_2137			* if less do out of memory error
                            	  4158: 
01:00083440 27480446        	  4159: 	MOVE.l	a0,Sstorl(a3)		* save bottom of string space
01:00083444 2748044E        	  4160: 	MOVE.l	a0,Sutill(a3)		* save string utility pointer
01:00083448 201F            	  4161: 	MOVE.l	(sp)+,d0			* restore d0
01:0008344A 4A41            	  4162: 	TST.w		d1				* set flags on length
01:0008344C 4E75            	  4163: 	RTS
                            	  4164: 
                            	  4165: LAB_2128
01:0008344E 3041            	  4166: 	MOVEA.w	d1,a0				* make null pointer
01:00083450 4E75            	  4167: 	RTS
                            	  4168: 
                            	  4169: LAB_2137
01:00083452 4A2B05DE        	  4170: 	TST.b		Gclctd(a3)			* get garbage collected flag
01:00083456 6B00ED00        	  4171: 	BMI		LAB_OMER			* do "Out of memory" error, then warm start
                            	  4172: 
01:0008345A 2F09            	  4173: 	MOVE.l	a1,-(sp)			* save a1
01:0008345C 610A            	  4174: 	BSR.s		LAB_GARB			* else go do garbage collection
01:0008345E 225F            	  4175: 	MOVEA.l	(sp)+,a1			* restore a1
01:00083460 177C008005DE    	  4176: 	MOVE.b	#$80,Gclctd(a3)		* set garbage collected flag
01:00083466 60CC            	  4177: 	BRA.s		LAB_2117			* go try again
                            	  4178: 
                            	  4179: 
                            	  4180: *************************************************************************************
                            	  4181: *
                            	  4182: * garbage collection routine
                            	  4183: 
                            	  4184: LAB_GARB
01:00083468 48E7E0E0        	  4185: 	MOVEM.l	d0-d2/a0-a2,-(sp)		* save registers
01:0008346C 276B044A0446    	  4186: 	MOVE.l	Ememl(a3),Sstorl(a3)	* start with no strings
                            	  4187: 
                            	  4188: 							* re-run routine from last ending
                            	  4189: LAB_214B
01:00083472 222B0442        	  4190: 	MOVE.l	Earryl(a3),d1		* set highest uncollected string so far
01:00083476 7000            	  4191: 	MOVEQ		#0,d0				* clear longword
01:00083478 2240            	  4192: 	MOVEA.l	d0,a1				* clear string to move pointer
01:0008347A 206B043A        	  4193: 	MOVEA.l	Sstrl(a3),a0		* set pointer to start of strings
01:0008347E 5888            	  4194: 	LEA		4(a0),a0			* index to string pointer
01:00083480 246B043E        	  4195: 	MOVEA.l	Sarryl(a3),a2		* set end pointer to start of arrays (end of
                            	  4196: 							* strings)
01:00083484 6006            	  4197: 	BRA.s		LAB_2176			* branch into loop at end loop test
                            	  4198: 
                            	  4199: LAB_2161
01:00083486 617E            	  4200: 	BSR		LAB_2206			* test and set if this is the highest string
01:00083488 41E8000A        	  4201: 	LEA		10(a0),a0			* increment to next string
                            	  4202: LAB_2176
01:0008348C B1CA            	  4203: 	CMPA.l	a2,a0				* compare end of area with pointer
01:0008348E 65F6            	  4204: 	BCS.s		LAB_2161			* go do next if not at end
                            	  4205: 
                            	  4206: * done strings, now do arrays.
                            	  4207: 
01:00083490 5988            	  4208: 	LEA		-4(a0),a0			* decrement pointer to start of arrays
01:00083492 246B0442        	  4209: 	MOVEA.l	Earryl(a3),a2		* set end pointer to end of arrays
01:00083496 6024            	  4210: 	BRA.s		LAB_218F			* branch into loop at end loop test
                            	  4211: 
                            	  4212: LAB_217E
01:00083498 24280004        	  4213: 	MOVE.l	4(a0),d2			* get array size
01:0008349C D488            	  4214: 	ADD.l		a0,d2				* makes start of next array
                            	  4215: 
01:0008349E 2010            	  4216: 	MOVE.l	(a0),d0			* get array name
01:000834A0 08000017        	  4217: 	BTST		#23,d0			* test string flag
01:000834A4 6714            	  4218: 	BEQ.s		LAB_218B			* branch if not string
                            	  4219: 
01:000834A6 30280008        	  4220: 	MOVE.w	8(a0),d0			* get # of dimensions
01:000834AA D040            	  4221: 	ADD.w		d0,d0				* *2
01:000834AC D0C0            	  4222: 	ADDA.w	d0,a0				* add to skip dimension size(s)
01:000834AE 41E8000A        	  4223: 	LEA		10(a0),a0			* increment to first element
                            	  4224: LAB_2183
01:000834B2 6152            	  4225: 	BSR.s		LAB_2206			* test and set if this is the highest string
01:000834B4 5C48            	  4226: 	ADDQ.w	#6,a0				* increment to next element
01:000834B6 B1C2            	  4227: 	CMPA.l	d2,a0				* compare with start of next array
01:000834B8 66F8            	  4228: 	BNE.s		LAB_2183			* go do next if not at end of array
                            	  4229: 
                            	  4230: LAB_218B
01:000834BA 2042            	  4231: 	MOVEA.l	d2,a0				* pointer to next array
                            	  4232: LAB_218F
01:000834BC B5C8            	  4233: 	CMPA.l	a0,a2				* compare pointer with array end
01:000834BE 66D8            	  4234: 	BNE.s		LAB_217E			* go do next if not at end
                            	  4235: 
                            	  4236: * done arrays and variables, now just the descriptor stack to do
                            	  4237: 
01:000834C0 204C            	  4238: 	MOVEA.l	a4,a0				* get descriptor stack pointer
01:000834C2 45EB048E        	  4239: 	LEA		des_sk(a3),a2		* set end pointer to end of stack
01:000834C6 6004            	  4240: 	BRA.s		LAB_21C4			* branch into loop at end loop test
                            	  4241: 
                            	  4242: LAB_21C2
01:000834C8 613C            	  4243: 	BSR.s		LAB_2206			* test and set if this is the highest string
01:000834CA 5C88            	  4244: 	LEA		6(a0),a0			* increment to next string
                            	  4245: LAB_21C4
01:000834CC B5C8            	  4246: 	CMPA.l	a0,a2				* compare pointer with stack end
01:000834CE 66F8            	  4247: 	BNE.s		LAB_21C2			* go do next if not at end
                            	  4248: 
                            	  4249: * descriptor search complete, now either exit or set-up and move string
                            	  4250: 
01:000834D0 2009            	  4251: 	MOVE.l	a1,d0				* set the flags (a1 is move string)
01:000834D2 672C            	  4252: 	BEQ.s		LAB_21D1			* go tidy up and exit if no move
                            	  4253: 
01:000834D4 2051            	  4254: 	MOVEA.l	(a1),a0			* a0 is now string start
01:000834D6 7200            	  4255: 	MOVEQ		#0,d1				* clear d1
01:000834D8 32290004        	  4256: 	MOVE.w	4(a1),d1			* d1 is string length
01:000834DC 5281            	  4257: 	ADDQ.l	#1,d1				* +1
01:000834DE C23C00FE        	  4258: 	AND.b		#$FE,d1			* make even length
01:000834E2 D1C1            	  4259: 	ADDA.l	d1,a0				* pointer is now to string end+1
01:000834E4 246B0446        	  4260: 	MOVEA.l	Sstorl(a3),a2		* is destination end+1
01:000834E8 B1CA            	  4261: 	CMPA.l	a2,a0				* does the string need moving
01:000834EA 670C            	  4262: 	BEQ.s		LAB_2240			* branch if not
                            	  4263: 
01:000834EC E289            	  4264: 	LSR.l		#1,d1				* word move so do /2
01:000834EE 5341            	  4265: 	SUBQ.w	#1,d1				* -1 for DBF loop
                            	  4266: LAB_2216
01:000834F0 3520            	  4267: 	MOVE.w	-(a0),-(a2)			* copy word
01:000834F2 51C9FFFC        	  4268: 	DBF		d1,LAB_2216			* loop until done
                            	  4269: 
01:000834F6 228A            	  4270: 	MOVE.l	a2,(a1)			* save new string start
                            	  4271: LAB_2240
01:000834F8 27510446        	  4272: 	MOVE.l	(a1),Sstorl(a3)		* string start is new string mem start
01:000834FC 6000FF74        	  4273: 	BRA		LAB_214B			* re-run routine from last ending
                            	  4274: 							* (but don't collect this string)
                            	  4275: 
                            	  4276: LAB_21D1
01:00083500 4CDF0707        	  4277: 	MOVEM.l	(sp)+,d0-d2/a0-a2		* restore registers
01:00083504 4E75            	  4278: 	RTS
                            	  4279: 
                            	  4280: * test and set if this is the highest string
                            	  4281: 
                            	  4282: LAB_2206
01:00083506 2010            	  4283: 	MOVE.l	(a0),d0			* get this string pointer
01:00083508 6728            	  4284: 	BEQ.s		RTS_012			* exit if null string
                            	  4285: 
01:0008350A B280            	  4286: 	CMP.l		d0,d1				* compare with highest uncollected string so far
01:0008350C 6424            	  4287: 	BCC.s		RTS_012			* exit if <= with highest so far
                            	  4288: 
01:0008350E B0AB0446        	  4289: 	CMP.l		Sstorl(a3),d0		* compare with bottom of string space
01:00083512 641E            	  4290: 	BCC.s		RTS_012			* exit if >= bottom of string space
                            	  4291: 
01:00083514 70FF            	  4292: 	MOVEQ		#-1,d0			* d0 = $FFFFFFFF
01:00083516 30280004        	  4293: 	MOVE.w	4(a0),d0			* d0 is string length
01:0008351A 4440            	  4294: 	NEG.w		d0				* make -ve
01:0008351C C03C00FE        	  4295: 	AND.b		#$FE,d0			* make -ve even length
01:00083520 D0AB0446        	  4296: 	ADD.l		Sstorl(a3),d0		* add string store to -ve length
01:00083524 B090            	  4297: 	CMP.l		(a0),d0			* compare with string address
01:00083526 6706            	  4298: 	BEQ.s		LAB_2212			* if = go move string store pointer down
                            	  4299: 
01:00083528 2210            	  4300: 	MOVE.l	(a0),d1			* highest = current
01:0008352A 2248            	  4301: 	MOVEA.l	a0,a1				* string to move = current
01:0008352C 4E75            	  4302: 	RTS
                            	  4303: 
                            	  4304: LAB_2212
01:0008352E 27400446        	  4305: 	MOVE.l	d0,Sstorl(a3)		* set new string store start
                            	  4306: RTS_012
01:00083532 4E75            	  4307: 	RTS
                            	  4308: 
                            	  4309: 
                            	  4310: *************************************************************************************
                            	  4311: *
                            	  4312: * concatenate - add strings
                            	  4313: * string descriptor 1 is in FAC1_m, string 2 is in line
                            	  4314: 
                            	  4315: LAB_224D
01:00083534 487AF744        	  4316: 	PEA		LAB_1ADB(pc)		* continue evaluation after concatenate
01:00083538 2F2B0590        	  4317: 	MOVE.l	FAC1_m(a3),-(sp)		* stack descriptor pointer for string 1
                            	  4318: 
01:0008353C 6100F818        	  4319: 	BSR		LAB_GVAL			* get value from line
01:00083540 4A2B05B5        	  4320: 	TST.b		Dtypef(a3)			* test data type flag
01:00083544 6A00EBFA        	  4321: 	BPL		LAB_TMER			* if type is not string do type mismatch error
                            	  4322: 
01:00083548 205F            	  4323: 	MOVEA.l	(sp)+,a0			* restore descriptor pointer for string 1
                            	  4324: 
                            	  4325: *************************************************************************************
                            	  4326: *
                            	  4327: * concatenate
                            	  4328: * string descriptor 1 is in a0, string descriptor 2 is in FAC1_m
                            	  4329: 
                            	  4330: LAB_224E
01:0008354A 226B0590        	  4331: 	MOVEA.l	FAC1_m(a3),a1		* copy descriptor pointer 2
01:0008354E 32280004        	  4332: 	MOVE.w	4(a0),d1			* get length 1
01:00083552 D2690004        	  4333: 	ADD.w		4(a1),d1			* add length 2
01:00083556 6500EBE4        	  4334: 	BCS		LAB_SLER			* if overflow go do 'string too long' error
                            	  4335: 
01:0008355A 2F08            	  4336: 	MOVE.l	a0,-(sp)			* save descriptor pointer 1
01:0008355C 6100FEBE        	  4337: 	BSR		LAB_2115			* make space d1 bytes long
01:00083560 27480598        	  4338: 	MOVE.l	a0,FAC2_m(a3)		* save new string start pointer
01:00083564 2057            	  4339: 	MOVEA.l	(sp),a0			* copy descriptor pointer 1 from stack
01:00083566 30280004        	  4340: 	MOVE.w	4(a0),d0			* get length
01:0008356A 2050            	  4341: 	MOVEA.l	(a0),a0			* get string pointer
01:0008356C 6120            	  4342: 	BSR.s		LAB_229E			* copy string d0 bytes long from a0 to Sutill
                            	  4343: 							* return with a0 = pointer, d1 = length
                            	  4344: 
01:0008356E 206B0590        	  4345: 	MOVEA.l	FAC1_m(a3),a0		* get descriptor pointer for string 2
01:00083572 6138            	  4346: 	BSR.s		LAB_22BA			* pop (a0) descriptor, returns with ..
                            	  4347: 							* a0 = pointer, d0 = length
01:00083574 6118            	  4348: 	BSR.s		LAB_229E			* copy string d0 bytes long from a0 to Sutill
                            	  4349: 							* return with a0 = pointer, d1 = length
                            	  4350: 
01:00083576 205F            	  4351: 	MOVEA.l	(sp)+,a0			* get descriptor pointer for string 1
01:00083578 6132            	  4352: 	BSR.s		LAB_22BA			* pop (a0) descriptor, returns with ..
                            	  4353: 							* d0 = length, a0 = pointer
                            	  4354: 
01:0008357A 206B0598        	  4355: 	MOVEA.l	FAC2_m(a3),a0		* retreive the result string pointer
01:0008357E 2208            	  4356: 	MOVE.l	a0,d1				* copy the result string pointer
01:00083580 6700FE80        	  4357: 	BEQ		LAB_RTST			* if it is a null string just return it
                            	  4358: 							* a0 = pointer, d1 = length
                            	  4359: 
01:00083584 4481            	  4360: 	NEG.l		d1				* else make the start pointer negative
01:00083586 D2AB044E        	  4361: 	ADD.l		Sutill(a3),d1		* add the end pointert to give the length
01:0008358A 6000FE76        	  4362: 	BRA		LAB_RTST			* push string on descriptor stack
                            	  4363: 							* a0 = pointer, d1 = length
                            	  4364: 
                            	  4365: 
                            	  4366: *************************************************************************************
                            	  4367: *
                            	  4368: * copy string d0 bytes long from a0 to Sutill
                            	  4369: * return with a0 = pointer, d1 = length
                            	  4370: 
                            	  4371: LAB_229E
01:0008358E 3200            	  4372: 	MOVE.w	d0,d1				* copy and check length
01:00083590 6714            	  4373: 	BEQ.s		RTS_013			* skip copy if null
                            	  4374: 
01:00083592 226B044E        	  4375: 	MOVEA.l	Sutill(a3),a1		* get destination pointer
01:00083596 2F09            	  4376: 	MOVE.l	a1,-(sp)			* save destination string pointer
01:00083598 5340            	  4377: 	SUBQ.w	#1,d0				* subtract for DBF loop
                            	  4378: LAB_22A0
01:0008359A 12D8            	  4379: 	MOVE.b	(a0)+,(a1)+			* copy byte
01:0008359C 51C8FFFC        	  4380: 	DBF		d0,LAB_22A0			* loop if not done
                            	  4381: 
01:000835A0 2749044E        	  4382: 	MOVE.l	a1,Sutill(a3)		* update Sutill to end of copied string
01:000835A4 205F            	  4383: 	MOVEA.l	(sp)+,a0			* restore destination string pointer
                            	  4384: RTS_013
01:000835A6 4E75            	  4385: 	RTS
                            	  4386: 
                            	  4387: 
                            	  4388: *************************************************************************************
                            	  4389: *
                            	  4390: * pop string off descriptor stack, or from top of string space
                            	  4391: * returns with d0.l = length, a0 = pointer
                            	  4392: 
                            	  4393: LAB_22B6
01:000835A8 206B0590        	  4394: 	MOVEA.l	FAC1_m(a3),a0		* get descriptor pointer
                            	  4395: 
                            	  4396: 
                            	  4397: *************************************************************************************
                            	  4398: *
                            	  4399: * pop (a0) descriptor off stack or from string space
                            	  4400: * returns with d0.l = length, a0 = pointer
                            	  4401: 
                            	  4402: LAB_22BA
01:000835AC 48E74040        	  4403: 	MOVEM.l	a1/d1,-(sp)			* save other regs
01:000835B0 B9C8            	  4404: 	CMPA.l	a0,a4				* is string on the descriptor stack
01:000835B2 6602            	  4405: 	BNE.s		LAB_22BD			* skip pop if not
                            	  4406: 
01:000835B4 5C4C            	  4407: 	ADDQ.w	#$06,a4			* else update stack pointer
                            	  4408: LAB_22BD
01:000835B6 7000            	  4409: 	MOVEQ		#0,d0				* clear string length longword
01:000835B8 2258            	  4410: 	MOVEA.l	(a0)+,a1			* get string address
01:000835BA 3018            	  4411: 	MOVE.w	(a0)+,d0			* get string length
                            	  4412: 
01:000835BC B9C8            	  4413: 	CMPA.l	a0,a4				* was it on the descriptor stack
01:000835BE 6610            	  4414: 	BNE.s		LAB_22E6			* branch if it wasn't
                            	  4415: 
01:000835C0 B3EB0446        	  4416: 	CMPA.l	Sstorl(a3),a1		* compare string address with bottom of string
                            	  4417: 							* space
01:000835C4 660A            	  4418: 	BNE.s		LAB_22E6			* branch if <>
                            	  4419: 
01:000835C6 7201            	  4420: 	MOVEQ		#1,d1				* mask for odd bit
01:000835C8 C240            	  4421: 	AND.w		d0,d1				* AND length
01:000835CA D280            	  4422: 	ADD.l		d0,d1				* make it fit word aligned length
                            	  4423: 
01:000835CC D3AB0446        	  4424: 	ADD.l		d1,Sstorl(a3)		* add to bottom of string space
                            	  4425: LAB_22E6
01:000835D0 2049            	  4426: 	MOVEA.l	a1,a0				* copy to a0
01:000835D2 4CDF0202        	  4427: 	MOVEM.l	(sp)+,a1/d1			* restore other regs
01:000835D6 4A80            	  4428: 	TST.l		d0				* set flags on length
01:000835D8 4E75            	  4429: 	RTS
                            	  4430: 
                            	  4431: 
                            	  4432: *************************************************************************************
                            	  4433: *
                            	  4434: * perform CHR$()
                            	  4435: 
                            	  4436: LAB_CHRS
01:000835DA 61000130        	  4437: 	BSR		LAB_EVBY			* evaluate byte expression, result in d0 and
                            	  4438: 							* Itemp
                            	  4439: LAB_MKCHR
01:000835DE 7201            	  4440: 	MOVEQ		#1,d1				* string is single byte
01:000835E0 6100FE3A        	  4441: 	BSR		LAB_2115			* make string space d1 bytes long
                            	  4442: 							* return a0/Sutill = pointer, others unchanged
01:000835E4 1080            	  4443: 	MOVE.b	d0,(a0)			* save byte in string (byte IS string!)
01:000835E6 6000FE1A        	  4444: 	BRA		LAB_RTST			* push string on descriptor stack
                            	  4445: 							* a0 = pointer, d1 = length
                            	  4446: 
                            	  4447: 
                            	  4448: *************************************************************************************
                            	  4449: *
                            	  4450: * perform LEFT$()
                            	  4451: 
                            	  4452: * enter with a0 is descriptor, d0 & Itemp is word 1
                            	  4453: 
                            	  4454: LAB_LEFT
01:000835EA C141            	  4455: 	EXG		d0,d1				* word in d1
01:000835EC 6100F7A8        	  4456: 	BSR		LAB_1BFB			* scan for ")", else do syntax error/warm start
                            	  4457: 
01:000835F0 4A81            	  4458: 	TST.l		d1				* test returned length
01:000835F2 6722            	  4459: 	BEQ.s		LAB_231C			* branch if null return
                            	  4460: 
01:000835F4 7000            	  4461: 	MOVEQ		#0,d0				* clear start offset
01:000835F6 B2680004        	  4462: 	CMP.w		4(a0),d1			* compare word parameter with string length
01:000835FA 651A            	  4463: 	BCS.s		LAB_231C			* branch if string length > word parameter
                            	  4464: 
01:000835FC 6014            	  4465: 	BRA.s		LAB_2317			* go copy whole string
                            	  4466: 
                            	  4467: 
                            	  4468: *************************************************************************************
                            	  4469: *
                            	  4470: * perform RIGHT$()
                            	  4471: 
                            	  4472: * enter with a0 is descriptor, d0 & Itemp is word 1
                            	  4473: 
                            	  4474: LAB_RIGHT
01:000835FE C141            	  4475: 	EXG		d0,d1				* word in d1
01:00083600 6100F794        	  4476: 	BSR		LAB_1BFB			* scan for ")", else do syntax error/warm start
                            	  4477: 
01:00083604 4A81            	  4478: 	TST.l		d1				* test returned length
01:00083606 670E            	  4479: 	BEQ.s		LAB_231C			* branch if null return
                            	  4480: 
01:00083608 30280004        	  4481: 	MOVE.w	4(a0),d0			* get string length
01:0008360C 9081            	  4482: 	SUB.l		d1,d0				* subtract word
01:0008360E 6406            	  4483: 	BCC.s		LAB_231C			* branch if string length > word parameter
                            	  4484: 
                            	  4485: 							* else copy whole string
                            	  4486: LAB_2316
01:00083610 7000            	  4487: 	MOVEQ		#0,d0				* clear start offset
                            	  4488: LAB_2317
01:00083612 32280004        	  4489: 	MOVE.w	4(a0),d1			* else make parameter = length
                            	  4490: 
                            	  4491: * get here with ...
                            	  4492: *   a0 - points to descriptor
                            	  4493: *   d0 - is offset from string start
                            	  4494: *   d1 - is required string length
                            	  4495: 
                            	  4496: LAB_231C
01:00083616 2248            	  4497: 	MOVEA.l	a0,a1				* save string descriptor pointer
01:00083618 6100FE02        	  4498: 	BSR		LAB_2115			* make string space d1 bytes long
                            	  4499: 							* return a0/Sutill = pointer, others unchanged
01:0008361C 2049            	  4500: 	MOVEA.l	a1,a0				* restore string descriptor pointer
01:0008361E 2F00            	  4501: 	MOVE.l	d0,-(sp)			* save start offset (longword)
01:00083620 618A            	  4502: 	BSR.s		LAB_22BA			* pop (a0) descriptor, returns with ..
                            	  4503: 							* d0 = length, a0 = pointer
01:00083622 D1DF            	  4504: 	ADDA.l	(sp)+,a0			* adjust pointer to start of wanted string
01:00083624 3001            	  4505: 	MOVE.w	d1,d0				* length to d0
01:00083626 6100FF66        	  4506: 	BSR		LAB_229E			* store string d0 bytes long from (a0) to
                            	  4507: 							* (Sutill) return with a0 = pointer,
                            	  4508: 							* d1 = length
01:0008362A 6000FDD6        	  4509: 	BRA		LAB_RTST			* push string on descriptor stack
                            	  4510: 							* a0 = pointer, d1 = length
                            	  4511: 
                            	  4512: 
                            	  4513: *************************************************************************************
                            	  4514: *
                            	  4515: * perform MID$()
                            	  4516: 
                            	  4517: * enter with a0 is descriptor, d0 & Itemp is word 1
                            	  4518: 
                            	  4519: LAB_MIDS
01:0008362E 7E00            	  4520: 	MOVEQ		#0,d7				* clear longword
01:00083630 5347            	  4521: 	SUBQ.w	#1,d7				* set default length = 65535
01:00083632 2F00            	  4522: 	MOVE.l	d0,-(sp)			* save word 1
01:00083634 6100F774        	  4523: 	BSR		LAB_GBYT			* scan memory
01:00083638 B03C002C        	  4524: 	CMP.b		#',',d0			* was it ","
01:0008363C 660C            	  4525: 	BNE.s		LAB_2358			* branch if not "," (skip second byte get)
                            	  4526: 
01:0008363E 101D            	  4527: 	MOVE.b	(a5)+,d0			* increment pointer past ","
01:00083640 2F08            	  4528: 	MOVE.l	a0,-(sp)			* save descriptor pointer
01:00083642 610000D8        	  4529: 	BSR		LAB_GTWO			* get word parameter, result in d0 and Itemp
01:00083646 205F            	  4530: 	MOVEA.l	(sp)+,a0			* restore descriptor pointer
01:00083648 2E00            	  4531: 	MOVE.l	d0,d7				* copy length
                            	  4532: LAB_2358
01:0008364A 6100F74A        	  4533: 	BSR		LAB_1BFB			* scan for ")", else do syntax error then warm
                            	  4534: 							* start
01:0008364E 201F            	  4535: 	MOVE.l	(sp)+,d0			* restore word 1
01:00083650 7200            	  4536: 	MOVEQ		#0,d1				* null length
01:00083652 5380            	  4537: 	SUBQ.l	#1,d0				* decrement start index (word 1)
01:00083654 6B00EB0A        	  4538: 	BMI		LAB_FCER			* if was null do function call error then warm
                            	  4539: 							* start
                            	  4540: 
01:00083658 B0680004        	  4541: 	CMP.w		4(a0),d0			* compare string length with start index
01:0008365C 64B8            	  4542: 	BCC.s		LAB_231C			* if start not in string do null string (d1=0)
                            	  4543: 
01:0008365E 2207            	  4544: 	MOVE.l	d7,d1				* get length back
01:00083660 DE40            	  4545: 	ADD.w		d0,d7				* d7 now = MID$() end
01:00083662 6506            	  4546: 	BCS.s		LAB_2368			* already too long so do RIGHT$ equivalent
                            	  4547: 
01:00083664 BE680004        	  4548: 	CMP.w		4(a0),d7			* compare string length with start index+length
01:00083668 65AC            	  4549: 	BCS.s		LAB_231C			* if end in string go do string
                            	  4550: 
                            	  4551: LAB_2368
01:0008366A 32280004        	  4552: 	MOVE.w	4(a0),d1			* get string length
01:0008366E 9240            	  4553: 	SUB.w		d0,d1				* subtract start offset
01:00083670 60A4            	  4554: 	BRA.s		LAB_231C			* go do string (effectively RIGHT$)
                            	  4555: 
                            	  4556: 
                            	  4557: *************************************************************************************
                            	  4558: *
                            	  4559: * perform LCASE$()
                            	  4560: 
                            	  4561: LAB_LCASE
01:00083672 6100FF34        	  4562: 	BSR		LAB_22B6			* pop string off descriptor stack or from memory
                            	  4563: 							* returns with d0 = length, a0 = pointer
01:00083676 2200            	  4564: 	MOVE.l	d0,d1				* copy the string length
01:00083678 6756            	  4565: 	BEQ.s		NoString			* if null go return a null string
                            	  4566: 
                            	  4567: * else copy and change the string
                            	  4568: 
01:0008367A 2248            	  4569: 	MOVEA.l	a0,a1				* copy the string address
01:0008367C 6100FD9E        	  4570: 	BSR		LAB_2115			* make a string space d1 bytes long
01:00083680 D1C1            	  4571: 	ADDA.l	d1,a0				* new string end
01:00083682 D3C1            	  4572: 	ADDA.l	d1,a1				* old string end
01:00083684 3401            	  4573: 	MOVE.w	d1,d2				* copy length for loop
01:00083686 5342            	  4574: 	SUBQ.w	#1,d2				* -1 for DBF loop
                            	  4575: LC_loop
01:00083688 1021            	  4576: 	MOVE.b	-(a1),d0			* get byte from string
                            	  4577: 
01:0008368A B03C005B        	  4578: 	CMP.b		#$5B,d0			* compare with "Z"+1
01:0008368E 640A            	  4579: 	BCC.s		NoUcase			* if > "Z" skip change
                            	  4580: 
01:00083690 B03C0041        	  4581: 	CMP.b		#$41,d0			* compare with "A"
01:00083694 6504            	  4582: 	BCS.s		NoUcase			* if < "A" skip change
                            	  4583: 
01:00083696 00000020        	  4584: 	ORI.b		#$20,d0			* convert upper case to lower case
                            	  4585: NoUcase
01:0008369A 1100            	  4586: 	MOVE.b	d0,-(a0)			* copy upper case byte back to string
01:0008369C 51CAFFEA        	  4587: 	DBF		d2,LC_loop			* decrement and loop if not all done
                            	  4588: 
01:000836A0 602E            	  4589: 	BRA.s		NoString			* tidy up & exit (branch always)
                            	  4590: 
                            	  4591: 
                            	  4592: *************************************************************************************
                            	  4593: *
                            	  4594: * perform UCASE$()
                            	  4595: 
                            	  4596: LAB_UCASE
01:000836A2 6100FF04        	  4597: 	BSR		LAB_22B6			* pop string off descriptor stack or from memory
                            	  4598: 							* returns with d0 = length, a0 = pointer
01:000836A6 2200            	  4599: 	MOVE.l	d0,d1				* copy the string length
01:000836A8 6726            	  4600: 	BEQ.s		NoString			* if null go return a null string
                            	  4601: 
                            	  4602: * else copy and change the string
                            	  4603: 
01:000836AA 2248            	  4604: 	MOVEA.l	a0,a1				* copy the string address
01:000836AC 6100FD6E        	  4605: 	BSR		LAB_2115			* make a string space d1 bytes long
01:000836B0 D1C1            	  4606: 	ADDA.l	d1,a0				* new string end
01:000836B2 D3C1            	  4607: 	ADDA.l	d1,a1				* old string end
01:000836B4 3401            	  4608: 	MOVE.w	d1,d2				* copy length for loop
01:000836B6 5342            	  4609: 	SUBQ.w	#1,d2				* -1 for DBF loop
                            	  4610: UC_loop
01:000836B8 1021            	  4611: 	MOVE.b	-(a1),d0			* get a byte from the string
                            	  4612: 
01:000836BA B03C0061        	  4613: 	CMP.b		#$61,d0			* compare with "a"
01:000836BE 650A            	  4614: 	BCS.s		NoLcase			* if < "a" skip change
                            	  4615: 
01:000836C0 B03C007B        	  4616: 	CMP.b		#$7B,d0			* compare with "z"+1
01:000836C4 6404            	  4617: 	BCC.s		NoLcase			* if > "z" skip change
                            	  4618: 
01:000836C6 020000DF        	  4619: 	ANDI.b	#$DF,d0			* convert lower case to upper case
                            	  4620: NoLcase
01:000836CA 1100            	  4621: 	MOVE.b	d0,-(a0)			* copy upper case byte back to string
01:000836CC 51CAFFEA        	  4622: 	DBF		d2,UC_loop			* decrement and loop if not all done
                            	  4623: 
                            	  4624: NoString
01:000836D0 6000FD30        	  4625: 	BRA		LAB_RTST			* push string on descriptor stack
                            	  4626: 							* a0 = pointer, d1 = length
                            	  4627: 
                            	  4628: 
                            	  4629: *************************************************************************************
                            	  4630: *
                            	  4631: * perform SADD()
                            	  4632: 
                            	  4633: LAB_SADD
01:000836D4 101D            	  4634: 	MOVE.b	(a5)+,d0			* increment pointer
01:000836D6 6100F8DE        	  4635: 	BSR		LAB_GVAR			* get variable address in a0
01:000836DA 6100F6BA        	  4636: 	BSR		LAB_1BFB			* scan for ")", else do syntax error/warm start
01:000836DE 4A2B05B5        	  4637: 	TST.b		Dtypef(a3)			* test data type flag
01:000836E2 6A00EA5C        	  4638: 	BPL		LAB_TMER			* if numeric do Type missmatch Error
                            	  4639: 
                            	  4640: * if you want a non existant variable to return a null value then set the novar
                            	  4641: * value at the top of this file to some non zero value
                            	  4642: 
                            	  4643:  ifne	novar
                            	  4644: 
                            	  4645: 	MOVE.l	a0,d0				* test the variable found flag
                            	  4646: 	BEQ		LAB_AYFC			* if not found go return null
                            	  4647: 
                            	  4648:  endc
                            	  4649: 
01:000836E6 2010            	  4650: 	MOVE.l	(a0),d0			* get string address
01:000836E8 6000FBBC        	  4651: 	BRA		LAB_AYFC			* convert d0 to signed longword in FAC1 & return
                            	  4652: 
                            	  4653: 
                            	  4654: *************************************************************************************
                            	  4655: *
                            	  4656: * perform LEN()
                            	  4657: 
                            	  4658: LAB_LENS
01:000836EC 487AFBB8        	  4659: 	PEA		LAB_AYFC(pc)		* set return address to convert d0 to signed
                            	  4660: 							* longword in FAC1
01:000836F0 6000FEB6        	  4661: 	BRA		LAB_22B6			* pop string off descriptor stack or from memory
                            	  4662: 							* returns with d0 = length, a0 = pointer
                            	  4663: 
                            	  4664: 
                            	  4665: *************************************************************************************
                            	  4666: *
                            	  4667: * perform ASC()
                            	  4668: 
                            	  4669: LAB_ASC
01:000836F4 6100FEB2        	  4670: 	BSR		LAB_22B6			* pop string off descriptor stack or from memory
                            	  4671: 							* returns with d0 = length, a0 = pointer
01:000836F8 4A40            	  4672: 	TST.w		d0				* test length
01:000836FA 6700EA64        	  4673: 	BEQ		LAB_FCER			* if null do function call error then warm start
                            	  4674: 
01:000836FE 1010            	  4675: 	MOVE.b	(a0),d0			* get first character byte
01:00083700 6000FBC4        	  4676: 	BRA		LAB_1FD0			* convert d0 to unsigned byte in FAC1 & return
                            	  4677: 
                            	  4678: 
                            	  4679: *************************************************************************************
                            	  4680: *
                            	  4681: * increment and get byte, result in d0 and Itemp
                            	  4682: 
                            	  4683: LAB_SGBY
01:00083704 6100F6A2        	  4684: 	BSR		LAB_IGBY			* increment & scan memory
                            	  4685: 
                            	  4686: 
                            	  4687: *************************************************************************************
                            	  4688: *
                            	  4689: * get byte parameter, result in d0 and Itemp
                            	  4690: 
                            	  4691: LAB_GTBY
01:00083708 6100F526        	  4692: 	BSR		LAB_EVNM			* evaluate expression & check is numeric,
                            	  4693: 							* else do type mismatch
                            	  4694: 
                            	  4695: 
                            	  4696: *************************************************************************************
                            	  4697: *
                            	  4698: * evaluate byte expression, result in d0 and Itemp
                            	  4699: 
                            	  4700: LAB_EVBY
01:0008370C 6100F9DC        	  4701: 	BSR		LAB_EVPI			* evaluate positive integer expression
                            	  4702: 							* result in d0 and Itemp
01:00083710 7280            	  4703: 	MOVEQ		#$80,d1			* set mask/2
01:00083712 D281            	  4704: 	ADD.l		d1,d1				* =$FFFFFF00
01:00083714 C280            	  4705: 	AND.l		d0,d1				* check top 24 bits
01:00083716 6600EA48        	  4706: 	BNE		LAB_FCER			* if <> 0 do function call error/warm start
                            	  4707: 
01:0008371A 4E75            	  4708: 	RTS
                            	  4709: 
                            	  4710: 
                            	  4711: *************************************************************************************
                            	  4712: *
                            	  4713: * get word parameter, result in d0 and Itemp
                            	  4714: 
                            	  4715: LAB_GTWO
01:0008371C 6100F512        	  4716: 	BSR		LAB_EVNM			* evaluate expression & check is numeric,
                            	  4717: 							* else do type mismatch
01:00083720 6100F9C8        	  4718: 	BSR		LAB_EVPI			* evaluate positive integer expression
                            	  4719: 							* result in d0 and Itemp
01:00083724 4840            	  4720: 	SWAP		d0				* copy high word to low word
01:00083726 4A40            	  4721: 	TST.w		d0				* set flags
01:00083728 6600EA36        	  4722: 	BNE		LAB_FCER			* if <> 0 do function call error/warm start
                            	  4723: 
01:0008372C 4840            	  4724: 	SWAP		d0				* copy high word to low word
01:0008372E 4E75            	  4725: 	RTS
                            	  4726: 
                            	  4727: 
                            	  4728: *************************************************************************************
                            	  4729: *
                            	  4730: * perform VAL()
                            	  4731: 
                            	  4732: LAB_VAL
01:00083730 6100FE76        	  4733: 	BSR		LAB_22B6			* pop string off descriptor stack or from memory
                            	  4734: 							* returns with d0 = length, a0 = pointer
01:00083734 6722            	  4735: 	BEQ.s		LAB_VALZ			* string was null so set result = $00
                            	  4736: 							* clear FAC1 exponent & sign & return
                            	  4737: 
01:00083736 2C4D            	  4738: 	MOVEA.l	a5,a6				* save BASIC execute pointer
01:00083738 2A48            	  4739: 	MOVEA.l	a0,a5				* copy string pointer to execute pointer
01:0008373A D1C0            	  4740: 	ADDA.l	d0,a0				* string end+1
01:0008373C 1010            	  4741: 	MOVE.b	(a0),d0			* get byte from string+1
01:0008373E 3F00            	  4742: 	MOVE.w	d0,-(sp)			* save it
01:00083740 2F08            	  4743: 	MOVE.l	a0,-(sp)			* save address
01:00083742 10BC0000        	  4744: 	MOVE.b	#0,(a0)			* null terminate string
01:00083746 6100F662        	  4745: 	BSR		LAB_GBYT			* scan memory
01:0008374A 61001136        	  4746: 	BSR		LAB_2887			* get FAC1 from string
01:0008374E 205F            	  4747: 	MOVEA.l	(sp)+,a0			* restore pointer
01:00083750 301F            	  4748: 	MOVE.w	(sp)+,d0			* pop byte
01:00083752 1080            	  4749: 	MOVE.b	d0,(a0)			* restore to memory
01:00083754 2A4E            	  4750: 	MOVEA.l	a6,a5				* restore BASIC execute pointer
01:00083756 4E75            	  4751: 	RTS
                            	  4752: 
                            	  4753: LAB_VALZ
01:00083758 37400594        	  4754: 	MOVE.w	d0,FAC1_e(a3)		* clear FAC1 exponent & sign
01:0008375C 4E75            	  4755: 	RTS
                            	  4756: 
                            	  4757: 
                            	  4758: *************************************************************************************
                            	  4759: *
                            	  4760: * get two parameters for POKE or WAIT, first parameter in a0, second in d0
                            	  4761: 
                            	  4762: LAB_GADB
01:0008375E 6100F4D0        	  4763: 	BSR		LAB_EVNM			* evaluate expression & check is numeric,
                            	  4764: 							* else do type mismatch
01:00083762 6100F98E        	  4765: 	BSR		LAB_EVIR			* evaluate integer expression
                            	  4766: 							* (does FC error not OF error if out of range)
01:00083766 2F00            	  4767: 	MOVE.l	d0,-(sp)			* copy to stack
01:00083768 6100F634        	  4768: 	BSR		LAB_1C01			* scan for ",", else do syntax error/warm start
01:0008376C 619A            	  4769: 	BSR.s		LAB_GTBY			* get byte parameter, result in d0 and Itemp
01:0008376E 205F            	  4770: 	MOVEA.l	(sp)+,a0			* pull address
01:00083770 4E75            	  4771: 	RTS
                            	  4772: 
                            	  4773: 
                            	  4774: *************************************************************************************
                            	  4775: *
                            	  4776: * get two parameters for DOKE or WAITW, first parameter in a0, second in d0
                            	  4777: 
                            	  4778: LAB_GADW
01:00083772 611E            	  4779: 	BSR.s		LAB_GEAD			* get even address for word/long memory actions
                            	  4780: 							* address returned in d0 and on the stack
01:00083774 6100F628        	  4781: 	BSR		LAB_1C01			* scan for ",", else do syntax error/warm start
01:00083778 6100F4B6        	  4782: 	BSR		LAB_EVNM			* evaluate expression & check is numeric,
                            	  4783: 							* else do type mismatch
01:0008377C 6100F974        	  4784: 	BSR		LAB_EVIR			* evaluate integer expression
                            	  4785: 							* result in d0 and Itemp
01:00083780 4840            	  4786: 	SWAP		d0				* swap words
01:00083782 4A40            	  4787: 	TST.w		d0				* test high word
01:00083784 6706            	  4788: 	BEQ.s		LAB_XGADW			* exit if null
                            	  4789: 
01:00083786 5240            	  4790: 	ADDQ.w	#1,d0				* increment word
01:00083788 6600E9D6        	  4791: 	BNE		LAB_FCER			* if <> 0 do function call error/warm start
                            	  4792: 
                            	  4793: LAB_XGADW
01:0008378C 4840            	  4794: 	SWAP		d0				* swap words back
01:0008378E 205F            	  4795: 	MOVEA.l	(sp)+,a0			* pull address
01:00083790 4E75            	  4796: 	RTS
                            	  4797: 
                            	  4798: 
                            	  4799: *************************************************************************************
                            	  4800: *
                            	  4801: * get even address (for word or longword memory actions)
                            	  4802: * address returned in d0 and on the stack
                            	  4803: * does address error if the address is odd
                            	  4804: 
                            	  4805: LAB_GEAD
01:00083792 6100F49C        	  4806: 	BSR		LAB_EVNM			* evaluate expression & check is numeric,
                            	  4807: 							* else do type mismatch
01:00083796 6100F95A        	  4808: 	BSR		LAB_EVIR			* evaluate integer expression
                            	  4809: 							* (does FC error not OF error if out of range)
01:0008379A 08000000        	  4810: 	BTST		#0,d0				* test low bit of longword
01:0008379E 6600E97C        	  4811: 	BNE		LAB_ADER			* if address is odd do address error/warm start
                            	  4812: 
01:000837A2 2057            	  4813: 	MOVEA.l	(sp),a0			* copy return address
01:000837A4 2E80            	  4814: 	MOVE.l	d0,(sp)			* even address on stack
01:000837A6 4ED0            	  4815: 	JMP		(a0)				* effectively RTS
                            	  4816: 
                            	  4817: 
                            	  4818: *************************************************************************************
                            	  4819: *
                            	  4820: * perform PEEK()
                            	  4821: 
                            	  4822: LAB_PEEK
01:000837A8 6100F948        	  4823: 	BSR		LAB_EVIR			* evaluate integer expression
                            	  4824: 							* (does FC error not OF error if out of range)
01:000837AC 2040            	  4825: 	MOVEA.l	d0,a0				* copy to address register
01:000837AE 1010            	  4826: 	MOVE.b	(a0),d0			* get byte
01:000837B0 6000FB14        	  4827: 	BRA		LAB_1FD0			* convert d0 to unsigned byte in FAC1 & return
                            	  4828: 
                            	  4829: 
                            	  4830: *************************************************************************************
                            	  4831: *
                            	  4832: * perform POKE
                            	  4833: 
                            	  4834: LAB_POKE
01:000837B4 61A8            	  4835: 	BSR.s		LAB_GADB			* get two parameters for POKE or WAIT
                            	  4836: 							* first parameter in a0, second in d0
01:000837B6 1080            	  4837: 	MOVE.b	d0,(a0)			* put byte in memory
01:000837B8 4E75            	  4838: 	RTS
                            	  4839: 
                            	  4840: 
                            	  4841: *************************************************************************************
                            	  4842: *
                            	  4843: * perform DEEK()
                            	  4844: 
                            	  4845: LAB_DEEK
01:000837BA 6100F936        	  4846: 	BSR		LAB_EVIR			* evaluate integer expression
                            	  4847: 							* (does FC error not OF error if out of range)
01:000837BE E208            	  4848: 	LSR.b		#1,d0				* shift bit 0 to carry
01:000837C0 6500E95A        	  4849: 	BCS		LAB_ADER			* if address is odd do address error/warm start
                            	  4850: 
01:000837C4 D000            	  4851: 	ADD.b		d0,d0				* shift byte back
01:000837C6 C188            	  4852: 	EXG		d0,a0				* copy to address register
01:000837C8 7000            	  4853: 	MOVEQ		#0,d0				* clear top bits
01:000837CA 3010            	  4854: 	MOVE.w	(a0),d0			* get word
01:000837CC 6000FAD8        	  4855: 	BRA		LAB_AYFC			* convert d0 to signed longword in FAC1 & return
                            	  4856: 
                            	  4857: 
                            	  4858: *************************************************************************************
                            	  4859: *
                            	  4860: * perform LEEK()
                            	  4861: 
                            	  4862: LAB_LEEK
01:000837D0 6100F920        	  4863: 	BSR		LAB_EVIR			* evaluate integer expression
                            	  4864: 							* (does FC error not OF error if out of range)
01:000837D4 E208            	  4865: 	LSR.b		#1,d0				* shift bit 0 to carry
01:000837D6 6500E944        	  4866: 	BCS		LAB_ADER			* if address is odd do address error/warm start
                            	  4867: 
01:000837DA D000            	  4868: 	ADD.b		d0,d0				* shift byte back
01:000837DC C188            	  4869: 	EXG		d0,a0				* copy to address register
01:000837DE 2010            	  4870: 	MOVE.l	(a0),d0			* get longword
01:000837E0 6000FAC4        	  4871: 	BRA		LAB_AYFC			* convert d0 to signed longword in FAC1 & return
                            	  4872: 
                            	  4873: 
                            	  4874: *************************************************************************************
                            	  4875: *
                            	  4876: * perform DOKE
                            	  4877: 
                            	  4878: LAB_DOKE
01:000837E4 618C            	  4879: 	BSR.s		LAB_GADW			* get two parameters for DOKE or WAIT
                            	  4880: 							* first parameter in a0, second in d0
01:000837E6 3080            	  4881: 	MOVE.w	d0,(a0)			* put word in memory
01:000837E8 4E75            	  4882: 	RTS
                            	  4883: 
                            	  4884: 
                            	  4885: *************************************************************************************
                            	  4886: *
                            	  4887: * perform LOKE
                            	  4888: 
                            	  4889: LAB_LOKE
01:000837EA 61A6            	  4890: 	BSR.s		LAB_GEAD			* get even address for word/long memory actions
                            	  4891: 							* address returned in d0 and on the stack
01:000837EC 6100F5B0        	  4892: 	BSR		LAB_1C01			* scan for ",", else do syntax error/warm start
01:000837F0 6100F43E        	  4893: 	BSR		LAB_EVNM			* evaluate expression & check is numeric,
                            	  4894: 							* else do type mismatch
01:000837F4 6100F8FC        	  4895: 	BSR		LAB_EVIR			* evaluate integer value (no sign check)
01:000837F8 205F            	  4896: 	MOVEA.l	(sp)+,a0			* pull address
01:000837FA 2080            	  4897: 	MOVE.l	d0,(a0)			* put longword in memory
                            	  4898: RTS_015
01:000837FC 4E75            	  4899: 	RTS
                            	  4900: 
                            	  4901: 
                            	  4902: *************************************************************************************
                            	  4903: *
                            	  4904: * perform SWAP
                            	  4905: 
                            	  4906: LAB_SWAP
01:000837FE 6100F7B6        	  4907: 	BSR		LAB_GVAR			* get variable 1 address in a0
01:00083802 2F08            	  4908: 	MOVE.l	a0,-(sp)			* save variable 1 address
01:00083804 182B05B5        	  4909: 	MOVE.b	Dtypef(a3),d4		* copy variable 1 data type, $80=string,
                            	  4910: 							* $40=inetger, $00=float
                            	  4911: 
01:00083808 6100F594        	  4912: 	BSR		LAB_1C01			* scan for ",", else do syntax error/warm start
01:0008380C 6100F7A8        	  4913: 	BSR		LAB_GVAR			* get variable 2 address in a0
01:00083810 245F            	  4914: 	MOVEA.l	(sp)+,a2			* restore variable 1 address
01:00083812 B82B05B5        	  4915: 	CMP.b		Dtypef(a3),d4		* compare variable 1 data type with variable 2
                            	  4916: 							* data type
01:00083816 6600E928        	  4917: 	BNE		LAB_TMER			* if not both the same type do "Type mismatch"
                            	  4918: 							* error then warm start
                            	  4919: 
                            	  4920: * if you do want a non existant variable to return an error then leave the novar
                            	  4921: * value at the top of this file set to zero
                            	  4922: 
                            	  4923:  ifeq	novar
                            	  4924: 
01:0008381A 2010            	  4925: 	MOVE.l	(a0),d0			* get variable 2
01:0008381C 20D2            	  4926: 	MOVE.l	(a2),(a0)+			* copy variable 1 to variable 2
01:0008381E 24C0            	  4927: 	MOVE.l	d0,(a2)+			* save variable 2 to variable 1
                            	  4928: 
01:00083820 4A04            	  4929: 	TST.b		d4				* check data type
01:00083822 6AD8            	  4930: 	BPL.s		RTS_015			* exit if not string
                            	  4931: 
01:00083824 3010            	  4932: 	MOVE.w	(a0),d0			* get string 2 length
01:00083826 3092            	  4933: 	MOVE.w	(a2),(a0)			* copy string 1 length to string 2 length
01:00083828 3480            	  4934: 	MOVE.w	d0,(a2)			* save string 2 length to string 1 length
                            	  4935: 
                            	  4936:  endc
                            	  4937: 
                            	  4938: 
                            	  4939: * if you want a non existant variable to return a null value then set the novar
                            	  4940: * value at the top of this file to some non zero value
                            	  4941: 
                            	  4942:  ifne	novar
                            	  4943: 
                            	  4944: 	MOVE.l	a2,d2				* copy the variable 1 pointer
                            	  4945: 	MOVE.l	d2,d3				* and again for any length
                            	  4946: 	BEQ.s		no_variable1		* if variable 1 doesn't exist skip the
                            	  4947: 							* value get
                            	  4948: 
                            	  4949: 	MOVE.l	(a2),d2			* get variable 1 value
                            	  4950: 	TST.b		d4				* check the data type
                            	  4951: 	BPL.s		no_variable1		* if not string skip the length get
                            	  4952: 
                            	  4953: 	MOVE.w	4(a2),d3			* else get variable 1 string length
                            	  4954: no_variable1
                            	  4955: 	MOVE.l	a0,d0				* copy the variable 2 pointer
                            	  4956: 	MOVE.l	d0,d1				* and again for any length
                            	  4957: 	BEQ.s		no_variable2		* if variable 2 doesn't exist skip the
                            	  4958: 							* value get and the new value save
                            	  4959: 
                            	  4960: 	MOVE.l	(a0),d0			* get variable 2 value
                            	  4961: 	MOVE.l	d2,(a0)+			* save variable 2 new value
                            	  4962: 	TST.b		d4				* check the data type
                            	  4963: 	BPL.s		no_variable2		* if not string skip the length get and
                            	  4964: 							* new length save
                            	  4965: 
                            	  4966: 	MOVE.w	(a0),d1			* else get variable 2 string length
                            	  4967: 	MOVE.w	d3,(a0)			* save variable 2 new string length
                            	  4968: no_variable2
                            	  4969: 	TST.l		d2				* test if variable 1 exists
                            	  4970: 	BEQ.s		EXIT_SWAP			* if variable 1 doesn't exist skip the
                            	  4971: 							* new value save
                            	  4972: 
                            	  4973: 	MOVE.l	d0,(a2)+			* save variable 1 new value
                            	  4974: 	TST.b		d4				* check the data type
                            	  4975: 	BPL.s		EXIT_SWAP			* if not string skip the new length save
                            	  4976: 
                            	  4977: 	MOVE.w	d1,(a2)			* save variable 1 new string length
                            	  4978: EXIT_SWAP
                            	  4979: 
                            	  4980:  endc
                            	  4981: 
01:0008382A 4E75            	  4982: 	RTS
                            	  4983: 
                            	  4984: 
                            	  4985: *************************************************************************************
                            	  4986: *
                            	  4987: * perform USR
                            	  4988: 
                            	  4989: LAB_USR
01:0008382C 4EAB0406        	  4990: 	JSR		Usrjmp(a3)			* do user vector
01:00083830 6000F564        	  4991: 	BRA		LAB_1BFB			* scan for ")", else do syntax error/warm start
                            	  4992: 
                            	  4993: 
                            	  4994: *************************************************************************************
                            	  4995: *
                            	  4996: * perform LOAD
                            	  4997: 
                            	  4998: LAB_LOAD
01:00083834 4EEB0418        	  4999: 	JMP		V_LOAD(a3)			* do load vector
                            	  5000: 
                            	  5001: 
                            	  5002: *************************************************************************************
                            	  5003: *
                            	  5004: * perform SAVE
                            	  5005: 
                            	  5006: LAB_SAVE
01:00083838 4EEB041E        	  5007: 	JMP		V_SAVE(a3)			* do save vector
                            	  5008: 
                            	  5009: 
                            	  5010: *************************************************************************************
                            	  5011: *
                            	  5012: * perform CALL
                            	  5013: 
                            	  5014: LAB_CALL
01:0008383C 487AF56C        	  5015: 	PEA		LAB_GBYT(pc)		* put return address on stack
01:00083840 6100FF50        	  5016: 	BSR		LAB_GEAD			* get even address for word/long memory actions
                            	  5017: 							* address returned in d0 and on the stack
01:00083844 4E75            	  5018: 	RTS						* effectively calls the routine
                            	  5019: 
                            	  5020: * if the called routine exits correctly then it will return via the get byte routine.
                            	  5021: * this will then get the next byte for the interpreter and return
                            	  5022: 
                            	  5023: 
                            	  5024: *************************************************************************************
                            	  5025: *
                            	  5026: * perform WAIT
                            	  5027: 
                            	  5028: LAB_WAIT
01:00083846 6100FF16        	  5029: 	BSR		LAB_GADB			* get two parameters for POKE or WAIT
                            	  5030: 							* first parameter in a0, second in d0
01:0008384A 2F08            	  5031: 	MOVE.l	a0,-(sp)			* save address
01:0008384C 3F00            	  5032: 	MOVE.w	d0,-(sp)			* save byte
01:0008384E 7400            	  5033: 	MOVEQ		#0,d2				* clear mask
01:00083850 6100F558        	  5034: 	BSR		LAB_GBYT			* scan memory
01:00083854 6706            	  5035: 	BEQ.s		LAB_2441			* skip if no third argument
                            	  5036: 
01:00083856 6100F542        	  5037: 	BSR		LAB_SCGB			* scan for "," & get byte,
                            	  5038: 							* else do syntax error/warm start
01:0008385A 2400            	  5039: 	MOVE.l	d0,d2				* copy mask
                            	  5040: LAB_2441
01:0008385C 321F            	  5041: 	MOVE.w	(sp)+,d1			* get byte
01:0008385E 205F            	  5042: 	MOVEA.l	(sp)+,a0			* get address
                            	  5043: LAB_2445
01:00083860 1010            	  5044: 	MOVE.b	(a0),d0			* read memory byte
01:00083862 B500            	  5045: 	EOR.b		d2,d0				* EOR with second argument (mask)
01:00083864 C001            	  5046: 	AND.b		d1,d0				* AND with first argument (byte)
01:00083866 67F8            	  5047: 	BEQ.s		LAB_2445			* loop if result is zero
                            	  5048: 
01:00083868 4E75            	  5049: 	RTS
                            	  5050: 
                            	  5051: 
                            	  5052: *************************************************************************************
                            	  5053: *
                            	  5054: * perform subtraction, FAC1 from FAC2
                            	  5055: 
                            	  5056: LAB_SUBTRACT
01:0008386A 0A2B00800595    	  5057: 	EORI.b	#$80,FAC1_s(a3)		* complement FAC1 sign
01:00083870 176B059D059E    	  5058: 	MOVE.b	FAC2_s(a3),FAC_sc(a3)	* copy FAC2 sign byte
                            	  5059: 
01:00083876 102B0595        	  5060: 	MOVE.b	FAC1_s(a3),d0		* get FAC1 sign byte
01:0008387A B12B059E        	  5061: 	EOR.b		d0,FAC_sc(a3)		* EOR with FAC2 sign
                            	  5062: 
                            	  5063: 
                            	  5064: *************************************************************************************
                            	  5065: *
                            	  5066: * add FAC2 to FAC1
                            	  5067: 
                            	  5068: LAB_ADD
01:0008387E 102B0594        	  5069: 	MOVE.b	FAC1_e(a3),d0		* get exponent
01:00083882 67000336        	  5070: 	BEQ		LAB_279B			* FAC1 was zero so copy FAC2 to FAC1 & return
                            	  5071: 
                            	  5072: 							* FAC1 is non zero
01:00083886 41EB0598        	  5073: 	LEA		FAC2_m(a3),a0		* set pointer1 to FAC2 mantissa
01:0008388A 102B059C        	  5074: 	MOVE.b	FAC2_e(a3),d0		* get FAC2 exponent
01:0008388E 6746            	  5075: 	BEQ.s		RTS_016			* exit if zero
                            	  5076: 
01:00083890 902B0594        	  5077: 	SUB.b		FAC1_e(a3),d0		* subtract FAC1 exponent
01:00083894 6722            	  5078: 	BEQ.s		LAB_24A8			* branch if = (go add mantissa)
                            	  5079: 
01:00083896 650A            	  5080: 	BCS.s		LAB_249C			* branch if FAC2 < FAC1
                            	  5081: 
                            	  5082: 							* FAC2 > FAC1
01:00083898 376B059C0594    	  5083: 	MOVE.w	FAC2_e(a3),FAC1_e(a3)	* copy sign and exponent of FAC2
01:0008389E 4400            	  5084: 	NEG.b		d0				* negate exponent difference (make diff -ve)
01:000838A0 5148            	  5085: 	SUBQ.w	#8,a0				* pointer1 to FAC1
                            	  5086: 
                            	  5087: LAB_249C
01:000838A2 4400            	  5088: 	NEG.b		d0				* negate exponent difference (make diff +ve)
01:000838A4 2F01            	  5089: 	MOVE.l	d1,-(sp)			* save d1
01:000838A6 B03C0020        	  5090: 	CMP.b		#32,d0			* compare exponent diff with 32
01:000838AA 6D04            	  5091: 	BLT.s		LAB_2467			* branch if range >= 32
                            	  5092: 
01:000838AC 7200            	  5093: 	MOVEQ		#0,d1				* clear d1
01:000838AE 6004            	  5094: 	BRA.s		LAB_2468			* go clear smaller mantissa
                            	  5095: 
                            	  5096: LAB_2467
01:000838B0 2210            	  5097: 	MOVE.l	(a0),d1			* get FACx mantissa
01:000838B2 E0A9            	  5098: 	LSR.l		d0,d1				* shift d0 times right
                            	  5099: LAB_2468
01:000838B4 2081            	  5100: 	MOVE.l	d1,(a0)			* save it back
01:000838B6 221F            	  5101: 	MOVE.l	(sp)+,d1			* restore d1
                            	  5102: 
                            	  5103: 							* exponents are equal now do mantissa add or
                            	  5104: 							* subtract
                            	  5105: LAB_24A8
01:000838B8 4A2B059E        	  5106: 	TST.b		FAC_sc(a3)			* test sign compare (FAC1 EOR FAC2)
01:000838BC 6B1A            	  5107: 	BMI.s		LAB_24F8			* if <> go do subtract
                            	  5108: 
01:000838BE 202B0598        	  5109: 	MOVE.l	FAC2_m(a3),d0		* get FAC2 mantissa
01:000838C2 D0AB0590        	  5110: 	ADD.l		FAC1_m(a3),d0		* add FAC1 mantissa
01:000838C6 640A            	  5111: 	BCC.s		LAB_24F7			* save and exit if no carry (FAC1 is normal)
                            	  5112: 
01:000838C8 E290            	  5113: 	ROXR.l	#1,d0				* else shift carry back into mantissa
01:000838CA 522B0594        	  5114: 	ADDQ.b	#1,FAC1_e(a3)		* increment FAC1 exponent
01:000838CE 6500E88C        	  5115: 	BCS		LAB_OFER			* if carry do overflow error & warm start
                            	  5116: 
                            	  5117: LAB_24F7
01:000838D2 27400590        	  5118: 	MOVE.l	d0,FAC1_m(a3)		* save mantissa
                            	  5119: RTS_016
01:000838D6 4E75            	  5120: 	RTS
                            	  5121: 							* signs are different
                            	  5122: LAB_24F8
01:000838D8 43EB0590        	  5123: 	LEA		FAC1_m(a3),a1		* pointer 2 to FAC1
01:000838DC B3C8            	  5124: 	CMPA.l	a0,a1				* compare pointers
01:000838DE 6602            	  5125: 	BNE.s		LAB_24B4			* branch if <>
                            	  5126: 
01:000838E0 5049            	  5127: 	ADDQ.w	#8,a1				* else pointer2 to FAC2
                            	  5128: 
                            	  5129: 							* take smaller from bigger (take sign of bigger)
                            	  5130: LAB_24B4
01:000838E2 2011            	  5131: 	MOVE.l	(a1),d0			* get larger mantissa
01:000838E4 2210            	  5132: 	MOVE.l	(a0),d1			* get smaller mantissa
01:000838E6 27400590        	  5133: 	MOVE.l	d0,FAC1_m(a3)		* save larger mantissa
01:000838EA 93AB0590        	  5134: 	SUB.l		d1,FAC1_m(a3)		* subtract smaller
                            	  5135: 
                            	  5136: 
                            	  5137: *************************************************************************************
                            	  5138: *
                            	  5139: * do +/- (carry is sign) & normalise FAC1
                            	  5140: 
                            	  5141: LAB_24D0
01:000838EE 6408            	  5142: 	BCC.s		LAB_24D5			* branch if result is +ve
                            	  5143: 
                            	  5144: 							* erk! subtract is the wrong way round so
                            	  5145: 							* negate everything
01:000838F0 462B0595        	  5146: 	EORI.b	#$FF,FAC1_s(a3)		* complement FAC1 sign
01:000838F4 44AB0590        	  5147: 	NEG.l		FAC1_m(a3)			* negate FAC1 mantissa
                            	  5148: 
                            	  5149: 
                            	  5150: *************************************************************************************
                            	  5151: *
                            	  5152: * normalise FAC1
                            	  5153: 
                            	  5154: LAB_24D5
01:000838F8 202B0590        	  5155: 	MOVE.l	FAC1_m(a3),d0		* get mantissa
01:000838FC 6B2E            	  5156: 	BMI.s		LAB_24DA			* mantissa is normal so just exit
                            	  5157: 
01:000838FE 6606            	  5158: 	BNE.s		LAB_24D9			* mantissa is not zero so go normalise FAC1
                            	  5159: 
01:00083900 37400594        	  5160: 	MOVE.w	d0,FAC1_e(a3)		* else make FAC1 = +zero
01:00083904 4E75            	  5161: 	RTS
                            	  5162: 
                            	  5163: LAB_24D9
01:00083906 2F01            	  5164: 	MOVE.l	d1,-(sp)			* save d1
01:00083908 2200            	  5165: 	MOVE.l	d0,d1				* mantissa to d1
01:0008390A 7000            	  5166: 	MOVEQ		#0,d0				* clear d0
01:0008390C 102B0594        	  5167: 	MOVE.b	FAC1_e(a3),d0		* get exponent byte
01:00083910 6714            	  5168: 	BEQ.s		LAB_24D8			* if exponent is zero then clean up and exit
                            	  5169: LAB_24D6
01:00083912 D281            	  5170: 	ADD.l		d1,d1				* shift mantissa, ADD is quicker for a single
                            	  5171: 							* shift
01:00083914 5BC8FFFC        	  5172: 	DBMI		d0,LAB_24D6			* decrement exponent and loop if mantissa and
                            	  5173: 							* exponent +ve
                            	  5174: 
01:00083918 4A40            	  5175: 	TST.w		d0				* test exponent
01:0008391A 670A            	  5176: 	BEQ.s		LAB_24D8			* if exponent is zero make FAC1 zero
                            	  5177: 
01:0008391C 6A02            	  5178: 	BPL.s		LAB_24D7			* if exponent is >zero go save FAC1
                            	  5179: 
01:0008391E 7001            	  5180: 	MOVEQ		#1,d0				* else set for zero after correction
                            	  5181: LAB_24D7
01:00083920 5300            	  5182: 	SUBQ.b	#1,d0				* adjust exponent for loop
01:00083922 27410590        	  5183: 	MOVE.l	d1,FAC1_m(a3)		* save normalised mantissa
                            	  5184: LAB_24D8
01:00083926 221F            	  5185: 	MOVE.l	(sp)+,d1			* restore d1
01:00083928 17400594        	  5186: 	MOVE.b	d0,FAC1_e(a3)		* save corrected exponent
                            	  5187: LAB_24DA
01:0008392C 4E75            	  5188: 	RTS
                            	  5189: 
                            	  5190: 
                            	  5191: *************************************************************************************
                            	  5192: *
                            	  5193: * perform LOG()
                            	  5194: 
                            	  5195: LAB_LOG
01:0008392E 4A2B0595        	  5196: 	TST.b		FAC1_s(a3)			* test sign
01:00083932 6B00E82C        	  5197: 	BMI		LAB_FCER			* if -ve do function call error/warm start
                            	  5198: 
01:00083936 7E00            	  5199: 	MOVEQ		#0,d7				* clear d7
01:00083938 1747059E        	  5200: 	MOVE.b	d7,FAC_sc(a3)		* clear sign compare
01:0008393C 1E2B0594        	  5201: 	MOVE.b	FAC1_e(a3),d7		* get exponent
01:00083940 6700E81E        	  5202: 	BEQ		LAB_FCER			* if 0 do function call error/warm start
                            	  5203: 
01:00083944 9EBC00000081    	  5204: 	SUB.l		#$81,d7			* normalise exponent
01:0008394A 177C00810594    	  5205: 	MOVE.b	#$81,FAC1_e(a3)		* force a value between 1 and 2
01:00083950 2C2B0590        	  5206: 	MOVE.l	FAC1_m(a3),d6		* copy mantissa
                            	  5207: 
01:00083954 277C800000000598	  5208: 	MOVE.l	#$80000000,FAC2_m(a3)	* set mantissa for 1
01:0008395C 377C8100059C    	  5209: 	MOVE.w	#$8100,FAC2_e(a3)		* set exponent for 1
01:00083962 6100FF1A        	  5210: 	BSR		LAB_ADD			* find arg+1
01:00083966 7000            	  5211: 	MOVEQ		#0,d0				* setup for calc skip
01:00083968 3740059C        	  5212: 	MOVE.w	d0,FAC2_e(a3)		* set FAC1 for zero result
01:0008396C DC86            	  5213: 	ADD.l		d6,d6				* shift 1 bit out
01:0008396E 27460598        	  5214: 	MOVE.l	d6,FAC2_m(a3)		* put back FAC2
01:00083972 6758            	  5215: 	BEQ.s		LAB_LONN			* if 0 skip calculation
                            	  5216: 
01:00083974 377C8000059C    	  5217: 	MOVE.w	#$8000,FAC2_e(a3)		* set exponent for .5
01:0008397A 61000130        	  5218: 	BSR		LAB_DIVIDE			* do (arg-1)/(arg+1)
01:0008397E 4A2B0594        	  5219: 	TST.b		FAC1_e(a3)			* test exponent
01:00083982 6748            	  5220: 	BEQ.s		LAB_LONN			* if 0 skip calculation
                            	  5221: 
01:00083984 122B0594        	  5222: 	MOVE.b	FAC1_e(a3),d1		* get exponent
01:00083988 923C0082        	  5223: 	SUB.b		#$82,d1			* normalise and two integer bits
01:0008398C 4401            	  5224: 	NEG.b		d1				* negate for shift
                            	  5225: **	CMP.b		#$1F,d1			* will mantissa vanish?
                            	  5226: **	BGT.s		LAB_dunno			* if so do ???
                            	  5227: 
01:0008398E 202B0590        	  5228: 	MOVE.l	FAC1_m(a3),d0		* get mantissa
01:00083992 E2A8            	  5229: 	LSR.l		d1,d0				* shift in two integer bits
                            	  5230: 
                            	  5231: * d0 = arg
                            	  5232: * d0 = x, d1 = y
                            	  5233: * d2 = x1, d3 = y1
                            	  5234: * d4 = shift count
                            	  5235: * d5 = loop count
                            	  5236: * d6 = z
                            	  5237: * a0 = table pointer
                            	  5238: 
01:00083994 7C00            	  5239: 	MOVEQ		#0,d6				* z = 0
01:00083996 223C40000000    	  5240: 	MOVE.l	#1<<30,d1			* y = 1
01:0008399C 41FA13F4        	  5241: 	LEA		TAB_HTHET(pc),a0		* get pointer to hyperbolic tangent table
01:000839A0 7A1E            	  5242: 	MOVEQ		#30,d5			* loop 31 times
01:000839A2 7801            	  5243: 	MOVEQ		#1,d4				* set shift count
01:000839A4 6006            	  5244: 	BRA.s		LAB_LOCC			* entry point for loop
                            	  5245: 
                            	  5246: LAB_LAAD
01:000839A6 E8A2            	  5247: 	ASR.l		d4,d2				* x1 >> i
01:000839A8 9282            	  5248: 	SUB.l		d2,d1				* y = y - x1
01:000839AA DC90            	  5249: 	ADD.l		(a0),d6			* z = z + tanh(i)
                            	  5250: LAB_LOCC
01:000839AC 2400            	  5251: 	MOVE.l	d0,d2				* x1 = x
01:000839AE 2601            	  5252: 	MOVE.l	d1,d3				* y1 = Y
01:000839B0 E8A3            	  5253: 	ASR.l		d4,d3				* y1 >> i
01:000839B2 6402            	  5254: 	BCC.s		LAB_LOLP
                            	  5255: 
01:000839B4 5283            	  5256: 	ADDQ.l	#1,d3
                            	  5257: LAB_LOLP
01:000839B6 9083            	  5258: 	SUB.l		d3,d0				* x = x - y1
01:000839B8 6AEC            	  5259: 	BPL.s		LAB_LAAD			* branch if > 0
                            	  5260: 
01:000839BA 2002            	  5261: 	MOVE.l	d2,d0				* get x back
01:000839BC 5848            	  5262: 	ADDQ.w	#4,a0				* next entry
01:000839BE 5284            	  5263: 	ADDQ.l	#1,d4				* next i
01:000839C0 E28B            	  5264: 	LSR.l		#1,d3				* /2
01:000839C2 6704            	  5265: 	BEQ.s		LAB_LOCX			* branch y1 = 0
                            	  5266: 
01:000839C4 51CDFFF0        	  5267: 	DBF		d5,LAB_LOLP			* decrement and loop if not done
                            	  5268: 
                            	  5269: 							* now sort out the result
                            	  5270: LAB_LOCX
01:000839C8 DC86            	  5271: 	ADD.l		d6,d6				* *2
01:000839CA 2006            	  5272: 	MOVE.l	d6,d0				* setup for d7 = 0
                            	  5273: LAB_LONN
01:000839CC 2800            	  5274: 	MOVE.l	d0,d4				* save cordic result
01:000839CE 7A00            	  5275: 	MOVEQ		#0,d5				* set default exponent sign
01:000839D0 4A87            	  5276: 	TST.l		d7				* check original exponent sign
01:000839D2 6716            	  5277: 	BEQ.s		LAB_LOXO			* branch if original was 0
                            	  5278: 
01:000839D4 6A04            	  5279: 	BPL.s		LAB_LOXP			* branch if was +ve
                            	  5280: 
01:000839D6 4487            	  5281: 	NEG.l		d7				* make original exponent +ve
01:000839D8 7A80            	  5282: 	MOVEQ		#$80-$100,d5		* make sign -ve
                            	  5283: LAB_LOXP
01:000839DA 17450595        	  5284: 	MOVE.b	d5,FAC1_s(a3)		* save original exponent sign
01:000839DE 4847            	  5285: 	SWAP		d7				* 16 bit shift
01:000839E0 E18F            	  5286: 	LSL.l		#8,d7				* easy first part
01:000839E2 7A88            	  5287: 	MOVEQ		#$88-$100,d5		* start with byte
                            	  5288: LAB_LONE
01:000839E4 5385            	  5289: 	SUBQ.l	#1,d5				* decrement exponent
01:000839E6 DE87            	  5290: 	ADD.l		d7,d7				* shift mantissa
01:000839E8 6AFA            	  5291: 	BPL.s		LAB_LONE			* loop if not normal
                            	  5292: 
                            	  5293: LAB_LOXO
01:000839EA 27470590        	  5294: 	MOVE.l	d7,FAC1_m(a3)		* save original exponent as mantissa
01:000839EE 17450594        	  5295: 	MOVE.b	d5,FAC1_e(a3)		* save exponent for this
01:000839F2 277CB17217F80598	  5296: 	MOVE.l	#$B17217F8,FAC2_m(a3)	* LOG(2) mantissa
01:000839FA 377C8000059C    	  5297: 	MOVE.w	#$8000,FAC2_e(a3)		* LOG(2) exponent & sign
01:00083A00 176B0595059E    	  5298: 	MOVE.b	FAC1_s(a3),FAC_sc(a3)	* make sign compare = FAC1 sign
01:00083A06 6118            	  5299: 	BSR.s		LAB_MULTIPLY		* do multiply
01:00083A08 27440598        	  5300: 	MOVE.l	d4,FAC2_m(a3)		* save cordic result
01:00083A0C 6710            	  5301: 	BEQ.s		LAB_LOWZ			* branch if zero
                            	  5302: 
01:00083A0E 377C8200059C    	  5303: 	MOVE.w	#$8200,FAC2_e(a3)		* set exponent & sign
01:00083A14 176B0595059E    	  5304: 	MOVE.b	FAC1_s(a3),FAC_sc(a3)	* clear sign compare
01:00083A1A 6100FE62        	  5305: 	BSR		LAB_ADD			* and add for final result
                            	  5306: 
                            	  5307: LAB_LOWZ
01:00083A1E 4E75            	  5308: 	RTS
                            	  5309: 
                            	  5310: 
                            	  5311: *************************************************************************************
                            	  5312: *
                            	  5313: * multiply FAC1 by FAC2
                            	  5314: 
                            	  5315: LAB_MULTIPLY
01:00083A20 48E7F800        	  5316: 	MOVEM.l	d0-d4,-(sp)			* save registers
01:00083A24 4A2B0594        	  5317: 	TST.b		FAC1_e(a3)			* test FAC1 exponent
01:00083A28 6776            	  5318: 	BEQ.s		LAB_MUUF			* if exponent zero go make result zero
                            	  5319: 
01:00083A2A 102B059C        	  5320: 	MOVE.b	FAC2_e(a3),d0		* get FAC2 exponent
01:00083A2E 6770            	  5321: 	BEQ.s		LAB_MUUF			* if exponent zero go make result zero
                            	  5322: 
01:00083A30 176B059E0595    	  5323: 	MOVE.b	FAC_sc(a3),FAC1_s(a3)	* sign compare becomes sign
                            	  5324: 
01:00083A36 D02B0594        	  5325: 	ADD.b		FAC1_e(a3),d0		* multiply exponents by adding
01:00083A3A 640A            	  5326: 	BCC.s		LAB_MNOC			* branch if no carry
                            	  5327: 
01:00083A3C 903C0080        	  5328: 	SUB.b		#$80,d0			* normalise result
01:00083A40 6400E71A        	  5329: 	BCC		LAB_OFER			* if no carry do overflow
                            	  5330: 
01:00083A44 6006            	  5331: 	BRA.s		LAB_MADD			* branch
                            	  5332: 
                            	  5333: 							* no carry for exponent add
                            	  5334: LAB_MNOC
01:00083A46 903C0080        	  5335: 	SUB.b		#$80,d0			* normalise result
01:00083A4A 6554            	  5336: 	BCS.s		LAB_MUUF			* return zero if underflow
                            	  5337: 
                            	  5338: LAB_MADD
01:00083A4C 17400594        	  5339: 	MOVE.b	d0,FAC1_e(a3)		* save exponent
                            	  5340: 
                            	  5341: 							* d1 (FAC1) x d2 (FAC2)
01:00083A50 222B0590        	  5342: 	MOVE.l	FAC1_m(a3),d1		* get FAC1 mantissa
01:00083A54 242B0598        	  5343: 	MOVE.l	FAC2_m(a3),d2		* get FAC2 mantissa
                            	  5344: 
01:00083A58 3801            	  5345: 	MOVE.w	d1,d4				* copy low word FAC1
01:00083A5A 2001            	  5346: 	MOVE.l	d1,d0				* copy long word FAC1
01:00083A5C 4840            	  5347: 	SWAP		d0				* high word FAC1 to low word FAC1
01:00083A5E 3600            	  5348: 	MOVE.w	d0,d3				* copy high word FAC1
                            	  5349: 
01:00083A60 C2C2            	  5350: 	MULU		d2,d1				* low word FAC2 x low word FAC1
01:00083A62 C0C2            	  5351: 	MULU		d2,d0				* low word FAC2 x high word FAC1
01:00083A64 4842            	  5352: 	SWAP		d2				* high word FAC2 to low word FAC2
01:00083A66 C8C2            	  5353: 	MULU		d2,d4				* high word FAC2 x low word FAC1
01:00083A68 C6C2            	  5354: 	MULU		d2,d3				* high word FAC2 x high word FAC1
                            	  5355: 
                            	  5356: * done multiply, now add partial products
                            	  5357: 
                            	  5358: *			d1 =					aaaa  ----	FAC2_L x FAC1_L
                            	  5359: *			d0 =				bbbb  aaaa		FAC2_L x FAC1_H
                            	  5360: *			d4 =				bbbb  aaaa		FAC2_H x FAC1_L
                            	  5361: *			d3 =			cccc  bbbb			FAC2_H x FAC1_H
                            	  5362: *			product =		mmmm  mmmm
                            	  5363: 
01:00083A6A D2BC00008000    	  5364: 	ADD.L		#$8000,d1			* round up lowest word
01:00083A70 4241            	  5365: 	CLR.w		d1				* clear low word, don't need it
01:00083A72 4841            	  5366: 	SWAP		d1				* align high word
01:00083A74 D280            	  5367: 	ADD.l		d0,d1				* add FAC2_L x FAC1_H (can't be carry)
                            	  5368: LAB_MUF1
01:00083A76 D284            	  5369: 	ADD.l		d4,d1				* now add intermediate (FAC2_H x FAC1_L)
01:00083A78 6406            	  5370: 	BCC.s		LAB_MUF2			* branch if no carry
                            	  5371: 
01:00083A7A D6BC00010000    	  5372: 	ADD.l		#$10000,d3			* else correct result
                            	  5373: LAB_MUF2
01:00083A80 D2BC00008000    	  5374: 	ADD.l		#$8000,d1			* round up low word
01:00083A86 4241            	  5375: 	CLR.w		d1				* clear low word
01:00083A88 4841            	  5376: 	SWAP		d1				* align for final add
01:00083A8A D283            	  5377: 	ADD.l		d3,d1				* add FAC2_H x FAC1_H, result
01:00083A8C 6B08            	  5378: 	BMI.s		LAB_MUF3			* branch if normalisation not needed
                            	  5379: 
01:00083A8E D281            	  5380: 	ADD.l		d1,d1				* shift mantissa
01:00083A90 532B0594        	  5381: 	SUBQ.b	#1,FAC1_e(a3)		* adjust exponent
01:00083A94 670A            	  5382: 	BEQ.s		LAB_MUUF			* branch if underflow
                            	  5383: 
                            	  5384: LAB_MUF3
01:00083A96 27410590        	  5385: 	MOVE.l	d1,FAC1_m(a3)		* save mantissa
                            	  5386: LAB_MUEX
01:00083A9A 4CDF001F        	  5387: 	MOVEM.l	(sp)+,d0-d4			* restore registers
01:00083A9E 4E75            	  5388: 	RTS
                            	  5389: 							* either zero or underflow result
                            	  5390: LAB_MUUF
01:00083AA0 7000            	  5391: 	MOVEQ		#0,d0				* quick clear
01:00083AA2 27400590        	  5392: 	MOVE.l	d0,FAC1_m(a3)		* clear mantissa
01:00083AA6 37400594        	  5393: 	MOVE.w	d0,FAC1_e(a3)		* clear sign and exponent
01:00083AAA 60EE            	  5394: 	BRA.s		LAB_MUEX			* restore regs & exit
                            	  5395: 
                            	  5396: 
                            	  5397: *************************************************************************************
                            	  5398: *
                            	  5399: * do FAC2/FAC1, result in FAC1
                            	  5400: * fast hardware divide version
                            	  5401: 
                            	  5402: LAB_DIVIDE
01:00083AAC 2F07            	  5403: 	MOVE.l	d7,-(sp)			* save d7
01:00083AAE 7000            	  5404: 	MOVEQ		#0,d0				* clear FAC2 exponent
01:00083AB0 2400            	  5405: 	MOVE.l	d0,d2				* clear FAC1 exponent
                            	  5406: 
01:00083AB2 142B0594        	  5407: 	MOVE.b	FAC1_e(a3),d2		* get FAC1 exponent
01:00083AB6 6700E690        	  5408: 	BEQ		LAB_DZER			* if zero go do /0 error
                            	  5409: 
01:00083ABA 102B059C        	  5410: 	MOVE.b	FAC2_e(a3),d0		* get FAC2 exponent
01:00083ABE 6766            	  5411: 	BEQ.s		LAB_DIV0			* if zero return zero
                            	  5412: 
01:00083AC0 9042            	  5413: 	SUB.w		d2,d0				* get result exponent by subtracting
01:00083AC2 D07C0080        	  5414: 	ADD.w		#$80,d0			* correct 16 bit exponent result
                            	  5415: 
01:00083AC6 176B059E0595    	  5416: 	MOVE.b	FAC_sc(a3),FAC1_s(a3)	* sign compare is result sign
                            	  5417: 
                            	  5418: * now to do 32/32 bit mantissa divide
                            	  5419: 
01:00083ACC 422B059F        	  5420: 	CLR.b		flag(a3)			* clear 'flag' byte
01:00083AD0 262B0590        	  5421: 	MOVE.l	FAC1_m(a3),d3		* get FAC1 mantissa
01:00083AD4 282B0598        	  5422: 	MOVE.l	FAC2_m(a3),d4		* get FAC2 mantissa
01:00083AD8 B883            	  5423: 	CMP.l		d3,d4				* compare FAC2 with FAC1 mantissa
01:00083ADA 6744            	  5424: 	BEQ.s		LAB_MAN1			* set mantissa result = 1 if equal
                            	  5425: 
01:00083ADC 6506            	  5426: 	BCS.s		AC1gtAC2			* branch if FAC1 > FAC2
                            	  5427: 
01:00083ADE 9883            	  5428: 	SUB.l		d3,d4				* subtract FAC1 from FAC2, result now must be <1
01:00083AE0 562B059F        	  5429: 	ADDQ.b	#3,flag(a3)			* FAC2>FAC1 so set 'flag' byte
                            	  5430: AC1gtAC2
01:00083AE4 6146            	  5431: 	BSR.s		LAB_32_16			* do 32/16 divide
01:00083AE6 4841            	  5432: 	SWAP		d1				* move 16 bit result to high word
01:00083AE8 2802            	  5433: 	MOVE.l	d2,d4				* copy remainder longword
01:00083AEA 6142            	  5434: 	BSR.s		LAB_3216			* do 32/16 divide again (skip copy d4 to d2)
01:00083AEC 84C5            	  5435: 	DIVU.w	d5,d2				* now divide remainder to make guard word
01:00083AEE 1E2B059F        	  5436: 	MOVE.b	flag(a3),d7			* now normalise, get flag byte back
01:00083AF2 6708            	  5437: 	BEQ.s		LAB_DIVX			* skip add if null
                            	  5438: 
                            	  5439: * else result was >1 so we need to add 1 to result mantissa and adjust exponent
                            	  5440: 
01:00083AF4 E20F            	  5441: 	LSR.b		#1,d7				* shift 1 into eXtend
01:00083AF6 E291            	  5442: 	ROXR.l	#1,d1				* shift extend result >>
01:00083AF8 E252            	  5443: 	ROXR.w	#1,d2				* shift extend guard word >>
01:00083AFA 5200            	  5444: 	ADDQ.b	#1,d0				* adjust exponent
                            	  5445: 
                            	  5446: * now round result to 32 bits
                            	  5447: 
                            	  5448: LAB_DIVX
01:00083AFC D442            	  5449: 	ADD.w		d2,d2				* guard bit into eXtend bit
01:00083AFE 6408            	  5450: 	BCC.s		L_DIVRND			* branch if guard=0
                            	  5451: 
01:00083B00 5281            	  5452: 	ADDQ.l	#1,d1				* add guard to mantissa
01:00083B02 6404            	  5453: 	BCC.s		L_DIVRND			* branch if no overflow
                            	  5454: 
                            	  5455: LAB_SET1
01:00083B04 E291            	  5456: 	ROXR.l	#1,d1				* shift extend result >>
01:00083B06 5240            	  5457: 	ADDQ.w	#1,d0				* adjust exponent
                            	  5458: 
                            	  5459: 							* test for over/under flow
                            	  5460: L_DIVRND
01:00083B08 3600            	  5461: 	MOVE.w	d0,d3				* copy exponent
01:00083B0A 6B1A            	  5462: 	BMI.s		LAB_DIV0			* if -ve return zero
                            	  5463: 
01:00083B0C 0243FF00        	  5464: 	ANDI.w	#$FF00,d3			* mask word high byte
01:00083B10 6600E64A        	  5465: 	BNE		LAB_OFER			* branch if overflow
                            	  5466: 
                            	  5467: 							* move result into FAC1
                            	  5468: LAB_XDIV
01:00083B14 2E1F            	  5469: 	MOVE.l	(sp)+,d7			* restore d7
01:00083B16 17400594        	  5470: 	MOVE.b	d0,FAC1_e(a3)		* save result exponent
01:00083B1A 27410590        	  5471: 	MOVE.l	d1,FAC1_m(a3)		* save result mantissa
01:00083B1E 4E75            	  5472: 	RTS
                            	  5473: 
                            	  5474: * FAC1 mantissa = FAC2 mantissa so set result mantissa
                            	  5475: 
                            	  5476: LAB_MAN1
01:00083B20 7201            	  5477: 	MOVEQ		#1,d1				* set bit
01:00083B22 E2A9            	  5478: 	LSR.l		d1,d1				* bit into eXtend
01:00083B24 60DE            	  5479: 	BRA.s		LAB_SET1			* set mantissa, adjust exponent and exit
                            	  5480: 
                            	  5481: * result is zero
                            	  5482: 
                            	  5483: LAB_DIV0
01:00083B26 7000            	  5484: 	MOVEQ		#0,d0				* zero exponent & sign
01:00083B28 2200            	  5485: 	MOVE.l	d0,d1				* zero mantissa
01:00083B2A 60E8            	  5486: 	BRA		LAB_XDIV			* exit divide
                            	  5487: 
                            	  5488: * divide 16 bits into 32, AB/Ex
                            	  5489: *
                            	  5490: * d4			AAAA	BBBB			* 32 bit numerator
                            	  5491: * d3			EEEE	xxxx			* 16 bit denominator
                            	  5492: *
                            	  5493: * returns -
                            	  5494: *
                            	  5495: * d1			xxxx	DDDD			* 16 bit result
                            	  5496: * d2				HHHH	IIII		* 32 bit remainder
                            	  5497: 
                            	  5498: LAB_32_16
01:00083B2C 2404            	  5499: 	MOVE.l	d4,d2				* copy FAC2 mantissa		(AB)
                            	  5500: LAB_3216
01:00083B2E 2A03            	  5501: 	MOVE.l	d3,d5				* copy FAC1 mantissa		(EF)
01:00083B30 4245            	  5502: 	CLR.w		d5				* clear low word d1		(Ex)
01:00083B32 4845            	  5503: 	SWAP		d5				* swap high word to low word	(xE)
                            	  5504: 
                            	  5505: * d3			EEEE	FFFF			* denominator copy
                            	  5506: * d5		0000	EEEE				* denominator high word
                            	  5507: * d2			AAAA	BBBB			* numerator copy
                            	  5508: * d4			AAAA	BBBB			* numerator
                            	  5509: 
01:00083B34 88C5            	  5510: 	DIVU.w	d5,d4				* do FAC2/FAC1 high word	(AB/E)
01:00083B36 6802            	  5511: 	BVC.s		LAB_LT_1			* if no overflow DIV was ok
                            	  5512: 
01:00083B38 78FF            	  5513: 	MOVEQ		#-1,d4			* else set default value
                            	  5514: 
                            	  5515: * done the divide, now check the result, we have ...
                            	  5516: 
                            	  5517: * d3			EEEE	FFFF			* denominator copy
                            	  5518: * d5		0000	EEEE				* denominator high word
                            	  5519: * d2			AAAA	BBBB			* numerator copy
                            	  5520: * d4			MMMM	DDDD			* result MOD and DIV
                            	  5521: 
                            	  5522: LAB_LT_1
01:00083B3A 3C04            	  5523: 	MOVE.w	d4,d6				* copy 16 bit result
01:00083B3C 3204            	  5524: 	MOVE.w	d4,d1				* copy 16 bit result again
                            	  5525: 
                            	  5526: * we now have ..
                            	  5527: * d3			EEEE	FFFF			* denominator copy
                            	  5528: * d5		0000	EEEE				* denominator high word
                            	  5529: * d6			xxxx  DDDD			* result DIV copy
                            	  5530: * d1			xxxx  DDDD			* result DIV copy
                            	  5531: * d2			AAAA	BBBB			* numerator copy
                            	  5532: * d4			MMMM	DDDD			* result MOD and DIV
                            	  5533: 
                            	  5534: * now multiply out 32 bit denominator by 16 bit result
                            	  5535: * QRS = AB*D
                            	  5536: 
01:00083B3E CCC3            	  5537: 	MULU.w	d3,d6				* FFFF * DDDD =       rrrr  SSSS
01:00083B40 C8C5            	  5538: 	MULU.w	d5,d4				* EEEE * DDDD = QQQQ  rrrr
                            	  5539: 
                            	  5540: * we now have ..
                            	  5541: * d3			EEEE	FFFF			* denominator copy
                            	  5542: * d5		0000	EEEE				* denominator high word
                            	  5543: * d6				rrrr  SSSS		* 48 bit result partial low
                            	  5544: * d1			xxxx  DDDD			* result DIV copy
                            	  5545: * d2			AAAA	BBBB			* numerator copy
                            	  5546: * d4			QQQQ	rrrr			* 48 bit result partial
                            	  5547: 
01:00083B42 3E06            	  5548: 	MOVE.w	d6,d7				* copy low word of low multiply
                            	  5549: 
                            	  5550: * d7				xxxx	SSSS		* 48 bit result partial low
                            	  5551: 
01:00083B44 4246            	  5552: 	CLR.w		d6				* clear low word of low multiply
01:00083B46 4846            	  5553: 	SWAP		d6				* high word of low multiply to low word
                            	  5554: 
                            	  5555: * d6			0000	rrrr			* high word of 48 bit result partial low
                            	  5556: 
01:00083B48 D886            	  5557: 	ADD.l		d6,d4
                            	  5558: 
                            	  5559: * d4			QQQQ	RRRR			* 48 bit result partial high longword
                            	  5560: 
01:00083B4A 7C00            	  5561: 	MOVEQ		#0,d6				* clear to extend numerator to 48 bits
                            	  5562: 
                            	  5563: * now do GHI = AB0 - QRS (which is the remainder)
                            	  5564: 
01:00083B4C 9C47            	  5565: 	SUB.w		d7,d6				* low word subtract
                            	  5566: 
                            	  5567: * d6				xxxx	IIII		* remainder low word
                            	  5568: 
01:00083B4E 9584            	  5569: 	SUBX.l	d4,d2				* high longword subtract
                            	  5570: 
                            	  5571: * d2			GGGG	HHHH			* remainder high longword
                            	  5572: 
                            	  5573: * now if we got the divide correct then the remainder high longword will be +ve
                            	  5574: 
01:00083B50 6A08            	  5575: 	BPL.s		L_DDIV			* branch if result is ok (<needed)
                            	  5576: 
                            	  5577: * remainder was -ve so DDDD is too big
                            	  5578: 
                            	  5579: LAB_REMM
01:00083B52 5341            	  5580: 	SUBQ.w	#1,d1				* adjust DDDD
                            	  5581: 
                            	  5582: * d3				xxxx	FFFF		* denominator copy
                            	  5583: * d6				xxxx	IIII		* remainder low word
                            	  5584: 
01:00083B54 DC43            	  5585: 	ADD.w		d3,d6				* add EF*1 low remainder low word
                            	  5586: 
                            	  5587: * d5			0000	EEEE			* denominator high word
                            	  5588: * d2			GGGG	HHHH			* remainder high longword
                            	  5589: 
01:00083B56 D585            	  5590: 	ADDX.l	d5,d2				* add extend EF*1 to remainder high longword
01:00083B58 6BF8            	  5591: 	BMI.s		LAB_REMM			* loop if result still too big
                            	  5592: 
                            	  5593: * all done and result correct or <
                            	  5594: 
                            	  5595: L_DDIV
01:00083B5A 4842            	  5596: 	SWAP		d2				* remainder mid word to high word
                            	  5597: 
                            	  5598: * d2			HHHH	GGGG			* (high word /should/ be $0000)
                            	  5599: 
01:00083B5C 3406            	  5600: 	MOVE.w	d6,d2				* remainder in high word
                            	  5601: 
                            	  5602: * d2				HHHH	IIII		* now is 32 bit remainder
                            	  5603: * d1			xxxx	DDDD			* 16 bit result
                            	  5604: 
01:00083B5E 4E75            	  5605: 	RTS
                            	  5606: 
                            	  5607: 
                            	  5608: *************************************************************************************
                            	  5609: *
                            	  5610: * unpack memory (a0) into FAC1
                            	  5611: 
                            	  5612: LAB_UFAC
01:00083B60 2010            	  5613: 	MOVE.l	(a0),d0			* get packed value
01:00083B62 4840            	  5614: 	SWAP		d0				* exponent and sign into least significant word
01:00083B64 37400594        	  5615: 	MOVE.w	d0,FAC1_e(a3)		* save exponent and sign
01:00083B68 6708            	  5616: 	BEQ.s		LAB_NB1T			* branch if exponent (and the rest) zero
                            	  5617: 
01:00083B6A 807C0080        	  5618: 	OR.w		#$80,d0			* set MSb
01:00083B6E 4840            	  5619: 	SWAP		d0				* word order back to normal
01:00083B70 E180            	  5620: 	ASL.l		#8,d0				* shift exponent & clear guard byte
                            	  5621: LAB_NB1T
01:00083B72 27400590        	  5622: 	MOVE.l	d0,FAC1_m(a3)		* move into FAC1
                            	  5623: 
01:00083B76 102B0594        	  5624: 	MOVE.b	FAC1_e(a3),d0		* get FAC1 exponent
01:00083B7A 4E75            	  5625: 	RTS
                            	  5626: 
                            	  5627: 
                            	  5628: *************************************************************************************
                            	  5629: *
                            	  5630: * set numeric variable, pack FAC1 into Lvarpl
                            	  5631: 
                            	  5632: LAB_PFAC
01:00083B7C 2F08            	  5633: 	MOVE.l	a0,-(sp)			* save pointer
01:00083B7E 206B0472        	  5634: 	MOVEA.l	Lvarpl(a3),a0		* get destination pointer
01:00083B82 082B000605B5    	  5635: 	BTST		#6,Dtypef(a3)		* test data type
01:00083B88 670C            	  5636: 	BEQ.s		LAB_277C			* branch if floating
                            	  5637: 
01:00083B8A 610000C6        	  5638: 	BSR		LAB_2831			* convert FAC1 floating to fixed
                            	  5639: 							* result in d0 and Itemp
01:00083B8E 2080            	  5640: 	MOVE.l	d0,(a0)			* save in var
01:00083B90 205F            	  5641: 	MOVE.l	(sp)+,a0			* restore pointer
01:00083B92 4E75            	  5642: 	RTS
                            	  5643: 
                            	  5644: 
                            	  5645: *************************************************************************************
                            	  5646: *
                            	  5647: * normalise round and pack FAC1 into (a0)
                            	  5648: 
                            	  5649: LAB_2778
01:00083B94 2F08            	  5650: 	MOVE.l	a0,-(sp)			* save pointer
                            	  5651: LAB_277C
01:00083B96 6100FD60        	  5652: 	BSR		LAB_24D5			* normalise FAC1
01:00083B9A 612C            	  5653: 	BSR.s		LAB_27BA			* round FAC1
01:00083B9C 202B0590        	  5654: 	MOVE.l	FAC1_m(a3),d0		* get FAC1 mantissa
01:00083BA0 E098            	  5655: 	ROR.l		#8,d0				* align 24/32 bit mantissa
01:00083BA2 4840            	  5656: 	SWAP		d0				* exponent/sign into 0-15
01:00083BA4 C07C007F        	  5657: 	AND.w		#$7F,d0			* clear exponent and sign bit
01:00083BA8 022B00800595    	  5658: 	ANDI.b	#$80,FAC1_s(a3)		* clear non sign bits in sign
01:00083BAE 806B0594        	  5659: 	OR.w		FAC1_e(a3),d0		* OR in exponent and sign
01:00083BB2 4840            	  5660: 	SWAP		d0				* move exponent and sign back to 16-31
01:00083BB4 2080            	  5661: 	MOVE.l	d0,(a0)			* store in destination
01:00083BB6 205F            	  5662: 	MOVE.l	(sp)+,a0			* restore pointer
01:00083BB8 4E75            	  5663: 	RTS
                            	  5664: 
                            	  5665: 
                            	  5666: *************************************************************************************
                            	  5667: *
                            	  5668: * copy FAC2 to FAC1
                            	  5669: 
                            	  5670: LAB_279B
01:00083BBA 376B059C0594    	  5671: 	MOVE.w	FAC2_e(a3),FAC1_e(a3)	* copy exponent & sign
01:00083BC0 276B05980590    	  5672: 	MOVE.l	FAC2_m(a3),FAC1_m(a3)	* copy mantissa
01:00083BC6 4E75            	  5673: 	RTS
                            	  5674: 
                            	  5675: 
                            	  5676: *************************************************************************************
                            	  5677: *
                            	  5678: * round FAC1
                            	  5679: 
                            	  5680: LAB_27BA
01:00083BC8 102B0594        	  5681: 	MOVE.b	FAC1_e(a3),d0		* get FAC1 exponent
01:00083BCC 6720            	  5682: 	BEQ.s		LAB_27C4			* branch if zero
                            	  5683: 
01:00083BCE 202B0590        	  5684: 	MOVE.l	FAC1_m(a3),d0		* get FAC1
01:00083BD2 D0BC00000080    	  5685: 	ADD.l		#$80,d0			* round to 24 bit
01:00083BD8 640A            	  5686: 	BCC.s		LAB_27C3			* branch if no overflow
                            	  5687: 
01:00083BDA E290            	  5688: 	ROXR.l	#1,d0				* shift FAC1 mantissa
01:00083BDC 522B0594        	  5689: 	ADDQ.b	#1,FAC1_e(a3)		* correct exponent
01:00083BE0 6500E57A        	  5690: 	BCS		LAB_OFER			* if carry do overflow error & warm start
                            	  5691: 
                            	  5692: LAB_27C3
01:00083BE4 C03C0000        	  5693: 	AND.b		#$00,d0			* clear guard byte
01:00083BE8 27400590        	  5694: 	MOVE.l	d0,FAC1_m(a3)		* save back to FAC1
01:00083BEC 4E75            	  5695: 	RTS
                            	  5696: 
                            	  5697: LAB_27C4
01:00083BEE 17400595        	  5698: 	MOVE.b	d0,FAC1_s(a3)		* make zero always +ve
                            	  5699: RTS_017
01:00083BF2 4E75            	  5700: 	RTS
                            	  5701: 
                            	  5702: 
                            	  5703: *************************************************************************************
                            	  5704: *
                            	  5705: * get FAC1 sign
                            	  5706: * return d0=-1,C=1/-ve d0=+1,C=0/+ve
                            	  5707: 
                            	  5708: LAB_27CA
01:00083BF4 7000            	  5709: 	MOVEQ		#0,d0				* clear d0
01:00083BF6 102B0594        	  5710: 	MOVE.b	FAC1_e(a3),d0		* get FAC1 exponent
01:00083BFA 67F6            	  5711: 	BEQ.s		RTS_017			* exit if zero (already correct SGN(0)=0)
                            	  5712: 
                            	  5713: 
                            	  5714: *************************************************************************************
                            	  5715: *
                            	  5716: * return d0=-1,C=1/-ve d0=+1,C=0/+ve
                            	  5717: * no = 0 check
                            	  5718: 
                            	  5719: LAB_27CE
01:00083BFC 102B0595        	  5720: 	MOVE.b	FAC1_s(a3),d0		* else get FAC1 sign (b7)
                            	  5721: 
                            	  5722: 
                            	  5723: *************************************************************************************
                            	  5724: *
                            	  5725: * return d0=-1,C=1/-ve d0=+1,C=0/+ve
                            	  5726: * no = 0 check, sign in d0
                            	  5727: 
                            	  5728: LAB_27D0
01:00083C00 4880            	  5729: 	EXT.w		d0				* make word
01:00083C02 48C0            	  5730: 	EXT.l		d0				* make longword
01:00083C04 E080            	  5731: 	ASR.l		#8,d0				* move sign bit through byte to carry
01:00083C06 65EA            	  5732: 	BCS.s		RTS_017			* exit if carry set
                            	  5733: 
01:00083C08 7001            	  5734: 	MOVEQ		#1,d0				* set result for +ve sign
01:00083C0A 4E75            	  5735: 	RTS
                            	  5736: 
                            	  5737: 
                            	  5738: *************************************************************************************
                            	  5739: *
                            	  5740: * perform SGN()
                            	  5741: 
                            	  5742: LAB_SGN
01:00083C0C 61E6            	  5743: 	BSR.s		LAB_27CA			* get FAC1 sign
                            	  5744: 							* return d0=-1/-ve d0=+1/+ve
                            	  5745: 
                            	  5746: 
                            	  5747: *************************************************************************************
                            	  5748: *
                            	  5749: * save d0 as integer longword
                            	  5750: 
                            	  5751: LAB_27DB
01:00083C0E 27400590        	  5752: 	MOVE.l	d0,FAC1_m(a3)		* save FAC1 mantissa
01:00083C12 377CA0000594    	  5753: 	MOVE.w	#$A000,FAC1_e(a3)		* set FAC1 exponent & sign
01:00083C18 D080            	  5754: 	ADD.l		d0,d0				* top bit into carry
01:00083C1A 6000FCD2        	  5755: 	BRA		LAB_24D0			* do +/- (carry is sign) & normalise FAC1
                            	  5756: 
                            	  5757: 
                            	  5758: *************************************************************************************
                            	  5759: *
                            	  5760: * perform ABS()
                            	  5761: 
                            	  5762: LAB_ABS
01:00083C1E 177C00000595    	  5763: 	MOVE.b	#0,FAC1_s(a3)		* clear FAC1 sign
01:00083C24 4E75            	  5764: 	RTS
                            	  5765: 
                            	  5766: 
                            	  5767: *************************************************************************************
                            	  5768: *
                            	  5769: * compare FAC1 with FAC2
                            	  5770: * returns d0=+1 Cb=0 if FAC1 > FAC2
                            	  5771: * returns d0= 0 Cb=0 if FAC1 = FAC2
                            	  5772: * returns d0=-1 Cb=1 if FAC1 < FAC2
                            	  5773: 
                            	  5774: LAB_27FA
01:00083C26 122B059C        	  5775: 	MOVE.b	FAC2_e(a3),d1		* get FAC2 exponent
01:00083C2A 67C8            	  5776: 	BEQ.s		LAB_27CA			* branch if FAC2 exponent=0 & get FAC1 sign
                            	  5777: 							* d0=-1,C=1/-ve d0=+1,C=0/+ve
                            	  5778: 
01:00083C2C 102B059E        	  5779: 	MOVE.b	FAC_sc(a3),d0		* get FAC sign compare
01:00083C30 6BCA            	  5780: 	BMI.s		LAB_27CE			* if signs <> do return d0=-1,C=1/-ve
                            	  5781: 							* d0=+1,C=0/+ve & return
                            	  5782: 
01:00083C32 102B0595        	  5783: 	MOVE.b	FAC1_s(a3),d0		* get FAC1 sign
01:00083C36 B22B0594        	  5784: 	CMP.b		FAC1_e(a3),d1		* compare FAC1 exponent with FAC2 exponent
01:00083C3A 660A            	  5785: 	BNE.s		LAB_2828			* branch if different
                            	  5786: 
01:00083C3C 222B0598        	  5787: 	MOVE.l	FAC2_m(a3),d1		* get FAC2 mantissa
01:00083C40 B2AB0590        	  5788: 	CMP.l		FAC1_m(a3),d1		* compare mantissas
01:00083C44 6708            	  5789: 	BEQ.s		LAB_282F			* exit if mantissas equal
                            	  5790: 
                            	  5791: * gets here if number <> FAC1
                            	  5792: 
                            	  5793: LAB_2828
01:00083C46 65B8            	  5794: 	BCS.s		LAB_27D0			* if FAC1 > FAC2 return d0=-1,C=1/-ve d0=+1,
                            	  5795: 							* C=0/+ve
                            	  5796: 
01:00083C48 0A000080        	  5797: 	EORI.b	#$80,d0			* else toggle FAC1 sign
                            	  5798: LAB_282E
01:00083C4C 60B2            	  5799: 	BRA.s		LAB_27D0			* return d0=-1,C=1/-ve d0=+1,C=0/+ve
                            	  5800: 
                            	  5801: LAB_282F
01:00083C4E 7000            	  5802: 	MOVEQ		#0,d0				* clear result
01:00083C50 4E75            	  5803: 	RTS
                            	  5804: 
                            	  5805: 
                            	  5806: *************************************************************************************
                            	  5807: *
                            	  5808: * convert FAC1 floating to fixed
                            	  5809: * result in d0 and Itemp, sets flags correctly
                            	  5810: 
                            	  5811: LAB_2831
01:00083C52 202B0590        	  5812: 	MOVE.l	FAC1_m(a3),d0		* copy mantissa
01:00083C56 6730            	  5813: 	BEQ.s		LAB_284J			* branch if mantissa = 0
                            	  5814: 
01:00083C58 2F01            	  5815: 	MOVE.l	d1,-(sp)			* save d1
01:00083C5A 72A0            	  5816: 	MOVEQ		#$A0,d1			* set for no floating bits
01:00083C5C 922B0594        	  5817: 	SUB.b		FAC1_e(a3),d1		* subtract FAC1 exponent
01:00083C60 6500E4FA        	  5818: 	BCS		LAB_OFER			* do overflow if too big
                            	  5819: 
01:00083C64 660E            	  5820: 	BNE.s		LAB_284G			* branch if exponent was not $A0
                            	  5821: 
01:00083C66 4A2B0595        	  5822: 	TST.b		FAC1_s(a3)			* test FAC1 sign
01:00083C6A 6A1A            	  5823: 	BPL.s		LAB_284H			* branch if FAC1 +ve
                            	  5824: 
01:00083C6C 4480            	  5825: 	NEG.l		d0
01:00083C6E 6916            	  5826: 	BVS.s		LAB_284H			* branch if was $80000000
                            	  5827: 
01:00083C70 6000E4EA        	  5828: 	BRA		LAB_OFER			* do overflow if too big
                            	  5829: 
                            	  5830: LAB_284G
01:00083C74 B23C0020        	  5831: 	CMP.b		#$20,d1			* compare with minimum result for integer
01:00083C78 6502            	  5832: 	BCS.s		LAB_284L			* if < minimum just do shift
                            	  5833: 
01:00083C7A 7000            	  5834: 	MOVEQ		#0,d0				* else return zero
                            	  5835: LAB_284L
01:00083C7C E2A8            	  5836: 	LSR.l		d1,d0				* shift integer
                            	  5837: 
01:00083C7E 4A2B0595        	  5838: 	TST.b		FAC1_s(a3)			* test FAC1 sign (b7)
01:00083C82 6A02            	  5839: 	BPL.s		LAB_284H			* branch if FAC1 +ve
                            	  5840: 
01:00083C84 4480            	  5841: 	NEG.l		d0				* negate integer value
                            	  5842: LAB_284H
01:00083C86 221F            	  5843: 	MOVE.l	(sp)+,d1			* restore d1
                            	  5844: LAB_284J
01:00083C88 2740042A        	  5845: 	MOVE.l	d0,Itemp(a3)		* save result to Itemp
01:00083C8C 4E75            	  5846: 	RTS
                            	  5847: 
                            	  5848: 
                            	  5849: *************************************************************************************
                            	  5850: *
                            	  5851: * perform INT()
                            	  5852: 
                            	  5853: LAB_INT
01:00083C8E 70A0            	  5854: 	MOVEQ		#$A0,d0			* set for no floating bits
01:00083C90 902B0594        	  5855: 	SUB.b		FAC1_e(a3),d0		* subtract FAC1 exponent
01:00083C94 6310            	  5856: 	BLS.s		LAB_IRTS			* exit if exponent >= $A0
                            	  5857: 							* (too big for fraction part!)
                            	  5858: 
01:00083C96 B03C0020        	  5859: 	CMP.b		#$20,d0			* compare with minimum result for integer
01:00083C9A 6400025E        	  5860: 	BCC		LAB_POZE			* if >= minimum go return 0
                            	  5861: 							* (too small for integer part!)
                            	  5862: 
01:00083C9E 72FF            	  5863: 	MOVEQ		#-1,d1			* set integer mask
01:00083CA0 E1A1            	  5864: 	ASL.l		d0,d1				* shift mask [8+2*d0]
01:00083CA2 C3AB0590        	  5865: 	AND.l		d1,FAC1_m(a3)		* mask mantissa
                            	  5866: LAB_IRTS
01:00083CA6 4E75            	  5867: 	RTS
                            	  5868: 
                            	  5869: 
                            	  5870: *************************************************************************************
                            	  5871: *
                            	  5872: * print " in line [LINE #]"
                            	  5873: 
                            	  5874: LAB_2953
01:00083CA8 41FA17F0        	  5875: 	LEA		LAB_LMSG(pc),a0		* point to " in line " message
01:00083CAC 6100ED30        	  5876: 	BSR		LAB_18C3			* print null terminated string
                            	  5877: 
                            	  5878: 							* Print Basic line #
01:00083CB0 202B0452        	  5879: 	MOVE.l	Clinel(a3),d0		* get current line
                            	  5880: 
                            	  5881: 
                            	  5882: *************************************************************************************
                            	  5883: *
                            	  5884: * print d0 as unsigned integer
                            	  5885: 
                            	  5886: LAB_295E
01:00083CB4 43FA0DDE        	  5887: 	LEA		Bin2dec(pc),a1		* get table address
01:00083CB8 7200            	  5888: 	MOVEQ		#0,d1				* table index
01:00083CBA 41EB05CC        	  5889: 	LEA		Usdss(a3),a0		* output string start
01:00083CBE 2401            	  5890: 	MOVE.l	d1,d2				* output string index
                            	  5891: LAB_2967
01:00083CC0 26311000        	  5892: 	MOVE.l	(a1,d1.w),d3		* get table value
01:00083CC4 6714            	  5893: 	BEQ.s		LAB_2969			* exit if end marker
                            	  5894: 
01:00083CC6 782F            	  5895: 	MOVEQ		#'0'-1,d4			* set character to "0"-1
                            	  5896: LAB_2968
01:00083CC8 5244            	  5897: 	ADDQ.w	#1,d4				* next numeric character
01:00083CCA 9083            	  5898: 	SUB.l		d3,d0				* subtract table value
01:00083CCC 6AFA            	  5899: 	BPL.s		LAB_2968			* not overdone so loop
                            	  5900: 
01:00083CCE D083            	  5901: 	ADD.l		d3,d0				* correct value
01:00083CD0 11842000        	  5902: 	MOVE.b	d4,(a0,d2.w)		* character out to string
01:00083CD4 5841            	  5903: 	ADDQ.w	#4,d1				* increment table pointer
01:00083CD6 5242            	  5904: 	ADDQ.w	#1,d2				* increment output string pointer
01:00083CD8 60E6            	  5905: 	BRA.s		LAB_2967			* loop
                            	  5906: 
                            	  5907: LAB_2969
01:00083CDA D03C0030        	  5908: 	ADD.b		#'0',d0			* make last character
01:00083CDE 11802000        	  5909: 	MOVE.b	d0,(a0,d2.w)		* character out to string
01:00083CE2 5348            	  5910: 	SUBQ.w	#1,a0				* decrement a0 (allow simple loop)
                            	  5911: 
                            	  5912: 							* now find non zero start of string
                            	  5913: LAB_296A
01:00083CE4 5248            	  5914: 	ADDQ.w	#1,a0				* increment a0 (this will never carry to b16)
01:00083CE6 43EB05D5        	  5915: 	LEA		BHsend-1(a3),a1		* get string end
01:00083CEA B1C9            	  5916: 	CMPA.l	a1,a0				* are we at end
01:00083CEC 6700ECF0        	  5917: 	BEQ		LAB_18C3			* if so print null terminated string and RETURN
                            	  5918: 
01:00083CF0 0C100030        	  5919: 	CMPI.b	#'0',(a0)			* is character "0" ?
01:00083CF4 67EE            	  5920: 	BEQ.s		LAB_296A			* loop if so
                            	  5921: 
01:00083CF6 6000ECE6        	  5922: 	BRA		LAB_18C3			* print null terminated string from memory & RET
                            	  5923: 
                            	  5924: 
                            	  5925: *************************************************************************************
                            	  5926: *
                            	  5927: * convert FAC1 to ASCII string result in (a0)
                            	  5928: * STR$() function enters here
                            	  5929: 
                            	  5930: * now outputs 7 significant digits
                            	  5931: 
                            	  5932: * d0 is character out
                            	  5933: * d1 is save index
                            	  5934: * d2 is gash
                            	  5935: 
                            	  5936: * a0 is output string pointer
                            	  5937: 
                            	  5938: LAB_2970
01:00083CFA 43EB05C6        	  5939: 	LEA		Decss(a3),a1		* set output string start
                            	  5940: 
01:00083CFE 7420            	  5941: 	MOVEQ		#' ',d2			* character = " ", assume +ve
01:00083D00 08AB00070595    	  5942: 	BCLR.b	#7,FAC1_s(a3)		* test and clear FAC1 sign (b7)
01:00083D06 6702            	  5943: 	BEQ.s		LAB_2978			* branch if +ve
                            	  5944: 
01:00083D08 742D            	  5945: 	MOVEQ		#'-',d2			* else character = "-"
                            	  5946: LAB_2978
01:00083D0A 1282            	  5947: 	MOVE.b	d2,(a1)			* save the sign character
01:00083D0C 142B0594        	  5948: 	MOVE.b	FAC1_e(a3),d2		* get FAC1 exponent
01:00083D10 6608            	  5949: 	BNE.s		LAB_2989			* branch if FAC1<>0
                            	  5950: 
                            	  5951: 							* exponent was $00 so FAC1 is 0
01:00083D12 7030            	  5952: 	MOVEQ		#'0',d0			* set character = "0"
01:00083D14 7201            	  5953: 	MOVEQ		#1,d1				* set output string index
01:00083D16 600001A4        	  5954: 	BRA		LAB_2A89			* save last character, [EOT] & exit
                            	  5955: 
                            	  5956: 							* FAC1 is some non zero value
                            	  5957: LAB_2989
01:00083D1A 177C000005AC    	  5958: 	MOVE.b	#0,numexp(a3)		* clear number exponent count
01:00083D20 B43C0081        	  5959: 	CMP.b		#$81,d2			* compare FAC1 exponent with $81 (>1.00000)
                            	  5960: 
01:00083D24 6448            	  5961: 	BCC.s		LAB_299C			* branch if FAC1=>1
                            	  5962: 
                            	  5963: 							* else FAC1 < 1
01:00083D26 277C989680000598	  5964: 	MOVE.l	#$98968000,FAC2_m(a3)	* 10000000 mantissa
01:00083D2E 377C9800059C    	  5965: 	MOVE.w	#$9800,FAC2_e(a3)		* 10000000 exponent & sign
01:00083D34 176B0595059E    	  5966: 	MOVE.b	FAC1_s(a3),FAC_sc(a3)	* make FAC1 sign sign compare
01:00083D3A 6100FCE4        	  5967: 	BSR		LAB_MULTIPLY		* do FAC2*FAC1
                            	  5968: 
01:00083D3E 177C00F905AC    	  5969: 	MOVE.b	#$F9,numexp(a3)		* set number exponent count (-7)
01:00083D44 6028            	  5970: 	BRA.s		LAB_299C			* go test for fit
                            	  5971: 
                            	  5972: LAB_29B9
01:00083D46 376B0594059C    	  5973: 	MOVE.w	FAC1_e(a3),FAC2_e(a3)	* copy exponent & sign from FAC1 to FAC2
01:00083D4C 276B05900598    	  5974: 	MOVE.l	FAC1_m(a3),FAC2_m(a3)	* copy FAC1 mantissa to FAC2 mantissa
01:00083D52 176B0595059E    	  5975: 	MOVE.b	FAC1_s(a3),FAC_sc(a3)	* save FAC1_s as sign compare
                            	  5976: 
01:00083D58 277CCCCCCCCD0590	  5977: 	MOVE.l	#$CCCCCCCD,FAC1_m(a3)	* 1/10 mantissa
01:00083D60 377C7D000594    	  5978: 	MOVE.w	#$7D00,FAC1_e(a3)		* 1/10 exponent & sign
01:00083D66 6100FCB8        	  5979: 	BSR		LAB_MULTIPLY		* do FAC2*FAC1, effectively divide by 10 but
                            	  5980: 							* faster
                            	  5981: 
01:00083D6A 522B05AC        	  5982: 	ADDQ.b	#1,numexp(a3)		* increment number exponent count
                            	  5983: LAB_299C
01:00083D6E 277C98967F700598	  5984: 	MOVE.l	#$98967F70,FAC2_m(a3)	* 9999999.4375 mantissa
01:00083D76 377C9800059C    	  5985: 	MOVE.w	#$9800,FAC2_e(a3)		* 9999999.4375 exponent & sign
                            	  5986: 							* (max before scientific notation)
01:00083D7C 6100014C        	  5987: 	BSR		LAB_27F0			* fast compare FAC1 with FAC2
                            	  5988: 							* returns d0=+1 C=0 if FAC1 > FAC2
                            	  5989: 							* returns d0= 0 C=0 if FAC1 = FAC2
                            	  5990: 							* returns d0=-1 C=1 if FAC1 < FAC2
01:00083D80 62C4            	  5991: 	BHI.s		LAB_29B9			* go do /10 if FAC1 > 9999999.4375
                            	  5992: 
01:00083D82 6750            	  5993: 	BEQ.s		LAB_29C3			* branch if FAC1 = 9999999.4375
                            	  5994: 
                            	  5995: 							* FAC1 < 9999999.4375
01:00083D84 277CF423F8000598	  5996: 	MOVE.l	#$F423F800,FAC2_m(a3)	* set mantissa for 999999.5
01:00083D8C 377C9400059C    	  5997: 	MOVE.w	#$9400,FAC2_e(a3)		* set exponent for 999999.5
                            	  5998: 
01:00083D92 41EB0590        	  5999: 	LEA		FAC1_m(a3),a0		* set pointer for x10
                            	  6000: LAB_29A7
01:00083D96 61000132        	  6001: 	BSR		LAB_27F0			* fast compare FAC1 with FAC2
                            	  6002: 							* returns d0=+1 C=0 if FAC1 > FAC2
                            	  6003: 							* returns d0= 0 C=0 if FAC1 = FAC2
                            	  6004: 							* returns d0=-1 C=1 if FAC1 < FAC2
01:00083D9A 6220            	  6005: 	BHI.s		LAB_29C0			* branch if FAC1 > 99999.9375,no decimal places
                            	  6006: 
                            	  6007: 							* FAC1 <= 999999.5 so do x 10
01:00083D9C 2010            	  6008: 	MOVE.l	(a0),d0			* get FAC1 mantissa
01:00083D9E 12280004        	  6009: 	MOVE.b	4(a0),d1			* get FAC1 exponent
01:00083DA2 2400            	  6010: 	MOVE.l	d0,d2				* copy it
01:00083DA4 E488            	  6011: 	LSR.l		#2,d0				* /4
01:00083DA6 D082            	  6012: 	ADD.l		d2,d0				* add FAC1 (x1.125)
01:00083DA8 6404            	  6013: 	BCC.s		LAB_29B7			* branch if no carry
                            	  6014: 
01:00083DAA E290            	  6015: 	ROXR.l	#1,d0				* shift carry back in
01:00083DAC 5201            	  6016: 	ADDQ.b	#1,d1				* increment exponent (never overflows)
                            	  6017: LAB_29B7
01:00083DAE 5601            	  6018: 	ADDQ.b	#3,d1				* correct exponent ( 8 x 1.125 = 10 )
                            	  6019: 							* (never overflows)
01:00083DB0 2080            	  6020: 	MOVE.l	d0,(a0)			* save new mantissa
01:00083DB2 11410004        	  6021: 	MOVE.b	d1,4(a0)			* save new exponent
01:00083DB6 532B05AC        	  6022: 	SUBQ.b	#1,numexp(a3)		* decrement number exponent count
01:00083DBA 60DA            	  6023: 	BRA.s		LAB_29A7			* go test again
                            	  6024: 
                            	  6025: 							* now we have just the digits to do
                            	  6026: LAB_29C0
01:00083DBC 277C800000000598	  6027: 	MOVE.l	#$80000000,FAC2_m(a3)	* set mantissa for 0.5
01:00083DC4 377C8000059C    	  6028: 	MOVE.w	#$8000,FAC2_e(a3)		* set exponent for 0.5
01:00083DCA 176B0595059E    	  6029: 	MOVE.b	FAC1_s(a3),FAC_sc(a3)	* sign compare = sign
01:00083DD0 6100FAAC        	  6030: 	BSR		LAB_ADD			* add the 0.5 to FAC1 (round FAC1)
                            	  6031: 
                            	  6032: LAB_29C3
01:00083DD4 6100FE7C        	  6033: 	BSR		LAB_2831			* convert FAC1 floating to fixed
                            	  6034: 							* result in d0 and Itemp
01:00083DD8 7401            	  6035: 	MOVEQ		#$01,d2			* set default digits before dp = 1
01:00083DDA 102B05AC        	  6036: 	MOVE.b	numexp(a3),d0		* get number exponent count
01:00083DDE 5000            	  6037: 	ADD.b		#8,d0				* allow 7 digits before point
01:00083DE0 6B0C            	  6038: 	BMI.s		LAB_29D9			* if -ve then 1 digit before dp
                            	  6039: 
01:00083DE2 B03C0009        	  6040: 	CMP.b		#$09,d0			* d0>=9 if n>=1E7
01:00083DE6 6406            	  6041: 	BCC.s		LAB_29D9			* branch if >= $09
                            	  6042: 
                            	  6043: 							* < $08
01:00083DE8 5300            	  6044: 	SUBQ.b	#1,d0				* take 1 from digit count
01:00083DEA 1400            	  6045: 	MOVE.b	d0,d2				* copy byte
01:00083DEC 7002            	  6046: 	MOVEQ		#$02,d0			* set exponent adjust
                            	  6047: LAB_29D9
01:00083DEE 7200            	  6048: 	MOVEQ		#0,d1				* set output string index
01:00083DF0 5500            	  6049: 	SUBQ.b	#2,d0				* -2
01:00083DF2 174005AD        	  6050: 	MOVE.b	d0,expcnt(a3)		* save exponent adjust
01:00083DF6 174205AC        	  6051: 	MOVE.b	d2,numexp(a3)		* save digits before dp count
01:00083DFA 1002            	  6052: 	MOVE.b	d2,d0				* copy digits before dp count
01:00083DFC 6702            	  6053: 	BEQ.s		LAB_29E4			* branch if no digits before dp
                            	  6054: 
01:00083DFE 6A14            	  6055: 	BPL.s		LAB_29F7			* branch if digits before dp
                            	  6056: 
                            	  6057: LAB_29E4
01:00083E00 5281            	  6058: 	ADDQ.l	#1,d1				* increment index
01:00083E02 13BC002E1000    	  6059: 	MOVE.b	#'.',(a1,d1.w)		* save to output string
                            	  6060: 
01:00083E08 4A02            	  6061: 	TST.b		d2				* test digits before dp count
01:00083E0A 6708            	  6062: 	BEQ.s		LAB_29F7			* branch if no digits before dp
                            	  6063: 
01:00083E0C 5281            	  6064: 	ADDQ.l	#1,d1				* increment index
01:00083E0E 13BC00301000    	  6065: 	MOVE.b	#'0',(a1,d1.w)		* save to output string
                            	  6066: LAB_29F7
01:00083E14 7400            	  6067: 	MOVEQ		#0,d2				* clear index (point to 1,000,000)
01:00083E16 7080            	  6068: 	MOVEQ		#$80-$100,d0		* set output character
                            	  6069: LAB_29FB
01:00083E18 41FA1114        	  6070: 	LEA		LAB_2A9A(pc),a0		* get base of table
01:00083E1C 26302000        	  6071: 	MOVE.l	(a0,d2.w),d3		* get table value
                            	  6072: LAB_29FD
01:00083E20 5200            	  6073: 	ADDQ.b	#1,d0				* increment output character
01:00083E22 D7AB042A        	  6074: 	ADD.l		d3,Itemp(a3)		* add to (now fixed) mantissa
01:00083E26 08000007        	  6075: 	BTST		#7,d0				* set test sense (z flag only)
01:00083E2A 6504            	  6076: 	BCS.s		LAB_2A18			* did carry so has wrapped past zero
                            	  6077: 
01:00083E2C 67F2            	  6078: 	BEQ.s		LAB_29FD			* no wrap and +ve test so try again
                            	  6079: 
01:00083E2E 6002            	  6080: 	BRA.s		LAB_2A1A			* found this digit
                            	  6081: 
                            	  6082: LAB_2A18
01:00083E30 66EE            	  6083: 	BNE.s		LAB_29FD			* wrap and -ve test so try again
                            	  6084: 
                            	  6085: LAB_2A1A
01:00083E32 6406            	  6086: 	BCC.s		LAB_2A21			* branch if +ve test result
                            	  6087: 
01:00083E34 4400            	  6088: 	NEG.b		d0				* negate the digit number
01:00083E36 D03C000B        	  6089: 	ADD.b		#$0B,d0			* and subtract from 11 decimal
                            	  6090: LAB_2A21
01:00083E3A D03C002F        	  6091: 	ADD.b		#$2F,d0			* add "0"-1 to result
01:00083E3E 5842            	  6092: 	ADDQ.w	#4,d2				* increment index to next less power of ten
01:00083E40 5241            	  6093: 	ADDQ.w	#1,d1				* increment output string index
01:00083E42 1600            	  6094: 	MOVE.b	d0,d3				* copy character to d3
01:00083E44 C63C007F        	  6095: 	AND.b		#$7F,d3			* mask out top bit
01:00083E48 13831000        	  6096: 	MOVE.b	d3,(a1,d1.w)		* save to output string
01:00083E4C 532B05AC        	  6097: 	SUB.b		#1,numexp(a3)		* decrement # of characters before the dp
01:00083E50 6608            	  6098: 	BNE.s		LAB_2A3B			* branch if still characters to do
                            	  6099: 
                            	  6100: 							* else output the point
01:00083E52 5281            	  6101: 	ADDQ.l	#1,d1				* increment index
01:00083E54 13BC002E1000    	  6102: 	MOVE.b	#'.',(a1,d1.w)		* save to output string
                            	  6103: LAB_2A3B
01:00083E5A C03C0080        	  6104: 	AND.b		#$80,d0			* mask test sense bit
01:00083E5E 0A000080        	  6105: 	EORI.b	#$80,d0			* invert it
01:00083E62 B43C001C        	  6106: 	CMP.b		#LAB_2A9B-LAB_2A9A,d2	* compare table index with max+4
01:00083E66 66B0            	  6107: 	BNE.s		LAB_29FB			* loop if not max
                            	  6108: 
                            	  6109: 							* now remove trailing zeroes
                            	  6110: LAB_2A4B
01:00083E68 10311000        	  6111: 	MOVE.b	(a1,d1.w),d0		* get character from output string
01:00083E6C 5381            	  6112: 	SUBQ.l	#1,d1				* decrement output string index
01:00083E6E B03C0030        	  6113: 	CMP.b		#'0',d0			* compare with "0"
01:00083E72 67F4            	  6114: 	BEQ.s		LAB_2A4B			* loop until non "0" character found
                            	  6115: 
01:00083E74 B03C002E        	  6116: 	CMP.b		#'.',d0			* compare with "."
01:00083E78 6702            	  6117: 	BEQ.s		LAB_2A58			* branch if was dp
                            	  6118: 
                            	  6119: 							* else restore last character
01:00083E7A 5281            	  6120: 	ADDQ.l	#1,d1				* increment output string index
                            	  6121: LAB_2A58
01:00083E7C 13BC002B1002    	  6122: 	MOVE.b	#'+',2(a1,d1.w)		* save character "+" to output string
01:00083E82 4A2B05AD        	  6123: 	TST.b		expcnt(a3)			* test exponent count
01:00083E86 6738            	  6124: 	BEQ.s		LAB_2A8C			* if zero go set null terminator & exit
                            	  6125: 
                            	  6126: 							* exponent isn't zero so write exponent
01:00083E88 6A0A            	  6127: 	BPL.s		LAB_2A68			* branch if exponent count +ve
                            	  6128: 
01:00083E8A 13BC002D1002    	  6129: 	MOVE.b	#'-',2(a1,d1.w)		* save character "-" to output string
01:00083E90 442B05AD        	  6130: 	NEG.b		expcnt(a3)			* convert -ve to +ve
                            	  6131: LAB_2A68
01:00083E94 13BC00451001    	  6132: 	MOVE.b	#'E',1(a1,d1.w)		* save character "E" to output string
01:00083E9A 142B05AD        	  6133: 	MOVE.b	expcnt(a3),d2		* get exponent count
01:00083E9E 702F            	  6134: 	MOVEQ		#$2F,d0			* one less than "0" character
                            	  6135: LAB_2A74
01:00083EA0 5200            	  6136: 	ADDQ.b	#1,d0				* increment 10's character
01:00083EA2 943C000A        	  6137: 	SUB.b		#$0A,d2			* subtract 10 from exponent count
01:00083EA6 64F8            	  6138: 	BCC.s		LAB_2A74			* loop while still >= 0
                            	  6139: 
01:00083EA8 D43C003A        	  6140: 	ADD.b		#$3A,d2			* add character ":", $30+$0A, result is 10-value
01:00083EAC 13801003        	  6141: 	MOVE.b	d0,3(a1,d1.w)		* save 10's character to output string
01:00083EB0 13821004        	  6142: 	MOVE.b	d2,4(a1,d1.w)		* save 1's character to output string
01:00083EB4 13BC00001005    	  6143: 	MOVE.b	#0,5(a1,d1.w)		* save null terminator after last character
01:00083EBA 600A            	  6144: 	BRA.s		LAB_2A91			* go set string pointer (a0) and exit
                            	  6145: 
                            	  6146: LAB_2A89
01:00083EBC 13801000        	  6147: 	MOVE.b	d0,(a1,d1.w)		* save last character to output string
                            	  6148: LAB_2A8C
01:00083EC0 13BC00001001    	  6149: 	MOVE.b	#0,1(a1,d1.w)		* save null terminator after last character
                            	  6150: LAB_2A91
01:00083EC6 2049            	  6151: 	MOVEA.l	a1,a0				* set result string pointer (a0)
01:00083EC8 4E75            	  6152: 	RTS
                            	  6153: 
                            	  6154: 
                            	  6155: *************************************************************************************
                            	  6156: *
                            	  6157: * fast compare FAC1 with FAC2
                            	  6158: * assumes both are +ve and FAC2>0
                            	  6159: * returns d0=+1 C=0 if FAC1 > FAC2
                            	  6160: * returns d0= 0 C=0 if FAC1 = FAC2
                            	  6161: * returns d0=-1 C=1 if FAC1 < FAC2
                            	  6162: 
                            	  6163: LAB_27F0
01:00083ECA 7000            	  6164: 	MOVEQ		#0,d0				* set for FAC1 = FAC2
01:00083ECC 122B059C        	  6165: 	MOVE.b	FAC2_e(a3),d1		* get FAC2 exponent
01:00083ED0 B22B0594        	  6166: 	CMP.b		FAC1_e(a3),d1		* compare FAC1 exponent with FAC2 exponent
01:00083ED4 660A            	  6167: 	BNE.s		LAB_27F1			* branch if different
                            	  6168: 
01:00083ED6 222B0598        	  6169: 	MOVE.l	FAC2_m(a3),d1		* get FAC2 mantissa
01:00083EDA B2AB0590        	  6170: 	CMP.l		FAC1_m(a3),d1		* compare mantissas
01:00083EDE 6708            	  6171: 	BEQ.s		LAB_27F3			* exit if mantissas equal
                            	  6172: 
                            	  6173: LAB_27F1
01:00083EE0 6504            	  6174: 	BCS.s		LAB_27F2			* if FAC1 > FAC2 return d0=+1,C=0
                            	  6175: 
01:00083EE2 5380            	  6176: 	SUBQ.l	#1,d0				* else FAC1 < FAC2 return d0=-1,C=1
01:00083EE4 4E75            	  6177: 	RTS
                            	  6178: 
                            	  6179: LAB_27F2
01:00083EE6 5280            	  6180: 	ADDQ.l	#1,d0
                            	  6181: LAB_27F3
01:00083EE8 4E75            	  6182: 	RTS
                            	  6183: 
                            	  6184: 
                            	  6185: *************************************************************************************
                            	  6186: *
                            	  6187: * make FAC1 = 1
                            	  6188: 
                            	  6189: LAB_POON
01:00083EEA 277C800000000590	  6190: 	MOVE.l	#$80000000,FAC1_m(a3)	* 1 mantissa
01:00083EF2 377C81000594    	  6191: 	MOVE.w	#$8100,FAC1_e(a3)		* 1 exonent & sign
01:00083EF8 4E75            	  6192: 	RTS
                            	  6193: 
                            	  6194: 
                            	  6195: *************************************************************************************
                            	  6196: *
                            	  6197: * make FAC1 = 0
                            	  6198: 
                            	  6199: LAB_POZE
01:00083EFA 7000            	  6200: 	MOVEQ		#0,d0				* clear longword
01:00083EFC 27400590        	  6201: 	MOVE.l	d0,FAC1_m(a3)		* 0 mantissa
01:00083F00 37400594        	  6202: 	MOVE.w	d0,FAC1_e(a3)		* 0 exonent & sign
01:00083F04 4E75            	  6203: 	RTS
                            	  6204: 
                            	  6205: 
                            	  6206: *************************************************************************************
                            	  6207: *
                            	  6208: * perform power function
                            	  6209: * the number is in FAC2, the power is in FAC1
                            	  6210: * no longer trashes Itemp
                            	  6211: 
                            	  6212: LAB_POWER
01:00083F06 4A2B0594        	  6213: 	TST.b		FAC1_e(a3)			* test power
01:00083F0A 67DE            	  6214: 	BEQ.s		LAB_POON			* if zero go return 1
                            	  6215: 
01:00083F0C 4A2B059C        	  6216: 	TST.b		FAC2_e(a3)			* test number
01:00083F10 67E8            	  6217: 	BEQ.s		LAB_POZE			* if zero go return 0
                            	  6218: 
01:00083F12 1F2B059D        	  6219: 	MOVE.b	FAC2_s(a3),-(sp)		* save number sign
01:00083F16 6A20            	  6220: 	BPL.s		LAB_POWP			* power of positive number
                            	  6221: 
01:00083F18 7200            	  6222: 	MOVEQ		#0,d1				* clear d1
01:00083F1A 1741059D        	  6223: 	MOVE.b	d1,FAC2_s(a3)		* make sign +ve
                            	  6224: 
                            	  6225: 							* number sign was -ve and can only be raised to
                            	  6226: 							* an integer power which gives an x +j0 result,
                            	  6227: 							* else do 'function call' error
01:00083F1E 122B0594        	  6228: 	MOVE.b	FAC1_e(a3),d1		* get power exponent
01:00083F22 927C0080        	  6229: 	SUB.w		#$80,d1			* normalise to .5
01:00083F26 6300E238        	  6230: 	BLS		LAB_FCER			* if 0<power<1 then do 'function call' error
                            	  6231: 
                            	  6232: 							* now shift all the integer bits out
01:00083F2A 202B0590        	  6233: 	MOVE.l	FAC1_m(a3),d0		* get power mantissa
01:00083F2E E3A0            	  6234: 	ASL.l		d1,d0				* shift mantissa
01:00083F30 6600E22E        	  6235: 	BNE		LAB_FCER			* if power<>INT(power) then do 'function call'
                            	  6236: 							* error
                            	  6237: 
01:00083F34 6502            	  6238: 	BCS.s		LAB_POWP			* if integer value odd then leave result -ve
                            	  6239: 
01:00083F36 1E80            	  6240: 	MOVE.b	d0,(sp)			* save result sign +ve
                            	  6241: LAB_POWP
01:00083F38 2F2B0590        	  6242: 	MOVE.l	FAC1_m(a3),-(sp)		* save power mantissa
01:00083F3C 3F2B0594        	  6243: 	MOVE.w	FAC1_e(a3),-(sp)		* save power sign & exponent
                            	  6244: 
01:00083F40 6100FC78        	  6245: 	BSR		LAB_279B			* copy number to FAC1
01:00083F44 6100F9E8        	  6246: 	BSR		LAB_LOG			* find log of number
                            	  6247: 
01:00083F48 301F            	  6248: 	MOVE.w	(sp)+,d0			* get power sign & exponent
01:00083F4A 275F0598        	  6249: 	MOVE.l	(sp)+,FAC2_m(a3)		* get power mantissa
01:00083F4E 3740059C        	  6250: 	MOVE.w	d0,FAC2_e(a3)		* save sign & exponent to FAC2
01:00083F52 1740059E        	  6251: 	MOVE.b	d0,FAC_sc(a3)		* save sign as sign compare
01:00083F56 102B0595        	  6252: 	MOVE.b	FAC1_s(a3),d0		* get FAC1 sign
01:00083F5A B12B059E        	  6253: 	EOR.b		d0,FAC_sc(a3)		* make sign compare (FAC1_s EOR FAC2_s)
                            	  6254: 
01:00083F5E 6100FAC0        	  6255: 	BSR		LAB_MULTIPLY		* multiply by power
01:00083F62 6158            	  6256: 	BSR.s		LAB_EXP			* find exponential
01:00083F64 175F0595        	  6257: 	MOVE.b	(sp)+,FAC1_s(a3)		* restore number sign
01:00083F68 4E75            	  6258: 	RTS
                            	  6259: 
                            	  6260: 
                            	  6261: *************************************************************************************
                            	  6262: *
                            	  6263: * do - FAC1
                            	  6264: 
                            	  6265: LAB_GTHAN
01:00083F6A 4A2B0594        	  6266: 	TST.b		FAC1_e(a3)			* test for non zero FAC1
01:00083F6E 6706            	  6267: 	BEQ.s		RTS_020			* branch if null
                            	  6268: 
01:00083F70 0A2B00800595    	  6269: 	EORI.b	#$80,FAC1_s(a3)		* (else) toggle FAC1 sign bit
                            	  6270: RTS_020
01:00083F76 4E75            	  6271: 	RTS
                            	  6272: 
                            	  6273: 
                            	  6274: *************************************************************************************
                            	  6275: *
                            	  6276: 							* return +1
                            	  6277: LAB_EX1
01:00083F78 277C800000000590	  6278: 	MOVE.l	#$80000000,FAC1_m(a3)	* +1 mantissa
01:00083F80 377C81000594    	  6279: 	MOVE.w	#$8100,FAC1_e(a3)		* +1 sign & exponent
01:00083F86 4E75            	  6280: 	RTS
                            	  6281: 							* do over/under flow
                            	  6282: LAB_EXOU
01:00083F88 4A2B0595        	  6283: 	TST.b		FAC1_s(a3)			* test sign
01:00083F8C 6A00E1CE        	  6284: 	BPL		LAB_OFER			* was +ve so do overflow error
                            	  6285: 
                            	  6286: 							* else underflow so return zero
01:00083F90 7000            	  6287: 	MOVEQ		#0,d0				* clear longword
01:00083F92 27400590        	  6288: 	MOVE.l	d0,FAC1_m(a3)		* 0 mantissa
01:00083F96 37400594        	  6289: 	MOVE.w	d0,FAC1_e(a3)		* 0 sign & exponent
01:00083F9A 4E75            	  6290: 	RTS
                            	  6291: 							* fraction was zero so do 2^n
                            	  6292: LAB_EXOF
01:00083F9C 277C800000000590	  6293: 	MOVE.l	#$80000000,FAC1_m(a3)	* +n mantissa
01:00083FA4 177C00000595    	  6294: 	MOVE.b	#0,FAC1_s(a3)		* clear sign
01:00083FAA 4A2B05B4        	  6295: 	TST.b		cosout(a3)			* test sign flag
01:00083FAE 6A02            	  6296: 	BPL.s		LAB_EXOL			* branch if +ve
                            	  6297: 
01:00083FB0 4481            	  6298: 	NEG.l		d1				* else do 1/2^n
                            	  6299: LAB_EXOL
01:00083FB2 D23C0081        	  6300: 	ADD.b		#$81,d1			* adjust exponent
01:00083FB6 17410594        	  6301: 	MOVE.b	d1,FAC1_e(a3)		* save exponent
01:00083FBA 4E75            	  6302: 	RTS
                            	  6303: 
                            	  6304: * perform EXP()	(x^e)
                            	  6305: * valid input range is -88 to +88
                            	  6306: 
                            	  6307: LAB_EXP
01:00083FBC 102B0594        	  6308: 	MOVE.b	FAC1_e(a3),d0		* get exponent
01:00083FC0 67B6            	  6309: 	BEQ.s		LAB_EX1			* return 1 for zero in
                            	  6310: 
01:00083FC2 B03C0064        	  6311: 	CMP.b		#$64,d0			* compare exponent with min
01:00083FC6 65B0            	  6312: 	BCS.s		LAB_EX1			* if smaller just return 1
                            	  6313: 
                            	  6314: **	MOVEM.l	d1-d6/a0,-(sp)		* save the registers
01:00083FC8 177C000005B4    	  6315: 	MOVE.b	#0,cosout(a3)		* flag +ve number
01:00083FCE 222B0590        	  6316: 	MOVE.l	FAC1_m(a3),d1		* get mantissa
01:00083FD2 B03C0087        	  6317: 	CMP.b		#$87,d0			* compare exponent with max
01:00083FD6 62B0            	  6318: 	BHI.s		LAB_EXOU			* go do over/under flow if greater
                            	  6319: 
01:00083FD8 6608            	  6320: 	BNE.s		LAB_EXCM			* branch if less
                            	  6321: 
                            	  6322: 							* else is 2^7
01:00083FDA B2BCB00F33C7    	  6323: 	CMP.l		#$B00F33C7,d1		* compare mantissa with n*2^7 max
01:00083FE0 64A6            	  6324: 	BCC.s		LAB_EXOU			* if => go over/underflow
                            	  6325: 
                            	  6326: LAB_EXCM
01:00083FE2 4A2B0595        	  6327: 	TST.b		FAC1_s(a3)			* test sign
01:00083FE6 6A0C            	  6328: 	BPL.s		LAB_EXPS			* branch if arg +ve
                            	  6329: 
01:00083FE8 177C00FF05B4    	  6330: 	MOVE.b	#$FF,cosout(a3)		* flag -ve number
01:00083FEE 177C00000595    	  6331: 	MOVE.b	#0,FAC1_s(a3)		* take absolute value
                            	  6332: LAB_EXPS
                            	  6333: 							* now do n/LOG(2)
01:00083FF4 277CB8AA3B290598	  6334: 	MOVE.l	#$B8AA3B29,FAC2_m(a3)	* 1/LOG(2) mantissa
01:00083FFC 377C8100059C    	  6335: 	MOVE.w	#$8100,FAC2_e(a3)		* 1/LOG(2) exponent & sign
01:00084002 177C0000059E    	  6336: 	MOVE.b	#0,FAC_sc(a3)		* we know they're both +ve
01:00084008 6100FA16        	  6337: 	BSR		LAB_MULTIPLY		* effectively divide by log(2)
                            	  6338: 
                            	  6339: 							* max here is +/- 127
                            	  6340: 							* now separate integer and fraction
01:0008400C 177C000005D9    	  6341: 	MOVE.b	#0,tpower(a3)		* clear exponent add byte
01:00084012 1A2B0594        	  6342: 	MOVE.b	FAC1_e(a3),d5		* get exponent
01:00084016 9A3C0080        	  6343: 	SUB.b		#$80,d5			* normalise
01:0008401A 6324            	  6344: 	BLS.s		LAB_ESML			* branch if < 1 (d5 is 0 or -ve)
                            	  6345: 
                            	  6346: 							* result is > 1
01:0008401C 202B0590        	  6347: 	MOVE.l	FAC1_m(a3),d0		* get mantissa
01:00084020 2200            	  6348: 	MOVE.l	d0,d1				* copy it
01:00084022 2C05            	  6349: 	MOVE.l	d5,d6				* copy normalised exponent
                            	  6350: 
01:00084024 4446            	  6351: 	NEG.w		d6				* make -ve
01:00084026 DC7C0020        	  6352: 	ADD.w		#32,d6			* is now 32-d6
01:0008402A ECA9            	  6353: 	LSR.l		d6,d1				* just integer bits
01:0008402C 174105D9        	  6354: 	MOVE.b	d1,tpower(a3)		* set exponent add byte
                            	  6355: 
01:00084030 EBA8            	  6356: 	LSL.l		d5,d0				* shift out integer bits
01:00084032 6700FF68        	  6357: 	BEQ		LAB_EXOF			* fraction is zero so do 2^n
                            	  6358: 
01:00084036 27400590        	  6359: 	MOVE.l	d0,FAC1_m(a3)		* fraction to FAC1
01:0008403A 377C80000594    	  6360: 	MOVE.w	#$8000,FAC1_e(a3)		* set exponent & sign
                            	  6361: 
                            	  6362: 							* multiple was < 1
                            	  6363: LAB_ESML
01:00084040 277CB17217F80598	  6364: 	MOVE.l	#$B17217F8,FAC2_m(a3)	* LOG(2) mantissa
01:00084048 377C8000059C    	  6365: 	MOVE.w	#$8000,FAC2_e(a3)		* LOG(2) exponent & sign
01:0008404E 177C0000059E    	  6366: 	MOVE.b	#0,FAC_sc(a3)		* clear sign compare
01:00084054 6100F9CA        	  6367: 	BSR		LAB_MULTIPLY		* multiply by log(2)
                            	  6368: 
01:00084058 202B0590        	  6369: 	MOVE.l	FAC1_m(a3),d0		* get mantissa
01:0008405C 1A2B0594        	  6370: 	MOVE.b	FAC1_e(a3),d5		* get exponent
01:00084060 9A7C0082        	  6371: 	SUB.w		#$82,d5			* normalise and -2 (result is -1 to -30)
01:00084064 4445            	  6372: 	NEG.w		d5				* make +ve
01:00084066 EAA8            	  6373: 	LSR.l		d5,d0				* shift for 2 integer bits
                            	  6374: 
                            	  6375: * d0 = arg
                            	  6376: * d6 = x, d1 = y
                            	  6377: * d2 = x1, d3 = y1
                            	  6378: * d4 = shift count
                            	  6379: * d5 = loop count
                            	  6380: 							* now do cordic set-up
01:00084068 7200            	  6381: 	MOVEQ		#0,d1				* y = 0
01:0008406A 2C3C26A3D110    	  6382: 	MOVE.l	#KFCTSEED,d6		* x = 1 with jkh inverse factored out
01:00084070 41FA0D20        	  6383: 	LEA		TAB_HTHET(pc),a0		* get pointer to hyperbolic arctan table
01:00084074 7800            	  6384: 	MOVEQ		#0,d4				* clear shift count
                            	  6385:  
                            	  6386: 							* cordic loop, shifts 4 and 13 (and 39
                            	  6387: 							* if it went that far) need to be repeated
01:00084076 7A03            	  6388: 	MOVEQ		#3,d5				* 4 loops
01:00084078 6136            	  6389: 	BSR.s		LAB_EXCC			* do loops 1 through 4
01:0008407A 5948            	  6390: 	SUBQ.w	#4,a0				* do table entry again
01:0008407C 5384            	  6391: 	SUBQ.l	#1,d4				* do shift count again
01:0008407E 7A09            	  6392: 	MOVEQ		#9,d5				* 10 loops
01:00084080 612E            	  6393: 	BSR.s		LAB_EXCC			* do loops 4 (again) through 13
01:00084082 5948            	  6394: 	SUBQ.w	#4,a0				* do table entry again
01:00084084 5384            	  6395: 	SUBQ.l	#1,d4				* do shift count again
01:00084086 7A12            	  6396: 	MOVEQ		#18,d5			* 19 loops
01:00084088 6126            	  6397: 	BSR.s		LAB_EXCC			* do loops 13 (again) through 31
                            	  6398:  
                            	  6399: 							* now get the result
01:0008408A 4A2B05B4        	  6400: 	TST.b		cosout(a3)			* test sign flag
01:0008408E 6A06            	  6401: 	BPL.s		LAB_EXPL			* branch if +ve
                            	  6402: 
01:00084090 4481            	  6403: 	NEG.l		d1				* do -y
01:00084092 442B05D9        	  6404: 	NEG.b		tpower(a3)			* do -exp
                            	  6405: LAB_EXPL
01:00084096 7083            	  6406: 	MOVEQ		#$83-$100,d0		* set exponent
01:00084098 DC81            	  6407: 	ADD.l		d1,d6				* y = y +/- x
01:0008409A 6B06            	  6408: 	BMI.s		LAB_EXRN			* branch if result normal
                            	  6409: 
                            	  6410: LAB_EXNN
01:0008409C 5380            	  6411: 	SUBQ.l	#1,d0				* decrement exponent
01:0008409E DC86            	  6412: 	ADD.l		d6,d6				* shift mantissa
01:000840A0 6AFA            	  6413: 	BPL.s		LAB_EXNN			* loop if not normal
                            	  6414: 
                            	  6415: LAB_EXRN
01:000840A2 27460590        	  6416: 	MOVE.l	d6,FAC1_m(a3)		* save exponent result
01:000840A6 D02B05D9        	  6417: 	ADD.b		tpower(a3),d0		* add integer part
01:000840AA 17400594        	  6418: 	MOVE.b	d0,FAC1_e(a3)		* save exponent
                            	  6419: **	MOVEM.l	(sp)+,d1-d6/a0		* restore registers
01:000840AE 4E75            	  6420: 	RTS
                            	  6421:  
                            	  6422: 							* cordic loop
                            	  6423: LAB_EXCC
01:000840B0 5284            	  6424: 	ADDQ.l	#1,d4				* increment shift count
01:000840B2 2406            	  6425: 	MOVE.l	d6,d2				* x1 = x
01:000840B4 E8A2            	  6426: 	ASR.l		d4,d2				* x1 >> n
01:000840B6 2601            	  6427: 	MOVE.l	d1,d3				* y1 = y
01:000840B8 E8A3            	  6428: 	ASR.l		d4,d3				* y1 >> n
01:000840BA 4A80            	  6429: 	TST.l		d0				* test arg
01:000840BC 6B0C            	  6430: 	BMI.s		LAB_EXAD			* branch if -ve
                            	  6431: 
01:000840BE D282            	  6432: 	ADD.l		d2,d1				* y = y + x1
01:000840C0 DC83            	  6433: 	ADD.l		d3,d6				* x = x + y1
01:000840C2 9098            	  6434: 	SUB.l		(a0)+,d0			* arg = arg - atnh(a0)
01:000840C4 51CDFFEA        	  6435: 	DBF		d5,LAB_EXCC			* decrement and loop if not done
                            	  6436: 
01:000840C8 4E75            	  6437: 	RTS
                            	  6438: 
                            	  6439: LAB_EXAD
01:000840CA 9282            	  6440: 	SUB.l		d2,d1				* y = y - x1
01:000840CC 9C83            	  6441: 	SUB.l		d3,d6				* x = x + y1
01:000840CE D098            	  6442: 	ADD.l		(a0)+,d0			* arg = arg + atnh(a0)
01:000840D0 51CDFFDE        	  6443: 	DBF		d5,LAB_EXCC			* decrement and loop if not done
                            	  6444: 
01:000840D4 4E75            	  6445: 	RTS
                            	  6446: 
                            	  6447: 
                            	  6448: *************************************************************************************
                            	  6449: *
                            	  6450: * RND(n), 32 bit Galois version. make n=0 for 19th next number in sequence or n<>0
                            	  6451: * to get 19th next number in sequence after seed n. This version of the PRNG uses
                            	  6452: * the Galois method and a sample of 65536 bytes produced gives the following values.
                            	  6453: 
                            	  6454: * Entropy = 7.997442 bits per byte
                            	  6455: * Optimum compression would reduce these 65536 bytes by 0 percent
                            	  6456: 
                            	  6457: * Chi square distribution for 65536 samples is 232.01, and
                            	  6458: * randomly would exceed this value 75.00 percent of the time
                            	  6459: 
                            	  6460: * Arithmetic mean value of data bytes is 127.6724, 127.5 would be random
                            	  6461: * Monte Carlo value for Pi is 3.122871269, error 0.60 percent
                            	  6462: * Serial correlation coefficient is -0.000370, totally uncorrelated would be 0.0
                            	  6463: 
                            	  6464: LAB_RND
01:000840D6 4A2B0594        	  6465: 	TST.b		FAC1_e(a3)			* get FAC1 exponent
01:000840DA 6708            	  6466: 	BEQ.s		NextPRN			* do next random number if zero
                            	  6467: 
                            	  6468: 							* else get seed into random number store
01:000840DC 41EB05A0        	  6469: 	LEA		PRNlword(a3),a0		* set PRNG pointer
01:000840E0 6100FAB2        	  6470: 	BSR		LAB_2778			* pack FAC1 into (a0)
                            	  6471: NextPRN
01:000840E4 72AF            	  6472: 	MOVEQ		#$AF-$100,d1		* set EOR value
01:000840E6 7412            	  6473: 	MOVEQ		#18,d2			* do this 19 times
01:000840E8 202B05A0        	  6474: 	MOVE.l	PRNlword(a3),d0		* get current
                            	  6475: Ninc0
01:000840EC D080            	  6476: 	ADD.l		d0,d0				* shift left 1 bit
01:000840EE 6402            	  6477: 	BCC.s		Ninc1				* branch if bit 32 not set
                            	  6478: 
01:000840F0 B300            	  6479: 	EOR.b		d1,d0				* do Galois LFSR feedback
                            	  6480: Ninc1
01:000840F2 51CAFFF8        	  6481: 	DBF		d2,Ninc0			* loop
                            	  6482: 
01:000840F6 274005A0        	  6483: 	MOVE.l	d0,PRNlword(a3)		* save back to seed word
01:000840FA 27400590        	  6484: 	MOVE.l	d0,FAC1_m(a3)		* copy to FAC1 mantissa
01:000840FE 377C80000594    	  6485: 	MOVE.w	#$8000,FAC1_e(a3)		* set the exponent and clear the sign
01:00084104 6000F7F2        	  6486: 	BRA		LAB_24D5			* normalise FAC1 & return
                            	  6487: 
                            	  6488: 
                            	  6489: *************************************************************************************
                            	  6490: *
                            	  6491: * cordic TAN(x) routine, TAN(x) = SIN(x)/COS(x)
                            	  6492: * x = angle in radians
                            	  6493: 
                            	  6494: LAB_TAN
01:00084108 6138            	  6495: 	BSR.s		LAB_SIN			* go do SIN/COS cordic compute
01:0008410A 376B0594059C    	  6496: 	MOVE.w	FAC1_e(a3),FAC2_e(a3)	* copy exponent & sign from FAC1 to FAC2
01:00084110 276B05900598    	  6497: 	MOVE.l	FAC1_m(a3),FAC2_m(a3)	* copy FAC1 mantissa to FAC2 mantissa
01:00084116 27410590        	  6498: 	MOVE.l	d1,FAC1_m(a3)		* get COS(x) mantissa
01:0008411A 17430594        	  6499: 	MOVE.b	d3,FAC1_e(a3)		* get COS(x) exponent
01:0008411E 6700E03C        	  6500: 	BEQ		LAB_OFER			* do overflow if COS = 0
                            	  6501: 
01:00084122 6100F7D4        	  6502: 	BSR		LAB_24D5			* normalise FAC1
01:00084126 6000F984        	  6503: 	BRA		LAB_DIVIDE			* do FAC2/FAC1 and return, FAC_sc set by SIN
                            	  6504: 							* COS calculation
                            	  6505: 
                            	  6506: 
                            	  6507: *************************************************************************************
                            	  6508: *
                            	  6509: * cordic SIN(x), COS(x) routine
                            	  6510: * x = angle in radians
                            	  6511: 
                            	  6512: LAB_COS
01:0008412A 277CC90FDAA30598	  6513: 	MOVE.l	#$C90FDAA3,FAC2_m(a3)	* pi/2 mantissa (LSB is rounded up so
                            	  6514: 							* COS(PI/2)=0)
01:00084132 377C8100059C    	  6515: 	MOVE.w	#$8100,FAC2_e(a3)		* pi/2 exponent and sign
01:00084138 176B0595059E    	  6516: 	MOVE.b	FAC1_s(a3),FAC_sc(a3)	* sign = FAC1 sign (b7)
01:0008413E 6100F73E        	  6517: 	BSR		LAB_ADD			* add FAC2 to FAC1, adjust for COS(x)
                            	  6518: 
                            	  6519: 
                            	  6520: *************************************************************************************
                            	  6521: *
                            	  6522: * SIN/COS cordic calculator
                            	  6523: 
                            	  6524: LAB_SIN
01:00084142 177C000005B4    	  6525: 	MOVE.b	#0,cosout(a3)		* set needed result
                            	  6526: 
01:00084148 277CA2F9836F0598	  6527: 	MOVE.l	#$A2F9836F,FAC2_m(a3)	* 1/pi mantissa (LSB is rounded up so SIN(PI)=0)
01:00084150 377C7F00059C    	  6528: 	MOVE.w	#$7F00,FAC2_e(a3)		* 1/pi exponent & sign
01:00084156 176B0595059E    	  6529: 	MOVE.b	FAC1_s(a3),FAC_sc(a3)	* sign = FAC1 sign (b7)
01:0008415C 6100F8C2        	  6530: 	BSR		LAB_MULTIPLY		* multiply by 1/pi
                            	  6531: 
01:00084160 102B0594        	  6532: 	MOVE.b	FAC1_e(a3),d0		* get FAC1 exponent
01:00084164 671C            	  6533: 	BEQ.s		LAB_SCZE			* branch if zero
                            	  6534: 
01:00084166 41FA0B2A        	  6535: 	LEA		TAB_SNCO(pc),a0		* get pointer to constants table
01:0008416A 2C2B0590        	  6536: 	MOVE.l	FAC1_m(a3),d6		* get FAC1 mantissa
01:0008416E 5300            	  6537: 	SUBQ.b	#1,d0				* 2 radians in 360 degrees so /2
01:00084170 6710            	  6538: 	BEQ.s		LAB_SCZE			* branch if zero
                            	  6539: 
01:00084172 903C0080        	  6540: 	SUB.b		#$80,d0			* normalise exponent
01:00084176 6B18            	  6541: 	BMI.s		LAB_SCL0			* branch if < 1
                            	  6542: 
                            	  6543: 							* X is > 1
01:00084178 B03C0020        	  6544: 	CMP.b		#$20,d0			* is it >= 2^32
01:0008417C 6404            	  6545: 	BCC.s		LAB_SCZE			* may as well do zero
                            	  6546: 
01:0008417E E1AE            	  6547: 	LSL.l		d0,d6				* shift out integer part bits
01:00084180 6618            	  6548: 	BNE.s		LAB_CORD			* if fraction go test quadrant and adjust
                            	  6549: 
                            	  6550: 							* else no fraction so do zero
                            	  6551: LAB_SCZE
01:00084182 7481            	  6552: 	MOVEQ		#$81-$100,d2		* set exponent for 1.0
01:00084184 7600            	  6553: 	MOVEQ		#0,d3				* set exponent for 0.0
01:00084186 203C80000000    	  6554: 	MOVE.l	#$80000000,d0		* mantissa for 1.0
01:0008418C 2203            	  6555: 	MOVE.l	d3,d1				* mantissa for 0.0
01:0008418E 605C            	  6556: 	BRA.s		outloop			* go output it
                            	  6557: 
                            	  6558: 							* x is < 1
                            	  6559: LAB_SCL0
01:00084190 4400            	  6560: 	NEG.b		d0				* make +ve
01:00084192 B03C001E        	  6561: 	CMP.b		#$1E,d0			* is it <= 2^-30
01:00084196 64EA            	  6562: 	BCC.s		LAB_SCZE			* may as well do zero
                            	  6563: 
01:00084198 E0AE            	  6564: 	LSR.l		d0,d6				* shift out <= 2^-32 bits
                            	  6565: 
                            	  6566: * cordic calculator, argument in d6
                            	  6567: * table pointer in a0, returns in d0-d3
                            	  6568: 
                            	  6569: LAB_CORD
01:0008419A 176B0595059E    	  6570: 	MOVE.b	FAC1_s(a3),FAC_sc(a3)	* copy as sign compare for TAN
01:000841A0 DC86            	  6571: 	ADD.l		d6,d6				* shift 0.5 bit into carry
01:000841A2 6404            	  6572: 	BCC.s		LAB_LTPF			* branch if less than 0.5
                            	  6573: 
01:000841A4 462B0595        	  6574: 	EORI.b	#$FF,FAC1_s(a3)		* toggle result sign
                            	  6575: LAB_LTPF
01:000841A8 DC86            	  6576: 	ADD.l		d6,d6				* shift 0.25 bit into carry
01:000841AA 6408            	  6577: 	BCC.s		LAB_LTPT			* branch if less than 0.25
                            	  6578: 
01:000841AC 462B05B4        	  6579: 	EORI.b	#$FF,cosout(a3)		* toggle needed result
01:000841B0 462B059E        	  6580: 	EORI.b	#$FF,FAC_sc(a3)		* toggle sign compare for TAN
                            	  6581: 
                            	  6582: LAB_LTPT
01:000841B4 E48E            	  6583: 	LSR.l		#2,d6				* shift the bits back (clear integer bits)
01:000841B6 67CA            	  6584: 	BEQ.s		LAB_SCZE			* no fraction so go do zero
                            	  6585: 
                            	  6586: 							* set start values
01:000841B8 7A01            	  6587: 	MOVEQ		#1,d5				* set bit count
01:000841BA 2028FFFC        	  6588: 	MOVE.l	-4(a0),d0			* get multiply constant (1st itteration d0)
01:000841BE 2200            	  6589: 	MOVE.l	d0,d1				* 1st itteration d1
01:000841C0 9C98            	  6590: 	SUB.l		(a0)+,d6			* 1st always +ve so do 1st step
01:000841C2 6008            	  6591: 	BRA.s		mainloop			* jump into routine
                            	  6592: 
                            	  6593: subloop
01:000841C4 9C98            	  6594: 	SUB.l		(a0)+,d6			* z = z - arctan(i)/2pi
01:000841C6 9083            	  6595: 	SUB.l		d3,d0				* x = x - y1
01:000841C8 D282            	  6596: 	ADD.l		d2,d1				* y = y + x1
01:000841CA 6012            	  6597: 	BRA.s		nexta				* back to main loop
                            	  6598: 
                            	  6599: mainloop
01:000841CC 2400            	  6600: 	MOVE.l	d0,d2				* x1 = x
01:000841CE EAA2            	  6601: 	ASR.l		d5,d2				* / (2 ^ i)
01:000841D0 2601            	  6602: 	MOVE.l	d1,d3				* y1 = y
01:000841D2 EAA3            	  6603: 	ASR.l		d5,d3				* / (2 ^ i)
01:000841D4 4A86            	  6604: 	TST.l		d6				* test sign (is 2^0 bit)
01:000841D6 6AEC            	  6605: 	BPL.s		subloop			* go do subtract if > 1
                            	  6606: 
01:000841D8 DC98            	  6607: 	ADD.l		(a0)+,d6			* z = z + arctan(i)/2pi
01:000841DA D083            	  6608: 	ADD.l		d3,d0				* x = x + y1
01:000841DC 9282            	  6609: 	SUB.l		d2,d1				* y = y + x1
                            	  6610: nexta
01:000841DE 5285            	  6611: 	ADDQ.l	#1,d5				* i = i + 1
01:000841E0 BABC0000001E    	  6612: 	CMP.l		#$1E,d5			* check end condition
01:000841E6 66E4            	  6613: 	BNE.s		mainloop			* loop if not all done
                            	  6614: 
                            	  6615: 							* now untangle output value
01:000841E8 7481            	  6616: 	MOVEQ		#$81-$100,d2		* set exponent for 0 to .99 rec.
01:000841EA 2602            	  6617: 	MOVE.l	d2,d3				* copy it for cos output
                            	  6618: outloop
01:000841EC 4A2B05B4        	  6619: 	TST.b		cosout(a3)			* did we want cos output?
01:000841F0 6B04            	  6620: 	BMI.s		subexit			* if so skip
                            	  6621: 
01:000841F2 C141            	  6622: 	EXG		d0,d1				* swap SIN and COS mantissas
01:000841F4 C543            	  6623: 	EXG		d2,d3				* swap SIN and COS exponents
                            	  6624: subexit
01:000841F6 27400590        	  6625: 	MOVE.l	d0,FAC1_m(a3)		* set result mantissa
01:000841FA 17420594        	  6626: 	MOVE.b	d2,FAC1_e(a3)		* set result exponent
01:000841FE 6000F6F8        	  6627: 	BRA		LAB_24D5			* normalise FAC1 & return
                            	  6628: 
                            	  6629: 
                            	  6630: 
                            	  6631: *************************************************************************************
                            	  6632: *
                            	  6633: * perform ATN()
                            	  6634: 
                            	  6635: LAB_ATN
01:00084202 102B0594        	  6636: 	MOVE.b	FAC1_e(a3),d0		* get FAC1 exponent
01:00084206 670000AA        	  6637: 	BEQ		RTS_021			* ATN(0) = 0 so skip calculation
                            	  6638: 
01:0008420A 177C000005B4    	  6639: 	MOVE.b	#0,cosout(a3)		* set result needed
01:00084210 B03C0081        	  6640: 	CMP.b		#$81,d0			* compare exponent with 1
01:00084214 6528            	  6641: 	BCS.s		LAB_ATLE			* branch if n<1
                            	  6642: 
01:00084216 6608            	  6643: 	BNE.s		LAB_ATGO			* branch if n>1
                            	  6644: 
01:00084218 202B0590        	  6645: 	MOVE.l	FAC1_m(a3),d0		* get mantissa
01:0008421C D080            	  6646: 	ADD.l		d0,d0				* shift left
01:0008421E 671E            	  6647: 	BEQ.s		LAB_ATLE			* branch if n=1
                            	  6648: 
                            	  6649: LAB_ATGO
01:00084220 277C800000000598	  6650: 	MOVE.l	#$80000000,FAC2_m(a3)	* set mantissa for 1
01:00084228 377C8100059C    	  6651: 	MOVE.w	#$8100,FAC2_e(a3)		* set exponent for 1
01:0008422E 176B0595059E    	  6652: 	MOVE.b	FAC1_s(a3),FAC_sc(a3)	* sign compare = sign
01:00084234 6100F876        	  6653: 	BSR		LAB_DIVIDE			* do 1/n
01:00084238 177C00FF05B4    	  6654: 	MOVE.b	#$FF,cosout(a3)		* set inverse result needed
                            	  6655: LAB_ATLE
01:0008423E 202B0590        	  6656: 	MOVE.l	FAC1_m(a3),d0		* get FAC1 mantissa
01:00084242 7282            	  6657: 	MOVEQ		#$82,d1			* set to correct exponent
01:00084244 922B0594        	  6658: 	SUB.b		FAC1_e(a3),d1		* subtract FAC1 exponent (always <= 1)
01:00084248 E2A8            	  6659: 	LSR.l		d1,d0				* shift in two integer part bits
01:0008424A 41FA0AC6        	  6660: 	LEA		TAB_ATNC(pc),a0		* get pointer to arctan table
01:0008424E 7C00            	  6661: 	MOVEQ		#0,d6				* Z = 0
01:00084250 223C40000000    	  6662: 	MOVE.l	#1<<30,d1			* y = 1
01:00084256 7A1D            	  6663: 	MOVEQ		#29,d5			* loop 30 times
01:00084258 7801            	  6664: 	MOVEQ		#1,d4				* shift counter
01:0008425A 6006            	  6665: 	BRA.s		LAB_ATCD			* enter loop
                            	  6666: 
                            	  6667: LAB_ATNP
01:0008425C E8A2            	  6668: 	ASR.l		d4,d2				* x1 / 2^i
01:0008425E D282            	  6669: 	ADD.l		d2,d1				* y = y + x1
01:00084260 DC90            	  6670: 	ADD.l		(a0),d6			* z = z + atn(i)
                            	  6671: LAB_ATCD
01:00084262 2400            	  6672: 	MOVE.l	d0,d2				* x1 = x
01:00084264 2601            	  6673: 	MOVE.l	d1,d3				* y1 = y
01:00084266 E8A3            	  6674: 	ASR.l		d4,d3				* y1 / 2^i
                            	  6675: LAB_CATN
01:00084268 9083            	  6676: 	SUB.l		d3,d0				* x = x - y1
01:0008426A 6AF0            	  6677: 	BPL.s		LAB_ATNP			* branch if x >= 0
                            	  6678: 
01:0008426C 2002            	  6679: 	MOVE.l	d2,d0				* else get x back
01:0008426E 5848            	  6680: 	ADDQ.w	#4,a0				* increment pointer
01:00084270 5284            	  6681: 	ADDQ.l	#1,d4				* increment i
01:00084272 E283            	  6682: 	ASR.l		#1,d3				* y1 / 2^i
01:00084274 51CDFFF2        	  6683: 	DBF		d5,LAB_CATN			* decrement and loop if not done
                            	  6684: 
01:00084278 177C00820594    	  6685: 	MOVE.b	#$82,FAC1_e(a3)		* set new exponent
01:0008427E 27460590        	  6686: 	MOVE.l	d6,FAC1_m(a3)		* save mantissa
01:00084282 6100F674        	  6687: 	BSR		LAB_24D5			* normalise FAC1
                            	  6688: 
01:00084286 4A2B05B4        	  6689: 	TST.b		cosout(a3)			* was it > 1 ?
01:0008428A 6A26            	  6690: 	BPL.s		RTS_021			* branch if not
                            	  6691: 
01:0008428C 1E2B0595        	  6692: 	MOVE.b	FAC1_s(a3),d7		* get sign
01:00084290 177C00000595    	  6693: 	MOVE.b	#0,FAC1_s(a3)		* clear sign
01:00084296 277CC90FDAA20598	  6694: 	MOVE.l	#$C90FDAA2,FAC2_m(a3)	* set -(pi/2)
01:0008429E 377C8180059C    	  6695: 	MOVE.w	#$8180,FAC2_e(a3)		* set exponent and sign
01:000842A4 177C00FF059E    	  6696: 	MOVE.b	#$FF,FAC_sc(a3)		* set sign compare
01:000842AA 6100F5D2        	  6697: 	BSR		LAB_ADD			* perform addition, FAC2 to FAC1
01:000842AE 17470595        	  6698: 	MOVE.b	d7,FAC1_s(a3)		* restore sign
                            	  6699: RTS_021
01:000842B2 4E75            	  6700: 	RTS
                            	  6701: 
                            	  6702: 
                            	  6703: *************************************************************************************
                            	  6704: *
                            	  6705: * perform BITSET
                            	  6706: 
                            	  6707: LAB_BITSET
01:000842B4 6100F4A8        	  6708: 	BSR		LAB_GADB			* get two parameters for POKE or WAIT
                            	  6709: 							* first parameter in a0, second in d0
01:000842B8 B03C0008        	  6710: 	CMP.b		#$08,d0			* only 0 to 7 are allowed
01:000842BC 6400DEA2        	  6711: 	BCC		LAB_FCER			* branch if > 7
                            	  6712: 
01:000842C0 01D0            	  6713: 	BSET		d0,(a0)			* set bit
01:000842C2 4E75            	  6714: 	RTS
                            	  6715: 
                            	  6716: 
                            	  6717: *************************************************************************************
                            	  6718: *
                            	  6719: * perform BITCLR
                            	  6720: 
                            	  6721: LAB_BITCLR
01:000842C4 6100F498        	  6722: 	BSR		LAB_GADB			* get two parameters for POKE or WAIT
                            	  6723: 							* first parameter in a0, second in d0
01:000842C8 B03C0008        	  6724: 	CMP.b		#$08,d0			* only 0 to 7 are allowed
01:000842CC 6400DE92        	  6725: 	BCC		LAB_FCER			* branch if > 7
                            	  6726: 
01:000842D0 0190            	  6727: 	BCLR		d0,(a0)			* clear bit
01:000842D2 4E75            	  6728: 	RTS
                            	  6729: 
                            	  6730: 
                            	  6731: *************************************************************************************
                            	  6732: *
                            	  6733: * perform BITTST()
                            	  6734: 
                            	  6735: LAB_BTST
01:000842D4 101D            	  6736: 	MOVE.b	(a5)+,d0			* increment BASIC pointer
01:000842D6 6100F486        	  6737: 	BSR		LAB_GADB			* get two parameters for POKE or WAIT
                            	  6738: 							* first parameter in a0, second in d0
01:000842DA B03C0008        	  6739: 	CMP.b		#$08,d0			* only 0 to 7 are allowed
01:000842DE 6400DE80        	  6740: 	BCC		LAB_FCER			* branch if > 7
                            	  6741: 
01:000842E2 2200            	  6742: 	MOVE.l	d0,d1				* copy bit # to test
01:000842E4 6100EAC4        	  6743: 	BSR		LAB_GBYT			* get next BASIC byte
01:000842E8 B03C0029        	  6744: 	CMP.b		#')',d0			* is next character ")"
01:000842EC 6600DE7E        	  6745: 	BNE		LAB_SNER			* if not ")" go do syntax error, then warm start
                            	  6746: 
01:000842F0 6100EAB6        	  6747: 	BSR		LAB_IGBY			* update execute pointer (to character past ")")
01:000842F4 7000            	  6748: 	MOVEQ		#0,d0				* set the result as zero
01:000842F6 0310            	  6749: 	BTST		d1,(a0)			* test bit
01:000842F8 6700F914        	  6750: 	BEQ		LAB_27DB			* branch if zero (already correct)
                            	  6751: 
01:000842FC 70FF            	  6752: 	MOVEQ		#-1,d0			* set for -1 result
01:000842FE 6000F90E        	  6753: 	BRA		LAB_27DB			* go do SGN tail
                            	  6754: 
                            	  6755: 
                            	  6756: *************************************************************************************
                            	  6757: *
                            	  6758: * perform USING$()
                            	  6759: 
                            	  6760: fsd	EQU	 0					*   (sp) format string descriptor pointer
                            	  6761: fsti	EQU	 4					*  4(sp) format string this index
                            	  6762: fsli	EQU	 6					*  6(sp) format string last index
                            	  6763: fsdpi	EQU	 8					*  8(sp) format string decimal point index
                            	  6764: fsdc	EQU	10					* 10(sp) format string decimal characters
                            	  6765: fend	EQU	12-4					*  x(sp) end-4, fsd is popped by itself
                            	  6766: 
                            	  6767: ofchr	EQU	'#'					* the overflow character
                            	  6768: 
                            	  6769: LAB_USINGS
01:00084302 4A2B05B5        	  6770: 	TST.b		Dtypef(a3)			* test data type, $80=string
01:00084306 6A00DE10        	  6771: 	BPL		LAB_FOER			* if not string type go do format error
                            	  6772: 
01:0008430A 246B0590        	  6773: 	MOVEA.l	FAC1_m(a3),a2		* get the format string descriptor pointer
01:0008430E 3E2A0004        	  6774: 	MOVE.w	4(a2),d7			* get the format string length
01:00084312 6700DE04        	  6775: 	BEQ		LAB_FOER			* if null string go do format error
                            	  6776: 
                            	  6777: * clear the format string values
                            	  6778: 
01:00084316 7000            	  6779: 	MOVEQ		#0,d0				* clear d0
01:00084318 3F00            	  6780: 	MOVE.w	d0,-(sp)			* clear the format string decimal characters
01:0008431A 3F00            	  6781: 	MOVE.w	d0,-(sp)			* clear the format string decimal point index
01:0008431C 3F00            	  6782: 	MOVE.w	d0,-(sp)			* clear the format string last index
01:0008431E 3F00            	  6783: 	MOVE.w	d0,-(sp)			* clear the format string this index
01:00084320 2F0A            	  6784: 	MOVE.l	a2,-(sp)			* save the format string descriptor pointer
                            	  6785: 
                            	  6786: * make a null return string for the first string add
                            	  6787: 
01:00084322 7200            	  6788: 	MOVEQ		#0,d1				* make a null string
01:00084324 2041            	  6789: 	MOVEA.l	d1,a0				* with a null pointer
01:00084326 6100F0DA        	  6790: 	BSR		LAB_RTST			* push a string on the descriptor stack
                            	  6791: 							* a0 = pointer, d1 = length
                            	  6792: 
                            	  6793: * do the USING$() function next value
                            	  6794: 
01:0008432A 101D            	  6795: 	MOVE.b	(a5)+,d0			* get the next BASIC byte
                            	  6796: LAB_U002
01:0008432C B03C002C        	  6797: 	CMP.b		#',',d0			* compare with comma
01:00084330 6600DE3A        	  6798: 	BNE		LAB_SNER			* if not "," go do syntax error
                            	  6799: 
01:00084334 6100028C        	  6800: 	BSR		LAB_ProcFo			* process the format string
01:00084338 4A02            	  6801: 	TST.b		d2				* test the special characters flag
01:0008433A 6700DDDC        	  6802: 	BEQ		LAB_FOER			* if no special characters go do format error
                            	  6803: 
01:0008433E 6100E908        	  6804: 	BSR		LAB_EVEX			* evaluate the expression
01:00084342 4A2B05B5        	  6805: 	TST.b		Dtypef(a3)			* test the data type
01:00084346 6B00DDF8        	  6806: 	BMI		LAB_TMER			* if string type go do type missmatch error
                            	  6807: 
01:0008434A 4A2B0594        	  6808: 	TST.b		FAC1_e(a3)			* test FAC1 exponent
01:0008434E 6732            	  6809: 	BEQ.s		LAB_U004			* if FAC1 = 0 skip the rounding
                            	  6810: 
01:00084350 322F000A        	  6811: 	MOVE.w	fsdc(sp),d1			* get the format string decimal character count
01:00084354 B27C0008        	  6812: 	CMP.w		#8,d1				* compare the fraction digit count with 8
01:00084358 6428            	  6813: 	BCC.s		LAB_U004			* if >= 8 skip the rounding
                            	  6814: 
01:0008435A 3001            	  6815: 	MOVE.w	d1,d0				* else copy the fraction digit count
01:0008435C D241            	  6816: 	ADD.w		d1,d1				* * 2
01:0008435E D240            	  6817: 	ADD.w		d0,d1				* * 3
01:00084360 D241            	  6818: 	ADD.w		d1,d1				* * 6
01:00084362 41FA0840        	  6819: 	LEA		LAB_P_10(pc),a0		* get the rounding table base
01:00084366 277010020598    	  6820: 	MOVE.l	2(a0,d1.w),FAC2_m(a3)	* get the rounding mantissa
01:0008436C 30301000        	  6821: 	MOVE.w	(a0,d1.w),d0		* get the rounding exponent
01:00084370 907C0100        	  6822: 	SUB.w		#$100,d0			* effectively divide the mantissa by 2
01:00084374 3740059C        	  6823: 	MOVE.w	d0,FAC2_e(a3)		* save the rounding exponent
01:00084378 177C0000059E    	  6824: 	MOVE.b	#$00,FAC_sc(a3)		* clear the sign compare
01:0008437E 6100F4FE        	  6825: 	BSR		LAB_ADD			* round the value to n places
                            	  6826: LAB_U004
01:00084382 6100F976        	  6827: 	BSR		LAB_2970			* convert FAC1 to string - not on stack
                            	  6828: 
01:00084386 610001FC        	  6829: 	BSR		LAB_DupFmt			* duplicate the processed format string section
                            	  6830: 							* returns length in d1, pointer in a0
                            	  6831: 
                            	  6832: * process the number string, length in d6, decimal point index in d2
                            	  6833: 
01:0008438A 45EB05C6        	  6834: 	LEA		Decss(a3),a2		* set the number string start
01:0008438E 7C00            	  6835: 	MOVEQ		#0,d6				* clear the number string index
01:00084390 782E            	  6836: 	MOVEQ		#'.',d4			* set the decimal point character
                            	  6837: LAB_U005
01:00084392 3406            	  6838: 	MOVE.w	d6,d2				* save the index to flag the decimal point
                            	  6839: LAB_U006
01:00084394 5246            	  6840: 	ADDQ.w	#1,d6				* increment the number string index
01:00084396 10326000        	  6841: 	MOVE.b	(a2,d6.w),d0		* get a number string character
01:0008439A 677A            	  6842: 	BEQ.s		LAB_U010			* if null then number complete
                            	  6843: 
01:0008439C B03C0045        	  6844: 	CMP.b		#'E',d0			* compare the character with an "E"
01:000843A0 6706            	  6845: 	BEQ.s		LAB_U008			* was sx[.x]Esxx so go handle sci notation
                            	  6846: 
01:000843A2 B004            	  6847: 	CMP.b		d4,d0				* compare the character with "."
01:000843A4 66EE            	  6848: 	BNE.s		LAB_U006			* if not decimal point go get the next digit
                            	  6849: 
01:000843A6 60EA            	  6850: 	BRA.s		LAB_U005			* go save the index and get the next digit
                            	  6851: 
                            	  6852: * have found an sx[.x]Esxx number, the [.x] will not be present for a single digit
                            	  6853: 
                            	  6854: LAB_U008
01:000843A8 3606            	  6855: 	MOVE.w	d6,d3				* copy the index to the "E"
01:000843AA 5343            	  6856: 	SUBQ.w	#1,d3				* -1 gives the last digit index
                            	  6857: 
01:000843AC 5246            	  6858: 	ADDQ.w	#1,d6				* increment the index to the exponent sign
01:000843AE 10326000        	  6859: 	MOVE.b	(a2,d6.w),d0		* get the exponent sign character
01:000843B2 B03C002D        	  6860: 	CMP.b		#'-',d0			* compare the exponent sign with "-"
01:000843B6 6600DDA8        	  6861: 	BNE		LAB_FCER			* if it wasn't sx[.x]E-xx go do function
                            	  6862: 							* call error
                            	  6863: 
                            	  6864: * found an sx[.x]E-xx number so check the exponent magnitude
                            	  6865: 
01:000843BA 5246            	  6866: 	ADDQ.w	#1,d6				* increment the index to the exponent 10s
01:000843BC 10326000        	  6867: 	MOVE.b	(a2,d6.w),d0		* get the exponent 10s character
01:000843C0 B03C0030        	  6868: 	CMP.b		#'0',d0			* compare the exponent 10s with "0"
01:000843C4 6704            	  6869: 	BEQ.s		LAB_U009			* if it was sx[.x]E-0x go get the exponent
                            	  6870: 							* 1s character
                            	  6871: 
01:000843C6 700A            	  6872: 	MOVEQ		#10,d0			* else start writing at index 10
01:000843C8 6008            	  6873: 	BRA.s		LAB_U00A			* go copy the digits
                            	  6874: 
                            	  6875: * found an sx[.x]E-0x number so get the exponent magnitude
                            	  6876: 
                            	  6877: LAB_U009
01:000843CA 5246            	  6878: 	ADDQ.w	#1,d6				* increment the index to the exponent 1s
01:000843CC 700F            	  6879: 	MOVEQ		#$0F,d0			* set the mask for the exponent 1s digit
01:000843CE C0326000        	  6880: 	AND.b		(a2,d6.w),d0		* get and convert the exponent 1s digit
                            	  6881: LAB_U00A
01:000843D2 3403            	  6882: 	MOVE.w	d3,d2				* copy the number last digit index
01:000843D4 0C420001        	  6883: 	CMPI.w	#1,d2				* is the number of the form sxE-0x
01:000843D8 6602            	  6884: 	BNE.s		LAB_U00B			* if it is sx.xE-0x skip the increment
                            	  6885: 
                            	  6886: 							* else make room for the decimal point
01:000843DA 5242            	  6887: 	ADDQ.w	#1,d2				* add 1 to the write index
                            	  6888: LAB_U00B
01:000843DC D440            	  6889: 	ADD.w		d0,d2				* add the exponent 1s to the write index
01:000843DE 700A            	  6890: 	MOVEQ		#10,d0			* set the maximum write index
01:000843E0 9042            	  6891: 	SUB.w		d2,d0				* compare the index with the maximum
01:000843E2 6E0C            	  6892: 	BGT.s		LAB_U00C			* if the index < the maximum continue
                            	  6893: 
01:000843E4 D440            	  6894: 	ADD.w		d0,d2				* else set the index to the maximum
01:000843E6 D640            	  6895: 	ADD.w		d0,d3				* adjust the read index
01:000843E8 0C430001        	  6896: 	CMPI.w	#1,d3				* compare the adjusted index with 1
01:000843EC 6E02            	  6897: 	BGT.s		LAB_U00C			* if > 1 continue
                            	  6898: 
01:000843EE 7600            	  6899: 	MOVEQ		#0,d3				* else allow for the decimal point
                            	  6900: LAB_U00C
01:000843F0 3C02            	  6901: 	MOVE.w		d2,d6				* copy the write index as the number
                            	  6902: 							* string length
01:000843F2 7000            	  6903: 	MOVEQ		#0,d0				* clear d0 to null terminate the number
                            	  6904: 							* string
                            	  6905: LAB_U00D
01:000843F4 15802000        	  6906: 	MOVE.b	d0,(a2,d2.w)		* save the character to the number string
01:000843F8 5342            	  6907: 	SUBQ.w	#1,d2				* decrement the number write index
01:000843FA 0C420001        	  6908: 	CMPI.w	#1,d2				* compare the number write index with 1
01:000843FE 6712            	  6909: 	BEQ.s		LAB_U00F			* if at the decimal point go save it
                            	  6910: 
                            	  6911: 							* else write a digit to the number string
01:00084400 7030            	  6912: 	MOVEQ		#'0',d0			* default to "0"
01:00084402 4A43            	  6913: 	TST.w		d3				* test the number read index
01:00084404 67EE            	  6914: 	BEQ.s		LAB_U00D			* if zero just go save the "0"
                            	  6915: 
                            	  6916: LAB_U00E
01:00084406 10323000        	  6917: 	MOVE.b	(a2,d3.w),d0		* read the next number digit
01:0008440A 5343            	  6918: 	SUBQ.w	#1,d3				* decrement the read index
01:0008440C B004            	  6919: 	CMP.b		d4,d0				* compare the digit with "."
01:0008440E 66E4            	  6920: 	BNE.s		LAB_U00D			* if not "." go save the digit
                            	  6921: 
01:00084410 60F4            	  6922: 	BRA.s		LAB_U00E			* else go get the next digit
                            	  6923: 
                            	  6924: LAB_U00F
01:00084412 15842000        	  6925: 	MOVE.b	d4,(a2,d2.w)		* save the decimal point
                            	  6926: LAB_U010
01:00084416 4A42            	  6927: 	TST.w		d2				* test the number string decimal point index
01:00084418 6602            	  6928: 	BNE.s		LAB_U014			* if dp present skip the reset
                            	  6929: 
01:0008441A 3406            	  6930: 	MOVE.w	d6,d2				* make the decimal point index = the length
                            	  6931: 
                            	  6932: * copy the fractional digit characters from the number string
                            	  6933: 
                            	  6934: LAB_U014
01:0008441C 3602            	  6935: 	MOVE.w	d2,d3				* copy the number string decimal point index
01:0008441E 5243            	  6936: 	ADDQ.w	#1,d3				* increment the number string index
01:00084420 382F0008        	  6937: 	MOVE.w	fsdpi(sp),d4		* get the new format string decimal point index
                            	  6938: LAB_U018
01:00084424 5244            	  6939: 	ADDQ.w	#1,d4				* increment the new format string index
01:00084426 B244            	  6940: 	CMP.w		d4,d1				* compare it with the new format string length
01:00084428 6322            	  6941: 	BLS.s		LAB_U022			* if done the fraction digits go do integer
                            	  6942: 
01:0008442A 10304000        	  6943: 	MOVE.b	(a0,d4.w),d0		* get a new format string character
01:0008442E B03C0025        	  6944: 	CMP.b		#'%',d0			* compare it with "%"
01:00084432 6706            	  6945: 	BEQ.s		LAB_U01C			* if "%" go copy a number character
                            	  6946: 
01:00084434 B03C0023        	  6947: 	CMP.b		#'#',d0			* compare it with "#"
01:00084438 66EA            	  6948: 	BNE.s		LAB_U018			* if not "#" go do the next new format character
                            	  6949: 
                            	  6950: LAB_U01C
01:0008443A 7030            	  6951: 	MOVEQ		#'0',d0			* default to "0" character
01:0008443C BC43            	  6952: 	CMP.w		d3,d6				* compare the number string index with length
01:0008443E 6306            	  6953: 	BLS.s		LAB_U020			* if there skip the character get
                            	  6954: 
01:00084440 10323000        	  6955: 	MOVE.b	(a2,d3.w),d0		* get a character from the number string
01:00084444 5243            	  6956: 	ADDQ.w	#1,d3				* increment the number string index
                            	  6957: LAB_U020
01:00084446 11804000        	  6958: 	MOVE.b	d0,(a0,d4.w)		* save the number character to the new format
                            	  6959: 							* string
01:0008444A 60D8            	  6960: 	BRA.s		LAB_U018			* go do the next new format character
                            	  6961: 
                            	  6962: * now copy the integer digit characters from the number string
                            	  6963: 
                            	  6964: LAB_U022
01:0008444C 7C00            	  6965: 	MOVEQ		#0,d6				* clear the sign done flag
01:0008444E 7A00            	  6966: 	MOVEQ		#0,d5				* clear the sign present flag
01:00084450 5342            	  6967: 	SUBQ.w	#1,d2				* decrement the number string index
01:00084452 6608            	  6968: 	BNE.s		LAB_U026			* if not now at sign continue
                            	  6969: 
01:00084454 7401            	  6970: 	MOVEQ		#1,d2				* increment the number string index
01:00084456 15BC00302000    	  6971: 	MOVE.b	#'0',(a2,d2.w)		* replace the point with a zero
                            	  6972: LAB_U026
01:0008445C 382F0008        	  6973: 	MOVE.w	fsdpi(sp),d4		* get the new format string decimal point index
01:00084460 B244            	  6974: 	CMP.w		d4,d1				* compare it with the new format string length
01:00084462 6402            	  6975: 	BCC.s		LAB_U02A			* if within the string go use the index
                            	  6976: 
01:00084464 3801            	  6977: 	MOVE.w	d1,d4				* else set the index to the end of the string
                            	  6978: LAB_U02A
01:00084466 5344            	  6979: 	SUBQ.w	#1,d4				* decrement the new format string index
01:00084468 6B62            	  6980: 	BMI.s		LAB_U03E			* if all done go test for any overflow
                            	  6981: 
01:0008446A 10304000        	  6982: 	MOVE.b	(a0,d4.w),d0		* else get a new format string character
                            	  6983: 
01:0008446E 7E30            	  6984: 	MOVEQ		#'0',d7			* default to "0" character
01:00084470 B03C0025        	  6985: 	CMP.b		#'%',d0			* compare it with "%"
01:00084474 6708            	  6986: 	BEQ.s		LAB_U02B			* if "%" go copy a number character
                            	  6987: 
01:00084476 7E20            	  6988: 	MOVEQ		#' ',d7			* default to " " character
01:00084478 B03C0023        	  6989: 	CMP.b		#'#',d0			* compare it with "#"
01:0008447C 6606            	  6990: 	BNE.s		LAB_U02C			* if not "#" go try ","
                            	  6991: 
                            	  6992: LAB_U02B
01:0008447E 4A42            	  6993: 	TST.w		d2				* test the number string index
01:00084480 6634            	  6994: 	BNE.s		LAB_U036			* if not at the sign go get a number character
                            	  6995: 
01:00084482 6042            	  6996: 	BRA.s		LAB_U03C			* else go save the default character
                            	  6997: 
                            	  6998: LAB_U02C
01:00084484 B03C002C        	  6999: 	CMP.b		#',',d0			* compare it with ","
01:00084488 6610            	  7000: 	BNE.s		LAB_U030			* if not "," go try the sign characters
                            	  7001: 
01:0008448A 4A42            	  7002: 	TST.w		d2				* test the number string index
01:0008448C 6608            	  7003: 	BNE.s		LAB_U02E			* if not at the sign keep the ","
                            	  7004: 
01:0008448E 0C30002540FF    	  7005: 	CMP.b		#'%',-1(a0,d4.w)		* else compare the next format string character
                            	  7006: 							* with "%"
01:00084494 6630            	  7007: 	BNE.s		LAB_U03C			* if not "%" keep the default character
                            	  7008: 
                            	  7009: LAB_U02E
01:00084496 1E00            	  7010: 	MOVE.b	d0,d7				* else use the "," character
01:00084498 602C            	  7011: 	BRA.s		LAB_U03C			* go save the character to the string
                            	  7012: 
                            	  7013: LAB_U030
01:0008449A B03C002D        	  7014: 	CMP.b		#'-',d0			* compare it with "-"
01:0008449E 6710            	  7015: 	BEQ.s		LAB_U034			* if "-" go do the sign character
                            	  7016: 
01:000844A0 B03C002B        	  7017: 	CMP.b		#'+',d0			* compare it with "+"
01:000844A4 66C0            	  7018: 	BNE.s		LAB_U02A			* if not "+" go do the next new format character
                            	  7019: 
01:000844A6 0C12002D        	  7020: 	CMP.b		#'-',(a2)			* compare the sign character with "-"
01:000844AA 6704            	  7021: 	BEQ.s		LAB_U034			* if "-" don't change the sign character
                            	  7022: 
01:000844AC 14BC002B        	  7023: 	MOVE.b	#'+',(a2)			* else make the sign character "+"
                            	  7024: LAB_U034
01:000844B0 1A00            	  7025: 	MOVE.b	d0,d5				* set the sign present flag
01:000844B2 4A42            	  7026: 	TST.w		d2				* test the number string index
01:000844B4 6708            	  7027: 	BEQ.s		LAB_U038			* if at the sign keep the default character
                            	  7028: 
                            	  7029: LAB_U036
01:000844B6 1E322000        	  7030: 	MOVE.b	(a2,d2.w),d7		* else get a character from the number string
01:000844BA 5342            	  7031: 	SUBQ.w	#1,d2				* decrement the number string index
01:000844BC 6008            	  7032: 	BRA.s		LAB_U03C			* go save the character
                            	  7033: 
                            	  7034: LAB_U038
01:000844BE 4A06            	  7035: 	TST.b		d6				* test the sign done flag
01:000844C0 6604            	  7036: 	BNE.s		LAB_U03C			* if the sign has been done go use the space
                            	  7037: 							* character
                            	  7038: 
01:000844C2 1E12            	  7039: 	MOVE.b	(a2),d7			* else get the sign character
01:000844C4 1C07            	  7040: 	MOVE.b	d7,d6				* flag that the sign has been done
                            	  7041: LAB_U03C
01:000844C6 11874000        	  7042: 	MOVE.b	d7,(a0,d4.w)		* save the number character to the new format
                            	  7043: 							* string
01:000844CA 609A            	  7044: 	BRA.s		LAB_U02A			* go do the next new format character
                            	  7045: 
                            	  7046: * test for overflow conditions
                            	  7047: 
                            	  7048: LAB_U03E
01:000844CC 4A42            	  7049: 	TST.w		d2				* test the number string index
01:000844CE 6614            	  7050: 	BNE.s		LAB_U040			* if all the digits aren't done go output
                            	  7051: 							* an overflow indication
                            	  7052: 
                            	  7053: * test for sign overflows
                            	  7054: 
01:000844D0 4A05            	  7055: 	TST.b		d5				* test the sign present flag
01:000844D2 6754            	  7056: 	BEQ.s		LAB_U04A			* if no sign present go add the string
                            	  7057: 
                            	  7058: * there was a sign in the format string
                            	  7059: 
01:000844D4 4A06            	  7060: 	TST.b		d6				* test the sign done flag
01:000844D6 6650            	  7061: 	BNE.s		LAB_U04A			* if the sign is done go add the string
                            	  7062: 
                            	  7063: * the sign isn't done so see if it was mandatory
                            	  7064: 
01:000844D8 0C05002B        	  7065: 	CMPI.b	#'+',d5			* compare the sign with "+"
01:000844DC 6706            	  7066: 	BEQ.s		LAB_U040			* if it was "+" go output an overflow
                            	  7067: 							* indication
                            	  7068: 
                            	  7069: * the sign wasn't mandatory but the number may have been negative
                            	  7070: 
01:000844DE 0C12002D        	  7071: 	CMP.b		#'-',(a2)			* compare the sign character with "-"
01:000844E2 6644            	  7072: 	BNE.s		LAB_U04A			* if it wasn't "-" go add the string
                            	  7073: 
                            	  7074: * else the sign was "-" and a sign hasn't been output so ..
                            	  7075: 
                            	  7076: * the number overflowed the format string so replace all the special format characters
                            	  7077: * with the overflow character
                            	  7078: 
                            	  7079: LAB_U040
01:000844E4 7A23            	  7080: 	MOVEQ		#ofchr,d5			* set the overflow character
01:000844E6 3E01            	  7081: 	MOVE.w	d1,d7				* copy the new format string length
01:000844E8 5347            	  7082: 	SUBQ.w	#1,d7				* adjust for the loop type
01:000844EA 3C2F0004        	  7083: 	MOVE.w	fsti(sp),d6			* copy the new format string last index
01:000844EE 5346            	  7084: 	SUBQ.w	#1,d6				* -1 gives the last character of this string
01:000844F0 6E02            	  7085: 	BGT.s		LAB_U044			* if not zero continue
                            	  7086: 
01:000844F2 3C07            	  7087: 	MOVE.w	d7,d6				* else set the format string index to the end
                            	  7088: LAB_U044
01:000844F4 10316000        	  7089: 	MOVE.b	(a1,d6.w),d0		* get a character from the format string
01:000844F8 0C000023        	  7090: 	CMPI.b	#'#',d0			* compare it with "#" special format character
01:000844FC 671E            	  7091: 	BEQ.s		LAB_U046			* if "#" go use the overflow character
                            	  7092: 
01:000844FE 0C000025        	  7093: 	CMPI.b	#'%',d0			* compare it with "%" special format character
01:00084502 6718            	  7094: 	BEQ.s		LAB_U046			* if "%" go use the overflow character
                            	  7095: 
01:00084504 0C00002C        	  7096: 	CMPI.b	#',',d0			* compare it with "," special format character
01:00084508 6712            	  7097: 	BEQ.s		LAB_U046			* if "," go use the overflow character
                            	  7098: 
01:0008450A 0C00002B        	  7099: 	CMPI.b	#'+',d0			* compare it with "+" special format character
01:0008450E 670C            	  7100: 	BEQ.s		LAB_U046			* if "+" go use the overflow character
                            	  7101: 
01:00084510 0C00002D        	  7102: 	CMPI.b	#'-',d0			* compare it with "-" special format character
01:00084514 6706            	  7103: 	BEQ.s		LAB_U046			* if "-" go use the overflow character
                            	  7104: 
01:00084516 0C00002E        	  7105: 	CMPI.b	#'.',d0			* compare it with "." special format character
01:0008451A 6602            	  7106: 	BNE.s		LAB_U048			* if not "." skip the using overflow character
                            	  7107: 
                            	  7108: LAB_U046
01:0008451C 1005            	  7109: 	MOVE.b	d5,d0				* use the overflow character
                            	  7110: LAB_U048
01:0008451E 11807000        	  7111: 	MOVE.b	d0,(a0,d7.w)		* save the character to the new format string
01:00084522 5346            	  7112: 	SUBQ.w	#1,d6				* decrement the format string index
01:00084524 51CFFFCE        	  7113: 	DBF		d7,LAB_U044			* decrement the count and loop if not all done
                            	  7114: 
                            	  7115: * add the new string to the previous string
                            	  7116: 
                            	  7117: LAB_U04A
01:00084528 41EC0006        	  7118: 	LEA		6(a4),a0			* get the descriptor pointer for string 1
01:0008452C 274C0590        	  7119: 	MOVE.l	a4,FAC1_m(a3)		* save the descriptor pointer for string 2
01:00084530 6100F018        	  7120: 	BSR		LAB_224E			* concatenate the strings
                            	  7121: 
                            	  7122: * now check for any tail on the format string
                            	  7123: 
01:00084534 302F0004        	  7124: 	MOVE.w	fsti(sp),d0			* get this index
01:00084538 6720            	  7125: 	BEQ.s		LAB_U04C			* if at start of string skip the output
                            	  7126: 
01:0008453A 3F400006        	  7127: 	MOVE.w	d0,fsli(sp)			* save this index to the last index
01:0008453E 61000082        	  7128: 	BSR		LAB_ProcFo			* now process the format string
01:00084542 4A02            	  7129: 	TST.b		d2				* test the special characters flag
01:00084544 6614            	  7130: 	BNE.s		LAB_U04C			* if special characters present skip the output
                            	  7131: 
                            	  7132: * else output the new string part
                            	  7133: 
01:00084546 613C            	  7134: 	BSR.s		LAB_DupFmt			* duplicate the processed format string section
01:00084548 3F6F00040006    	  7135: 	MOVE.w	fsti(sp),fsli(sp)		* copy this index to the last index
                            	  7136: 
                            	  7137: * add the new string to the previous string
                            	  7138: 
01:0008454E 41EC0006        	  7139: 	LEA		6(a4),a0			* get the descriptor pointer for string 1
01:00084552 274C0590        	  7140: 	MOVE.l	a4,FAC1_m(a3)		* save the descriptor pointer for string 2
01:00084556 6100EFF2        	  7141: 	BSR		LAB_224E			* concatenate the strings
                            	  7142: 
                            	  7143: * check for another value or end of function
                            	  7144: 
                            	  7145: LAB_U04C
01:0008455A 101D            	  7146: 	MOVE.b	(a5)+,d0			* get the next BASIC byte
01:0008455C B03C0029        	  7147: 	CMP.b		#')',d0			* compare with close bracket
01:00084560 6600FDCA        	  7148: 	BNE		LAB_U002			* if not ")" go do next value
                            	  7149: 
                            	  7150: * pop the result string off the descriptor stack
                            	  7151: 
01:00084564 204C            	  7152: 	MOVEA.l	a4,a0				* copy the result string descriptor pointer
01:00084566 222B0446        	  7153: 	MOVE.l	Sstorl(a3),d1		* save the bottom of string space
01:0008456A 6100F040        	  7154: 	BSR		LAB_22BA			* pop (a0) descriptor, returns with ..
                            	  7155: 							* d0 = length, a0 = pointer
01:0008456E 27410446        	  7156: 	MOVE.l	d1,Sstorl(a3)		* restore the bottom of string space
01:00084572 2248            	  7157: 	MOVEA.l	a0,a1				* copy the string result pointer
01:00084574 3200            	  7158: 	MOVE.w	d0,d1				* copy the string result length
                            	  7159: 
                            	  7160: * pop the format string off the descriptor stack
                            	  7161: 
01:00084576 205F            	  7162: 	MOVEA.l	(sp)+,a0			* pull the format string descriptor pointer
01:00084578 6100F032        	  7163: 	BSR		LAB_22BA			* pop (a0) descriptor, returns with ..
                            	  7164: 							* d0 = length, a0 = pointer
                            	  7165: 
01:0008457C 508F            	  7166: 	LEA		fend(sp),sp			* dump the saved values
                            	  7167: 
                            	  7168: * push the result string back on the descriptor stack and return
                            	  7169: 
01:0008457E 2049            	  7170: 	MOVEA.l	a1,a0				* copy the result string pointer back
01:00084580 6000EE80        	  7171: 	BRA		LAB_RTST			* push a string on the descriptor stack and
                            	  7172: 							* return. a0 = pointer, d1 = length
                            	  7173: 
                            	  7174: 
                            	  7175: *************************************************************************************
                            	  7176: *
                            	  7177: * duplicate the processed format string section
                            	  7178: 
                            	  7179: 							* make a string as long as the format string
                            	  7180: LAB_DupFmt
01:00084584 226F0004        	  7181: 	MOVEA.l	4+fsd(sp),a1		* get the format string descriptor pointer
01:00084588 3E290004        	  7182: 	MOVE.w	4(a1),d7			* get the format string length
01:0008458C 342F000A        	  7183: 	MOVE.w	4+fsli(sp),d2		* get the format string last index
01:00084590 3C2F0008        	  7184: 	MOVE.w	4+fsti(sp),d6		* get the format string this index
01:00084594 3206            	  7185: 	MOVE.w	d6,d1				* copy the format string this index
01:00084596 9242            	  7186: 	SUB.w		d2,d1				* subtract the format string last index
01:00084598 6202            	  7187: 	BHI.s		LAB_D002			* if > 0 skip the correction
                            	  7188: 
01:0008459A D247            	  7189: 	ADD.w		d7,d1				* else add the format string length as the
                            	  7190: 							* correction
                            	  7191: LAB_D002
01:0008459C 6100EE7E        	  7192: 	BSR		LAB_2115			* make string space d1 bytes long
                            	  7193: 							* return a0/Sutill = pointer, others unchanged
                            	  7194: 
                            	  7195: * push the new string on the descriptor stack
                            	  7196: 
01:000845A0 6100EE60        	  7197: 	BSR		LAB_RTST			* push a string on the descriptor stack and
                            	  7198: 							* return. a0 = pointer, d1 = length
                            	  7199: 
                            	  7200: * copy the characters from the format string
                            	  7201: 
01:000845A4 226F0004        	  7202: 	MOVEA.l	4+fsd(sp),a1		* get the format string descriptor pointer
01:000845A8 2251            	  7203: 	MOVEA.l	(a1),a1			* get the format string pointer
01:000845AA 7800            	  7204: 	MOVEQ		#0,d4				* clear the new string index
                            	  7205: LAB_D00A
01:000845AC 11B120004000    	  7206: 	MOVE.b	(a1,d2.w),(a0,d4.w)	* get a character from the format string and
                            	  7207: 							* save it to the new string
01:000845B2 5244            	  7208: 	ADDQ.w	#1,d4				* increment the new string index
01:000845B4 5242            	  7209: 	ADDQ.w	#1,d2				* increment the format string index
01:000845B6 BE42            	  7210: 	CMP.w		d2,d7				* compare the format index with the length
01:000845B8 6602            	  7211: 	BNE.s		LAB_D00E			* if not there skip the reset
                            	  7212: 
01:000845BA 7400            	  7213: 	MOVEQ		#0,d2				* else reset the format string index
                            	  7214: LAB_D00E
01:000845BC BC42            	  7215: 	CMP.w		d2,d6				* compare the index with this index
01:000845BE 66EC            	  7216: 	BNE.s		LAB_D00A			* if not equal go do the next character
                            	  7217: 
01:000845C0 4E75            	  7218: 	RTS
                            	  7219: 
                            	  7220: 
                            	  7221: **************************************************************************************
                            	  7222: *
                            	  7223: * process the format string
                            	  7224: 
                            	  7225: LAB_ProcFo
01:000845C2 226F0004        	  7226: 	MOVEA.l	4+fsd(sp),a1		* get the format string descriptor pointer
01:000845C6 3E290004        	  7227: 	MOVE.w	4(a1),d7			* get the format string length
01:000845CA 2251            	  7228: 	MOVEA.l	(a1),a1			* get the format string pointer
01:000845CC 3C2F000A        	  7229: 	MOVE.w	4+fsli(sp),d6		* get the format string last index
                            	  7230: 
01:000845D0 3F47000C        	  7231: 	MOVE.w	d7,4+fsdpi(sp)		* set the format string decimal point index
                            	  7232: *##	MOVE.w	#-1,4+fsdpi(sp)		* set the format string decimal point index
01:000845D4 7A00            	  7233: 	MOVEQ		#0,d5				* no decimal point
01:000845D6 7600            	  7234: 	MOVEQ		#0,d3				* no decimal characters
01:000845D8 7400            	  7235: 	MOVEQ		#0,d2				* no special characters
                            	  7236: LAB_P004
01:000845DA 10316000        	  7237: 	MOVE.b	(a1,d6.w),d0		* get a format string byte
                            	  7238: 
01:000845DE B03C002C        	  7239: 	CMP.b		#',',d0			* compare it with ","
01:000845E2 6742            	  7240: 	BEQ.s		LAB_P01A			* if "," go do the next format string byte
                            	  7241: 
01:000845E4 B03C0023        	  7242: 	CMP.b		#'#',d0			* compare it with "#"
01:000845E8 6706            	  7243: 	BEQ.s		LAB_P008			* if "#" go flag special characters
                            	  7244: 
01:000845EA B03C0025        	  7245: 	CMP.b		#'%',d0			* compare it with "%"
01:000845EE 6608            	  7246: 	BNE.s		LAB_P00C			* if not "%" go try "+"
                            	  7247: 
                            	  7248: LAB_P008
01:000845F0 4A85            	  7249: 	TST.l		d5				* test the decimal point flag
01:000845F2 6A10            	  7250: 	BPL.s		LAB_P00E			* if no point skip counting decimal characters
                            	  7251: 
01:000845F4 5243            	  7252: 	ADDQ.w	#1,d3				* else increment the decimal character count
01:000845F6 602E            	  7253: 	BRA.s		LAB_P01A			* go do the next character
                            	  7254: 
                            	  7255: LAB_P00C
01:000845F8 B03C002B        	  7256: 	CMP.b		#'+',d0			* compare it with "+"
01:000845FC 6706            	  7257: 	BEQ.s		LAB_P00E			* if "+" go flag special characters
                            	  7258: 
01:000845FE B03C002D        	  7259: 	CMP.b		#'-',d0			* compare it with "-"
01:00084602 6604            	  7260: 	BNE.s		LAB_P010			* if not "-" go check decimal point
                            	  7261: 
                            	  7262: LAB_P00E
01:00084604 8400            	  7263: 	OR.b		d0,d2				* flag special characters
01:00084606 601E            	  7264: 	BRA.s		LAB_P01A			* go do the next character
                            	  7265: 
                            	  7266: LAB_P010
01:00084608 B03C002E        	  7267: 	CMP.b		#'.',d0			* compare it with "."
01:0008460C 6614            	  7268: 	BNE.s		LAB_P018			* if not "." go check next
                            	  7269: 
                            	  7270: * "." a decimal point
                            	  7271: 
01:0008460E 4A85            	  7272: 	TST.l		d5				* if there is already a decimal point
01:00084610 6B14            	  7273: 	BMI.s		LAB_P01A			* go do the next character
                            	  7274: 
01:00084612 3006            	  7275: 	MOVE.w	d6,d0				* copy the decimal point index
01:00084614 906F000A        	  7276: 	SUB.w		4+fsli(sp),d0		* calculate it from the scan start
01:00084618 3F40000C        	  7277: 	MOVE.w	d0,4+fsdpi(sp)		* save the decimal point index
01:0008461C 7AFF            	  7278: 	MOVEQ		#-1,d5			* flag decimal point
01:0008461E 8400            	  7279: 	OR.b		d0,d2				* flag special characters
01:00084620 6004            	  7280: 	BRA.s		LAB_P01A			* go do the next character
                            	  7281: 
                            	  7282: * was not a special character
                            	  7283: 
                            	  7284: LAB_P018
01:00084622 4A02            	  7285: 	TST.b		d2				* test if there have been special characters
01:00084624 6608            	  7286: 	BNE.s		LAB_P01E			* if so exit the format string process
                            	  7287: 
                            	  7288: LAB_P01A
01:00084626 5246            	  7289: 	ADDQ.w	#1,d6				* increment the format string index
01:00084628 BE46            	  7290: 	CMP.w		d6,d7				* compare it with the format string length
01:0008462A 62AE            	  7291: 	BHI.s		LAB_P004			* if length > index go get the next character
                            	  7292: 
01:0008462C 7C00            	  7293: 	MOVEQ		#0,d6				* length = index so reset the format string
                            	  7294: 							* index
                            	  7295: LAB_P01E
01:0008462E 3F460008        	  7296: 	MOVE.w	d6,4+fsti(sp)		* save the format string this index
01:00084632 3F43000E        	  7297: 	MOVE.w	d3,4+fsdc(sp)		* save the format string decimal characters
                            	  7298: 
01:00084636 4E75            	  7299: 	RTS
                            	  7300: 
                            	  7301: 
                            	  7302: *************************************************************************************
                            	  7303: *
                            	  7304: * perform BIN$()
                            	  7305: * # of leading 0s is in d1, the number is in d0
                            	  7306: 
                            	  7307: LAB_BINS
01:00084638 B23C0021        	  7308: 	CMP.b		#$21,d1			* max + 1
01:0008463C 6400DB22        	  7309: 	BCC		LAB_FCER			* exit if too big ( > or = )
                            	  7310: 
01:00084640 741F            	  7311: 	MOVEQ		#$1F,d2			* bit count-1
01:00084642 41EB05B6        	  7312: 	LEA		Binss(a3),a0		* point to string
01:00084646 7830            	  7313: 	MOVEQ		#$30,d4			* "0" character for ADDX
                            	  7314: NextB1
01:00084648 7600            	  7315: 	MOVEQ		#0,d3				* clear byte
01:0008464A E288            	  7316: 	LSR.l		#1,d0				* shift bit into Xb
01:0008464C D704            	  7317: 	ADDX.b	d4,d3				* add carry and character to zero
01:0008464E 11832000        	  7318: 	MOVE.b	d3,(a0,d2.w)		* save character to string
01:00084652 51CAFFF4        	  7319: 	DBF		d2,NextB1			* decrement and loop if not done
                            	  7320: 
                            	  7321: * this is the exit code and is also used by HEX$()
                            	  7322: 
                            	  7323: EndBHS
01:00084656 177C000005D6    	  7324: 	MOVE.b	#0,BHsend(a3)		* null terminate the string
01:0008465C 4A01            	  7325: 	TST.b		d1				* test # of characters
01:0008465E 670E            	  7326: 	BEQ.s		NextB2			* go truncate string
                            	  7327: 
01:00084660 4481            	  7328: 	NEG.l		d1				* make -ve
01:00084662 D2BC000005D6    	  7329: 	ADD.l		#BHsend,d1			* effectively (end-length)
01:00084668 41F31000        	  7330: 	LEA		0(a3,d1.w),a0		* effectively add (end-length) to pointer
01:0008466C 600E            	  7331: 	BRA.s		BinPr				* go print string
                            	  7332: 
                            	  7333: * truncate string to remove leading "0"s
                            	  7334: 
                            	  7335: NextB2
01:0008466E 1010            	  7336: 	MOVE.b	(a0),d0			* get byte
01:00084670 670A            	  7337: 	BEQ.s		BinPr				* if null then end of string so add 1 and go
                            	  7338: 							* print it
                            	  7339: 
01:00084672 B03C0030        	  7340: 	CMP.b		#'0',d0			* compare with "0"
01:00084676 660E            	  7341: 	BNE.s		GoPr				* if not "0" then go print string from here
                            	  7342: 
01:00084678 5248            	  7343: 	ADDQ.w	#1,a0				* else increment pointer
01:0008467A 60F2            	  7344: 	BRA.s		NextB2			* loop always
                            	  7345: 
                            	  7346: * make fixed length output string - ignore overflows!
                            	  7347: 
                            	  7348: BinPr
01:0008467C 43EB05D6        	  7349: 	LEA		BHsend(a3),a1		* get string end
01:00084680 B1C9            	  7350: 	CMPA.l	a1,a0				* are we at the string end
01:00084682 6602            	  7351: 	BNE.s		GoPr				* branch if not
                            	  7352: 
01:00084684 5348            	  7353: 	SUBQ.w	#1,a0				* else need at least one zero
                            	  7354: GoPr
01:00084686 6000ED34        	  7355: 	BRA		LAB_20AE			* print " terminated string to FAC1, stack & RET
                            	  7356: 
                            	  7357: 
                            	  7358: *************************************************************************************
                            	  7359: *
                            	  7360: * perform HEX$()
                            	  7361: * # of leading 0s is in d1, the number is in d0
                            	  7362: 
                            	  7363: LAB_HEXS
01:0008468A B23C0009        	  7364: 	CMP.b		#$09,d1			* max + 1
01:0008468E 6400DAD0        	  7365: 	BCC		LAB_FCER			* exit if too big ( > or = )
                            	  7366: 
01:00084692 7407            	  7367: 	MOVEQ		#$07,d2			* nibble count-1
01:00084694 41EB05CE        	  7368: 	LEA		Hexss(a3),a0		* point to string
01:00084698 7830            	  7369: 	MOVEQ		#$30,d4			* "0" character for ABCD
                            	  7370: NextH1
01:0008469A 1600            	  7371: 	MOVE.b	d0,d3				* copy lowest byte
01:0008469C E898            	  7372: 	ROR.l		#4,d0				* shift nibble into 0-3
01:0008469E C63C000F        	  7373: 	AND.b		#$0F,d3			* just this nibble
01:000846A2 1A03            	  7374: 	MOVE.b	d3,d5				* copy it
01:000846A4 DA3C00F6        	  7375: 	ADD.b		#$F6,d5			* set extend bit
01:000846A8 C704            	  7376: 	ABCD		d4,d3				* decimal add extend and character to zero
01:000846AA 11832000        	  7377: 	MOVE.b	d3,(a0,d2.w)		* save character to string
01:000846AE 51CAFFEA        	  7378: 	DBF		d2,NextH1			* decrement and loop if not done
                            	  7379: 
01:000846B2 60A2            	  7380: 	BRA.s		EndBHS			* go process string
                            	  7381: 
                            	  7382: 
                            	  7383: *************************************************************************************
                            	  7384: *
                            	  7385: * ctrl-c check routine. includes limited "life" byte save for INGET routine
                            	  7386: 
                            	  7387: VEC_CC
01:000846B4 4A2B05E8        	  7388: 	TST.b		ccflag(a3)			* check [CTRL-C] check flag
01:000846B8 661E            	  7389: 	BNE.s		RTS_022			* exit if [CTRL-C] check inhibited
                            	  7390: 
01:000846BA 4EAB040C        	  7391: 	JSR		V_INPT(a3)			* scan input device
01:000846BE 640E            	  7392: 	BCC.s		LAB_FBA0			* exit if buffer empty
                            	  7393: 
01:000846C0 174005E9        	  7394: 	MOVE.b	d0,ccbyte(a3)		* save received byte
01:000846C4 177C002005EA    	  7395: 	MOVE.b	#$20,ccnull(a3)		* set "life" timer for bytes countdown
01:000846CA 6000DF06        	  7396: 	BRA		LAB_1636			* return to BASIC
                            	  7397: 
                            	  7398: LAB_FBA0
01:000846CE 4A2B05EA        	  7399: 	TST.b		ccnull(a3)			* get countdown byte
01:000846D2 6704            	  7400: 	BEQ.s		RTS_022			* exit if finished
                            	  7401: 
01:000846D4 532B05EA        	  7402: 	SUBQ.b	#1,ccnull(a3)		* else decrement countdown
                            	  7403: RTS_022
01:000846D8 4E75            	  7404: 	RTS
                            	  7405: 
                            	  7406: 
                            	  7407: *************************************************************************************
                            	  7408: *
                            	  7409: * get byte from input device, no waiting
                            	  7410: * returns with carry set if byte in A
                            	  7411: 
                            	  7412: INGET
01:000846DA 4EAB040C        	  7413: 	JSR		V_INPT(a3)			* call scan input device
01:000846DE 650A            	  7414: 	BCS.s		LAB_FB95			* if byte go reset timer
                            	  7415: 
01:000846E0 102B05EA        	  7416: 	MOVE.b	ccnull(a3),d0		* get countdown
01:000846E4 67F2            	  7417: 	BEQ.s		RTS_022			* exit if empty
                            	  7418: 
01:000846E6 102B05E9        	  7419: 	MOVE.b	ccbyte(a3),d0		* get last received byte
                            	  7420: LAB_FB95
01:000846EA 177C000005EA    	  7421: 	MOVE.b	#$00,ccnull(a3)		* clear timer because we got a byte
01:000846F0 003C0001        	  7422: 	ORI.b		#1,CCR			* set carry, flag we got a byte
01:000846F4 4E75            	  7423: 	RTS
                            	  7424: 
                            	  7425: 
                            	  7426: *************************************************************************************
                            	  7427: *
                            	  7428: * perform MAX()
                            	  7429: 
                            	  7430: LAB_MAX
01:000846F6 6100E552        	  7431: 	BSR		LAB_EVEZ			* evaluate expression (no decrement)
01:000846FA 4A2B05B5        	  7432: 	TST.b		Dtypef(a3)			* test data type
01:000846FE 6B00DA40        	  7433: 	BMI		LAB_TMER			* if string do Type missmatch Error/warm start
                            	  7434: 
                            	  7435: LAB_MAXN
01:00084702 612C            	  7436: 	BSR.s		LAB_PHFA			* push FAC1, evaluate expression,
                            	  7437: 							* pull FAC2 & compare with FAC1
01:00084704 64FC            	  7438: 	BCC.s		LAB_MAXN			* branch if no swap to do
                            	  7439: 
01:00084706 6100F4B2        	  7440: 	BSR		LAB_279B			* copy FAC2 to FAC1
01:0008470A 60F6            	  7441: 	BRA.s		LAB_MAXN			* go do next
                            	  7442: 
                            	  7443: 
                            	  7444: *************************************************************************************
                            	  7445: *
                            	  7446: * perform MIN()
                            	  7447: 
                            	  7448: LAB_MIN
01:0008470C 6100E53C        	  7449: 	BSR		LAB_EVEZ			* evaluate expression (no decrement)
01:00084710 4A2B05B5        	  7450: 	TST.b		Dtypef(a3)			* test data type
01:00084714 6B00DA2A        	  7451: 	BMI		LAB_TMER			* if string do Type missmatch Error/warm start
                            	  7452: 
                            	  7453: LAB_MINN
01:00084718 6116            	  7454: 	BSR.s		LAB_PHFA			* push FAC1, evaluate expression,
                            	  7455: 							* pull FAC2 & compare with FAC1
01:0008471A 63FC            	  7456: 	BLS.s		LAB_MINN			* branch if no swap to do
                            	  7457: 
01:0008471C 6100F49C        	  7458: 	BSR		LAB_279B			* copy FAC2 to FAC1
01:00084720 60F6            	  7459: 	BRA.s		LAB_MINN			* go do next (branch always)
                            	  7460: 
                            	  7461: * exit routine. don't bother returning to the loop code
                            	  7462: * check for correct exit, else so syntax error
                            	  7463: 
                            	  7464: LAB_MMEC
01:00084722 B03C0029        	  7465: 	CMP.b		#')',d0			* is it end of function?
01:00084726 6600DA44        	  7466: 	BNE		LAB_SNER			* if not do MAX MIN syntax error
                            	  7467: 
01:0008472A 588F            	  7468: 	LEA		4(sp),sp			* dump return address (faster)
01:0008472C 6000E67A        	  7469: 	BRA		LAB_IGBY			* update BASIC execute pointer (to chr past ")")
                            	  7470: 							* and return
                            	  7471: 
                            	  7472: * check for next, evaluate & return or exit
                            	  7473: * this is the routine that does most of the work
                            	  7474: 
                            	  7475: LAB_PHFA
01:00084730 6100E678        	  7476: 	BSR		LAB_GBYT			* get next BASIC byte
01:00084734 B03C002C        	  7477: 	CMP.b		#',',d0			* is there more ?
01:00084738 66E8            	  7478: 	BNE.s		LAB_MMEC			* if not go do end check
                            	  7479: 
01:0008473A 3F2B0594        	  7480: 	MOVE.w	FAC1_e(a3),-(sp)		* push exponent and sign
01:0008473E 2F2B0590        	  7481: 	MOVE.l	FAC1_m(a3),-(sp)		* push mantissa
                            	  7482: 
01:00084742 6100E506        	  7483: 	BSR		LAB_EVEZ			* evaluate expression (no decrement)
01:00084746 4A2B05B5        	  7484: 	TST.b		Dtypef(a3)			* test data type
01:0008474A 6B00D9F4        	  7485: 	BMI		LAB_TMER			* if string do Type missmatch Error/warm start
                            	  7486: 
                            	  7487: 
                            	  7488: 							* pop FAC2 (MAX/MIN expression so far)
01:0008474E 275F0598        	  7489: 	MOVE.l	(sp)+,FAC2_m(a3)		* pop mantissa
                            	  7490: 
01:00084752 301F            	  7491: 	MOVE.w	(sp)+,d0			* pop exponent and sign
01:00084754 3740059C        	  7492: 	MOVE.w	d0,FAC2_e(a3)		* save exponent and sign
01:00084758 176B0595059E    	  7493: 	MOVE.b	FAC1_s(a3),FAC_sc(a3)	* get FAC1 sign
01:0008475E B12B059E        	  7494: 	EOR.b		d0,FAC_sc(a3)		* EOR to create sign compare
01:00084762 6000F4C2        	  7495: 	BRA		LAB_27FA			* compare FAC1 with FAC2 & return
                            	  7496: 							* returns d0=+1 Cb=0 if FAC1 > FAC2
                            	  7497: 							* returns d0= 0 Cb=0 if FAC1 = FAC2
                            	  7498: 							* returns d0=-1 Cb=1 if FAC1 < FAC2
                            	  7499: 
                            	  7500: 
                            	  7501: *************************************************************************************
                            	  7502: *
                            	  7503: * perform WIDTH
                            	  7504: 
                            	  7505: LAB_WDTH
01:00084766 B03C002C        	  7506: 	CMP.b		#',',d0			* is next byte ","
01:0008476A 672C            	  7507: 	BEQ.s		LAB_TBSZ			* if so do tab size
                            	  7508: 
01:0008476C 6100EF9A        	  7509: 	BSR		LAB_GTBY			* get byte parameter, result in d0 and Itemp
01:00084770 4A00            	  7510: 	TST.b		d0				* test result
01:00084772 6712            	  7511: 	BEQ.s		LAB_NSTT			* branch if set for infinite line
                            	  7512: 
01:00084774 B03C0010        	  7513: 	CMP.b		#$10,d0			* else make min width = 16d
01:00084778 6500D9E6        	  7514: 	BCS		LAB_FCER			* if less do function call error & exit
                            	  7515: 
                            	  7516: * this next compare ensures that we can't exit WIDTH via an error leaving the
                            	  7517: * tab size greater than the line length.
                            	  7518: 
01:0008477C B02B05E2        	  7519: 	CMP.b		TabSiz(a3),d0		* compare with tab size
01:00084780 6404            	  7520: 	BCC.s		LAB_NSTT			* branch if >= tab size
                            	  7521: 
01:00084782 174005E2        	  7522: 	MOVE.b	d0,TabSiz(a3)		* else make tab size = terminal width
                            	  7523: LAB_NSTT
01:00084786 174005E6        	  7524: 	MOVE.b	d0,TWidth(a3)		* set the terminal width
01:0008478A 6100E61E        	  7525: 	BSR		LAB_GBYT			* get BASIC byte back
01:0008478E 672C            	  7526: 	BEQ.s		WExit				* exit if no following
                            	  7527: 
01:00084790 B03C002C        	  7528: 	CMP.b		#',',d0			* else is it ","
01:00084794 6600D9D6        	  7529: 	BNE		LAB_SNER			* if not do syntax error
                            	  7530: 
                            	  7531: LAB_TBSZ
01:00084798 6100EF6A        	  7532: 	BSR		LAB_SGBY			* increment and get byte, result in d0 and Itemp
01:0008479C 4A00            	  7533: 	TST.b		d0				* test TAB size
01:0008479E 6B00D9C0        	  7534: 	BMI		LAB_FCER			* if >127 do function call error & exit
                            	  7535: 
01:000847A2 B03C0001        	  7536: 	CMP.b		#1,d0				* compare with min-1
01:000847A6 6500D9B8        	  7537: 	BCS		LAB_FCER			* if <=1 do function call error & exit
                            	  7538: 
01:000847AA 122B05E6        	  7539: 	MOVE.b	TWidth(a3),d1		* set flags for width
01:000847AE 6708            	  7540: 	BEQ.s		LAB_SVTB			* skip check if infinite line
                            	  7541: 
01:000847B0 B02B05E6        	  7542: 	CMP.b		TWidth(a3),d0		* compare TAB with width
01:000847B4 6E00D9AA        	  7543: 	BGT		LAB_FCER			* branch if too big
                            	  7544: 
                            	  7545: LAB_SVTB
01:000847B8 174005E2        	  7546: 	MOVE.b	d0,TabSiz(a3)		* save TAB size
                            	  7547: 
                            	  7548: * calculate tab column limit from TAB size. The Iclim is set to the last tab
                            	  7549: * position on a line that still has at least one whole tab width between it
                            	  7550: * and the end of the line.
                            	  7551: 
                            	  7552: WExit
01:000847BC 102B05E6        	  7553: 	MOVE.b	TWidth(a3),d0		* get width
01:000847C0 670A            	  7554: 	BEQ.s		LAB_WDLP			* branch if infinite line
                            	  7555: 
01:000847C2 B02B05E2        	  7556: 	CMP.b		TabSiz(a3),d0		* compare with tab size
01:000847C6 6404            	  7557: 	BCC.s		LAB_WDLP			* branch if >= tab size
                            	  7558: 
01:000847C8 174005E2        	  7559: 	MOVE.b	d0,TabSiz(a3)		* else make tab size = terminal width
                            	  7560: LAB_WDLP
01:000847CC 902B05E2        	  7561: 	SUB.b		TabSiz(a3),d0		* subtract tab size
01:000847D0 64FA            	  7562: 	BCC.s		LAB_WDLP			* loop while no borrow
                            	  7563: 
01:000847D2 D02B05E2        	  7564: 	ADD.b		TabSiz(a3),d0		* add tab size back
01:000847D6 D02B05E2        	  7565: 	ADD.b		TabSiz(a3),d0		* add tab size back again
                            	  7566: 
01:000847DA 4400            	  7567: 	NEG.b		d0				* make -ve
01:000847DC D02B05E6        	  7568: 	ADD.b		TWidth(a3),d0		* subtract remainder from width
01:000847E0 174005E7        	  7569: 	MOVE.b	d0,Iclim(a3)		* save tab column limit
                            	  7570: RTS_023
01:000847E4 4E75            	  7571: 	RTS
                            	  7572: 
                            	  7573: 
                            	  7574: *************************************************************************************
                            	  7575: *
                            	  7576: * perform SQR()
                            	  7577: 
                            	  7578: * d0 is number to find the root of
                            	  7579: * d1 is the root result
                            	  7580: * d2 is the remainder
                            	  7581: * d3 is a counter
                            	  7582: * d4 is temp
                            	  7583: 
                            	  7584: LAB_SQR
01:000847E6 4A2B0595        	  7585: 	TST.b		FAC1_s(a3)			* test FAC1 sign
01:000847EA 6B00D974        	  7586: 	BMI		LAB_FCER			* if -ve do function call error
                            	  7587: 
01:000847EE 4A2B0594        	  7588: 	TST.b		FAC1_e(a3)			* test exponent
01:000847F2 67F0            	  7589: 	BEQ.s		RTS_023			* exit if zero
                            	  7590: 
01:000847F4 48E77800        	  7591: 	MOVEM.l	d1-d4,-(sp)			* save registers
01:000847F8 202B0590        	  7592: 	MOVE.l	FAC1_m(a3),d0		* copy FAC1
01:000847FC 7400            	  7593: 	MOVEQ		#0,d2				* clear remainder
01:000847FE 2202            	  7594: 	MOVE.l	d2,d1				* clear root
                            	  7595: 
01:00084800 761F            	  7596: 	MOVEQ		#$1F,d3			* $1F for DBF, 64 pairs of bits to
                            	  7597: 							* do for a 32 bit result
01:00084802 082B00000594    	  7598: 	BTST		#0,FAC1_e(a3)		* test exponent odd/even
01:00084808 6606            	  7599: 	BNE.s		LAB_SQE2			* if odd only 1 shift first time
                            	  7600: 
                            	  7601: LAB_SQE1
01:0008480A D080            	  7602: 	ADD.l		d0,d0				* shift highest bit of number ..
01:0008480C D582            	  7603: 	ADDX.l	d2,d2				* .. into remainder .. never overflows
01:0008480E D281            	  7604: 	ADD.l		d1,d1				* root = root * 2 .. never overflows
                            	  7605: LAB_SQE2
01:00084810 D080            	  7606: 	ADD.l		d0,d0				* shift highest bit of number ..
01:00084812 D582            	  7607: 	ADDX.l	d2,d2				* .. into remainder .. never overflows
                            	  7608: 
01:00084814 2801            	  7609: 	MOVE.l	d1,d4				* copy root
01:00084816 D884            	  7610: 	ADD.l		d4,d4				* 2n
01:00084818 5284            	  7611: 	ADDQ.l	#1,d4				* 2n+1
                            	  7612: 
01:0008481A B484            	  7613: 	CMP.l		d4,d2				* compare 2n+1 to remainder
01:0008481C 6504            	  7614: 	BCS.s		LAB_SQNS			* skip sub if remainder smaller
                            	  7615: 
01:0008481E 9484            	  7616: 	SUB.l		d4,d2				* subtract temp from remainder
01:00084820 5281            	  7617: 	ADDQ.l	#1,d1				* increment root
                            	  7618: LAB_SQNS
01:00084822 51CBFFE6        	  7619: 	DBF		d3,LAB_SQE1			* loop if not all done
                            	  7620: 
01:00084826 27410590        	  7621: 	MOVE.l	d1,FAC1_m(a3)		* save result mantissa
01:0008482A 102B0594        	  7622: 	MOVE.b	FAC1_e(a3),d0		* get exponent (d0 is clear here)
01:0008482E 907C0080        	  7623: 	SUB.w		#$80,d0			* normalise
01:00084832 E248            	  7624: 	LSR.w		#1,d0				* /2
01:00084834 6402            	  7625: 	BCC.s		LAB_SQNA			* skip increment if carry clear
                            	  7626: 
01:00084836 5240            	  7627: 	ADDQ.w	#1,d0				* add bit zero back in (allow for half shift)
                            	  7628: LAB_SQNA
01:00084838 D07C0080        	  7629: 	ADD.w		#$80,d0			* re-bias to $80
01:0008483C 17400594        	  7630: 	MOVE.b	d0,FAC1_e(a3)		* save it
01:00084840 4CDF001E        	  7631: 	MOVEM.l	(sp)+,d1-d4			* restore registers
01:00084844 6000F0B2        	  7632: 	BRA		LAB_24D5			* normalise FAC1 & return
                            	  7633: 
                            	  7634: 
                            	  7635: *************************************************************************************
                            	  7636: *
                            	  7637: * perform VARPTR()
                            	  7638: 
                            	  7639: LAB_VARPTR
01:00084848 101D            	  7640: 	MOVE.b	(a5)+,d0			* increment pointer
                            	  7641: LAB_VARCALL
01:0008484A 6100E76A        	  7642: 	BSR		LAB_GVAR			* get variable address in a0
01:0008484E 6100E546        	  7643: 	BSR		LAB_1BFB			* scan for ")", else do syntax error/warm start
01:00084852 2008            	  7644: 	MOVE.l	a0,d0				* copy the variable address
01:00084854 6000EA50        	  7645: 	BRA		LAB_AYFC			* convert d0 to signed longword in FAC1 & return
                            	  7646: 
                            	  7647: 
                            	  7648: *************************************************************************************
                            	  7649: *
                            	  7650: * perform RAMBASE
                            	  7651: 
                            	  7652: LAB_RAM
01:00084858 41EB0400        	  7653: 	LEA		ram_base(a3),a0		* get start of EhBASIC RAM
01:0008485C 2008            	  7654: 	MOVE.l	a0,d0				* copy it
01:0008485E 6000EA46        	  7655: 	BRA		LAB_AYFC			* convert d0 to signed longword in FAC1 & return
                            	  7656: 
                            	  7657: 
                            	  7658: *************************************************************************************
                            	  7659: *
                            	  7660: * perform PI
                            	  7661: 
                            	  7662: LAB_PI
01:00084862 277CC90FDAA20590	  7663: 	MOVE.l	#$C90FDAA2,FAC1_m(a3)	* pi mantissa (32 bit)
01:0008486A 377C82000594    	  7664: 	MOVE.w	#$8200,FAC1_e(a3)		* pi exponent and sign
01:00084870 4E75            	  7665: 	RTS
                            	  7666: 
                            	  7667: 
                            	  7668: *************************************************************************************
                            	  7669: *
                            	  7670: * perform TWOPI
                            	  7671: 
                            	  7672: LAB_TWOPI
01:00084872 277CC90FDAA20590	  7673: 	MOVE.l	#$C90FDAA2,FAC1_m(a3)	* 2pi mantissa (32 bit)
01:0008487A 377C83000594    	  7674: 	MOVE.w	#$8300,FAC1_e(a3)		* 2pi exponent and sign
01:00084880 4E75            	  7675: 	RTS
                            	  7676: 
                            	  7677: 
                            	  7678: *************************************************************************************
                            	  7679: *
                            	  7680: * get ASCII string equivalent into FAC1 as integer32 or float
                            	  7681: 
                            	  7682: * entry is with a5 pointing to the first character of the string
                            	  7683: * exit with a5 pointing to the first character after the string
                            	  7684: 
                            	  7685: * d0 is character
                            	  7686: * d1 is mantissa
                            	  7687: * d2 is partial and table mantissa
                            	  7688: * d3 is mantissa exponent (decimal & binary)
                            	  7689: * d4 is decimal exponent
                            	  7690: 
                            	  7691: * get FAC1 from string
                            	  7692: * this routine now handles hex and binary values from strings
                            	  7693: * starting with "$" and "%" respectively
                            	  7694: 
                            	  7695: LAB_2887
01:00084882 48E77C00        	  7696: 	MOVEM.l	d1-d5,-(sp)			* save registers
01:00084886 7200            	  7697: 	MOVEQ		#$00,d1			* clear temp accumulator
01:00084888 2601            	  7698: 	MOVE.l	d1,d3				* set mantissa decimal exponent count
01:0008488A 2801            	  7699: 	MOVE.l	d1,d4				* clear decimal exponent
01:0008488C 17410595        	  7700: 	MOVE.b	d1,FAC1_s(a3)		* clear sign byte
01:00084890 174105B5        	  7701: 	MOVE.b	d1,Dtypef(a3)		* set float data type
01:00084894 174105AF        	  7702: 	MOVE.b	d1,expneg(a3)		* clear exponent sign
01:00084898 6100E510        	  7703: 	BSR		LAB_GBYT			* get first byte back
01:0008489C 653C            	  7704: 	BCS.s		LAB_28FE			* go get floating if 1st character numeric
                            	  7705: 
01:0008489E B03C002D        	  7706: 	CMP.b		#'-',d0			* or is it -ve number
01:000848A2 6608            	  7707: 	BNE.s		LAB_289A			* branch if not
                            	  7708: 
01:000848A4 177C00FF0595    	  7709: 	MOVE.b	#$FF,FAC1_s(a3)		* set sign byte
01:000848AA 6006            	  7710: 	BRA.s		LAB_289C			* now go scan & check for hex/bin/int
                            	  7711: 
                            	  7712: LAB_289A
                            	  7713: 							* first character wasn't numeric or -
01:000848AC B03C002B        	  7714: 	CMP.b		#'+',d0			* compare with '+'
01:000848B0 6606            	  7715: 	BNE.s		LAB_289D			* branch if not '+' (go check for '.'/hex/binary
                            	  7716: 							* /integer)
                            	  7717: 	
                            	  7718: LAB_289C
                            	  7719: 							* was "+" or "-" to start, so get next character
01:000848B2 6100E4F4        	  7720: 	BSR		LAB_IGBY			* increment & scan memory
01:000848B6 6522            	  7721: 	BCS.s		LAB_28FE			* branch if numeric character
                            	  7722: 
                            	  7723: LAB_289D
01:000848B8 B03C002E        	  7724: 	CMP.b		#'.',d0			* else compare with '.'
01:000848BC 67000092        	  7725: 	BEQ		LAB_2904			* branch if '.'
                            	  7726: 
                            	  7727: 							* code here for hex/binary/integer numbers
01:000848C0 B03C0024        	  7728: 	CMP.b		#'$',d0			* compare with '$'
01:000848C4 6700010A        	  7729: 	BEQ		LAB_CHEX			* branch if '$'
                            	  7730: 
01:000848C8 B03C0025        	  7731: 	CMP.b		#'%',d0			* else compare with '%'
01:000848CC 67000164        	  7732: 	BEQ		LAB_CBIN			* branch if '%'
                            	  7733: 
01:000848D0 6000008C        	  7734: 	BRA		LAB_2Y01			* not #.$%& so return 0
                            	  7735: 
                            	  7736: LAB_28FD
01:000848D4 6100E4D2        	  7737: 	BSR		LAB_IGBY			* get next character
01:000848D8 646C            	  7738: 	BCC.s		LAB_2902			* exit loop if not a digit
                            	  7739: 
                            	  7740: LAB_28FE
01:000848DA 610001A8        	  7741: 	BSR		d1x10				* multiply d1 by 10 and add character
01:000848DE 64F4            	  7742: 	BCC.s		LAB_28FD			* loop for more if no overflow
                            	  7743: 
                            	  7744: LAB_28FF
                            	  7745: 							* overflowed mantissa, count 10s exponent
01:000848E0 5283            	  7746: 	ADDQ.l	#1,d3				* increment mantissa decimal exponent count
01:000848E2 6100E4C4        	  7747: 	BSR		LAB_IGBY			* get next character
01:000848E6 65F8            	  7748: 	BCS.s		LAB_28FF			* loop while numeric character
                            	  7749: 
                            	  7750: 							* done overflow, now flush fraction or do E
01:000848E8 B03C002E        	  7751: 	CMP.b		#'.',d0			* else compare with '.'
01:000848EC 6606            	  7752: 	BNE.s		LAB_2901			* branch if not '.'
                            	  7753: 
                            	  7754: LAB_2900
                            	  7755: 							* flush remaining fraction digits
01:000848EE 6100E4B8        	  7756: 	BSR		LAB_IGBY			* get next character
01:000848F2 65FA            	  7757: 	BCS		LAB_2900			* loop while numeric character
                            	  7758: 
                            	  7759: LAB_2901
                            	  7760: 							* done number, only (possible) exponent remains
01:000848F4 B03C0045        	  7761: 	CMP.b		#'E',d0			* else compare with 'E'
01:000848F8 6664            	  7762: 	BNE.s		LAB_2Y01			* if not 'E' all done, go evaluate
                            	  7763: 
                            	  7764: 							* process exponent
01:000848FA 6100E4AC        	  7765: 	BSR		LAB_IGBY			* get next character
01:000848FE 6528            	  7766: 	BCS.s		LAB_2X04			* branch if digit
                            	  7767: 
01:00084900 B03C002D        	  7768: 	CMP.b		#'-',d0			* or is it -ve number
01:00084904 6706            	  7769: 	BEQ.s		LAB_2X01			* branch if so
                            	  7770: 
01:00084906 B03C00B3        	  7771: 	CMP.b		#TK_MINUS,d0		* or is it -ve number
01:0008490A 6608            	  7772: 	BNE.s		LAB_2X02			* branch if not
                            	  7773: 
                            	  7774: LAB_2X01
01:0008490C 177C00FF05AF    	  7775: 	MOVE.b	#$FF,expneg(a3)		* set exponent sign
01:00084912 600E            	  7776: 	BRA.s		LAB_2X03			* now go scan & check exponent
                            	  7777: 
                            	  7778: LAB_2X02
01:00084914 B03C002B        	  7779: 	CMP.b		#'+',d0			* or is it +ve number
01:00084918 6708            	  7780: 	BEQ.s		LAB_2X03			* branch if so
                            	  7781: 
01:0008491A B03C00B2        	  7782: 	CMP.b		#TK_PLUS,d0			* or is it +ve number
01:0008491E 6600D84C        	  7783: 	BNE		LAB_SNER			* wasn't - + TK_MINUS TK_PLUS or # so do error
                            	  7784: 
                            	  7785: LAB_2X03
01:00084922 6100E484        	  7786: 	BSR		LAB_IGBY			* get next character
01:00084926 6436            	  7787: 	BCC.s		LAB_2Y01			* if not digit all done, go evaluate
                            	  7788: LAB_2X04
01:00084928 C8FC000A        	  7789: 	MULU		#10,d4			* multiply decimal exponent by 10
01:0008492C C0BC000000FF    	  7790: 	AND.l		#$FF,d0			* mask character
01:00084932 903C0030        	  7791: 	SUB.b		#'0',d0			* convert to value
01:00084936 D880            	  7792: 	ADD.l		d0,d4				* add to decimal exponent
01:00084938 B83C0030        	  7793: 	CMP.b		#48,d4			* compare with decimal exponent limit+10
01:0008493C 6FE4            	  7794: 	BLE.s		LAB_2X03			* loop if no overflow/underflow
                            	  7795: 
                            	  7796: LAB_2X05
                            	  7797: 							* exponent value has overflowed
01:0008493E 6100E468        	  7798: 	BSR		LAB_IGBY			* get next character
01:00084942 65FA            	  7799: 	BCS.s		LAB_2X05			* loop while numeric digit
                            	  7800: 
01:00084944 6018            	  7801: 	BRA.s		LAB_2Y01			* all done, go evaluate
                            	  7802: 
                            	  7803: LAB_2902
01:00084946 B03C002E        	  7804: 	CMP.b		#'.',d0			* else compare with '.'
01:0008494A 6704            	  7805: 	BEQ.s		LAB_2904			* branch if was '.'
                            	  7806: 
01:0008494C 60A6            	  7807: 	BRA.s		LAB_2901			* branch if not '.' (go check/do 'E')
                            	  7808: 
                            	  7809: LAB_2903
01:0008494E 5383            	  7810: 	SUBQ.l	#1,d3				* decrement mantissa decimal exponent
                            	  7811: LAB_2904
                            	  7812: 							* was dp so get fraction part
01:00084950 6100E456        	  7813: 	BSR		LAB_IGBY			* get next character
01:00084954 649E            	  7814: 	BCC.s		LAB_2901			* exit loop if not a digit (go check/do 'E')
                            	  7815: 
01:00084956 6100012C        	  7816: 	BSR		d1x10				* multiply d1 by 10 and add character
01:0008495A 64F2            	  7817: 	BCC.s		LAB_2903			* loop for more if no overflow
                            	  7818: 
01:0008495C 6090            	  7819: 	BRA.s		LAB_2900			* else go flush remaining fraction part
                            	  7820: 
                            	  7821: LAB_2Y01
                            	  7822: 							* now evaluate result
01:0008495E 4A2B05AF        	  7823: 	TST.b		expneg(a3)			* test exponent sign
01:00084962 6A02            	  7824: 	BPL.s		LAB_2Y02			* branch if sign positive
                            	  7825: 
01:00084964 4484            	  7826: 	NEG.l		d4				* negate decimal exponent
                            	  7827: LAB_2Y02
01:00084966 D883            	  7828: 	ADD.l		d3,d4				* add mantissa decimal exponent
01:00084968 7620            	  7829: 	MOVEQ		#32,d3			* set up max binary exponent
01:0008496A 4A81            	  7830: 	TST.l		d1				* test mantissa
01:0008496C 6752            	  7831: 	BEQ.s		LAB_rtn0			* if mantissa=0 return 0
                            	  7832: 
01:0008496E 6B08            	  7833: 	BMI.s		LAB_2Y04			* branch if already mormalised
                            	  7834: 
01:00084970 5383            	  7835: 	SUBQ.l	#1,d3				* decrement bianry exponent for DBMI loop
                            	  7836: LAB_2Y03
01:00084972 D281            	  7837: 	ADD.l		d1,d1				* shift mantissa
01:00084974 5BCBFFFC        	  7838: 	DBMI		d3,LAB_2Y03			* decrement & loop if not normalised
                            	  7839: 
                            	  7840: 							* ensure not too big or small
                            	  7841: LAB_2Y04
01:00084978 B8BC00000026    	  7842: 	CMP.l		#38,d4			* compare decimal exponent with max exponent
01:0008497E 6E00D7DC        	  7843: 	BGT		LAB_OFER			* if greater do overflow error and warm start
                            	  7844: 
01:00084982 B8BCFFFFFFDA    	  7845: 	CMP.l		#-38,d4			* compare decimal exponent with min exponent
01:00084988 6D34            	  7846: 	BLT.s		LAB_ret0			* if less just return zero
                            	  7847: 
01:0008498A 4484            	  7848: 	NEG.l		d4				* negate decimal exponent to go right way
01:0008498C C9FC0006        	  7849: 	MULS		#6,d4				* 6 bytes per entry
01:00084990 2F08            	  7850: 	MOVE.l	a0,-(sp)			* save register
01:00084992 41FA0210        	  7851: 	LEA		LAB_P_10(pc),a0		* point to table
01:00084996 17704000059C    	  7852: 	MOVE.b	(a0,d4.w),FAC2_e(a3)	* copy exponent for multiply
01:0008499C 277040020598    	  7853: 	MOVE.l	2(a0,d4.w),FAC2_m(a3)	* copy table mantissa
01:000849A2 205F            	  7854: 	MOVE.l	(sp)+,a0			* restore register
                            	  7855: 
01:000849A4 0A030080        	  7856: 	EORI.b	#$80,d3			* normalise input exponent
01:000849A8 27410590        	  7857: 	MOVE.l	d1,FAC1_m(a3)		* save input mantissa
01:000849AC 17430594        	  7858: 	MOVE.b	d3,FAC1_e(a3)		* save input exponent
01:000849B0 176B0595059E    	  7859: 	MOVE.b	FAC1_s(a3),FAC_sc(a3)	* set sign as sign compare
                            	  7860: 
01:000849B6 4CDF003E        	  7861: 	MOVEM.l	(sp)+,d1-d5			* restore registers
01:000849BA 6000F064        	  7862: 	BRA		LAB_MULTIPLY		* go multiply input by table
                            	  7863: 
                            	  7864: LAB_ret0
01:000849BE 7200            	  7865: 	MOVEQ		#0,d1				* clear mantissa
                            	  7866: LAB_rtn0
01:000849C0 2601            	  7867: 	MOVE.l	d1,d3				* clear exponent
01:000849C2 17430594        	  7868: 	MOVE.b	d3,FAC1_e(a3)		* save exponent
01:000849C6 27410590        	  7869: 	MOVE.l	d1,FAC1_m(a3)		* save mantissa
01:000849CA 4CDF003E        	  7870: 	MOVEM.l	(sp)+,d1-d5			* restore registers
01:000849CE 4E75            	  7871: 	RTS
                            	  7872: 
                            	  7873: 
                            	  7874: *************************************************************************************
                            	  7875: *
                            	  7876: * $ for hex add-on
                            	  7877: 
                            	  7878: * gets here if the first character was "$" for hex
                            	  7879: * get hex number
                            	  7880: 
                            	  7881: LAB_CHEX
01:000849D0 177C004005B5    	  7882: 	MOVE.b	#$40,Dtypef(a3)		* set integer numeric data type
01:000849D6 7620            	  7883: 	MOVEQ		#32,d3			* set up max binary exponent
                            	  7884: LAB_CHXX
01:000849D8 6100E3CE        	  7885: 	BSR		LAB_IGBY			* increment & scan memory
01:000849DC 6514            	  7886: 	BCS.s		LAB_ISHN			* branch if numeric character
                            	  7887: 
01:000849DE 803C0020        	  7888: 	OR.b		#$20,d0			* case convert, allow "A" to "F" and "a" to "f"
01:000849E2 903C0061        	  7889: 	SUB.b		#'a',d0			* subtract "a"
01:000849E6 652A            	  7890: 	BCS.s		LAB_CHX3			* exit if <"a"
                            	  7891: 
01:000849E8 B03C0006        	  7892: 	CMP.b		#$06,d0			* compare normalised with $06 (max+1)
01:000849EC 6424            	  7893: 	BCC.s		LAB_CHX3			* exit if >"f"
                            	  7894: 
01:000849EE D03C003A        	  7895: 	ADD.b		#$3A,d0			* convert to nibble+"0"
                            	  7896: LAB_ISHN
01:000849F2 616C            	  7897: 	BSR.s		d1x16				* multiply d1 by 16 and add the character
01:000849F4 64E2            	  7898: 	BCC.s		LAB_CHXX			* loop for more if no overflow
                            	  7899: 
                            	  7900: 							* overflowed mantissa, count 16s exponent
                            	  7901: LAB_CHX1
01:000849F6 5883            	  7902: 	ADDQ.l	#4,d3				* increment mantissa exponent count
01:000849F8 6900D762        	  7903: 	BVS		LAB_OFER			* do overflow error if overflowed
                            	  7904: 
01:000849FC 6100E3AA        	  7905: 	BSR		LAB_IGBY			* get next character
01:00084A00 65F4            	  7906: 	BCS.s		LAB_CHX1			* loop while numeric character
                            	  7907: 
01:00084A02 803C0020        	  7908: 	OR.b		#$20,d0			* case convert, allow "A" to "F" and "a" to "f"
01:00084A06 903C0061        	  7909: 	SUB.b		#'a',d0			* subtract "a"
01:00084A0A 6506            	  7910: 	BCS.s		LAB_CHX3			* exit if <"a"
                            	  7911: 
01:00084A0C B03C0006        	  7912: 	CMP.b		#$06,d0			* compare normalised with $06 (max+1)
01:00084A10 65E4            	  7913: 	BCS.s		LAB_CHX1			* loop if <="f"
                            	  7914: 
                            	  7915: 							* now return value
                            	  7916: LAB_CHX3
01:00084A12 4A81            	  7917: 	TST.l		d1				* test mantissa
01:00084A14 67AA            	  7918: 	BEQ.s		LAB_rtn0			* if mantissa=0 return 0
                            	  7919: 
01:00084A16 6B08            	  7920: 	BMI.s		LAB_exxf			* branch if already mormalised
                            	  7921: 
01:00084A18 5383            	  7922: 	SUBQ.l	#1,d3				* decrement bianry exponent for DBMI loop
                            	  7923: LAB_CHX2
01:00084A1A D281            	  7924: 	ADD.l		d1,d1				* shift mantissa
01:00084A1C 5BCBFFFC        	  7925: 	DBMI		d3,LAB_CHX2			* decrement & loop if not normalised
                            	  7926: 
                            	  7927: LAB_exxf
01:00084A20 0A030080        	  7928: 	EORI.b	#$80,d3			* normalise exponent
01:00084A24 17430594        	  7929: 	MOVE.b	d3,FAC1_e(a3)		* save exponent
01:00084A28 27410590        	  7930: 	MOVE.l	d1,FAC1_m(a3)		* save mantissa
01:00084A2C 4CDF003E        	  7931: 	MOVEM.l	(sp)+,d1-d5			* restore registers
                            	  7932: RTS_024
01:00084A30 4E75            	  7933: 	RTS
                            	  7934: 
                            	  7935: 
                            	  7936: *************************************************************************************
                            	  7937: *
                            	  7938: * % for binary add-on
                            	  7939: 
                            	  7940: * gets here if the first character was "%" for binary
                            	  7941: * get binary number
                            	  7942: 
                            	  7943: LAB_CBIN
01:00084A32 177C004005B5    	  7944: 	MOVE.b	#$40,Dtypef(a3)		* set integer numeric data type
01:00084A38 7620            	  7945: 	MOVEQ		#32,d3			* set up max binary exponent
                            	  7946: LAB_CBXN
01:00084A3A 6100E36C        	  7947: 	BSR		LAB_IGBY			* increment & scan memory
01:00084A3E 64D2            	  7948: 	BCC.s		LAB_CHX3			* if not numeric character go return value
                            	  7949: 
01:00084A40 B03C0032        	  7950: 	CMP.b		#'2',d0			* compare with "2" (max+1)
01:00084A44 64CC            	  7951: 	BCC.s		LAB_CHX3			* if >="2" go return value
                            	  7952: 
01:00084A46 2401            	  7953: 	MOVE.l	d1,d2				* copy value
01:00084A48 6124            	  7954: 	BSR.s		d1x02				* multiply d1 by 2 and add character
01:00084A4A 64EE            	  7955: 	BCC.s		LAB_CBXN			* loop for more if no overflow
                            	  7956: 
                            	  7957: 							* overflowed mantissa, count 2s exponent
                            	  7958: LAB_CBX1
01:00084A4C 5283            	  7959: 	ADDQ.l	#1,d3				* increment mantissa exponent count
01:00084A4E 6900D70C        	  7960: 	BVS		LAB_OFER			* do overflow error if overflowed
                            	  7961: 
01:00084A52 6100E354        	  7962: 	BSR		LAB_IGBY			* get next character
01:00084A56 64BA            	  7963: 	BCC.s		LAB_CHX3			* if not numeric character go return value
                            	  7964: 
01:00084A58 B03C0032        	  7965: 	CMP.b		#'2',d0			* compare with "2" (max+1)
01:00084A5C 65EE            	  7966: 	BCS.s		LAB_CBX1			* loop if <"2"
                            	  7967: 
01:00084A5E 60B2            	  7968: 	BRA.s		LAB_CHX3			* if not numeric character go return value
                            	  7969: 
                            	  7970: * half way decent times 16 and times 2 with overflow checks
                            	  7971: 
                            	  7972: d1x16
01:00084A60 2401            	  7973: 	MOVE.l	d1,d2				* copy value
01:00084A62 D482            	  7974: 	ADD.l		d2,d2				* times two
01:00084A64 65CA            	  7975: 	BCS.s		RTS_024			* return if overflow
                            	  7976: 
01:00084A66 D482            	  7977: 	ADD.l		d2,d2				* times four
01:00084A68 65C6            	  7978: 	BCS.s		RTS_024			* return if overflow
                            	  7979: 
01:00084A6A D482            	  7980: 	ADD.l		d2,d2				* times eight
01:00084A6C 65C2            	  7981: 	BCS.s		RTS_024			* return if overflow
                            	  7982: 
                            	  7983: d1x02
01:00084A6E D482            	  7984: 	ADD.l		d2,d2				* times sixteen (ten/two)
01:00084A70 65BE            	  7985: 	BCS.s		RTS_024			* return if overflow
                            	  7986: 
                            	  7987: * now add in new digit
                            	  7988: 
01:00084A72 C0BC000000FF    	  7989: 	AND.l		#$FF,d0			* mask character
01:00084A78 903C0030        	  7990: 	SUB.b		#'0',d0			* convert to value
01:00084A7C D480            	  7991: 	ADD.l		d0,d2				* add to result
01:00084A7E 65B0            	  7992: 	BCS.s		RTS_024			* return if overflow, it should never ever do
                            	  7993: 							* this
                            	  7994: 
01:00084A80 2202            	  7995: 	MOVE.l	d2,d1				* copy result
01:00084A82 4E75            	  7996: 	RTS
                            	  7997: 
                            	  7998: * half way decent times 10 with overflow checks
                            	  7999: 
                            	  8000: d1x10
01:00084A84 2401            	  8001: 	MOVE.l	d1,d2				* copy value
01:00084A86 D482            	  8002: 	ADD.l		d2,d2				* times two
01:00084A88 6508            	  8003: 	BCS.s		RTS_025			* return if overflow
                            	  8004: 
01:00084A8A D482            	  8005: 	ADD.l		d2,d2				* times four
01:00084A8C 6504            	  8006: 	BCS.s		RTS_025			* return if overflow
                            	  8007: 
01:00084A8E D481            	  8008: 	ADD.l		d1,d2				* times five
01:00084A90 64DC            	  8009: 	BCC.s		d1x02				* do times two and add in new digit if ok
                            	  8010: 
                            	  8011: RTS_025
01:00084A92 4E75            	  8012: 	RTS
                            	  8013: 
                            	  8014: 
                            	  8015: *************************************************************************************
                            	  8016: *
                            	  8017: * token values needed for BASIC
                            	  8018: 
                            	  8019: TK_END		EQU $80			* $80
                            	  8020: TK_FOR		EQU TK_END+1		* $81
                            	  8021: TK_NEXT		EQU TK_FOR+1		* $82
                            	  8022: TK_DATA		EQU TK_NEXT+1		* $83
                            	  8023: TK_INPUT		EQU TK_DATA+1		* $84
                            	  8024: TK_DIM		EQU TK_INPUT+1		* $85
                            	  8025: TK_READ		EQU TK_DIM+1		* $86
                            	  8026: TK_LET		EQU TK_READ+1		* $87
                            	  8027: TK_DEC		EQU TK_LET+1		* $88
                            	  8028: TK_GOTO		EQU TK_DEC+1		* $89
                            	  8029: TK_RUN		EQU TK_GOTO+1		* $8A
                            	  8030: TK_IF			EQU TK_RUN+1		* $8B
                            	  8031: TK_RESTORE		EQU TK_IF+1			* $8C
                            	  8032: TK_GOSUB		EQU TK_RESTORE+1		* $8D
                            	  8033: TK_RETURN		EQU TK_GOSUB+1		* $8E
                            	  8034: TK_REM		EQU TK_RETURN+1		* $8F
                            	  8035: TK_STOP		EQU TK_REM+1		* $90
                            	  8036: TK_ON			EQU TK_STOP+1		* $91
                            	  8037: TK_NULL		EQU TK_ON+1			* $92
                            	  8038: TK_INC		EQU TK_NULL+1		* $93
                            	  8039: TK_WAIT		EQU TK_INC+1		* $94
                            	  8040: TK_LOAD		EQU TK_WAIT+1		* $95
                            	  8041: TK_SAVE		EQU TK_LOAD+1		* $96
                            	  8042: TK_DEF		EQU TK_SAVE+1		* $97
                            	  8043: TK_POKE		EQU TK_DEF+1		* $98
                            	  8044: TK_DOKE		EQU TK_POKE+1		* $99
                            	  8045: TK_LOKE		EQU TK_DOKE+1		* $9A
                            	  8046: TK_CALL		EQU TK_LOKE+1		* $9B
                            	  8047: TK_DO			EQU TK_CALL+1		* $9C
                            	  8048: TK_LOOP		EQU TK_DO+1			* $9D
                            	  8049: TK_PRINT		EQU TK_LOOP+1		* $9E
                            	  8050: TK_CONT		EQU TK_PRINT+1		* $9F
                            	  8051: TK_LIST		EQU TK_CONT+1		* $A0
                            	  8052: TK_CLEAR		EQU TK_LIST+1		* $A1
                            	  8053: TK_NEW		EQU TK_CLEAR+1		* $A2
                            	  8054: TK_WIDTH		EQU TK_NEW+1		* $A3
                            	  8055: TK_GET		EQU TK_WIDTH+1		* $A4
                            	  8056: TK_SWAP		EQU TK_GET+1		* $A5
                            	  8057: TK_BITSET		EQU TK_SWAP+1		* $A6
                            	  8058: TK_BITCLR		EQU TK_BITSET+1		* $A7
                            	  8059: TK_TAB		EQU TK_BITCLR+1		* $A8
                            	  8060: TK_ELSE		EQU TK_TAB+1		* $A9
                            	  8061: TK_TO			EQU TK_ELSE+1		* $AA
                            	  8062: TK_FN			EQU TK_TO+1			* $AB
                            	  8063: TK_SPC		EQU TK_FN+1			* $AC
                            	  8064: TK_THEN		EQU TK_SPC+1		* $AD
                            	  8065: TK_NOT		EQU TK_THEN+1		* $AE
                            	  8066: TK_STEP		EQU TK_NOT+1		* $AF
                            	  8067: TK_UNTIL		EQU TK_STEP+1		* $B0
                            	  8068: TK_WHILE		EQU TK_UNTIL+1		* $B1
                            	  8069: TK_PLUS		EQU TK_WHILE+1		* $B2
                            	  8070: TK_MINUS		EQU TK_PLUS+1		* $B3
                            	  8071: TK_MULT		EQU TK_MINUS+1		* $B4
                            	  8072: TK_DIV		EQU TK_MULT+1		* $B5
                            	  8073: TK_POWER		EQU TK_DIV+1		* $B6
                            	  8074: TK_AND		EQU TK_POWER+1		* $B7
                            	  8075: TK_EOR		EQU TK_AND+1		* $B8
                            	  8076: TK_OR			EQU TK_EOR+1		* $B9
                            	  8077: TK_RSHIFT		EQU TK_OR+1			* $BA
                            	  8078: TK_LSHIFT		EQU TK_RSHIFT+1		* $BB
                            	  8079: TK_GT			EQU TK_LSHIFT+1		* $BC
                            	  8080: TK_EQUAL		EQU TK_GT+1			* $BD
                            	  8081: TK_LT			EQU TK_EQUAL+1		* $BE
                            	  8082: TK_SGN		EQU TK_LT+1			* $BF
                            	  8083: TK_INT		EQU TK_SGN+1		* $C0
                            	  8084: TK_ABS		EQU TK_INT+1		* $C1
                            	  8085: TK_USR		EQU TK_ABS+1		* $C2
                            	  8086: TK_FRE		EQU TK_USR+1		* $C3
                            	  8087: TK_POS		EQU TK_FRE+1		* $C4
                            	  8088: TK_SQR		EQU TK_POS+1		* $C5
                            	  8089: TK_RND		EQU TK_SQR+1		* $C6
                            	  8090: TK_LOG		EQU TK_RND+1		* $C7
                            	  8091: TK_EXP		EQU TK_LOG+1		* $C8
                            	  8092: TK_COS		EQU TK_EXP+1		* $C9
                            	  8093: TK_SIN		EQU TK_COS+1		* $CA
                            	  8094: TK_TAN		EQU TK_SIN+1		* $CB
                            	  8095: TK_ATN		EQU TK_TAN+1		* $CC
                            	  8096: TK_PEEK		EQU TK_ATN+1		* $CD
                            	  8097: TK_DEEK		EQU TK_PEEK+1		* $CE
                            	  8098: TK_LEEK		EQU TK_DEEK+1		* $CF
                            	  8099: TK_LEN		EQU TK_LEEK+1		* $D0
                            	  8100: TK_STRS		EQU TK_LEN+1		* $D1
                            	  8101: TK_VAL		EQU TK_STRS+1		* $D2
                            	  8102: TK_ASC		EQU TK_VAL+1		* $D3
                            	  8103: TK_UCASES		EQU TK_ASC+1		* $D4
                            	  8104: TK_LCASES		EQU TK_UCASES+1		* $D5
                            	  8105: TK_CHRS		EQU TK_LCASES+1		* $D6
                            	  8106: TK_HEXS		EQU TK_CHRS+1		* $D7
                            	  8107: TK_BINS		EQU TK_HEXS+1		* $D8
                            	  8108: TK_BITTST		EQU TK_BINS+1		* $D9
                            	  8109: TK_MAX		EQU TK_BITTST+1		* $DA
                            	  8110: TK_MIN		EQU TK_MAX+1		* $DB
                            	  8111: TK_RAM		EQU TK_MIN+1		* $DC
                            	  8112: TK_PI			EQU TK_RAM+1		* $DD
                            	  8113: TK_TWOPI		EQU TK_PI+1			* $DE
                            	  8114: TK_VPTR		EQU TK_TWOPI+1		* $DF
                            	  8115: TK_SADD		EQU TK_VPTR+1		* $E0
                            	  8116: TK_LEFTS		EQU TK_SADD+1		* $E1
                            	  8117: TK_RIGHTS		EQU TK_LEFTS+1		* $E2
                            	  8118: TK_MIDS		EQU TK_RIGHTS+1		* $E3
                            	  8119: TK_USINGS		EQU TK_MIDS+1		* $E4
                            	  8120: 
                            	  8121: 
                            	  8122: *************************************************************************************
                            	  8123: *
                            	  8124: * binary to unsigned decimal table
                            	  8125: 
                            	  8126: Bin2dec
01:00084A94 3B9ACA00        	  8127: 	dc.l	$3B9ACA00				* 1000000000
01:00084A98 05F5E100        	  8128: 	dc.l	$05F5E100				* 100000000
01:00084A9C 00989680        	  8129: 	dc.l	$00989680				* 10000000
01:00084AA0 000F4240        	  8130: 	dc.l	$000F4240				* 1000000
01:00084AA4 000186A0        	  8131: 	dc.l	$000186A0				* 100000
01:00084AA8 00002710        	  8132: 	dc.l	$00002710				* 10000
01:00084AAC 000003E8        	  8133: 	dc.l	$000003E8				* 1000
01:00084AB0 00000064        	  8134: 	dc.l	$00000064				* 100
01:00084AB4 0000000A        	  8135: 	dc.l	$0000000A				* 10
01:00084AB8 00000000        	  8136: 	dc.l	$00000000				* 0 end marker
                            	  8137: 
                            	  8138: LAB_RSED
01:00084ABC 332E3232        	  8139: 	dc.l	$332E3232				* 858665522
                            	  8140: 
                            	  8141: * string to value exponent table
                            	  8142: 
01:00084AC0 FF00            	  8143: 	dc.w	255<<8				* 10**38
01:00084AC2 96769951        	  8144: 	dc.l	$96769951
01:00084AC6 FB00            	  8145: 	dc.w	251<<8				* 10**37
01:00084AC8 F0BDC21B        	  8146: 	dc.l	$F0BDC21B
01:00084ACC F800            	  8147: 	dc.w	248<<8				* 10**36
01:00084ACE C097CE7C        	  8148: 	dc.l	$C097CE7C
01:00084AD2 F500            	  8149: 	dc.w	245<<8				* 10**35
01:00084AD4 9A130B96        	  8150: 	dc.l	$9A130B96
01:00084AD8 F100            	  8151: 	dc.w	241<<8				* 10**34
01:00084ADA F684DF57        	  8152: 	dc.l	$F684DF57
01:00084ADE EE00            	  8153: 	dc.w	238<<8				* 10**33
01:00084AE0 C5371912        	  8154: 	dc.l	$C5371912
01:00084AE4 EB00            	  8155: 	dc.w	235<<8				* 10**32
01:00084AE6 9DC5ADA8        	  8156: 	dc.l	$9DC5ADA8
01:00084AEA E700            	  8157: 	dc.w	231<<8				* 10**31
01:00084AEC FC6F7C40        	  8158: 	dc.l	$FC6F7C40
01:00084AF0 E400            	  8159: 	dc.w	228<<8				* 10**30
01:00084AF2 C9F2C9CD        	  8160: 	dc.l	$C9F2C9CD
01:00084AF6 E100            	  8161: 	dc.w	225<<8				* 10**29
01:00084AF8 A18F07D7        	  8162: 	dc.l	$A18F07D7
01:00084AFC DE00            	  8163: 	dc.w	222<<8				* 10**28
01:00084AFE 813F3979        	  8164: 	dc.l	$813F3979
01:00084B02 DA00            	  8165: 	dc.w	218<<8				* 10**27
01:00084B04 CECB8F28        	  8166: 	dc.l	$CECB8F28
01:00084B08 D700            	  8167: 	dc.w	215<<8				* 10**26
01:00084B0A A56FA5BA        	  8168: 	dc.l	$A56FA5BA
01:00084B0E D400            	  8169: 	dc.w	212<<8				* 10**25
01:00084B10 84595161        	  8170: 	dc.l	$84595161
01:00084B14 D000            	  8171: 	dc.w	208<<8				* 10**24
01:00084B16 D3C21BCF        	  8172: 	dc.l	$D3C21BCF
01:00084B1A CD00            	  8173: 	dc.w	205<<8				* 10**23
01:00084B1C A968163F        	  8174: 	dc.l	$A968163F
01:00084B20 CA00            	  8175: 	dc.w	202<<8				* 10**22
01:00084B22 87867832        	  8176: 	dc.l	$87867832
01:00084B26 C600            	  8177: 	dc.w	198<<8				* 10**21
01:00084B28 D8D726B7        	  8178: 	dc.l	$D8D726B7
01:00084B2C C300            	  8179: 	dc.w	195<<8				* 10**20
01:00084B2E AD78EBC6        	  8180: 	dc.l	$AD78EBC6
01:00084B32 C000            	  8181: 	dc.w	192<<8				* 10**19
01:00084B34 8AC72305        	  8182: 	dc.l	$8AC72305
01:00084B38 BC00            	  8183: 	dc.w	188<<8				* 10**18
01:00084B3A DE0B6B3A        	  8184: 	dc.l	$DE0B6B3A
01:00084B3E B900            	  8185: 	dc.w	185<<8				* 10**17
01:00084B40 B1A2BC2F        	  8186: 	dc.l	$B1A2BC2F
01:00084B44 B600            	  8187: 	dc.w	182<<8				* 10**16
01:00084B46 8E1BC9BF        	  8188: 	dc.l	$8E1BC9BF
01:00084B4A B200            	  8189: 	dc.w	178<<8				* 10**15
01:00084B4C E35FA932        	  8190: 	dc.l	$E35FA932
01:00084B50 AF00            	  8191: 	dc.w	175<<8				* 10**14
01:00084B52 B5E620F5        	  8192: 	dc.l	$B5E620F5
01:00084B56 AC00            	  8193: 	dc.w	172<<8				* 10**13
01:00084B58 9184E72A        	  8194: 	dc.l	$9184E72A
01:00084B5C A800            	  8195: 	dc.w	168<<8				* 10**12
01:00084B5E E8D4A510        	  8196: 	dc.l	$E8D4A510
01:00084B62 A500            	  8197: 	dc.w	165<<8				* 10**11
01:00084B64 BA43B740        	  8198: 	dc.l	$BA43B740
01:00084B68 A200            	  8199: 	dc.w	162<<8				* 10**10
01:00084B6A 9502F900        	  8200: 	dc.l	$9502F900
01:00084B6E 9E00            	  8201: 	dc.w	158<<8				* 10**9
01:00084B70 EE6B2800        	  8202: 	dc.l	$EE6B2800
01:00084B74 9B00            	  8203: 	dc.w	155<<8				* 10**8
01:00084B76 BEBC2000        	  8204: 	dc.l	$BEBC2000
01:00084B7A 9800            	  8205: 	dc.w	152<<8				* 10**7
01:00084B7C 98968000        	  8206: 	dc.l	$98968000
01:00084B80 9400            	  8207: 	dc.w	148<<8				* 10**6
01:00084B82 F4240000        	  8208: 	dc.l	$F4240000
01:00084B86 9100            	  8209: 	dc.w	145<<8				* 10**5
01:00084B88 C3500000        	  8210: 	dc.l	$C3500000
01:00084B8C 8E00            	  8211: 	dc.w	142<<8				* 10**4
01:00084B8E 9C400000        	  8212: 	dc.l	$9C400000
01:00084B92 8A00            	  8213: 	dc.w	138<<8				* 10**3
01:00084B94 FA000000        	  8214: 	dc.l	$FA000000
01:00084B98 8700            	  8215: 	dc.w	135<<8				* 10**2
01:00084B9A C8000000        	  8216: 	dc.l	$C8000000
01:00084B9E 8400            	  8217: 	dc.w	132<<8				* 10**1
01:00084BA0 A0000000        	  8218: 	dc.l	$A0000000
                            	  8219: LAB_P_10
01:00084BA4 8100            	  8220: 	dc.w	129<<8				* 10**0
01:00084BA6 80000000        	  8221: 	dc.l	$80000000
01:00084BAA 7D00            	  8222: 	dc.w	125<<8				* 10**-1
01:00084BAC CCCCCCCD        	  8223: 	dc.l	$CCCCCCCD
01:00084BB0 7A00            	  8224: 	dc.w	122<<8				* 10**-2
01:00084BB2 A3D70A3D        	  8225: 	dc.l	$A3D70A3D
01:00084BB6 7700            	  8226: 	dc.w	119<<8				* 10**-3
01:00084BB8 83126E98        	  8227: 	dc.l	$83126E98
01:00084BBC 7300            	  8228: 	dc.w	115<<8				* 10**-4
01:00084BBE D1B71759        	  8229: 	dc.l	$D1B71759
01:00084BC2 7000            	  8230: 	dc.w	112<<8				* 10**-5
01:00084BC4 A7C5AC47        	  8231: 	dc.l	$A7C5AC47
01:00084BC8 6D00            	  8232: 	dc.w	109<<8				* 10**-6
01:00084BCA 8637BD06        	  8233: 	dc.l	$8637BD06
01:00084BCE 6900            	  8234: 	dc.w	105<<8				* 10**-7
01:00084BD0 D6BF94D6        	  8235: 	dc.l	$D6BF94D6
01:00084BD4 6600            	  8236: 	dc.w	102<<8				* 10**-8
01:00084BD6 ABCC7712        	  8237: 	dc.l	$ABCC7712
01:00084BDA 6300            	  8238: 	dc.w	99<<8					* 10**-9
01:00084BDC 89705F41        	  8239: 	dc.l	$89705F41
01:00084BE0 5F00            	  8240: 	dc.w	95<<8					* 10**-10
01:00084BE2 DBE6FECF        	  8241: 	dc.l	$DBE6FECF
01:00084BE6 5C00            	  8242: 	dc.w	92<<8					* 10**-11
01:00084BE8 AFEBFF0C        	  8243: 	dc.l	$AFEBFF0C
01:00084BEC 5900            	  8244: 	dc.w	89<<8					* 10**-12
01:00084BEE 8CBCCC09        	  8245: 	dc.l	$8CBCCC09
01:00084BF2 5500            	  8246: 	dc.w	85<<8					* 10**-13
01:00084BF4 E12E1342        	  8247: 	dc.l	$E12E1342
01:00084BF8 5200            	  8248: 	dc.w	82<<8					* 10**-14
01:00084BFA B424DC35        	  8249: 	dc.l	$B424DC35
01:00084BFE 4F00            	  8250: 	dc.w	79<<8					* 10**-15
01:00084C00 901D7CF7        	  8251: 	dc.l	$901D7CF7
01:00084C04 4B00            	  8252: 	dc.w	75<<8					* 10**-16
01:00084C06 E69594BF        	  8253: 	dc.l	$E69594BF
01:00084C0A 4800            	  8254: 	dc.w	72<<8					* 10**-17
01:00084C0C B877AA32        	  8255: 	dc.l	$B877AA32
01:00084C10 4500            	  8256: 	dc.w	69<<8					* 10**-18
01:00084C12 9392EE8F        	  8257: 	dc.l	$9392EE8F
01:00084C16 4100            	  8258: 	dc.w	65<<8					* 10**-19
01:00084C18 EC1E4A7E        	  8259: 	dc.l	$EC1E4A7E
01:00084C1C 3E00            	  8260: 	dc.w	62<<8					* 10**-20
01:00084C1E BCE50865        	  8261: 	dc.l	$BCE50865
01:00084C22 3B00            	  8262: 	dc.w	59<<8					* 10**-21
01:00084C24 971DA050        	  8263: 	dc.l	$971DA050
01:00084C28 3700            	  8264: 	dc.w	55<<8					* 10**-22
01:00084C2A F1C90081        	  8265: 	dc.l	$F1C90081
01:00084C2E 3400            	  8266: 	dc.w	52<<8					* 10**-23
01:00084C30 C16D9A01        	  8267: 	dc.l	$C16D9A01
01:00084C34 3100            	  8268: 	dc.w	49<<8					* 10**-24
01:00084C36 9ABE14CD        	  8269: 	dc.l	$9ABE14CD
01:00084C3A 2D00            	  8270: 	dc.w	45<<8					* 10**-25
01:00084C3C F79687AE        	  8271: 	dc.l	$F79687AE
01:00084C40 2A00            	  8272: 	dc.w	42<<8					* 10**-26
01:00084C42 C6120625        	  8273: 	dc.l	$C6120625
01:00084C46 2700            	  8274: 	dc.w	39<<8					* 10**-27
01:00084C48 9E74D1B8        	  8275: 	dc.l	$9E74D1B8
01:00084C4C 2300            	  8276: 	dc.w	35<<8					* 10**-28
01:00084C4E FD87B5F3        	  8277: 	dc.l	$FD87B5F3
01:00084C52 2000            	  8278: 	dc.w	32<<8					* 10**-29
01:00084C54 CAD2F7F5        	  8279: 	dc.l	$CAD2F7F5
01:00084C58 1D00            	  8280: 	dc.w	29<<8					* 10**-30
01:00084C5A A2425FF7        	  8281: 	dc.l	$A2425FF7
01:00084C5E 1A00            	  8282: 	dc.w	26<<8					* 10**-31
01:00084C60 81CEB32C        	  8283: 	dc.l	$81CEB32C
01:00084C64 1600            	  8284: 	dc.w	22<<8					* 10**-32
01:00084C66 CFB11EAD        	  8285: 	dc.l	$CFB11EAD
01:00084C6A 1300            	  8286: 	dc.w	19<<8					* 10**-33
01:00084C6C A6274BBE        	  8287: 	dc.l	$A6274BBE
01:00084C70 1000            	  8288: 	dc.w	16<<8					* 10**-34
01:00084C72 84EC3C98        	  8289: 	dc.l	$84EC3C98
01:00084C76 0C00            	  8290: 	dc.w	12<<8					* 10**-35
01:00084C78 D4AD2DC0        	  8291: 	dc.l	$D4AD2DC0
01:00084C7C 0900            	  8292: 	dc.w	9<<8					* 10**-36
01:00084C7E AA242499        	  8293: 	dc.l	$AA242499
01:00084C82 0600            	  8294: 	dc.w	6<<8					* 10**-37
01:00084C84 881CEA14        	  8295: 	dc.l	$881CEA14
01:00084C88 0200            	  8296: 	dc.w	2<<8					* 10**-38
01:00084C8A D9C7DCED        	  8297: 	dc.l	$D9C7DCED
                            	  8298: 
                            	  8299: 
                            	  8300: *************************************************************************************
                            	  8301: *
                            	  8302: * table of constants for cordic SIN/COS/TAN calculations
                            	  8303: * constants are un normalised fractions and are atn(2^-i)/2pi
                            	  8304: 
01:00084C8E 4DBA76D4        	  8305: 	dc.l	$4DBA76D4				* SIN/COS multiply constant
                            	  8306: TAB_SNCO
01:00084C92 20000000        	  8307: 	dc.l	$20000000				* atn(2^0)/2pi
01:00084C96 12E4051E        	  8308: 	dc.l	$12E4051E				* atn(2^1)/2pi
01:00084C9A 09FB385C        	  8309: 	dc.l	$09FB385C				* atn(2^2)/2pi
01:00084C9E 051111D5        	  8310: 	dc.l	$051111D5				* atn(2^3)/2pi
01:00084CA2 028B0D44        	  8311: 	dc.l	$028B0D44				* atn(2^4)/2pi
01:00084CA6 0145D7E2        	  8312: 	dc.l	$0145D7E2				* atn(2^5)/2pi
01:00084CAA 00A2F61F        	  8313: 	dc.l	$00A2F61F				* atn(2^6)/2pi
01:00084CAE 00517C56        	  8314: 	dc.l	$00517C56				* atn(2^7)/2pi
01:00084CB2 0028BE54        	  8315: 	dc.l	$0028BE54				* atn(2^8)/2pi
01:00084CB6 00145F2F        	  8316: 	dc.l	$00145F2F				* atn(2^9)/2pi
01:00084CBA 000A2F99        	  8317: 	dc.l	$000A2F99				* atn(2^10)/2pi
01:00084CBE 000517CD        	  8318: 	dc.l	$000517CD				* atn(2^11)/2pi
01:00084CC2 00028BE7        	  8319: 	dc.l	$00028BE7				* atn(2^12)/2pi
01:00084CC6 000145F4        	  8320: 	dc.l	$000145F4				* atn(2^13)/2pi
01:00084CCA 0000A2FA        	  8321: 	dc.l	$0000A2FA				* atn(2^14)/2pi
01:00084CCE 0000517D        	  8322: 	dc.l	$0000517D				* atn(2^15)/2pi
01:00084CD2 000028BF        	  8323: 	dc.l	$000028BF				* atn(2^16)/2pi
01:00084CD6 00001460        	  8324: 	dc.l	$00001460				* atn(2^17)/2pi
01:00084CDA 00000A30        	  8325: 	dc.l	$00000A30				* atn(2^18)/2pi
01:00084CDE 00000518        	  8326: 	dc.l	$00000518				* atn(2^19)/2pi
01:00084CE2 0000028C        	  8327: 	dc.l	$0000028C				* atn(2^20)/2pi
01:00084CE6 00000146        	  8328: 	dc.l	$00000146				* atn(2^21)/2pi
01:00084CEA 000000A3        	  8329: 	dc.l	$000000A3				* atn(2^22)/2pi
01:00084CEE 00000052        	  8330: 	dc.l	$00000052				* atn(2^23)/2pi
01:00084CF2 00000029        	  8331: 	dc.l	$00000029				* atn(2^24)/2pi
01:00084CF6 00000015        	  8332: 	dc.l	$00000015				* atn(2^25)/2pi
01:00084CFA 0000000B        	  8333: 	dc.l	$0000000B				* atn(2^26)/2pi
01:00084CFE 00000006        	  8334: 	dc.l	$00000006				* atn(2^27)/2pi
01:00084D02 00000003        	  8335: 	dc.l	$00000003				* atn(2^28)/2pi
01:00084D06 00000002        	  8336: 	dc.l	$00000002				* atn(2^29)/2pi
01:00084D0A 00000001        	  8337: 	dc.l	$00000001				* atn(2^30)/2pi
01:00084D0E 00000001        	  8338: 	dc.l	$00000001				* atn(2^31)/2pi
                            	  8339: 
                            	  8340: 
                            	  8341: *************************************************************************************
                            	  8342: *
                            	  8343: * table of constants for cordic ATN calculation
                            	  8344: * constants are normalised to two integer bits and are atn(2^-i)
                            	  8345: 
                            	  8346: TAB_ATNC
01:00084D12 1DAC6705        	  8347: 	dc.l	$1DAC6705				* atn(2^-1)
01:00084D16 0FADBAFD        	  8348: 	dc.l	$0FADBAFD				* atn(2^-2)
01:00084D1A 07F56EA7        	  8349: 	dc.l	$07F56EA7				* atn(2^-3)
01:00084D1E 03FEAB77        	  8350: 	dc.l	$03FEAB77				* atn(2^-4)
01:00084D22 01FFD55C        	  8351: 	dc.l	$01FFD55C				* atn(2^-5)
01:00084D26 00FFFAAB        	  8352: 	dc.l	$00FFFAAB				* atn(2^-6)
01:00084D2A 007FFF55        	  8353: 	dc.l	$007FFF55				* atn(2^-7)
01:00084D2E 003FFFEB        	  8354: 	dc.l	$003FFFEB				* atn(2^-8)
01:00084D32 001FFFFD        	  8355: 	dc.l	$001FFFFD				* atn(2^-9)
01:00084D36 00100000        	  8356: 	dc.l	$00100000				* atn(2^-10)
01:00084D3A 00080000        	  8357: 	dc.l	$00080000				* atn(2^-11)
01:00084D3E 00040000        	  8358: 	dc.l	$00040000				* atn(2^-12)
01:00084D42 00020000        	  8359: 	dc.l	$00020000				* atn(2^-13)
01:00084D46 00010000        	  8360: 	dc.l	$00010000				* atn(2^-14)
01:00084D4A 00008000        	  8361: 	dc.l	$00008000				* atn(2^-15)
01:00084D4E 00004000        	  8362: 	dc.l	$00004000				* atn(2^-16)
01:00084D52 00002000        	  8363: 	dc.l	$00002000				* atn(2^-17)
01:00084D56 00001000        	  8364: 	dc.l	$00001000				* atn(2^-18)
01:00084D5A 00000800        	  8365: 	dc.l	$00000800				* atn(2^-19)
01:00084D5E 00000400        	  8366: 	dc.l	$00000400				* atn(2^-20)
01:00084D62 00000200        	  8367: 	dc.l	$00000200				* atn(2^-21)
01:00084D66 00000100        	  8368: 	dc.l	$00000100				* atn(2^-22)
01:00084D6A 00000080        	  8369: 	dc.l	$00000080				* atn(2^-23)
01:00084D6E 00000040        	  8370: 	dc.l	$00000040				* atn(2^-24)
01:00084D72 00000020        	  8371: 	dc.l	$00000020				* atn(2^-25)
01:00084D76 00000010        	  8372: 	dc.l	$00000010				* atn(2^-26)
01:00084D7A 00000008        	  8373: 	dc.l	$00000008				* atn(2^-27)
01:00084D7E 00000004        	  8374: 	dc.l	$00000004				* atn(2^-28)
01:00084D82 00000002        	  8375: 	dc.l	$00000002				* atn(2^-29)
01:00084D86 00000001        	  8376: 	dc.l	$00000001				* atn(2^-30)
                            	  8377: LAB_1D96
01:00084D8A 00000000        	  8378: 	dc.l	$00000000				* atn(2^-31)
01:00084D8E 00000000        	  8379: 	dc.l	$00000000				* atn(2^-32)
                            	  8380: 
                            	  8381: * constants are normalised to n integer bits and are tanh(2^-i)
                            	  8382: n	equ	2
                            	  8383: TAB_HTHET
01:00084D92 2327D4F4        	  8384: 	dc.l	$2327d4f4			* atnh(2^-1) .549306144
01:00084D96 1058AEFA        	  8385: 	dc.l	$1058aefa			* atnh(2^-2) .255412812
01:00084D9A 080AC48E        	  8386: 	dc.l	$080ac48e			* atnh(2^-3)
01:00084D9E 04015622        	  8387: 	dc.l	$04015622			* atnh(2^-4)
01:00084DA2 02002AB0        	  8388: 	dc.l	$02002ab0			* atnh(2^-5)
01:00084DA6 01000554        	  8389: 	dc.l	$01000554			* atnh(2^-6)
01:00084DAA 008000AA        	  8390: 	dc.l	$008000aa			* atnh(2^-7)
01:00084DAE 00400014        	  8391: 	dc.l	$00400014			* atnh(2^-8)
01:00084DB2 00200002        	  8392: 	dc.l	$00200002			* atnh(2^-9)
01:00084DB6 00100000        	  8393: 	dc.l	$00100000			* atnh(2^-10)
01:00084DBA 00080000        	  8394: 	dc.l	$00080000			* atnh(2^-11)
01:00084DBE 00040000        	  8395: 	dc.l	$00040000			* atnh(2^-12)
01:00084DC2 00020000        	  8396: 	dc.l	$00020000			* atnh(2^-13)
01:00084DC6 00010000        	  8397: 	dc.l	$00010000			* atnh(2^-14)
01:00084DCA 00008000        	  8398: 	dc.l	$00008000			* atnh(2^-15)
01:00084DCE 00004000        	  8399: 	dc.l	$00004000			* atnh(2^-16)
01:00084DD2 00002000        	  8400: 	dc.l	$00002000			* atnh(2^-17)
01:00084DD6 00001000        	  8401: 	dc.l	$00001000			* atnh(2^-18)
01:00084DDA 00000800        	  8402: 	dc.l	$00000800			* atnh(2^-19)
01:00084DDE 00000400        	  8403: 	dc.l	$00000400			* atnh(2^-20)
01:00084DE2 00000200        	  8404: 	dc.l	$00000200			* atnh(2^-21)
01:00084DE6 00000100        	  8405: 	dc.l	$00000100			* atnh(2^-22)
01:00084DEA 00000080        	  8406: 	dc.l	$00000080			* atnh(2^-23)
01:00084DEE 00000040        	  8407: 	dc.l	$00000040			* atnh(2^-24)
01:00084DF2 00000020        	  8408: 	dc.l	$00000020			* atnh(2^-25)
01:00084DF6 00000010        	  8409: 	dc.l	$00000010			* atnh(2^-26)
01:00084DFA 00000008        	  8410: 	dc.l	$00000008			* atnh(2^-27)
01:00084DFE 00000004        	  8411: 	dc.l	$00000004			* atnh(2^-28)
01:00084E02 00000002        	  8412: 	dc.l	$00000002			* atnh(2^-29)
01:00084E06 00000001        	  8413: 	dc.l	$00000001			* atnh(2^-30)
01:00084E0A 00000000        	  8414: 	dc.l	$00000000			* atnh(2^-31)
01:00084E0E 00000000        	  8415: 	dc.l	$00000000			* atnh(2^-32)
                            	  8416: KFCTSEED	equ	$26A3D110		* $26A3D110
                            	  8417: 
                            	  8418: 
                            	  8419: *************************************************************************************
                            	  8420: *
                            	  8421: * command vector table
                            	  8422: 
                            	  8423: LAB_CTBL
01:00084E12 D7C8            	  8424: 	dc.w	LAB_END-LAB_CTBL			* END
01:00084E14 D6FC            	  8425: 	dc.w	LAB_FOR-LAB_CTBL			* FOR
01:00084E16 DD68            	  8426: 	dc.w	LAB_NEXT-LAB_CTBL			* NEXT
01:00084E18 D91C            	  8427: 	dc.w	LAB_DATA-LAB_CTBL			* DATA
01:00084E1A DC5C            	  8428: 	dc.w	LAB_INPUT-LAB_CTBL		* INPUT
01:00084E1C E136            	  8429: 	dc.w	LAB_DIM-LAB_CTBL			* DIM
01:00084E1E DC82            	  8430: 	dc.w	LAB_READ-LAB_CTBL			* READ
01:00084E20 DA8E            	  8431: 	dc.w	LAB_LET-LAB_CTBL			* LET
01:00084E22 DA2C            	  8432: 	dc.w	LAB_DEC-LAB_CTBL			* DEC	
01:00084E24 D884            	  8433: 	dc.w	LAB_GOTO-LAB_CTBL			* GOTO
01:00084E26 D84C            	  8434: 	dc.w	LAB_RUN-LAB_CTBL			* RUN
01:00084E28 D944            	  8435: 	dc.w	LAB_IF-LAB_CTBL			* IF
01:00084E2A D7F6            	  8436: 	dc.w	LAB_RESTORE-LAB_CTBL		* RESTORE
01:00084E2C D872            	  8437: 	dc.w	LAB_GOSUB-LAB_CTBL		* GOSUB
01:00084E2E D908            	  8438: 	dc.w	LAB_RETURN-LAB_CTBL		* RETURN
01:00084E30 D9B2            	  8439: 	dc.w	LAB_REM-LAB_CTBL			* REM
01:00084E32 D7D0            	  8440: 	dc.w	LAB_STOP-LAB_CTBL			* STOP
01:00084E34 D9BA            	  8441: 	dc.w	LAB_ON-LAB_CTBL			* ON
01:00084E36 D824            	  8442: 	dc.w	LAB_NULL-LAB_CTBL			* NULL
01:00084E38 DA32            	  8443: 	dc.w	LAB_INC-LAB_CTBL			* INC	
01:00084E3A EA34            	  8444: 	dc.w	LAB_WAIT-LAB_CTBL			* WAIT
01:00084E3C EA22            	  8445: 	dc.w	LAB_LOAD-LAB_CTBL			* LOAD
01:00084E3E EA26            	  8446: 	dc.w	LAB_SAVE-LAB_CTBL			* SAVE
01:00084E40 E4C6            	  8447: 	dc.w	LAB_DEF-LAB_CTBL			* DEF
01:00084E42 E9A2            	  8448: 	dc.w	LAB_POKE-LAB_CTBL			* POKE
01:00084E44 E9D2            	  8449: 	dc.w	LAB_DOKE-LAB_CTBL			* DOKE
01:00084E46 E9D8            	  8450: 	dc.w	LAB_LOKE-LAB_CTBL			* LOKE
01:00084E48 EA2A            	  8451: 	dc.w	LAB_CALL-LAB_CTBL			* CALL
01:00084E4A D860            	  8452: 	dc.w	LAB_DO-LAB_CTBL			* DO	
01:00084E4C D8B2            	  8453: 	dc.w	LAB_LOOP-LAB_CTBL			* LOOP
01:00084E4E DB22            	  8454: 	dc.w	LAB_PRINT-LAB_CTBL		* PRINT
01:00084E50 D82E            	  8455: 	dc.w	LAB_CONT-LAB_CTBL			* CONT
01:00084E52 D648            	  8456: 	dc.w	LAB_LIST-LAB_CTBL			* LIST
01:00084E54 D644            	  8457: 	dc.w	LAB_CLEAR-LAB_CTBL		* CLEAR
01:00084E56 D5F4            	  8458: 	dc.w	LAB_NEW-LAB_CTBL			* NEW
01:00084E58 F954            	  8459: 	dc.w	LAB_WDTH-LAB_CTBL			* WIDTH
01:00084E5A DAE8            	  8460: 	dc.w	LAB_GET-LAB_CTBL			* GET
01:00084E5C E9EC            	  8461: 	dc.w	LAB_SWAP-LAB_CTBL			* SWAP
01:00084E5E F4A2            	  8462: 	dc.w	LAB_BITSET-LAB_CTBL		* BITSET
01:00084E60 F4B2            	  8463: 	dc.w	LAB_BITCLR-LAB_CTBL		* BITCLR
                            	  8464: 
                            	  8465: 
                            	  8466: *************************************************************************************
                            	  8467: *
                            	  8468: * function pre process routine table
                            	  8469: 
                            	  8470: LAB_FTPP
01:00084E62 DFE4            	  8471: 	dc.w	LAB_PPFN-LAB_FTPP			* SGN(n)	process numeric expression in ()
01:00084E64 DFE4            	  8472: 	dc.w	LAB_PPFN-LAB_FTPP			* INT(n)		"
01:00084E66 DFE4            	  8473: 	dc.w	LAB_PPFN-LAB_FTPP			* ABS(n)		"
01:00084E68 DDE8            	  8474: 	dc.w	LAB_EVEZ-LAB_FTPP			* USR(x)	process any expression
01:00084E6A DF30            	  8475: 	dc.w	LAB_1BF7-LAB_FTPP			* FRE(x)	process any expression in ()
01:00084E6C DF30            	  8476: 	dc.w	LAB_1BF7-LAB_FTPP			* POS(x)		"
01:00084E6E DFE4            	  8477: 	dc.w	LAB_PPFN-LAB_FTPP			* SQR(n)	process numeric expression in ()
01:00084E70 DFE4            	  8478: 	dc.w	LAB_PPFN-LAB_FTPP			* RND(n)		"
01:00084E72 DFE4            	  8479: 	dc.w	LAB_PPFN-LAB_FTPP			* LOG(n)		"
01:00084E74 DFE4            	  8480: 	dc.w	LAB_PPFN-LAB_FTPP			* EXP(n)		"
01:00084E76 DFE4            	  8481: 	dc.w	LAB_PPFN-LAB_FTPP			* COS(n)		"
01:00084E78 DFE4            	  8482: 	dc.w	LAB_PPFN-LAB_FTPP			* SIN(n)		"
01:00084E7A DFE4            	  8483: 	dc.w	LAB_PPFN-LAB_FTPP			* TAN(n)		"
01:00084E7C DFE4            	  8484: 	dc.w	LAB_PPFN-LAB_FTPP			* ATN(n)		"
01:00084E7E DFE4            	  8485: 	dc.w	LAB_PPFN-LAB_FTPP			* PEEK(n)		"
01:00084E80 DFE4            	  8486: 	dc.w	LAB_PPFN-LAB_FTPP			* DEEK(n)		"
01:00084E82 DFE4            	  8487: 	dc.w	LAB_PPFN-LAB_FTPP			* LEEK(n)		"
01:00084E84 DFD6            	  8488: 	dc.w	LAB_PPFS-LAB_FTPP			* LEN($)	process string expression in ()
01:00084E86 DFE4            	  8489: 	dc.w	LAB_PPFN-LAB_FTPP			* STR$(n)	process numeric expression in ()
01:00084E88 DFD6            	  8490: 	dc.w	LAB_PPFS-LAB_FTPP			* VAL($)	process string expression in ()
01:00084E8A DFD6            	  8491: 	dc.w	LAB_PPFS-LAB_FTPP			* ASC($)		"
01:00084E8C DFD6            	  8492: 	dc.w	LAB_PPFS-LAB_FTPP			* UCASE$($)		"
01:00084E8E DFD6            	  8493: 	dc.w	LAB_PPFS-LAB_FTPP			* LCASE$($)		"
01:00084E90 DFE4            	  8494: 	dc.w	LAB_PPFN-LAB_FTPP			* CHR$(n)	process numeric expression in ()
01:00084E92 E01E            	  8495: 	dc.w	LAB_BHSS-LAB_FTPP			* HEX$()	bin/hex pre process
01:00084E94 E01E            	  8496: 	dc.w	LAB_BHSS-LAB_FTPP			* BIN$()		"
01:00084E96 0000            	  8497: 	dc.w	$0000					* BITTST()	none
01:00084E98 0000            	  8498: 	dc.w	$0000					* MAX()		"
01:00084E9A 0000            	  8499: 	dc.w	$0000					* MIN()		"
01:00084E9C DFF2            	  8500: 	dc.w	LAB_PPBI-LAB_FTPP			* RAMBASE	advance pointer
01:00084E9E DFF2            	  8501: 	dc.w	LAB_PPBI-LAB_FTPP			* PI			"
01:00084EA0 DFF2            	  8502: 	dc.w	LAB_PPBI-LAB_FTPP			* TWOPI		"
01:00084EA2 0000            	  8503: 	dc.w	$0000					* VARPTR()	none
01:00084EA4 0000            	  8504: 	dc.w	$0000					* SADD()		"
01:00084EA6 DFFC            	  8505: 	dc.w	LAB_LRMS-LAB_FTPP			* LEFT$()	process string expression
01:00084EA8 DFFC            	  8506: 	dc.w	LAB_LRMS-LAB_FTPP			* RIGHT$()		"
01:00084EAA DFFC            	  8507: 	dc.w	LAB_LRMS-LAB_FTPP			* MID$()		"
01:00084EAC DDE8            	  8508: 	dc.w	LAB_EVEZ-LAB_FTPP			* USING$(x)	process any expression
                            	  8509: 
                            	  8510: 
                            	  8511: *************************************************************************************
                            	  8512: *
                            	  8513: * action addresses for functions
                            	  8514: 
                            	  8515: LAB_FTBL
01:00084EAE ED5E            	  8516: 	dc.w	LAB_SGN-LAB_FTBL			* SGN()
01:00084EB0 EDE0            	  8517: 	dc.w	LAB_INT-LAB_FTBL			* INT()
01:00084EB2 ED70            	  8518: 	dc.w	LAB_ABS-LAB_FTBL			* ABS()
01:00084EB4 E97E            	  8519: 	dc.w	LAB_USR-LAB_FTBL			* USR()
01:00084EB6 E3E2            	  8520: 	dc.w	LAB_FRE-LAB_FTBL			* FRE()
01:00084EB8 E414            	  8521: 	dc.w	LAB_POS-LAB_FTBL			* POS()
01:00084EBA F938            	  8522: 	dc.w	LAB_SQR-LAB_FTBL			* SQR()
01:00084EBC F228            	  8523: 	dc.w	LAB_RND-LAB_FTBL			* RND()
01:00084EBE EA80            	  8524: 	dc.w	LAB_LOG-LAB_FTBL			* LOG()
01:00084EC0 F10E            	  8525: 	dc.w	LAB_EXP-LAB_FTBL			* EXP()
01:00084EC2 F27C            	  8526: 	dc.w	LAB_COS-LAB_FTBL			* COS()
01:00084EC4 F294            	  8527: 	dc.w	LAB_SIN-LAB_FTBL			* SIN()
01:00084EC6 F25A            	  8528: 	dc.w	LAB_TAN-LAB_FTBL			* TAN()
01:00084EC8 F354            	  8529: 	dc.w	LAB_ATN-LAB_FTBL			* ATN()
01:00084ECA E8FA            	  8530: 	dc.w	LAB_PEEK-LAB_FTBL			* PEEK()
01:00084ECC E90C            	  8531: 	dc.w	LAB_DEEK-LAB_FTBL			* DEEK()
01:00084ECE E922            	  8532: 	dc.w	LAB_LEEK-LAB_FTBL			* LEEK()
01:00084ED0 E83E            	  8533: 	dc.w	LAB_LENS-LAB_FTBL			* LEN()
01:00084ED2 E50A            	  8534: 	dc.w	LAB_STRS-LAB_FTBL			* STR$()
01:00084ED4 E882            	  8535: 	dc.w	LAB_VAL-LAB_FTBL			* VAL()
01:00084ED6 E846            	  8536: 	dc.w	LAB_ASC-LAB_FTBL			* ASC()
01:00084ED8 E7F4            	  8537: 	dc.w	LAB_UCASE-LAB_FTBL		* UCASE$()
01:00084EDA E7C4            	  8538: 	dc.w	LAB_LCASE-LAB_FTBL		* LCASE$()
01:00084EDC E72C            	  8539: 	dc.w	LAB_CHRS-LAB_FTBL			* CHR$()
01:00084EDE F7DC            	  8540: 	dc.w	LAB_HEXS-LAB_FTBL			* HEX$()
01:00084EE0 F78A            	  8541: 	dc.w	LAB_BINS-LAB_FTBL			* BIN$()
01:00084EE2 F426            	  8542: 	dc.w	LAB_BTST-LAB_FTBL			* BITTST()
01:00084EE4 F848            	  8543: 	dc.w	LAB_MAX-LAB_FTBL			* MAX()
01:00084EE6 F85E            	  8544: 	dc.w	LAB_MIN-LAB_FTBL			* MIN()
01:00084EE8 F9AA            	  8545: 	dc.w	LAB_RAM-LAB_FTBL			* RAMBASE
01:00084EEA F9B4            	  8546: 	dc.w	LAB_PI-LAB_FTBL			* PI
01:00084EEC F9C4            	  8547: 	dc.w	LAB_TWOPI-LAB_FTBL		* TWOPI
01:00084EEE F99A            	  8548: 	dc.w	LAB_VARPTR-LAB_FTBL		* VARPTR()
01:00084EF0 E826            	  8549: 	dc.w	LAB_SADD-LAB_FTBL			* SADD()
01:00084EF2 E73C            	  8550: 	dc.w	LAB_LEFT-LAB_FTBL			* LEFT$()
01:00084EF4 E750            	  8551: 	dc.w	LAB_RIGHT-LAB_FTBL		* RIGHT$()
01:00084EF6 E780            	  8552: 	dc.w	LAB_MIDS-LAB_FTBL			* MID$()
01:00084EF8 F454            	  8553: 	dc.w	LAB_USINGS-LAB_FTBL		* USING$()
                            	  8554: 
                            	  8555: 
                            	  8556: *************************************************************************************
                            	  8557: *
                            	  8558: * hierarchy and action addresses for operator
                            	  8559: 
                            	  8560: LAB_OPPT
01:00084EFA 0079            	  8561: 	dc.w	$0079					* +
01:00084EFC E984            	  8562: 	dc.w	LAB_ADD-LAB_OPPT
01:00084EFE 0079            	  8563: 	dc.w	$0079					* -
01:00084F00 E970            	  8564: 	dc.w	LAB_SUBTRACT-LAB_OPPT
01:00084F02 007B            	  8565: 	dc.w	$007B					* *
01:00084F04 EB26            	  8566: 	dc.w	LAB_MULTIPLY-LAB_OPPT
01:00084F06 007B            	  8567: 	dc.w	$007B					* /
01:00084F08 EBB2            	  8568: 	dc.w	LAB_DIVIDE-LAB_OPPT
01:00084F0A 007F            	  8569: 	dc.w	$007F					* ^
01:00084F0C F00C            	  8570: 	dc.w	LAB_POWER-LAB_OPPT
01:00084F0E 0050            	  8571: 	dc.w	$0050					* AND
01:00084F10 DFC6            	  8572: 	dc.w	LAB_AND-LAB_OPPT
01:00084F12 0046            	  8573: 	dc.w	$0046					* EOR
01:00084F14 DFB6            	  8574: 	dc.w	LAB_EOR-LAB_OPPT
01:00084F16 0046            	  8575: 	dc.w	$0046					* OR
01:00084F18 DFBE            	  8576: 	dc.w	LAB_OR-LAB_OPPT
01:00084F1A 0056            	  8577: 	dc.w	$0056					* >>
01:00084F1C E06A            	  8578: 	dc.w	LAB_RSHIFT-LAB_OPPT
01:00084F1E 0056            	  8579: 	dc.w	$0056					* <<
01:00084F20 E05A            	  8580: 	dc.w	LAB_LSHIFT-LAB_OPPT
01:00084F22 007D            	  8581: 	dc.w	$007D					* >
01:00084F24 F070            	  8582: 	dc.w	LAB_GTHAN-LAB_OPPT		* used to evaluate -n
01:00084F26 005A            	  8583: 	dc.w	$005A					* =
01:00084F28 DFDC            	  8584: 	dc.w	LAB_EQUAL-LAB_OPPT		* used to evaluate NOT
01:00084F2A 0064            	  8585: 	dc.w	$0064					* <
01:00084F2C DFE6            	  8586: 	dc.w	LAB_LTHAN-LAB_OPPT
                            	  8587: 
                            	  8588: 
                            	  8589: *************************************************************************************
                            	  8590: *
                            	  8591: * misc constants
                            	  8592: 
                            	  8593: * This table is used in converting numbers to ASCII.
                            	  8594: * first four entries for expansion to 9.25 digits
                            	  8595: 
                            	  8596: LAB_2A9A
01:00084F2E FFF0BDC0        	  8597: 	dc.l	$FFF0BDC0				* -1000000
01:00084F32 000186A0        	  8598: 	dc.l	$000186A0				* 100000
01:00084F36 FFFFD8F0        	  8599: 	dc.l	$FFFFD8F0				* -10000
01:00084F3A 000003E8        	  8600: 	dc.l	$000003E8				* 1000
01:00084F3E FFFFFF9C        	  8601: 	dc.l	$FFFFFF9C				* -100
01:00084F42 0000000A        	  8602: 	dc.l	$0000000A				* 10
01:00084F46 FFFFFFFF        	  8603: 	dc.l	$FFFFFFFF				* -1
                            	  8604: LAB_2A9B
                            	  8605: 
                            	  8606: 
                            	  8607: *************************************************************************************
                            	  8608: *
                            	  8609: * new keyword tables
                            	  8610: 
                            	  8611: * offsets to keyword tables
                            	  8612: 
                            	  8613: TAB_CHRT
01:00084F4A 0000            	  8614: 	dc.w	TAB_STAR-TAB_STAR			* "*"	$2A
01:00084F4C 0002            	  8615: 	dc.w	TAB_PLUS-TAB_STAR			* "+"	$2B
01:00084F4E FFFF            	  8616: 	dc.w	-1					* "," $2C no keywords
01:00084F50 0004            	  8617: 	dc.w	TAB_MNUS-TAB_STAR			* "-"	$2D
01:00084F52 FFFF            	  8618: 	dc.w	-1					* "." $2E no keywords
01:00084F54 0006            	  8619: 	dc.w	TAB_SLAS-TAB_STAR			* "/"	$2F
01:00084F56 FFFF            	  8620: 	dc.w	-1					* "0" $30 no keywords
01:00084F58 FFFF            	  8621: 	dc.w	-1					* "1" $31 no keywords
01:00084F5A FFFF            	  8622: 	dc.w	-1					* "2" $32 no keywords
01:00084F5C FFFF            	  8623: 	dc.w	-1					* "3" $33 no keywords
01:00084F5E FFFF            	  8624: 	dc.w	-1					* "4" $34 no keywords
01:00084F60 FFFF            	  8625: 	dc.w	-1					* "5" $35 no keywords
01:00084F62 FFFF            	  8626: 	dc.w	-1					* "6" $36 no keywords
01:00084F64 FFFF            	  8627: 	dc.w	-1					* "7" $37 no keywords
01:00084F66 FFFF            	  8628: 	dc.w	-1					* "8" $38 no keywords
01:00084F68 FFFF            	  8629: 	dc.w	-1					* "9" $39 no keywords
01:00084F6A FFFF            	  8630: 	dc.w	-1					* ";" $3A no keywords
01:00084F6C FFFF            	  8631: 	dc.w	-1					* ":" $3B no keywords
01:00084F6E 0008            	  8632: 	dc.w	TAB_LESS-TAB_STAR			* "<"	$3C
01:00084F70 000C            	  8633: 	dc.w	TAB_EQUL-TAB_STAR			* "="	$3D
01:00084F72 000E            	  8634: 	dc.w	TAB_MORE-TAB_STAR			* ">"	$3E
01:00084F74 0012            	  8635: 	dc.w	TAB_QEST-TAB_STAR			* "?"	$3F
01:00084F76 FFFF            	  8636: 	dc.w	-1					* "@" $40 no keywords
01:00084F78 0014            	  8637: 	dc.w	TAB_ASCA-TAB_STAR			* "A"	$41
01:00084F7A 0024            	  8638: 	dc.w	TAB_ASCB-TAB_STAR			* "B"	$42
01:00084F7C 003D            	  8639: 	dc.w	TAB_ASCC-TAB_STAR			* "C"	$43
01:00084F7E 0054            	  8640: 	dc.w	TAB_ASCD-TAB_STAR			* "D"	$44
01:00084F80 006D            	  8641: 	dc.w	TAB_ASCE-TAB_STAR			* "E"	$45
01:00084F82 007C            	  8642: 	dc.w	TAB_ASCF-TAB_STAR			* "F"	$46
01:00084F84 0086            	  8643: 	dc.w	TAB_ASCG-TAB_STAR			* "G"	$47
01:00084F86 0093            	  8644: 	dc.w	TAB_ASCH-TAB_STAR			* "H"	$48
01:00084F88 0099            	  8645: 	dc.w	TAB_ASCI-TAB_STAR			* "I"	$49
01:00084F8A FFFF            	  8646: 	dc.w	-1					* "J" $4A no keywords
01:00084F8C FFFF            	  8647: 	dc.w	-1					* "K" $4B no keywords
01:00084F8E 00A8            	  8648: 	dc.w	TAB_ASCL-TAB_STAR			* "L"	$4C
01:00084F90 00D6            	  8649: 	dc.w	TAB_ASCM-TAB_STAR			* "M"	$4D
01:00084F92 00E4            	  8650: 	dc.w	TAB_ASCN-TAB_STAR			* "N"	$4E
01:00084F94 00F3            	  8651: 	dc.w	TAB_ASCO-TAB_STAR			* "O"	$4F
01:00084F96 00F8            	  8652: 	dc.w	TAB_ASCP-TAB_STAR			* "P"	$50
01:00084F98 FFFF            	  8653: 	dc.w	-1					* "Q" $51 no keywords
01:00084F9A 010D            	  8654: 	dc.w	TAB_ASCR-TAB_STAR			* "R"	$52
01:00084F9C 0137            	  8655: 	dc.w	TAB_ASCS-TAB_STAR			* "S"	$53
01:00084F9E 0162            	  8656: 	dc.w	TAB_ASCT-TAB_STAR			* "T"	$54
01:00084FA0 0176            	  8657: 	dc.w	TAB_ASCU-TAB_STAR			* "U"	$55
01:00084FA2 018E            	  8658: 	dc.w	TAB_ASCV-TAB_STAR			* "V"	$56
01:00084FA4 019A            	  8659: 	dc.w	TAB_ASCW-TAB_STAR			* "W"	$57
01:00084FA6 FFFF            	  8660: 	dc.w	-1					* "X" $58 no keywords
01:00084FA8 FFFF            	  8661: 	dc.w	-1					* "Y" $59 no keywords
01:00084FAA FFFF            	  8662: 	dc.w	-1					* "Z" $5A no keywords
01:00084FAC FFFF            	  8663: 	dc.w	-1					* "[" $5B no keywords
01:00084FAE FFFF            	  8664: 	dc.w	-1					* "\" $5C no keywords
01:00084FB0 FFFF            	  8665: 	dc.w	-1					* "]" $5D no keywords
01:00084FB2 01A9            	  8666: 	dc.w	TAB_POWR-TAB_STAR			* "^"	$5E
                            	  8667: 
                            	  8668: 
                            	  8669: *************************************************************************************
                            	  8670: *
                            	  8671: * Table of Basic keywords for LIST command
                            	  8672: * [byte]first character,[byte]remaining length -1
                            	  8673: * [word]offset from table start
                            	  8674: 
                            	  8675: LAB_KEYT
01:00084FB4 45              	  8676: 	dc.b	'E',1
01:00084FB5 01
01:00084FB6 0071            	  8677: 	dc.w	KEY_END-TAB_STAR			* END
01:00084FB8 46              	  8678: 	dc.b	'F',1
01:00084FB9 01
01:00084FBA 007C            	  8679: 	dc.w	KEY_FOR-TAB_STAR			* FOR
01:00084FBC 4E              	  8680: 	dc.b	'N',2
01:00084FBD 02
01:00084FBE 00E7            	  8681: 	dc.w	KEY_NEXT-TAB_STAR			* NEXT
01:00084FC0 44              	  8682: 	dc.b	'D',2
01:00084FC1 02
01:00084FC2 0054            	  8683: 	dc.w	KEY_DATA-TAB_STAR			* DATA
01:00084FC4 49              	  8684: 	dc.b	'I',3
01:00084FC5 03
01:00084FC6 009E            	  8685: 	dc.w	KEY_INPUT-TAB_STAR		* INPUT
01:00084FC8 44              	  8686: 	dc.b	'D',1
01:00084FC9 01
01:00084FCA 0063            	  8687: 	dc.w	KEY_DIM-TAB_STAR			* DIM
01:00084FCC 52              	  8688: 	dc.b	'R',2
01:00084FCD 02
01:00084FCE 0114            	  8689: 	dc.w	KEY_READ-TAB_STAR			* READ
01:00084FD0 4C              	  8690: 	dc.b	'L',1
01:00084FD1 01
01:00084FD2 00BE            	  8691: 	dc.w	KEY_LET-TAB_STAR			* LET
01:00084FD4 44              	  8692: 	dc.b	'D',1
01:00084FD5 01
01:00084FD6 0058            	  8693: 	dc.w	KEY_DEC-TAB_STAR			* DEC
01:00084FD8 47              	  8694: 	dc.b	'G',2
01:00084FD9 02
01:00084FDA 0089            	  8695: 	dc.w	KEY_GOTO-TAB_STAR			* GOTO
01:00084FDC 52              	  8696: 	dc.b	'R',1
01:00084FDD 01
01:00084FDE 0133            	  8697: 	dc.w	KEY_RUN-TAB_STAR			* RUN
01:00084FE0 49              	  8698: 	dc.b	'I',0
01:00084FE1 00
01:00084FE2 0099            	  8699: 	dc.w	KEY_IF-TAB_STAR			* IF
01:00084FE4 52              	  8700: 	dc.b	'R',5
01:00084FE5 05
01:00084FE6 011B            	  8701: 	dc.w	KEY_RESTORE-TAB_STAR		* RESTORE
01:00084FE8 47              	  8702: 	dc.b	'G',3
01:00084FE9 03
01:00084FEA 008D            	  8703: 	dc.w	KEY_GOSUB-TAB_STAR		* GOSUB
01:00084FEC 52              	  8704: 	dc.b	'R',4
01:00084FED 04
01:00084FEE 0122            	  8705: 	dc.w	KEY_RETURN-TAB_STAR		* RETURN
01:00084FF0 52              	  8706: 	dc.b	'R',1
01:00084FF1 01
01:00084FF2 0118            	  8707: 	dc.w	KEY_REM-TAB_STAR			* REM
01:00084FF4 53              	  8708: 	dc.b	'S',2
01:00084FF5 02
01:00084FF6 0154            	  8709: 	dc.w	KEY_STOP-TAB_STAR			* STOP
01:00084FF8 4F              	  8710: 	dc.b	'O',0
01:00084FF9 00
01:00084FFA 00F3            	  8711: 	dc.w	KEY_ON-TAB_STAR			* ON
01:00084FFC 4E              	  8712: 	dc.b	'N',2
01:00084FFD 02
01:00084FFE 00EE            	  8713: 	dc.w	KEY_NULL-TAB_STAR			* NULL
01:00085000 49              	  8714: 	dc.b	'I',1
01:00085001 01
01:00085002 009B            	  8715: 	dc.w	KEY_INC-TAB_STAR			* INC
01:00085004 57              	  8716: 	dc.b	'W',2
01:00085005 02
01:00085006 019A            	  8717: 	dc.w	KEY_WAIT-TAB_STAR			* WAIT
01:00085008 4C              	  8718: 	dc.b	'L',2
01:00085009 02
01:0008500A 00C5            	  8719: 	dc.w	KEY_LOAD-TAB_STAR			* LOAD
01:0008500C 53              	  8720: 	dc.b	'S',2
01:0008500D 02
01:0008500E 013C            	  8721: 	dc.w	KEY_SAVE-TAB_STAR			* SAVE
01:00085010 44              	  8722: 	dc.b	'D',1
01:00085011 01
01:00085012 0060            	  8723: 	dc.w	KEY_DEF-TAB_STAR			* DEF
01:00085014 50              	  8724: 	dc.b	'P',2
01:00085015 02
01:00085016 00FF            	  8725: 	dc.w	KEY_POKE-TAB_STAR			* POKE
01:00085018 44              	  8726: 	dc.b	'D',2
01:00085019 02
01:0008501A 0066            	  8727: 	dc.w	KEY_DOKE-TAB_STAR			* DOKE
01:0008501C 4C              	  8728: 	dc.b	'L',2
01:0008501D 02
01:0008501E 00CD            	  8729: 	dc.w	KEY_LOKE-TAB_STAR			* LOKE
01:00085020 43              	  8730: 	dc.b	'C',2
01:00085021 02
01:00085022 003D            	  8731: 	dc.w	KEY_CALL-TAB_STAR			* CALL
01:00085024 44              	  8732: 	dc.b	'D',0
01:00085025 00
01:00085026 006A            	  8733: 	dc.w	KEY_DO-TAB_STAR			* DO
01:00085028 4C              	  8734: 	dc.b	'L',2
01:00085029 02
01:0008502A 00D1            	  8735: 	dc.w	KEY_LOOP-TAB_STAR			* LOOP
01:0008502C 50              	  8736: 	dc.b	'P',3
01:0008502D 03
01:0008502E 0107            	  8737: 	dc.w	KEY_PRINT-TAB_STAR		* PRINT
01:00085030 43              	  8738: 	dc.b	'C',2
01:00085031 02
01:00085032 004B            	  8739: 	dc.w	KEY_CONT-TAB_STAR			* CONT
01:00085034 4C              	  8740: 	dc.b	'L',2
01:00085035 02
01:00085036 00C1            	  8741: 	dc.w	KEY_LIST-TAB_STAR			* LIST
01:00085038 43              	  8742: 	dc.b	'C',3
01:00085039 03
01:0008503A 0046            	  8743: 	dc.w	KEY_CLEAR-TAB_STAR		* CLEAR
01:0008503C 4E              	  8744: 	dc.b	'N',1
01:0008503D 01
01:0008503E 00E4            	  8745: 	dc.w	KEY_NEW-TAB_STAR			* NEW
01:00085040 57              	  8746: 	dc.b	'W',3
01:00085041 03
01:00085042 01A3            	  8747: 	dc.w	KEY_WIDTH-TAB_STAR		* WIDTH
01:00085044 47              	  8748: 	dc.b	'G',1
01:00085045 01
01:00085046 0086            	  8749: 	dc.w	KEY_GET-TAB_STAR			* GET
01:00085048 53              	  8750: 	dc.b	'S',2
01:00085049 02
01:0008504A 015D            	  8751: 	dc.w	KEY_SWAP-TAB_STAR			* SWAP
01:0008504C 42              	  8752: 	dc.b	'B',4
01:0008504D 04
01:0008504E 002F            	  8753: 	dc.w	KEY_BITSET-TAB_STAR		* BITSET
01:00085050 42              	  8754: 	dc.b	'B',4
01:00085051 04
01:00085052 0029            	  8755: 	dc.w	KEY_BITCLR-TAB_STAR		* BITCLR
01:00085054 54              	  8756: 	dc.b	'T',2
01:00085055 02
01:00085056 0162            	  8757: 	dc.w	KEY_TAB-TAB_STAR			* TAB(
01:00085058 45              	  8758: 	dc.b	'E',2
01:00085059 02
01:0008505A 006D            	  8759: 	dc.w	KEY_ELSE-TAB_STAR			* ELSE
01:0008505C 54              	  8760: 	dc.b	'T',0
01:0008505D 00
01:0008505E 016E            	  8761: 	dc.w	KEY_TO-TAB_STAR			* TO
01:00085060 46              	  8762: 	dc.b	'F',0
01:00085061 00
01:00085062 007F            	  8763: 	dc.w	KEY_FN-TAB_STAR			* FN
01:00085064 53              	  8764: 	dc.b	'S',2
01:00085065 02
01:00085066 0148            	  8765: 	dc.w	KEY_SPC-TAB_STAR			* SPC(
01:00085068 54              	  8766: 	dc.b	'T',2
01:00085069 02
01:0008506A 016A            	  8767: 	dc.w	KEY_THEN-TAB_STAR			* THEN
01:0008506C 4E              	  8768: 	dc.b	'N',1
01:0008506D 01
01:0008506E 00EB            	  8769: 	dc.w	KEY_NOT-TAB_STAR			* NOT
01:00085070 53              	  8770: 	dc.b	'S',2
01:00085071 02
01:00085072 0150            	  8771: 	dc.w	KEY_STEP-TAB_STAR			* STEP
01:00085074 55              	  8772: 	dc.b	'U',3
01:00085075 03
01:00085076 017D            	  8773: 	dc.w	KEY_UNTIL-TAB_STAR		* UNTIL
01:00085078 57              	  8774: 	dc.b	'W',3
01:00085079 03
01:0008507A 019E            	  8775: 	dc.w	KEY_WHILE-TAB_STAR		* WHILE
                            	  8776: 
01:0008507C 2B              	  8777: 	dc.b	'+',-1
01:0008507D FF
01:0008507E 0002            	  8778: 	dc.w	KEY_PLUS-TAB_STAR			* +
01:00085080 2D              	  8779: 	dc.b	'-',-1
01:00085081 FF
01:00085082 0004            	  8780: 	dc.w	KEY_MINUS-TAB_STAR		* -
01:00085084 2A              	  8781: 	dc.b	'*',-1
01:00085085 FF
01:00085086 0000            	  8782: 	dc.w	KEY_MULT-TAB_STAR			* *
01:00085088 2F              	  8783: 	dc.b	'/',-1
01:00085089 FF
01:0008508A 0006            	  8784: 	dc.w	KEY_DIV-TAB_STAR			* /
01:0008508C 5E              	  8785: 	dc.b	'^',-1
01:0008508D FF
01:0008508E 01A9            	  8786: 	dc.w	KEY_POWER-TAB_STAR		* ^
01:00085090 41              	  8787: 	dc.b	'A',1
01:00085091 01
01:00085092 0018            	  8788: 	dc.w	KEY_AND-TAB_STAR			* AND
01:00085094 45              	  8789: 	dc.b	'E',1
01:00085095 01
01:00085096 0074            	  8790: 	dc.w	KEY_EOR-TAB_STAR			* EOR
01:00085098 4F              	  8791: 	dc.b	'O',0
01:00085099 00
01:0008509A 00F5            	  8792: 	dc.w	KEY_OR-TAB_STAR			* OR
01:0008509C 3E              	  8793: 	dc.b	'>',0
01:0008509D 00
01:0008509E 000E            	  8794: 	dc.w	KEY_RSHIFT-TAB_STAR		* >>
01:000850A0 3C              	  8795: 	dc.b	'<',0
01:000850A1 00
01:000850A2 0008            	  8796: 	dc.w	KEY_LSHIFT-TAB_STAR		* <<
01:000850A4 3E              	  8797: 	dc.b	'>',-1
01:000850A5 FF
01:000850A6 0010            	  8798: 	dc.w	KEY_GT-TAB_STAR			* >
01:000850A8 3D              	  8799: 	dc.b	'=',-1
01:000850A9 FF
01:000850AA 000C            	  8800: 	dc.w	KEY_EQUAL-TAB_STAR		* =
01:000850AC 3C              	  8801: 	dc.b	'<',-1
01:000850AD FF
01:000850AE 000A            	  8802: 	dc.w	KEY_LT-TAB_STAR			* <
                            	  8803: 
01:000850B0 53              	  8804: 	dc.b	'S',2
01:000850B1 02
01:000850B2 0140            	  8805: 	dc.w	KEY_SGN-TAB_STAR			* SGN(
01:000850B4 49              	  8806: 	dc.b	'I',2
01:000850B5 02
01:000850B6 00A3            	  8807: 	dc.w	KEY_INT-TAB_STAR			* INT(
01:000850B8 41              	  8808: 	dc.b	'A',2
01:000850B9 02
01:000850BA 0014            	  8809: 	dc.w	KEY_ABS-TAB_STAR			* ABS(
01:000850BC 55              	  8810: 	dc.b	'U',2
01:000850BD 02
01:000850BE 0189            	  8811: 	dc.w	KEY_USR-TAB_STAR			* USR(
01:000850C0 46              	  8812: 	dc.b	'F',2
01:000850C1 02
01:000850C2 0081            	  8813: 	dc.w	KEY_FRE-TAB_STAR			* FRE(
01:000850C4 50              	  8814: 	dc.b	'P',2
01:000850C5 02
01:000850C6 0103            	  8815: 	dc.w	KEY_POS-TAB_STAR			* POS(
01:000850C8 53              	  8816: 	dc.b	'S',2
01:000850C9 02
01:000850CA 014C            	  8817: 	dc.w	KEY_SQR-TAB_STAR			* SQR(
01:000850CC 52              	  8818: 	dc.b	'R',2
01:000850CD 02
01:000850CE 012F            	  8819: 	dc.w	KEY_RND-TAB_STAR			* RND(
01:000850D0 4C              	  8820: 	dc.b	'L',2
01:000850D1 02
01:000850D2 00C9            	  8821: 	dc.w	KEY_LOG-TAB_STAR			* LOG(
01:000850D4 45              	  8822: 	dc.b	'E',2
01:000850D5 02
01:000850D6 0077            	  8823: 	dc.w	KEY_EXP-TAB_STAR			* EXP(
01:000850D8 43              	  8824: 	dc.b	'C',2
01:000850D9 02
01:000850DA 004F            	  8825: 	dc.w	KEY_COS-TAB_STAR			* COS(
01:000850DC 53              	  8826: 	dc.b	'S',2
01:000850DD 02
01:000850DE 0144            	  8827: 	dc.w	KEY_SIN-TAB_STAR			* SIN(
01:000850E0 54              	  8828: 	dc.b	'T',2
01:000850E1 02
01:000850E2 0166            	  8829: 	dc.w	KEY_TAN-TAB_STAR			* TAN(
01:000850E4 41              	  8830: 	dc.b	'A',2
01:000850E5 02
01:000850E6 001F            	  8831: 	dc.w	KEY_ATN-TAB_STAR			* ATN(
01:000850E8 50              	  8832: 	dc.b	'P',3
01:000850E9 03
01:000850EA 00F8            	  8833: 	dc.w	KEY_PEEK-TAB_STAR			* PEEK(
01:000850EC 44              	  8834: 	dc.b	'D',3
01:000850ED 03
01:000850EE 005B            	  8835: 	dc.w	KEY_DEEK-TAB_STAR			* DEEK(
01:000850F0 4C              	  8836: 	dc.b	'L',3
01:000850F1 03
01:000850F2 00AF            	  8837: 	dc.w	KEY_LEEK-TAB_STAR			* LEEK(
01:000850F4 4C              	  8838: 	dc.b	'L',2
01:000850F5 02
01:000850F6 00BA            	  8839: 	dc.w	KEY_LEN-TAB_STAR			* LEN(
01:000850F8 53              	  8840: 	dc.b	'S',3
01:000850F9 03
01:000850FA 0158            	  8841: 	dc.w	KEY_STRS-TAB_STAR			* STR$(
01:000850FC 56              	  8842: 	dc.b	'V',2
01:000850FD 02
01:000850FE 018E            	  8843: 	dc.w	KEY_VAL-TAB_STAR			* VAL(
01:00085100 41              	  8844: 	dc.b	'A',2
01:00085101 02
01:00085102 001B            	  8845: 	dc.w	KEY_ASC-TAB_STAR			* ASC(
01:00085104 55              	  8846: 	dc.b	'U',5
01:00085105 05
01:00085106 0176            	  8847: 	dc.w	KEY_UCASES-TAB_STAR		* UCASE$(
01:00085108 4C              	  8848: 	dc.b	'L',5
01:00085109 05
01:0008510A 00A8            	  8849: 	dc.w	KEY_LCASES-TAB_STAR		* LCASE$(
01:0008510C 43              	  8850: 	dc.b	'C',3
01:0008510D 03
01:0008510E 0041            	  8851: 	dc.w	KEY_CHRS-TAB_STAR			* CHR$(
01:00085110 48              	  8852: 	dc.b	'H',3
01:00085111 03
01:00085112 0093            	  8853: 	dc.w	KEY_HEXS-TAB_STAR			* HEX$(
01:00085114 42              	  8854: 	dc.b	'B',3
01:00085115 03
01:00085116 0024            	  8855: 	dc.w	KEY_BINS-TAB_STAR			* BIN$(
01:00085118 42              	  8856: 	dc.b	'B',5
01:00085119 05
01:0008511A 0035            	  8857: 	dc.w	KEY_BITTST-TAB_STAR		* BITTST(
01:0008511C 4D              	  8858: 	dc.b	'M',2
01:0008511D 02
01:0008511E 00D6            	  8859: 	dc.w	KEY_MAX-TAB_STAR			* MAX(
01:00085120 4D              	  8860: 	dc.b	'M',2
01:00085121 02
01:00085122 00DF            	  8861: 	dc.w	KEY_MIN-TAB_STAR			* MIN(
01:00085124 52              	  8862: 	dc.b	'R',5
01:00085125 05
01:00085126 010D            	  8863: 	dc.w	KEY_RAM-TAB_STAR			* RAMBASE
01:00085128 50              	  8864: 	dc.b	'P',0
01:00085129 00
01:0008512A 00FD            	  8865: 	dc.w	KEY_PI-TAB_STAR			* PI
01:0008512C 54              	  8866: 	dc.b	'T',3
01:0008512D 03
01:0008512E 0170            	  8867: 	dc.w	KEY_TWOPI-TAB_STAR		* TWOPI
01:00085130 56              	  8868: 	dc.b	'V',5
01:00085131 05
01:00085132 0192            	  8869: 	dc.w	KEY_VPTR-TAB_STAR			* VARPTR(
01:00085134 53              	  8870: 	dc.b	'S',3
01:00085135 03
01:00085136 0137            	  8871: 	dc.w	KEY_SADD-TAB_STAR			* SADD(
01:00085138 4C              	  8872: 	dc.b	'L',4
01:00085139 04
01:0008513A 00B4            	  8873: 	dc.w	KEY_LEFTS-TAB_STAR		* LEFT$(
01:0008513C 52              	  8874: 	dc.b	'R',5
01:0008513D 05
01:0008513E 0128            	  8875: 	dc.w	KEY_RIGHTS-TAB_STAR		* RIGHT$(
01:00085140 4D              	  8876: 	dc.b	'M',3
01:00085141 03
01:00085142 00DA            	  8877: 	dc.w	KEY_MIDS-TAB_STAR			* MID$(
01:00085144 55              	  8878: 	dc.b	'U',5
01:00085145 05
01:00085146 0182            	  8879: 	dc.w	KEY_USINGS-TAB_STAR		* USING$(
                            	  8880: 
                            	  8881: 
                            	  8882: *************************************************************************************
                            	  8883: *
                            	  8884: * BASIC error messages
                            	  8885: 
                            	  8886: LAB_BAER
01:00085148 0030            	  8887: 	dc.w	LAB_NF-LAB_BAER			* $00 NEXT without FOR
01:0008514A 0041            	  8888: 	dc.w	LAB_SN-LAB_BAER			* $02 syntax
01:0008514C 0048            	  8889: 	dc.w	LAB_RG-LAB_BAER			* $04 RETURN without GOSUB
01:0008514E 005D            	  8890: 	dc.w	LAB_OD-LAB_BAER			* $06 out of data
01:00085150 0069            	  8891: 	dc.w	LAB_FC-LAB_BAER			* $08 function call
01:00085152 0077            	  8892: 	dc.w	LAB_OV-LAB_BAER			* $0A overflow
01:00085154 0080            	  8893: 	dc.w	LAB_OM-LAB_BAER			* $0C out of memory
01:00085156 008E            	  8894: 	dc.w	LAB_US-LAB_BAER			* $0E undefined statement
01:00085158 00A2            	  8895: 	dc.w	LAB_BS-LAB_BAER			* $10 array bounds
01:0008515A 00AF            	  8896: 	dc.w	LAB_DD-LAB_BAER			* $12 double dimension array
01:0008515C 00C0            	  8897: 	dc.w	LAB_D0-LAB_BAER			* $14 divide by 0
01:0008515E 00CF            	  8898: 	dc.w	LAB_ID-LAB_BAER			* $16 illegal direct
01:00085160 00DE            	  8899: 	dc.w	LAB_TM-LAB_BAER			* $18 type mismatch
01:00085162 00EC            	  8900: 	dc.w	LAB_LS-LAB_BAER			* $1A long string
01:00085164 00FC            	  8901: 	dc.w	LAB_ST-LAB_BAER			* $1C string too complex
01:00085166 010F            	  8902: 	dc.w	LAB_CN-LAB_BAER			* $1E continue error
01:00085168 011E            	  8903: 	dc.w	LAB_UF-LAB_BAER			* $20 undefined function
01:0008516A 0131            	  8904: 	dc.w	LAB_LD-LAB_BAER			* $22 LOOP without DO
01:0008516C 0141            	  8905: 	dc.w	LAB_UV-LAB_BAER			* $24 undefined variable
01:0008516E 0154            	  8906: 	dc.w	LAB_UA-LAB_BAER			* $26 undimensioned array
01:00085170 0168            	  8907: 	dc.w	LAB_WD-LAB_BAER			* $28 wrong dimensions
01:00085172 0179            	  8908: 	dc.w	LAB_AD-LAB_BAER			* $2A address
01:00085174 0181            	  8909: 	dc.w	LAB_FO-LAB_BAER			* $2C format
01:00085176 0188            	  8910: 	dc.w	LAB_NI-LAB_BAER			* $2E not implemented
                            	  8911: 
01:00085178 4E45585420776974	  8912: LAB_NF	dc.b	'NEXT without FOR',$00
01:00085180 686F757420464F52
01:00085188 00
01:00085189 53796E746178    	  8913: LAB_SN	dc.b	'Syntax',$00
01:0008518F 00
01:00085190 52455455524E2077	  8914: LAB_RG	dc.b	'RETURN without GOSUB',$00
01:00085198 6974686F75742047
01:000851A0 4F535542
01:000851A4 00
01:000851A5 4F7574206F662044	  8915: LAB_OD	dc.b	'Out of DATA',$00
01:000851AD 415441
01:000851B0 00
01:000851B1 46756E6374696F6E	  8916: LAB_FC	dc.b	'Function call',$00
01:000851B9 2063616C6C
01:000851BE 00
01:000851BF 4F766572666C6F77	  8917: LAB_OV	dc.b	'Overflow',$00
01:000851C7 00
01:000851C8 4F7574206F66206D	  8918: LAB_OM	dc.b	'Out of memory',$00
01:000851D0 656D6F7279
01:000851D5 00
01:000851D6 556E646566696E65	  8919: LAB_US	dc.b	'Undefined statement',$00
01:000851DE 642073746174656D
01:000851E6 656E74
01:000851E9 00
01:000851EA 417272617920626F	  8920: LAB_BS	dc.b	'Array bounds',$00
01:000851F2 756E6473
01:000851F6 00
01:000851F7 446F75626C652064	  8921: LAB_DD	dc.b	'Double dimension',$00
01:000851FF 696D656E73696F6E
01:00085207 00
01:00085208 4469766964652062	  8922: LAB_D0	dc.b	'Divide by zero',$00
01:00085210 79207A65726F
01:00085216 00
01:00085217 496C6C6567616C20	  8923: LAB_ID	dc.b	'Illegal direct',$00
01:0008521F 646972656374
01:00085225 00
01:00085226 54797065206D6973	  8924: LAB_TM	dc.b	'Type mismatch',$00
01:0008522E 6D61746368
01:00085233 00
01:00085234 537472696E672074	  8925: LAB_LS	dc.b	'String too long',$00
01:0008523C 6F6F206C6F6E67
01:00085243 00
01:00085244 537472696E672074	  8926: LAB_ST	dc.b	'String too complex',$00
01:0008524C 6F6F20636F6D706C
01:00085254 6578
01:00085256 00
01:00085257 43616E277420636F	  8927: LAB_CN	dc.b	'Can''t continue',$00
01:0008525F 6E74696E7565
01:00085265 00
01:00085266 556E646566696E65	  8928: LAB_UF	dc.b	'Undefined function',$00
01:0008526E 642066756E637469
01:00085276 6F6E
01:00085278 00
01:00085279 4C4F4F5020776974	  8929: LAB_LD	dc.b	'LOOP without DO',$00
01:00085281 686F757420444F
01:00085288 00
01:00085289 556E646566696E65	  8930: LAB_UV	dc.b	'Undefined variable',$00
01:00085291 6420766172696162
01:00085299 6C65
01:0008529B 00
01:0008529C 556E64696D656E73	  8931: LAB_UA	dc.b	'Undimensioned array',$00
01:000852A4 696F6E6564206172
01:000852AC 726179
01:000852AF 00
01:000852B0 57726F6E67206469	  8932: LAB_WD	dc.b	'Wrong dimensions',$00
01:000852B8 6D656E73696F6E73
01:000852C0 00
01:000852C1 41646472657373  	  8933: LAB_AD	dc.b	'Address',$00
01:000852C8 00
01:000852C9 466F726D6174    	  8934: LAB_FO	dc.b	'Format',$00
01:000852CF 00
01:000852D0 4E6F7420696D706C	  8935: LAB_NI  dc.b    'Not implemented',$00
01:000852D8 656D656E746564
01:000852DF 00
                            	  8936: 
                            	  8937: 
                            	  8938: *************************************************************************************
                            	  8939: *
                            	  8940: * keyword table for line (un)crunching
                            	  8941: 
                            	  8942: * [keyword,token
                            	  8943: * [keyword,token]]
                            	  8944: * end marker (#$00)
                            	  8945: 
                            	  8946: TAB_STAR
                            	  8947: KEY_MULT
01:000852E0 B4              	  8948: 	dc.b TK_MULT,$00				* *
01:000852E1 00
                            	  8949: TAB_PLUS
                            	  8950: KEY_PLUS
01:000852E2 B2              	  8951: 	dc.b TK_PLUS,$00				* +
01:000852E3 00
                            	  8952: TAB_MNUS
                            	  8953: KEY_MINUS
01:000852E4 B3              	  8954: 	dc.b TK_MINUS,$00				* -
01:000852E5 00
                            	  8955: TAB_SLAS
                            	  8956: KEY_DIV
01:000852E6 B5              	  8957: 	dc.b TK_DIV,$00				* /
01:000852E7 00
                            	  8958: TAB_LESS
                            	  8959: KEY_LSHIFT
01:000852E8 3C              	  8960: 	dc.b	'<',TK_LSHIFT			* <<
01:000852E9 BB
                            	  8961: KEY_LT
01:000852EA BE              	  8962: 	dc.b TK_LT					* <
01:000852EB 00              	  8963: 	dc.b	$00
                            	  8964: TAB_EQUL
                            	  8965: KEY_EQUAL
01:000852EC BD              	  8966: 	dc.b TK_EQUAL,$00				* =
01:000852ED 00
                            	  8967: TAB_MORE
                            	  8968: KEY_RSHIFT
01:000852EE 3E              	  8969: 	dc.b	'>',TK_RSHIFT			* >>
01:000852EF BA
                            	  8970: KEY_GT
01:000852F0 BC              	  8971: 	dc.b TK_GT					* >
01:000852F1 00              	  8972: 	dc.b	$00
                            	  8973: TAB_QEST
01:000852F2 9E              	  8974: 	dc.b TK_PRINT,$00				* ?
01:000852F3 00
                            	  8975: TAB_ASCA
                            	  8976: KEY_ABS
01:000852F4 425328          	  8977: 	dc.b	'BS(',TK_ABS			* ABS(
01:000852F7 C1
                            	  8978: KEY_AND
01:000852F8 4E44            	  8979: 	dc.b	'ND',TK_AND				* AND
01:000852FA B7
                            	  8980: KEY_ASC
01:000852FB 534328          	  8981: 	dc.b	'SC(',TK_ASC			* ASC(
01:000852FE D3
                            	  8982: KEY_ATN
01:000852FF 544E28          	  8983: 	dc.b	'TN(',TK_ATN			* ATN(
01:00085302 CC
01:00085303 00              	  8984: 	dc.b	$00
                            	  8985: TAB_ASCB
                            	  8986: KEY_BINS
01:00085304 494E2428        	  8987: 	dc.b	'IN$(',TK_BINS			* BIN$(
01:00085308 D8
                            	  8988: KEY_BITCLR
01:00085309 4954434C52      	  8989: 	dc.b	'ITCLR',TK_BITCLR			* BITCLR
01:0008530E A7
                            	  8990: KEY_BITSET
01:0008530F 4954534554      	  8991: 	dc.b	'ITSET',TK_BITSET			* BITSET
01:00085314 A6
                            	  8992: KEY_BITTST
01:00085315 495454535428    	  8993: 	dc.b	'ITTST(',TK_BITTST		* BITTST(
01:0008531B D9
01:0008531C 00              	  8994: 	dc.b	$00
                            	  8995: TAB_ASCC
                            	  8996: KEY_CALL
01:0008531D 414C4C          	  8997: 	dc.b	'ALL',TK_CALL			* CALL
01:00085320 9B
                            	  8998: KEY_CHRS
01:00085321 48522428        	  8999: 	dc.b	'HR$(',TK_CHRS			* CHR$(
01:00085325 D6
                            	  9000: KEY_CLEAR
01:00085326 4C454152        	  9001: 	dc.b	'LEAR',TK_CLEAR			* CLEAR
01:0008532A A1
                            	  9002: KEY_CONT
01:0008532B 4F4E54          	  9003: 	dc.b	'ONT',TK_CONT			* CONT
01:0008532E 9F
                            	  9004: KEY_COS
01:0008532F 4F5328          	  9005: 	dc.b	'OS(',TK_COS			* COS(
01:00085332 C9
01:00085333 00              	  9006: 	dc.b	$00
                            	  9007: TAB_ASCD
                            	  9008: KEY_DATA
01:00085334 415441          	  9009: 	dc.b	'ATA',TK_DATA			* DATA
01:00085337 83
                            	  9010: KEY_DEC
01:00085338 4543            	  9011: 	dc.b	'EC',TK_DEC				* DEC
01:0008533A 88
                            	  9012: KEY_DEEK
01:0008533B 45454B28        	  9013: 	dc.b	'EEK(',TK_DEEK			* DEEK(
01:0008533F CE
                            	  9014: KEY_DEF
01:00085340 4546            	  9015: 	dc.b	'EF',TK_DEF				* DEF
01:00085342 97
                            	  9016: KEY_DIM
01:00085343 494D            	  9017: 	dc.b	'IM',TK_DIM				* DIM
01:00085345 85
                            	  9018: KEY_DOKE
01:00085346 4F4B45          	  9019: 	dc.b	'OKE',TK_DOKE			* DOKE
01:00085349 99
                            	  9020: KEY_DO
01:0008534A 4F              	  9021: 	dc.b	'O',TK_DO				* DO
01:0008534B 9C
01:0008534C 00              	  9022: 	dc.b	$00
                            	  9023: TAB_ASCE
                            	  9024: KEY_ELSE
01:0008534D 4C5345          	  9025: 	dc.b	'LSE',TK_ELSE			* ELSE
01:00085350 A9
                            	  9026: KEY_END
01:00085351 4E44            	  9027: 	dc.b	'ND',TK_END				* END
01:00085353 80
                            	  9028: KEY_EOR
01:00085354 4F52            	  9029: 	dc.b	'OR',TK_EOR				* EOR
01:00085356 B8
                            	  9030: KEY_EXP
01:00085357 585028          	  9031: 	dc.b	'XP(',TK_EXP			* EXP(
01:0008535A C8
01:0008535B 00              	  9032: 	dc.b	$00
                            	  9033: TAB_ASCF
                            	  9034: KEY_FOR
01:0008535C 4F52            	  9035: 	dc.b	'OR',TK_FOR				* FOR
01:0008535E 81
                            	  9036: KEY_FN
01:0008535F 4E              	  9037: 	dc.b	'N',TK_FN				* FN
01:00085360 AB
                            	  9038: KEY_FRE
01:00085361 524528          	  9039: 	dc.b	'RE(',TK_FRE			* FRE(
01:00085364 C3
01:00085365 00              	  9040: 	dc.b	$00
                            	  9041: TAB_ASCG
                            	  9042: KEY_GET
01:00085366 4554            	  9043: 	dc.b	'ET',TK_GET				* GET
01:00085368 A4
                            	  9044: KEY_GOTO
01:00085369 4F544F          	  9045: 	dc.b	'OTO',TK_GOTO			* GOTO
01:0008536C 89
                            	  9046: KEY_GOSUB
01:0008536D 4F535542        	  9047: 	dc.b	'OSUB',TK_GOSUB			* GOSUB
01:00085371 8D
01:00085372 00              	  9048: 	dc.b	$00
                            	  9049: TAB_ASCH
                            	  9050: KEY_HEXS
01:00085373 45582428        	  9051: 	dc.b	'EX$(',TK_HEXS,$00		* HEX$(
01:00085377 D7
01:00085378 00
                            	  9052: TAB_ASCI
                            	  9053: KEY_IF
01:00085379 46              	  9054: 	dc.b	'F',TK_IF				* IF
01:0008537A 8B
                            	  9055: KEY_INC
01:0008537B 4E43            	  9056: 	dc.b	'NC',TK_INC				* INC
01:0008537D 93
                            	  9057: KEY_INPUT
01:0008537E 4E505554        	  9058: 	dc.b	'NPUT',TK_INPUT			* INPUT
01:00085382 84
                            	  9059: KEY_INT
01:00085383 4E5428          	  9060: 	dc.b	'NT(',TK_INT			* INT(
01:00085386 C0
01:00085387 00              	  9061: 	dc.b	$00
                            	  9062: TAB_ASCL
                            	  9063: KEY_LCASES
01:00085388 434153452428    	  9064: 	dc.b	'CASE$(',TK_LCASES		* LCASE$(
01:0008538E D5
                            	  9065: KEY_LEEK
01:0008538F 45454B28        	  9066: 	dc.b	'EEK(',TK_LEEK			* LEEK(
01:00085393 CF
                            	  9067: KEY_LEFTS
01:00085394 4546542428      	  9068: 	dc.b	'EFT$(',TK_LEFTS			* LEFT$(
01:00085399 E1
                            	  9069: KEY_LEN
01:0008539A 454E28          	  9070: 	dc.b	'EN(',TK_LEN			* LEN(
01:0008539D D0
                            	  9071: KEY_LET
01:0008539E 4554            	  9072: 	dc.b	'ET',TK_LET				* LET
01:000853A0 87
                            	  9073: KEY_LIST
01:000853A1 495354          	  9074: 	dc.b	'IST',TK_LIST			* LIST
01:000853A4 A0
                            	  9075: KEY_LOAD
01:000853A5 4F4144          	  9076: 	dc.b	'OAD',TK_LOAD			* LOAD
01:000853A8 95
                            	  9077: KEY_LOG
01:000853A9 4F4728          	  9078: 	dc.b	'OG(',TK_LOG			* LOG(
01:000853AC C7
                            	  9079: KEY_LOKE
01:000853AD 4F4B45          	  9080: 	dc.b	'OKE',TK_LOKE			* LOKE
01:000853B0 9A
                            	  9081: KEY_LOOP
01:000853B1 4F4F50          	  9082: 	dc.b	'OOP',TK_LOOP			* LOOP
01:000853B4 9D
01:000853B5 00              	  9083: 	dc.b	$00
                            	  9084: TAB_ASCM
                            	  9085: KEY_MAX
01:000853B6 415828          	  9086: 	dc.b	'AX(',TK_MAX			* MAX(
01:000853B9 DA
                            	  9087: KEY_MIDS
01:000853BA 49442428        	  9088: 	dc.b	'ID$(',TK_MIDS			* MID$(
01:000853BE E3
                            	  9089: KEY_MIN
01:000853BF 494E28          	  9090: 	dc.b	'IN(',TK_MIN			* MIN(
01:000853C2 DB
01:000853C3 00              	  9091: 	dc.b	$00
                            	  9092: TAB_ASCN
                            	  9093: KEY_NEW
01:000853C4 4557            	  9094: 	dc.b	'EW',TK_NEW				* NEW
01:000853C6 A2
                            	  9095: KEY_NEXT
01:000853C7 455854          	  9096: 	dc.b	'EXT',TK_NEXT			* NEXT
01:000853CA 82
                            	  9097: KEY_NOT
01:000853CB 4F54            	  9098: 	dc.b	'OT',TK_NOT				* NOT
01:000853CD AE
                            	  9099: KEY_NULL
01:000853CE 554C4C          	  9100: 	dc.b	'ULL',TK_NULL			* NULL
01:000853D1 92
01:000853D2 00              	  9101: 	dc.b	$00
                            	  9102: TAB_ASCO
                            	  9103: KEY_ON
01:000853D3 4E              	  9104: 	dc.b	'N',TK_ON				* ON
01:000853D4 91
                            	  9105: KEY_OR
01:000853D5 52              	  9106: 	dc.b	'R',TK_OR				* OR
01:000853D6 B9
01:000853D7 00              	  9107: 	dc.b	$00
                            	  9108: TAB_ASCP
                            	  9109: KEY_PEEK
01:000853D8 45454B28        	  9110: 	dc.b	'EEK(',TK_PEEK			* PEEK(
01:000853DC CD
                            	  9111: KEY_PI
01:000853DD 49              	  9112: 	dc.b	'I',TK_PI				* PI
01:000853DE DD
                            	  9113: KEY_POKE
01:000853DF 4F4B45          	  9114: 	dc.b	'OKE',TK_POKE			* POKE
01:000853E2 98
                            	  9115: KEY_POS
01:000853E3 4F5328          	  9116: 	dc.b	'OS(',TK_POS			* POS(
01:000853E6 C4
                            	  9117: KEY_PRINT
01:000853E7 52494E54        	  9118: 	dc.b	'RINT',TK_PRINT			* PRINT
01:000853EB 9E
01:000853EC 00              	  9119: 	dc.b	$00
                            	  9120: TAB_ASCR
                            	  9121: KEY_RAM
01:000853ED 414D42415345    	  9122: 	dc.b	'AMBASE',TK_RAM			* RAMBASE
01:000853F3 DC
                            	  9123: KEY_READ
01:000853F4 454144          	  9124: 	dc.b	'EAD',TK_READ			* READ
01:000853F7 86
                            	  9125: KEY_REM
01:000853F8 454D            	  9126: 	dc.b	'EM',TK_REM				* REM
01:000853FA 8F
                            	  9127: KEY_RESTORE
01:000853FB 4553544F5245    	  9128: 	dc.b	'ESTORE',TK_RESTORE		* RESTORE
01:00085401 8C
                            	  9129: KEY_RETURN
01:00085402 455455524E      	  9130: 	dc.b	'ETURN',TK_RETURN			* RETURN
01:00085407 8E
                            	  9131: KEY_RIGHTS
01:00085408 494748542428    	  9132: 	dc.b	'IGHT$(',TK_RIGHTS		* RIGHT$(
01:0008540E E2
                            	  9133: KEY_RND
01:0008540F 4E4428          	  9134: 	dc.b	'ND(',TK_RND			* RND(
01:00085412 C6
                            	  9135: KEY_RUN
01:00085413 554E            	  9136: 	dc.b	'UN',TK_RUN				* RUN
01:00085415 8A
01:00085416 00              	  9137: 	dc.b	$00
                            	  9138: TAB_ASCS
                            	  9139: KEY_SADD
01:00085417 41444428        	  9140: 	dc.b	'ADD(',TK_SADD			* SADD(
01:0008541B E0
                            	  9141: KEY_SAVE
01:0008541C 415645          	  9142: 	dc.b	'AVE',TK_SAVE			* SAVE
01:0008541F 96
                            	  9143: KEY_SGN
01:00085420 474E28          	  9144: 	dc.b	'GN(',TK_SGN			* SGN(
01:00085423 BF
                            	  9145: KEY_SIN
01:00085424 494E28          	  9146: 	dc.b	'IN(',TK_SIN			* SIN(
01:00085427 CA
                            	  9147: KEY_SPC
01:00085428 504328          	  9148: 	dc.b	'PC(',TK_SPC			* SPC(
01:0008542B AC
                            	  9149: KEY_SQR
01:0008542C 515228          	  9150: 	dc.b	'QR(',TK_SQR			* SQR(
01:0008542F C5
                            	  9151: KEY_STEP
01:00085430 544550          	  9152: 	dc.b	'TEP',TK_STEP			* STEP
01:00085433 AF
                            	  9153: KEY_STOP
01:00085434 544F50          	  9154: 	dc.b	'TOP',TK_STOP			* STOP
01:00085437 90
                            	  9155: KEY_STRS
01:00085438 54522428        	  9156: 	dc.b	'TR$(',TK_STRS			* STR$(
01:0008543C D1
                            	  9157: KEY_SWAP
01:0008543D 574150          	  9158: 	dc.b	'WAP',TK_SWAP			* SWAP
01:00085440 A5
01:00085441 00              	  9159: 	dc.b	$00
                            	  9160: TAB_ASCT
                            	  9161: KEY_TAB
01:00085442 414228          	  9162: 	dc.b	'AB(',TK_TAB			* TAB(
01:00085445 A8
                            	  9163: KEY_TAN
01:00085446 414E28          	  9164: 	dc.b	'AN(',TK_TAN			* TAN
01:00085449 CB
                            	  9165: KEY_THEN
01:0008544A 48454E          	  9166: 	dc.b	'HEN',TK_THEN			* THEN
01:0008544D AD
                            	  9167: KEY_TO
01:0008544E 4F              	  9168: 	dc.b	'O',TK_TO				* TO
01:0008544F AA
                            	  9169: KEY_TWOPI
01:00085450 574F5049        	  9170: 	dc.b	'WOPI',TK_TWOPI			* TWOPI
01:00085454 DE
01:00085455 00              	  9171: 	dc.b	$00
                            	  9172: TAB_ASCU
                            	  9173: KEY_UCASES
01:00085456 434153452428    	  9174: 	dc.b	'CASE$(',TK_UCASES		* UCASE$(
01:0008545C D4
                            	  9175: KEY_UNTIL
01:0008545D 4E54494C        	  9176: 	dc.b	'NTIL',TK_UNTIL			* UNTIL
01:00085461 B0
                            	  9177: KEY_USINGS
01:00085462 53494E472428    	  9178: 	dc.b	'SING$(',TK_USINGS		* USING$(
01:00085468 E4
                            	  9179: KEY_USR
01:00085469 535228          	  9180: 	dc.b	'SR(',TK_USR			* USR(
01:0008546C C2
01:0008546D 00              	  9181: 	dc.b	$00
                            	  9182: TAB_ASCV
                            	  9183: KEY_VAL
01:0008546E 414C28          	  9184: 	dc.b	'AL(',TK_VAL			* VAL(
01:00085471 D2
                            	  9185: KEY_VPTR
01:00085472 415250545228    	  9186: 	dc.b	'ARPTR(',TK_VPTR			* VARPTR(
01:00085478 DF
01:00085479 00              	  9187: 	dc.b	$00
                            	  9188: TAB_ASCW
                            	  9189: KEY_WAIT
01:0008547A 414954          	  9190: 	dc.b	'AIT',TK_WAIT			* WAIT
01:0008547D 94
                            	  9191: KEY_WHILE
01:0008547E 48494C45        	  9192: 	dc.b	'HILE',TK_WHILE			* WHILE
01:00085482 B1
                            	  9193: KEY_WIDTH
01:00085483 49445448        	  9194: 	dc.b	'IDTH',TK_WIDTH			* WIDTH
01:00085487 A3
01:00085488 00              	  9195: 	dc.b	$00
                            	  9196: TAB_POWR
                            	  9197: KEY_POWER
01:00085489 B6              	  9198: 	dc.b	TK_POWER,$00			* ^
01:0008548A 00
                            	  9199: 
                            	  9200: 
                            	  9201: *************************************************************************************
                            	  9202: *
                            	  9203: * just messages
                            	  9204: 
                            	  9205: LAB_BMSG
01:0008548B 0D              	  9206: 	dc.b	$0D,$0A,'Break',$00
01:0008548C 0A
01:0008548D 427265616B
01:00085492 00
                            	  9207: LAB_EMSG
01:00085493 204572726F72    	  9208: 	dc.b	' Error',$00
01:00085499 00
                            	  9209: LAB_LMSG
01:0008549A 20696E206C696E65	  9210: 	dc.b	' in line ',$00
01:000854A2 20
01:000854A3 00
                            	  9211: LAB_IMSG
01:000854A4 4578747261206967	  9212: 	dc.b	'Extra ignored',$0D,$0A,$00
01:000854AC 6E6F726564
01:000854B1 0D
01:000854B2 0A
01:000854B3 00
                            	  9213: LAB_REDO
01:000854B4 5265646F2066726F	  9214: 	dc.b	'Redo from start',$0D,$0A,$00
01:000854BC 6D207374617274
01:000854C3 0D
01:000854C4 0A
01:000854C5 00
                            	  9215: LAB_RMSG
01:000854C6 0D              	  9216: 	dc.b	$0D,$0A,'Ready',$0D,$0A,$00
01:000854C7 0A
01:000854C8 5265616479
01:000854CD 0D
01:000854CE 0A
01:000854CF 00
                            	  9217: LAB_SMSG
01:000854D0 2042797465732066	  9218: 	dc.b	' Bytes free',$0D,$0A,$0A
01:000854D8 726565
01:000854DB 0D
01:000854DC 0A
01:000854DD 0A
01:000854DE 456E68616E636564	  9219: 	dc.b	'Enhanced 68k BASIC Version 3.54',$0D,$0A,$00
01:000854E6 2036386B20424153
01:000854EE 4943205665727369
01:000854F6 6F6E20332E3534
01:000854FD 0D
01:000854FE 0A
01:000854FF 00
                            	  9220: 
                            	  9221: 
                            	  9222: *************************************************************************************
                            	  9223: * EhBASIC keywords quick reference list								*
                            	  9224: *************************************************************************************
                            	  9225: 
                            	  9226: * glossary
                            	  9227: 
                            	  9228: *		<.>		  required
                            	  9229: *		{.|.}		  one of required
                            	  9230: *		[.]		  optional
                            	  9231: *		...		  may repeat as last
                            	  9232: 
                            	  9233: *		any		= anything
                            	  9234: *		num		= number
                            	  9235: *		state		= statement
                            	  9236: *		n		= positive integer
                            	  9237: *		str		= string
                            	  9238: *		var		= variable
                            	  9239: *		nvar		= numeric variable
                            	  9240: *		svar		= string variable
                            	  9241: *		expr		= expression
                            	  9242: *		nexpr		= numeric expression
                            	  9243: *		sexpr		= string expression
                            	  9244: 
                            	  9245: * statement separator
                            	  9246: 
                            	  9247: * :		. [<state>] : [<state>]						* done
                            	  9248: 
                            	  9249: * number bases
                            	  9250: 
                            	  9251: * %		. %<binary num>							* done
                            	  9252: * $		. $<hex num>							* done
                            	  9253: 
                            	  9254: * commands
                            	  9255: 
                            	  9256: * END		. END									* done
                            	  9257: * FOR		. FOR <nvar>=<nexpr> TO <nexpr> [STEP <nexpr>]		* done
                            	  9258: * NEXT	. NEXT [<nvar>[,<nvar>]...]					* done
                            	  9259: * DATA	. DATA [{num|["]str["]}[,{num|["]str["]}]...]		* done
                            	  9260: * INPUT	. INPUT [<">str<">;] <var>[,<var>[,<var>]...]		* done
                            	  9261: * DIM		. DIM <var>(<nexpr>[,<nexpr>[,<nexpr>]])			* done
                            	  9262: * READ	. READ <var>[,<var>[,<var>]...]				* done
                            	  9263: * LET		. [LET] <var>=<expr>						* done
                            	  9264: * DEC		. DEC <nvar>[,<nvar>[,<nvar>]...]				* done
                            	  9265: * GOTO	. GOTO <n>								* done
                            	  9266: * RUN		. RUN [<n>]								* done
                            	  9267: * IF		. IF <expr>{GOTO<n>|THEN<{n|comm}>}[ELSE <{n|comm}>]	* done
                            	  9268: * RESTORE	. RESTORE [<n>]							* done
                            	  9269: * GOSUB	. GOSUB <n>								* done
                            	  9270: * RETURN	. RETURN								* done
                            	  9271: * REM		. REM [<any>]							* done
                            	  9272: * STOP	. STOP								* done
                            	  9273: * ON		. ON <nexpr>{GOTO|GOSUB}<n>[,<n>[,<n>]...]		* done
                            	  9274: * NULL	. NULL <nexpr>							* done
                            	  9275: * INC		. INC <nvar>[,<nvar>[,<nvar>]...]				* done
                            	  9276: * WAIT	. WAIT <nexpr>,<nexpr>[,<nexpr>]				* done
                            	  9277: * LOAD	. LOAD [<sexpr>]							* done for sim
                            	  9278: * SAVE	. SAVE [<sexpr>][,[<n>][-<n>]]				* done for sim
                            	  9279: * DEF		. DEF FN<var>(<var>)=<expr>					* done
                            	  9280: * POKE	. POKE <nexpr>,<nexpr>						* done
                            	  9281: * DOKE	. DOKE <nexpr>,<nexpr>						* done
                            	  9282: * LOKE	. LOKE <nexpr>,<nexpr>						* done
                            	  9283: * CALL	. CALL <nexpr>							* done
                            	  9284: * DO		. DO									* done
                            	  9285: * LOOP	. LOOP [{WHILE|UNTIL}<nexpr>]					* done
                            	  9286: * PRINT	. PRINT [{;|,}][<expr>][{;|,}[<expr>]...]			* done
                            	  9287: * CONT	. CONT								* done
                            	  9288: * LIST	. LIST [<n>][-<n>]						* done
                            	  9289: * CLEAR	. CLEAR								* done
                            	  9290: * NEW		. NEW									* done
                            	  9291: * WIDTH	. WIDTH [<n>][,<n>]						* done
                            	  9292: * GET		. GET <var>								* done
                            	  9293: * SWAP	. SWAP <var>,<var>						* done
                            	  9294: * BITSET	. BITSET <nexpr>,<nexpr>					* done
                            	  9295: * BITCLR	. BITCLR <nexpr>,<nexpr>					* done
                            	  9296: 
                            	  9297: * sub commands (may not start a statement)
                            	  9298: 
                            	  9299: * TAB		. TAB(<nexpr>)							* done
                            	  9300: * ELSE	. IF <expr>{GOTO<n>|THEN<{n|comm}>}[ELSE <{n|comm}>]	* done
                            	  9301: * TO		. FOR <nvar>=<nexpr> TO <nexpr> [STEP <nexpr>]		* done
                            	  9302: * FN		. FN <var>(<expr>)						* done
                            	  9303: * SPC		. SPC(<nexpr>)							* done
                            	  9304: * THEN	. IF <nexpr> {THEN <{n|comm}>|GOTO <n>}			* done
                            	  9305: * NOT		. NOT <nexpr>							* done
                            	  9306: * STEP	. FOR <nvar>=<nexpr> TO <nexpr> [STEP <nexpr>]		* done
                            	  9307: * UNTIL	. LOOP [{WHILE|UNTIL}<nexpr>]					* done
                            	  9308: * WHILE	. LOOP [{WHILE|UNTIL}<nexpr>]					* done
                            	  9309: 
                            	  9310: * operators
                            	  9311: 
                            	  9312: * +		. [expr] + <expr>							* done
                            	  9313: * -		. [nexpr] - <nexpr>						* done
                            	  9314: * *		. <nexpr> * <nexpr>						* done fast hardware
                            	  9315: * /		. <nexpr> / <nexpr>						* done fast hardware
                            	  9316: * ^		. <nexpr> ^ <nexpr>						* done
                            	  9317: * AND		. <nexpr> AND <nexpr>						* done
                            	  9318: * EOR		. <nexpr> EOR <nexpr>						* done
                            	  9319: * OR		. <nexpr> OR <nexpr>						* done
                            	  9320: * >>		. <nexpr> >> <nexpr>						* done
                            	  9321: * <<		. <nexpr> << <nexpr>						* done
                            	  9322: 
                            	  9323: * compare functions
                            	  9324: 
                            	  9325: * <		. <expr> < <expr>							* done
                            	  9326: * =		. <expr> = <expr>							* done
                            	  9327: * >		. <expr> > <expr>							* done
                            	  9328: 
                            	  9329: * functions
                            	  9330: 
                            	  9331: * SGN		. SGN(<nexpr>)							* done
                            	  9332: * INT		. INT(<nexpr>)							* done
                            	  9333: * ABS		. ABS(<nexpr>)							* done
                            	  9334: * USR		. USR(<expr>)							* done
                            	  9335: * FRE		. FRE(<expr>)							* done
                            	  9336: * POS		. POS(<expr>)							* done
                            	  9337: * SQR		. SQR(<nexpr>)							* done fast shift/sub
                            	  9338: * RND		. RND(<nexpr>)							* done 32 bit PRNG
                            	  9339: * LOG		. LOG(<nexpr>)							* done fast cordic
                            	  9340: * EXP		. EXP(<nexpr>)							* done fast cordic
                            	  9341: * COS		. COS(<nexpr>)							* done fast cordic
                            	  9342: * SIN		. SIN(<nexpr>)							* done fast cordic
                            	  9343: * TAN		. TAN(<nexpr>)							* done fast cordic
                            	  9344: * ATN		. ATN(<nexpr>)							* done fast cordic
                            	  9345: * PEEK	. PEEK(<nexpr>)							* done
                            	  9346: * DEEK	. DEEK(<nexpr>)							* done
                            	  9347: * LEEK	. LEEK(<nexpr>)							* done
                            	  9348: * LEN		. LEN(<sexpr>)							* done
                            	  9349: * STR$	. STR$(<nexpr>)							* done
                            	  9350: * VAL		. VAL(<sexpr>)							* done
                            	  9351: * ASC		. ASC(<sexpr>)							* done
                            	  9352: * UCASE$	. UCASE$(<sexpr>)							* done
                            	  9353: * LCASE$	. LCASE$(<sexpr>)							* done
                            	  9354: * CHR$	. CHR$(<nexpr>)							* done
                            	  9355: * HEX$	. HEX$(<nexpr>)							* done
                            	  9356: * BIN$	. BIN$(<nexpr>)							* done
                            	  9357: * BTST	. BTST(<nexpr>,<nexpr>)						* done
                            	  9358: * MAX		. MAX(<nexpr>[,<nexpr>[,<nexpr>]...])			* done
                            	  9359: * MIN		. MIN(<nexpr>[,<nexpr>[,<nexpr>]...])			* done
                            	  9360: * PI		. PI									* done
                            	  9361: * TWOPI	. TWOPI								* done
                            	  9362: * VARPTR	. VARPTR(<var>)							* done
                            	  9363: * SADD	. SADD(<svar>)							* done
                            	  9364: * LEFT$	. LEFT$(<sexpr>,<nexpr>)					* done
                            	  9365: * RIGHT$	. RIGHT$(<sexpr>,<nexpr>)					* done
                            	  9366: * MID$	. MID$(<sexpr>,<nexpr>[,<nexpr>])				* done
                            	  9367: * USING$	. USING$(<sexpr>,<nexpr>[,<nexpr>]...])			* done
                            	  9368: 
                            	  9369: 
                            	  9370: *************************************************************************************
                            	  9371: 
                            	  9372: 	END	code_start
                            	  9373: 
                            	  9374: *************************************************************************************
                            	  9375: 


Symbols by name:
AC1gtAC2                         A:00083AE4
ACIA_1                           E:00100400
ACIA_2                           E:00100410
Asptl                            A:000005A8
Asrch                            A:000005DA
Astrtl                           A:000005AC
BHsend                           A:000005D6
Bin2dec                          A:00084A94
BinPr                            A:0008467C
Binss                            A:000005B6
Blinel                           A:00000456
Breakf                           A:000005DC
Cflag                            A:000005E1
Clinel                           A:00000452
Cpntrl                           A:0000045A
Cvaral                           A:0000046E
Decss                            A:000005C6
Defdim                           A:000005B4
Dimcnt                           A:000005DB
Dlinel                           A:0000045E
DoCmp                            A:000826FA
DoRest                           A:000826E6
Dptrl                            A:00000462
Dtypef                           E:000005B5
Earryl                           A:00000442
Ememl                            A:0000044A
EndBHS                           A:00084656
FAC1_e                           A:00000594
FAC1_m                           A:00000590
FAC1_s                           E:00000595
FAC2_e                           A:0000059C
FAC2_m                           A:00000598
FAC2_s                           E:0000059D
FAC_sc                           E:0000059E
FLASH_SUPPORT                    E:00000000
Gclctd                           A:000005DE
GetFirst                         A:00082EC8
GetPair                          A:00082F84
GoPr                             A:00084686
Hexss                            A:000005CE
INGET                            A:000846DA
Ibuffe                           A:00000590
Ibuffs                           A:00000490
Iclim                            A:000005E7
Imode                            A:000005E0
Itemp                            A:0000042A
KEY_ABS                          A:000852F4
KEY_AND                          A:000852F8
KEY_ASC                          A:000852FB
KEY_ATN                          A:000852FF
KEY_BINS                         A:00085304
KEY_BITCLR                       A:00085309
KEY_BITSET                       A:0008530F
KEY_BITTST                       A:00085315
KEY_CALL                         A:0008531D
KEY_CHRS                         A:00085321
KEY_CLEAR                        A:00085326
KEY_CONT                         A:0008532B
KEY_COS                          A:0008532F
KEY_DATA                         A:00085334
KEY_DEC                          A:00085338
KEY_DEEK                         A:0008533B
KEY_DEF                          A:00085340
KEY_DIM                          A:00085343
KEY_DIV                          A:000852E6
KEY_DO                           A:0008534A
KEY_DOKE                         A:00085346
KEY_ELSE                         A:0008534D
KEY_END                          A:00085351
KEY_EOR                          A:00085354
KEY_EQUAL                        A:000852EC
KEY_EXP                          A:00085357
KEY_FN                           A:0008535F
KEY_FOR                          A:0008535C
KEY_FRE                          A:00085361
KEY_GET                          A:00085366
KEY_GOSUB                        A:0008536D
KEY_GOTO                         A:00085369
KEY_GT                           A:000852F0
KEY_HEXS                         A:00085373
KEY_IF                           A:00085379
KEY_INC                          A:0008537B
KEY_INPUT                        A:0008537E
KEY_INT                          A:00085383
KEY_LCASES                       A:00085388
KEY_LEEK                         A:0008538F
KEY_LEFTS                        A:00085394
KEY_LEN                          A:0008539A
KEY_LET                          A:0008539E
KEY_LIST                         A:000853A1
KEY_LOAD                         A:000853A5
KEY_LOG                          A:000853A9
KEY_LOKE                         A:000853AD
KEY_LOOP                         A:000853B1
KEY_LSHIFT                       A:000852E8
KEY_LT                           A:000852EA
KEY_MAX                          A:000853B6
KEY_MIDS                         A:000853BA
KEY_MIN                          A:000853BF
KEY_MINUS                        A:000852E4
KEY_MULT                         A:000852E0
KEY_NEW                          A:000853C4
KEY_NEXT                         A:000853C7
KEY_NOT                          A:000853CB
KEY_NULL                         A:000853CE
KEY_ON                           A:000853D3
KEY_OR                           A:000853D5
KEY_PEEK                         A:000853D8
KEY_PI                           A:000853DD
KEY_PLUS                         A:000852E2
KEY_POKE                         A:000853DF
KEY_POS                          A:000853E3
KEY_POWER                        A:00085489
KEY_PRINT                        A:000853E7
KEY_RAM                          A:000853ED
KEY_READ                         A:000853F4
KEY_REM                          A:000853F8
KEY_RESTORE                      A:000853FB
KEY_RETURN                       A:00085402
KEY_RIGHTS                       A:00085408
KEY_RND                          A:0008540F
KEY_RSHIFT                       A:000852EE
KEY_RUN                          A:00085413
KEY_SADD                         A:00085417
KEY_SAVE                         A:0008541C
KEY_SGN                          A:00085420
KEY_SIN                          A:00085424
KEY_SPC                          A:00085428
KEY_SQR                          A:0008542C
KEY_STEP                         A:00085430
KEY_STOP                         A:00085434
KEY_STRS                         A:00085438
KEY_SWAP                         A:0008543D
KEY_TAB                          A:00085442
KEY_TAN                          A:00085446
KEY_THEN                         A:0008544A
KEY_TO                           A:0008544E
KEY_TWOPI                        A:00085450
KEY_UCASES                       A:00085456
KEY_UNTIL                        A:0008545D
KEY_USINGS                       A:00085462
KEY_USR                          A:00085469
KEY_VAL                          A:0008546E
KEY_VPTR                         A:00085472
KEY_WAIT                         A:0008547A
KEY_WHILE                        A:0008547E
KEY_WIDTH                        A:00085483
KFCTSEED                         E:26A3D110
LAB_11A5                         A:00082B9A
LAB_11A6                         A:00082B9C
LAB_11BD                         A:00082BA8
LAB_1269                         A:0008218E
LAB_1274                         A:0008219C
LAB_127D                         A:000821A4
LAB_127E                         A:000821B2
LAB_1295                         A:000821C6
LAB_12AE                         A:000821E8
LAB_12B0                         A:000821EA
LAB_12E6                         A:0008220A
LAB_12FF                         A:0008223C
LAB_1301                         A:0008223E
LAB_1303                         A:0008225C
LAB_1325                         A:00082274
LAB_132E                         A:00082264
LAB_1330                         A:00082266
LAB_134B                         A:00082282
LAB_1357                         A:000822A0
LAB_1359                         A:000822A6
LAB_1374                         A:000822C6
LAB_1378                         A:000822CC
LAB_137F                         A:000822D8
LAB_138E                         A:000822DE
LAB_1392                         A:000822E2
LAB_13A6                         A:00082316
LAB_13AC                         A:0008231E
LAB_13C6                         A:00082348
LAB_13CC                         A:0008234E
LAB_13D6                         A:00082370
LAB_13D8                         A:00082376
LAB_13EA                         A:00082382
LAB_13EC                         A:00082384
LAB_13FF                         A:0008239C
LAB_1401                         A:000823A0
LAB_1408                         A:000823AC
LAB_1410                         A:000823B8
LAB_1417                         A:000823C2
LAB_141B                         A:000823C4
LAB_141F                         A:000823D4
LAB_142A                         A:000823DA
LAB_142C                         A:000823E6
LAB_145E                         A:00082400
LAB_145F                         A:000823F2
LAB_1463                         A:00082408
LAB_1477                         A:00082414
LAB_147A                         A:0008241A
LAB_1480                         A:00082434
LAB_1491                         A:0008243E
LAB_14BD                         A:0008246E
LAB_14C0                         A:00082472
LAB_14D4                         A:00082492
LAB_14E2                         A:000824AE
LAB_150C                         A:000824BC
LAB_1519                         A:000824CA
LAB_152E                         A:000824D6
LAB_1540                         A:00082502
LAB_15B3                         A:00082562
LAB_15C2                         A:0008258C
LAB_15D1                         A:00082598
LAB_15DC                         A:00082574
LAB_15F6                         A:00082586
LAB_15FF                         A:000825A6
LAB_1602                         A:000825AA
LAB_1624                         A:0008262E
LAB_1629                         A:000825CE
LAB_1636                         A:000825D2
LAB_1639                         A:000825D8
LAB_163B                         A:000825E4
LAB_1647                         A:000825F0
LAB_164F                         A:000825F6
LAB_16B0                         A:0008268E
LAB_16D0                         A:000826B2
LAB_1723                         A:0008274C
LAB_1725                         A:00082750
LAB_172C                         A:0008273C
LAB_172D                         A:00082744
LAB_174B                         A:00082778
LAB_174E                         A:0008279C
LAB_1750                         A:000827A4
LAB_1752                         A:000827B0
LAB_1754                         A:000827C8
LAB_1756                         A:000827B4
LAB_176C                         A:000827E6
LAB_1773                         A:000827F0
LAB_1785                         A:0008280C
LAB_1786                         A:00082838
LAB_17B7                         A:0008284E
LAB_17B8                         A:0008284A
LAB_17D5                         A:000828C8
LAB_17D6                         A:000828CC
LAB_1810                         A:000828DE
LAB_1811                         A:000828EE
LAB_1813                         A:000828F4
LAB_1829                         A:0008292C
LAB_182C                         A:00082930
LAB_1831                         A:00082936
LAB_185E                         A:00082976
LAB_1866                         A:0008297A
LAB_1880                         A:00082A3C
LAB_1886                         A:00082A46
LAB_188A                         A:00082A4A
LAB_188B                         A:00082988
LAB_1898                         A:00082996
LAB_18A2                         A:000829A0
LAB_18B7                         A:000829C2
LAB_18B8                         A:000829CE
LAB_18BD                         A:000829D4
LAB_18C3                         A:000829DE
LAB_18C6                         A:000829E2
LAB_18CD                         A:000829EC
LAB_18E3                         A:000829F6
LAB_18F0                         A:00082A16
LAB_18F7                         A:00082A24
LAB_18F9                         A:00082A28
LAB_1904                         A:00082A4E
LAB_1913                         A:00082A60
LAB_1934                         A:00082A86
LAB_1953                         A:00082A9A
LAB_195B                         A:00082AA2
LAB_1961                         A:00082AAC
LAB_1984                         A:00082ACC
LAB_1985                         A:00082AD0
LAB_1986                         A:00082AD4
LAB_1999                         A:00082AE8
LAB_19B0                         A:00082AFA
LAB_19B6                         A:00082B0A
LAB_19C2                         A:00082B1A
LAB_19DD                         A:00082B2E
LAB_19F6                         A:00082B4E
LAB_1A03                         A:00082B5C
LAB_1A0E                         A:00082B6C
LAB_1A1B                         A:00082B72
LAB_1A46                         A:00082B8C
LAB_1A90                         A:00082C0A
LAB_1A9B                         A:00082C18
LAB_1ABA                         A:00082C42
LAB_1ACD                         A:00082C6E
LAB_1ADB                         A:00082C7A
LAB_1ADE                         A:00082C7E
LAB_1AE0                         A:00082C94
LAB_1AFA                         A:00082CAE
LAB_1B0B                         A:00082CC4
LAB_1B13                         A:00082CCC
LAB_1B1C                         A:00082CDC
LAB_1B1D                         A:00082CDE
LAB_1B2A                         A:00082CF0
LAB_1B3C                         A:00082D0C
LAB_1B43                         A:00082C52
LAB_1B78                         A:00082D18
LAB_1B7B                         A:00082D1C
LAB_1B7D                         A:00082D1E
LAB_1B84                         A:00082D28
LAB_1B86                         A:00082D2C
LAB_1B9D                         A:00082D50
LAB_1BC1                         A:00082D80
LAB_1BD0                         A:00082DEC
LAB_1BE7                         A:00082E06
LAB_1BF3                         A:00082D8C
LAB_1BF7                         A:00082D92
LAB_1BFB                         A:00082D96
LAB_1C01                         A:00082D9E
LAB_1C11                         A:00082DC6
LAB_1C13                         A:00082DCC
LAB_1C18                         A:00082DD2
LAB_1C19                         A:00082DD6
LAB_1C1A                         A:00082DE6
LAB_1C2A                         A:00082E44
LAB_1CAE                         A:00082EEC
LAB_1CB5                         A:00082F0A
LAB_1CD4                         A:00082F14
LAB_1CD5                         A:00082F1A
LAB_1CD6                         A:00082F1C
LAB_1CDB                         A:00082F2C
LAB_1CE6                         A:00082F1E
LAB_1CF2                         A:00082F2E
LAB_1CFE                         A:00082F44
LAB_1D10                         A:00082FBC
LAB_1D12                         A:00082FC0
LAB_1D2D                         A:00082FD2
LAB_1D2E                         A:00082FDE
LAB_1D44                         A:00082FFA
LAB_1D45                         A:0008300A
LAB_1D48                         A:0008301E
LAB_1D49                         A:00083026
LAB_1D4A                         A:0008302A
LAB_1D4B                         A:0008303A
LAB_1D5D                         A:00083042
LAB_1D5E                         A:00083048
LAB_1D83                         A:00082FAC
LAB_1D8A                         A:00082FA6
LAB_1D94                         A:0008305C
LAB_1D96                         A:00084D8A
LAB_1D98                         A:00083066
LAB_1DAC                         A:00083080
LAB_1DAE                         A:00083082
LAB_1DAF                         A:0008308E
LAB_1DB0                         A:0008309C
LAB_1DB1                         A:000830A0
LAB_1DB2                         A:000830A4
LAB_1DD7                         A:000830BC
LAB_1DE6                         A:000830D6
LAB_1E17                         A:00083118
LAB_1E1F                         A:0008311E
LAB_1E5C                         A:00083158
LAB_1E8D                         A:00083174
LAB_1EA1                         A:00083190
LAB_1EC0                         A:000831B8
LAB_1ED6                         A:000831E4
LAB_1ED8                         A:000831F2
LAB_1EDF                         A:000831AC
LAB_1F07                         A:00083204
LAB_1F28                         A:0008321E
LAB_1F2C                         A:00083224
LAB_1F5A                         A:00083232
LAB_1F6A                         A:0008325A
LAB_1F6B                         A:00083266
LAB_1F7C                         A:0008326C
LAB_1FB4                         A:0008329A
LAB_1FD0                         A:000832C6
LAB_201E                         A:00083320
LAB_2043                         A:0008336E
LAB_2044                         A:000833A0
LAB_2045                         A:000833AA
LAB_204S                         A:00083370
LAB_204T                         A:0008339E
LAB_20AE                         A:000833BC
LAB_20B4                         A:000833C0
LAB_20BE                         A:000833C6
LAB_20C9                         A:000833EA
LAB_20CB                         A:000833D6
LAB_20D0                         A:000833DE
LAB_20D8                         A:000833F4
LAB_20E0                         A:000833FC
LAB_2115                         A:0008341C
LAB_2117                         A:00083434
LAB_2128                         A:0008344E
LAB_2137                         A:00083452
LAB_214B                         A:00083472
LAB_2161                         A:00083486
LAB_2176                         A:0008348C
LAB_217E                         A:00083498
LAB_2183                         A:000834B2
LAB_218B                         A:000834BA
LAB_218F                         A:000834BC
LAB_21C2                         A:000834C8
LAB_21C4                         A:000834CC
LAB_21D1                         A:00083500
LAB_2206                         A:00083506
LAB_2212                         A:0008352E
LAB_2216                         A:000834F0
LAB_2240                         A:000834F8
LAB_224D                         A:00083534
LAB_224E                         A:0008354A
LAB_229E                         A:0008358E
LAB_22A0                         A:0008359A
LAB_22B6                         A:000835A8
LAB_22BA                         A:000835AC
LAB_22BD                         A:000835B6
LAB_22E6                         A:000835D0
LAB_2316                         A:00083610
LAB_2317                         A:00083612
LAB_231C                         A:00083616
LAB_2358                         A:0008364A
LAB_2368                         A:0008366A
LAB_2441                         A:0008385C
LAB_2445                         A:00083860
LAB_2467                         A:000838B0
LAB_2468                         A:000838B4
LAB_249C                         A:000838A2
LAB_24A8                         A:000838B8
LAB_24B4                         A:000838E2
LAB_24D0                         A:000838EE
LAB_24D5                         A:000838F8
LAB_24D6                         A:00083912
LAB_24D7                         A:00083920
LAB_24D8                         A:00083926
LAB_24D9                         A:00083906
LAB_24DA                         A:0008392C
LAB_24F7                         A:000838D2
LAB_24F8                         A:000838D8
LAB_2778                         A:00083B94
LAB_277C                         A:00083B96
LAB_279B                         A:00083BBA
LAB_27BA                         A:00083BC8
LAB_27C3                         A:00083BE4
LAB_27C4                         A:00083BEE
LAB_27CA                         A:00083BF4
LAB_27CE                         A:00083BFC
LAB_27D0                         A:00083C00
LAB_27DB                         A:00083C0E
LAB_27F0                         A:00083ECA
LAB_27F1                         A:00083EE0
LAB_27F2                         A:00083EE6
LAB_27F3                         A:00083EE8
LAB_27FA                         A:00083C26
LAB_2828                         A:00083C46
LAB_282E                         A:00083C4C
LAB_282F                         A:00083C4E
LAB_2831                         A:00083C52
LAB_284G                         A:00083C74
LAB_284H                         A:00083C86
LAB_284J                         A:00083C88
LAB_284L                         A:00083C7C
LAB_2887                         A:00084882
LAB_289A                         A:000848AC
LAB_289C                         A:000848B2
LAB_289D                         A:000848B8
LAB_28FD                         A:000848D4
LAB_28FE                         A:000848DA
LAB_28FF                         A:000848E0
LAB_2900                         A:000848EE
LAB_2901                         A:000848F4
LAB_2902                         A:00084946
LAB_2903                         A:0008494E
LAB_2904                         A:00084950
LAB_2953                         A:00083CA8
LAB_295E                         A:00083CB4
LAB_2967                         A:00083CC0
LAB_2968                         A:00083CC8
LAB_2969                         A:00083CDA
LAB_296A                         A:00083CE4
LAB_2970                         A:00083CFA
LAB_2978                         A:00083D0A
LAB_2989                         A:00083D1A
LAB_299C                         A:00083D6E
LAB_29A7                         A:00083D96
LAB_29B7                         A:00083DAE
LAB_29B9                         A:00083D46
LAB_29C0                         A:00083DBC
LAB_29C3                         A:00083DD4
LAB_29D9                         A:00083DEE
LAB_29E4                         A:00083E00
LAB_29F7                         A:00083E14
LAB_29FB                         A:00083E18
LAB_29FD                         A:00083E20
LAB_2A18                         A:00083E30
LAB_2A1A                         A:00083E32
LAB_2A21                         A:00083E3A
LAB_2A3B                         A:00083E5A
LAB_2A4B                         A:00083E68
LAB_2A58                         A:00083E7C
LAB_2A68                         A:00083E94
LAB_2A74                         A:00083EA0
LAB_2A89                         A:00083EBC
LAB_2A8C                         A:00083EC0
LAB_2A91                         A:00083EC6
LAB_2A9A                         A:00084F2E
LAB_2A9B                         A:00084F4A
LAB_2X01                         A:0008490C
LAB_2X02                         A:00084914
LAB_2X03                         A:00084922
LAB_2X04                         A:00084928
LAB_2X05                         A:0008493E
LAB_2Y01                         A:0008495E
LAB_2Y02                         A:00084966
LAB_2Y03                         A:00084972
LAB_2Y04                         A:00084978
LAB_3216                         A:00083B2E
LAB_32_16                        A:00083B2C
LAB_ABER                         A:00082150
LAB_ABS                          A:00083C1E
LAB_AD                           A:000852C1
LAB_ADD                          A:0008387E
LAB_ADER                         A:0008211C
LAB_AND                          A:00082EC0
LAB_ASC                          A:000836F4
LAB_ATCD                         A:00084262
LAB_ATGO                         A:00084220
LAB_ATLE                         A:0008423E
LAB_ATN                          A:00084202
LAB_ATNP                         A:0008425C
LAB_AYFC                         A:000832A6
LAB_BAER                         A:00085148
LAB_BHCB                         A:00082EA6
LAB_BHSS                         A:00082E80
LAB_BINS                         A:00084638
LAB_BITCLR                       A:000842C4
LAB_BITSET                       A:000842B4
LAB_BMSG                         A:0008548B
LAB_BS                           A:000851EA
LAB_BTST                         A:000842D4
LAB_CALL                         A:0008383C
LAB_CASC                         A:00082F96
LAB_CATN                         A:00084268
LAB_CAUC                         A:00082F9C
LAB_CBIN                         A:00084A32
LAB_CBX1                         A:00084A4C
LAB_CBXN                         A:00084A3A
LAB_CCER                         A:00082134
LAB_CHEX                         A:000849D0
LAB_CHRS                         A:000835DA
LAB_CHX1                         A:000849F6
LAB_CHX2                         A:00084A1A
LAB_CHX3                         A:00084A12
LAB_CHXX                         A:000849D8
LAB_CKRN                         A:000832CE
LAB_CKTM                         A:00082C34
LAB_CLEAR                        A:00082456
LAB_CN                           A:00085257
LAB_COLD                         A:00082058
LAB_CONT                         A:00082640
LAB_CORD                         A:0008419A
LAB_COS                          A:0008412A
LAB_CRLF                         A:00082980
LAB_CTBL                         A:00084E12
LAB_CTNM                         A:00082C32
LAB_D0                           A:00085208
LAB_D002                         A:0008459C
LAB_D00A                         A:000845AC
LAB_D00E                         A:000845BC
LAB_DATA                         A:0008272E
LAB_DD                           A:000851F7
LAB_DDER                         A:0008214C
LAB_DEC                          A:0008283E
LAB_DECI                         A:0008289C
LAB_DEEK                         A:000837BA
LAB_DEF                          A:000832D8
LAB_DIM                          A:00082F48
LAB_DIV0                         A:00083B26
LAB_DIVIDE                       A:00083AAC
LAB_DIVX                         A:00083AFC
LAB_DO                           A:00082672
LAB_DOKE                         A:000837E4
LAB_DZER                         A:00082148
LAB_DupFmt                       A:00084584
LAB_EMSG                         A:00085493
LAB_END                          A:000825DA
LAB_EOR                          A:00082EB0
LAB_EQUAL                        A:00082ED6
LAB_ESML                         A:00084040
LAB_EVBY                         A:0008370C
LAB_EVEX                         A:00082C48
LAB_EVEZ                         A:00082C4A
LAB_EVIN                         A:000830E2
LAB_EVIR                         A:000830F2
LAB_EVNM                         A:00082C30
LAB_EVPI                         A:000830EA
LAB_EX1                          A:00083F78
LAB_EXAD                         A:000840CA
LAB_EXCC                         A:000840B0
LAB_EXCM                         A:00083FE2
LAB_EXNN                         A:0008409C
LAB_EXOF                         A:00083F9C
LAB_EXOL                         A:00083FB2
LAB_EXOU                         A:00083F88
LAB_EXP                          A:00083FBC
LAB_EXPL                         A:00084096
LAB_EXPS                         A:00083FF4
LAB_EXRN                         A:000840A2
LAB_FB95                         A:000846EA
LAB_FBA0                         A:000846CE
LAB_FC                           A:000851B1
LAB_FCER                         A:00082160
LAB_FO                           A:000852C9
LAB_FOER                         A:00082118
LAB_FOR                          A:0008250E
LAB_FRE                          A:00083290
LAB_FTBL                         A:00084EAE
LAB_FTPP                         A:00084E62
LAB_FVAR                         A:00082FB4
LAB_GADB                         A:0008375E
LAB_GADW                         A:00083772
LAB_GARB                         A:00083468
LAB_GBYT                         A:00082DAA
LAB_GEAD                         A:00083792
LAB_GET                          A:000828FA
LAB_GETS                         A:00082914
LAB_GFPN                         A:00082800
LAB_GOSUB                        A:00082684
LAB_GOTO                         A:00082696
LAB_GOTs                         A:000826A6
LAB_GSCH                         A:00082626
LAB_GTBY                         A:00083708
LAB_GTHAN                        A:00083F6A
LAB_GTWO                         A:0008371C
LAB_GVAL                         A:00082D56
LAB_GVAR                         A:00082FB6
LAB_HEXS                         A:0008468A
LAB_ID                           A:00085217
LAB_IDER                         A:00082144
LAB_IF                           A:00082756
LAB_IGBY                         A:00082DA8
LAB_IMSG                         A:000854A4
LAB_INC                          A:00082844
LAB_INCI                         A:00082892
LAB_INCT                         A:00082884
LAB_INLN                         A:00082296
LAB_INPUT                        A:00082A6E
LAB_INT                          A:00083C8E
LAB_IRTS                         A:00083CA6
LAB_ISHN                         A:000849F2
LAB_KEYT                         A:00084FB4
LAB_LAAD                         A:000839A6
LAB_LCASE                        A:00083672
LAB_LD                           A:00085279
LAB_LDER                         A:0008212C
LAB_LEEK                         A:000837D0
LAB_LEFT                         A:000835EA
LAB_LENS                         A:000836EC
LAB_LET                          A:000828A0
LAB_LIST                         A:0008245A
LAB_LMSG                         A:0008549A
LAB_LOAD                         A:00083834
LAB_LOCC                         A:000839AC
LAB_LOCX                         A:000839C8
LAB_LOG                          A:0008392E
LAB_LOKE                         A:000837EA
LAB_LOLP                         A:000839B6
LAB_LONE                         A:000839E4
LAB_LONN                         A:000839CC
LAB_LOOP                         A:000826C4
LAB_LOWZ                         A:00083A1E
LAB_LOXO                         A:000839EA
LAB_LOXP                         A:000839DA
LAB_LRMS                         A:00082E5E
LAB_LS                           A:00085234
LAB_LSHIFT                       A:00082F54
LAB_LTHAN                        A:00082EE0
LAB_LTPF                         A:000841A8
LAB_LTPT                         A:000841B4
LAB_LT_1                         A:00083B3A
LAB_MADD                         A:00083A4C
LAB_MAN1                         A:00083B20
LAB_MAX                          A:000846F6
LAB_MAXN                         A:00084702
LAB_MIDS                         A:0008362E
LAB_MIN                          A:0008470C
LAB_MINN                         A:00084718
LAB_MKCHR                        A:000835DE
LAB_MMEC                         A:00084722
LAB_MNOC                         A:00083A46
LAB_MUEX                         A:00083A9A
LAB_MUF1                         A:00083A76
LAB_MUF2                         A:00083A80
LAB_MUF3                         A:00083A96
LAB_MULTIPLY                     A:00083A20
LAB_MUUF                         A:00083AA0
LAB_NB1T                         A:00083B72
LAB_NEW                          A:00082406
LAB_NEXT                         A:00082B7A
LAB_NF                           A:00085178
LAB_NFER                         A:00082170
LAB_NI                           A:000852D0
LAB_NSTT                         A:00084786
LAB_NULL                         A:00082636
LAB_NoSt                         A:00082926
LAB_OD                           A:000851A5
LAB_ODER                         A:00082164
LAB_OFER                         A:0008215C
LAB_OM                           A:000851C8
LAB_OMER                         A:00082158
LAB_ON                           A:000827CC
LAB_OPPT                         A:00084EFA
LAB_OR                           A:00082EB8
LAB_OV                           A:000851BF
LAB_P004                         A:000845DA
LAB_P008                         A:000845F0
LAB_P00C                         A:000845F8
LAB_P00E                         A:00084604
LAB_P010                         A:00084608
LAB_P018                         A:00084622
LAB_P01A                         A:00084626
LAB_P01E                         A:0008462E
LAB_PEEK                         A:000837A8
LAB_PFAC                         A:00083B7C
LAB_PHFA                         A:00084730
LAB_PI                           A:00084862
LAB_POKE                         A:000837B4
LAB_POON                         A:00083EEA
LAB_POS                          A:000832C2
LAB_POWER                        A:00083F06
LAB_POWP                         A:00083F38
LAB_POZE                         A:00083EFA
LAB_PPBI                         A:00082E54
LAB_PPFN                         A:00082E46
LAB_PPFS                         A:00082E38
LAB_PRINT                        A:00082934
LAB_PRNA                         A:000829F8
LAB_P_10                         A:00084BA4
LAB_ProcFo                       A:000845C2
LAB_RAM                          A:00084858
LAB_READ                         A:00082A94
LAB_REDO                         A:000854B4
LAB_REM                          A:000827C4
LAB_REMM                         A:00083B52
LAB_RESTORE                      A:00082608
LAB_RESs                         A:0008261A
LAB_RETURN                       A:0008271A
LAB_RG                           A:00085190
LAB_RGER                         A:00082168
LAB_RIGHT                        A:000835FE
LAB_RMSG                         A:000854C6
LAB_RND                          A:000840D6
LAB_RSED                         A:00084ABC
LAB_RSHIFT                       A:00082F64
LAB_RTST                         A:00083402
LAB_RUN                          A:0008265E
LAB_RUNn                         A:0008266C
LAB_SADD                         A:000836D4
LAB_SAVE                         A:00083838
LAB_SCCA                         A:00082DA0
LAB_SCER                         A:00082138
LAB_SCGB                         A:00082D9A
LAB_SCL0                         A:00084190
LAB_SCLN                         A:000823F4
LAB_SCZE                         A:00084182
LAB_SET1                         A:00083B04
LAB_SGBY                         A:00083704
LAB_SGN                          A:00083C0C
LAB_SIN                          A:00084142
LAB_SLER                         A:0008213C
LAB_SMSG                         A:000854D0
LAB_SN                           A:00085189
LAB_SNBS                         A:00082734
LAB_SNER                         A:0008216C
LAB_SQE1                         A:0008480A
LAB_SQE2                         A:00084810
LAB_SQNA                         A:00084838
LAB_SQNS                         A:00084822
LAB_SQR                          A:000847E6
LAB_SSLN                         A:000823EC
LAB_ST                           A:00085244
LAB_STOP                         A:000825E2
LAB_STRS                         A:000833B8
LAB_SUBTRACT                     A:0008386A
LAB_SVAR                         A:00082FB2
LAB_SVTB                         A:000847B8
LAB_SWAP                         A:000837FE
LAB_TAN                          A:00084108
LAB_TBSZ                         A:00084798
LAB_TM                           A:00085226
LAB_TMER                         A:00082140
LAB_TWOPI                        A:00084872
LAB_U002                         A:0008432C
LAB_U004                         A:00084382
LAB_U005                         A:00084392
LAB_U006                         A:00084394
LAB_U008                         A:000843A8
LAB_U009                         A:000843CA
LAB_U00A                         A:000843D2
LAB_U00B                         A:000843DC
LAB_U00C                         A:000843F0
LAB_U00D                         A:000843F4
LAB_U00E                         A:00084406
LAB_U00F                         A:00084412
LAB_U010                         A:00084416
LAB_U014                         A:0008441C
LAB_U018                         A:00084424
LAB_U01C                         A:0008443A
LAB_U020                         A:00084446
LAB_U022                         A:0008444C
LAB_U026                         A:0008445C
LAB_U02A                         A:00084466
LAB_U02B                         A:0008447E
LAB_U02C                         A:00084484
LAB_U02E                         A:00084496
LAB_U030                         A:0008449A
LAB_U034                         A:000844B0
LAB_U036                         A:000844B6
LAB_U038                         A:000844BE
LAB_U03C                         A:000844C6
LAB_U03E                         A:000844CC
LAB_U040                         A:000844E4
LAB_U044                         A:000844F4
LAB_U046                         A:0008451C
LAB_U048                         A:0008451E
LAB_U04A                         A:00084528
LAB_U04C                         A:0008455A
LAB_UA                           A:0008529C
LAB_UCASE                        A:000836A2
LAB_UDER                         A:00082124
LAB_UF                           A:00085266
LAB_UFAC                         A:00083B60
LAB_UFER                         A:00082130
LAB_US                           A:000851D6
LAB_USER                         A:00082154
LAB_USINGS                       A:00084302
LAB_USR                          A:0008382C
LAB_UV                           A:00085289
LAB_UVER                         A:00082128
LAB_VAL                          A:00083730
LAB_VALZ                         A:00083758
LAB_VARCALL                      A:0008484A
LAB_VARPTR                       A:00084848
LAB_WAIT                         A:00083846
LAB_WARM                         A:00000400
LAB_WD                           A:000852B0
LAB_WDER                         A:00082120
LAB_WDLP                         A:000847CC
LAB_WDTH                         A:00084766
LAB_XDIV                         A:00083B14
LAB_XERR                         A:00082172
LAB_XGADW                        A:0008378C
LAB_exxf                         A:00084A20
LAB_ret0                         A:000849BE
LAB_rtn0                         A:000849C0
LAB_sizok                        A:00082066
LC_loop                          A:00083688
L_DDIV                           A:00083B5A
L_DIVRND                         A:00083B08
LoopAlways                       A:00082700
LoopDone                         A:00082714
Lvarpl                           A:00000472
NextB1                           A:00084648
NextB2                           A:0008466E
NextH1                           A:0008469A
NextPRN                          A:000840E4
Ninc0                            A:000840EC
Ninc1                            A:000840F2
NoLcase                          A:000836CA
NoShift                          A:00082F60
NoString                         A:000836D0
NoUcase                          A:0008369A
Not2Big                          A:00082F78
Nullct                           A:000005E4
Oquote                           A:000005DD
PRNlword                         A:000005A0
RTS_001                          A:00082DC4
RTS_005                          A:00082454
RTS_006                          A:00082634
RTS_007                          A:00082732
RTS_007a                         A:00082748
RTS_008                          A:000828F8
RTS_009                          A:000829F4
RTS_011                          A:0008326A
RTS_012                          A:00083532
RTS_013                          A:000835A6
RTS_015                          A:000837FC
RTS_016                          A:000838D6
RTS_017                          A:00083BF2
RTS_020                          A:00083F76
RTS_021                          A:000842B2
RTS_022                          A:000846D8
RTS_023                          A:000847E4
RTS_024                          A:00084A30
RTS_025                          A:00084A92
RXNOTREADY                       A:00082024
Rdptrl                           A:00000466
Sarryl                           A:0000043E
Sfncl                            A:00000432
Smeml                            A:0000042E
Sstorl                           A:00000446
Sstrl                            A:0000043A
Sufnxf                           A:000005DF
Sutill                           A:0000044E
Svarl                            A:00000436
TAB_ASCA                         A:000852F4
TAB_ASCB                         A:00085304
TAB_ASCC                         A:0008531D
TAB_ASCD                         A:00085334
TAB_ASCE                         A:0008534D
TAB_ASCF                         A:0008535C
TAB_ASCG                         A:00085366
TAB_ASCH                         A:00085373
TAB_ASCI                         A:00085379
TAB_ASCL                         A:00085388
TAB_ASCM                         A:000853B6
TAB_ASCN                         A:000853C4
TAB_ASCO                         A:000853D3
TAB_ASCP                         A:000853D8
TAB_ASCR                         A:000853ED
TAB_ASCS                         A:00085417
TAB_ASCT                         A:00085442
TAB_ASCU                         A:00085456
TAB_ASCV                         A:0008546E
TAB_ASCW                         A:0008547A
TAB_ATNC                         A:00084D12
TAB_CHRT                         A:00084F4A
TAB_EQUL                         A:000852EC
TAB_HTHET                        A:00084D92
TAB_LESS                         A:000852E8
TAB_MNUS                         A:000852E4
TAB_MORE                         A:000852EE
TAB_PLUS                         A:000852E2
TAB_POWR                         A:00085489
TAB_QEST                         A:000852F2
TAB_SLAS                         A:000852E6
TAB_SNCO                         A:00084C92
TAB_STAR                         A:000852E0
TK_ABS                           E:000000C1
TK_AND                           E:000000B7
TK_ASC                           E:000000D3
TK_ATN                           E:000000CC
TK_BINS                          E:000000D8
TK_BITCLR                        E:000000A7
TK_BITSET                        E:000000A6
TK_BITTST                        E:000000D9
TK_CALL                          E:0000009B
TK_CHRS                          E:000000D6
TK_CLEAR                         E:000000A1
TK_CONT                          E:0000009F
TK_COS                           E:000000C9
TK_DATA                          E:00000083
TK_DEC                           E:00000088
TK_DEEK                          E:000000CE
TK_DEF                           E:00000097
TK_DIM                           E:00000085
TK_DIV                           E:000000B5
TK_DO                            E:0000009C
TK_DOKE                          E:00000099
TK_ELSE                          E:000000A9
TK_END                           E:00000080
TK_EOR                           E:000000B8
TK_EQUAL                         E:000000BD
TK_EXP                           E:000000C8
TK_FN                            E:000000AB
TK_FOR                           E:00000081
TK_FRE                           E:000000C3
TK_GET                           E:000000A4
TK_GOSUB                         E:0000008D
TK_GOTO                          E:00000089
TK_GT                            E:000000BC
TK_HEXS                          E:000000D7
TK_IF                            E:0000008B
TK_INC                           E:00000093
TK_INPUT                         E:00000084
TK_INT                           E:000000C0
TK_LCASES                        E:000000D5
TK_LEEK                          E:000000CF
TK_LEFTS                         E:000000E1
TK_LEN                           E:000000D0
TK_LET                           E:00000087
TK_LIST                          E:000000A0
TK_LOAD                          E:00000095
TK_LOG                           E:000000C7
TK_LOKE                          E:0000009A
TK_LOOP                          E:0000009D
TK_LSHIFT                        E:000000BB
TK_LT                            E:000000BE
TK_MAX                           E:000000DA
TK_MIDS                          E:000000E3
TK_MIN                           E:000000DB
TK_MINUS                         E:000000B3
TK_MULT                          E:000000B4
TK_NEW                           E:000000A2
TK_NEXT                          E:00000082
TK_NOT                           E:000000AE
TK_NULL                          E:00000092
TK_ON                            E:00000091
TK_OR                            E:000000B9
TK_PEEK                          E:000000CD
TK_PI                            E:000000DD
TK_PLUS                          E:000000B2
TK_POKE                          E:00000098
TK_POS                           E:000000C4
TK_POWER                         E:000000B6
TK_PRINT                         E:0000009E
TK_RAM                           E:000000DC
TK_READ                          E:00000086
TK_REM                           E:0000008F
TK_RESTORE                       E:0000008C
TK_RETURN                        E:0000008E
TK_RIGHTS                        E:000000E2
TK_RND                           E:000000C6
TK_RSHIFT                        E:000000BA
TK_RUN                           E:0000008A
TK_SADD                          E:000000E0
TK_SAVE                          E:00000096
TK_SGN                           E:000000BF
TK_SIN                           E:000000CA
TK_SPC                           E:000000AC
TK_SQR                           E:000000C5
TK_STEP                          E:000000AF
TK_STOP                          E:00000090
TK_STRS                          E:000000D1
TK_SWAP                          E:000000A5
TK_TAB                           E:000000A8
TK_TAN                           E:000000CB
TK_THEN                          E:000000AD
TK_TO                            E:000000AA
TK_TWOPI                         E:000000DE
TK_UCASES                        E:000000D4
TK_UNTIL                         E:000000B0
TK_USINGS                        E:000000E4
TK_USR                           E:000000C2
TK_VAL                           E:000000D2
TK_VPTR                          E:000000DF
TK_WAIT                          E:00000094
TK_WHILE                         E:000000B1
TK_WIDTH                         E:000000A3
TPos                             A:000005E5
TWidth                           A:000005E6
TabSiz                           A:000005E2
TooBig                           A:00082F7E
UC_loop                          A:000836B8
Usdss                            A:000005CC
Usrjmp                           A:00000406
Usrjpv                           A:00000408
VEC_CC                           A:000846B4
VEC_IN                           A:0008200A
VEC_LD                           A:0008202E
VEC_OUT                          A:00082002
VEC_SV                           A:00082034
V_CTLC                           A:00000424
V_CTLCv                          A:00000426
V_INPT                           A:0000040C
V_INPTv                          A:0000040E
V_LOAD                           A:00000418
V_LOADv                          A:0000041A
V_OUTP                           A:00000412
V_OUTPv                          A:00000414
V_SAVE                           A:0000041E
V_SAVEv                          A:00000420
Varname                          A:0000046A
WExit                            A:000847BC
Wrmjpv                           A:00000402
ccbyte                           A:000005E9
ccflag                           A:000005E8
ccnull                           A:000005EA
code_start                       A:0008203A
comp_f                           A:000005E3
cosout                           E:000005B4
d1x02                            A:00084A6E
d1x10                            A:00084A84
d1x16                            A:00084A60
des_sk                           A:0000048E
des_sk_e                         A:00000476
expcnt                           E:000005AD
expneg                           E:000005AF
fend                             E:00000008
flag                             E:0000059F
fsd                              E:00000000
fsdc                             E:0000000A
fsdpi                            E:00000008
fsli                             E:00000006
fsti                             E:00000004
func_l                           A:000005B0
mainloop                         A:000841CC
nexta                            A:000841DE
nobrk                            E:00000000
novar                            E:00000000
numexp                           E:000005AC
ofchr                            E:00000023
outloop                          A:000841EC
prg_strt                         A:000005EC
prstk                            A:000005D8
ram_addr                         E:00002000
ram_base                         A:00000400
ram_size                         E:00006000
ram_strt                         A:00000000
subexit                          A:000841F6
subloop                          A:000841C4
tpower                           A:000005D9
ut1_pl                           A:000005A4

Symbols by value:
00000000 FLASH_SUPPORT
00000000 fsd
00000000 nobrk
00000000 novar
00000000 ram_strt
00000004 fsti
00000006 fsli
00000008 fend
00000008 fsdpi
0000000A fsdc
00000023 ofchr
00000080 TK_END
00000081 TK_FOR
00000082 TK_NEXT
00000083 TK_DATA
00000084 TK_INPUT
00000085 TK_DIM
00000086 TK_READ
00000087 TK_LET
00000088 TK_DEC
00000089 TK_GOTO
0000008A TK_RUN
0000008B TK_IF
0000008C TK_RESTORE
0000008D TK_GOSUB
0000008E TK_RETURN
0000008F TK_REM
00000090 TK_STOP
00000091 TK_ON
00000092 TK_NULL
00000093 TK_INC
00000094 TK_WAIT
00000095 TK_LOAD
00000096 TK_SAVE
00000097 TK_DEF
00000098 TK_POKE
00000099 TK_DOKE
0000009A TK_LOKE
0000009B TK_CALL
0000009C TK_DO
0000009D TK_LOOP
0000009E TK_PRINT
0000009F TK_CONT
000000A0 TK_LIST
000000A1 TK_CLEAR
000000A2 TK_NEW
000000A3 TK_WIDTH
000000A4 TK_GET
000000A5 TK_SWAP
000000A6 TK_BITSET
000000A7 TK_BITCLR
000000A8 TK_TAB
000000A9 TK_ELSE
000000AA TK_TO
000000AB TK_FN
000000AC TK_SPC
000000AD TK_THEN
000000AE TK_NOT
000000AF TK_STEP
000000B0 TK_UNTIL
000000B1 TK_WHILE
000000B2 TK_PLUS
000000B3 TK_MINUS
000000B4 TK_MULT
000000B5 TK_DIV
000000B6 TK_POWER
000000B7 TK_AND
000000B8 TK_EOR
000000B9 TK_OR
000000BA TK_RSHIFT
000000BB TK_LSHIFT
000000BC TK_GT
000000BD TK_EQUAL
000000BE TK_LT
000000BF TK_SGN
000000C0 TK_INT
000000C1 TK_ABS
000000C2 TK_USR
000000C3 TK_FRE
000000C4 TK_POS
000000C5 TK_SQR
000000C6 TK_RND
000000C7 TK_LOG
000000C8 TK_EXP
000000C9 TK_COS
000000CA TK_SIN
000000CB TK_TAN
000000CC TK_ATN
000000CD TK_PEEK
000000CE TK_DEEK
000000CF TK_LEEK
000000D0 TK_LEN
000000D1 TK_STRS
000000D2 TK_VAL
000000D3 TK_ASC
000000D4 TK_UCASES
000000D5 TK_LCASES
000000D6 TK_CHRS
000000D7 TK_HEXS
000000D8 TK_BINS
000000D9 TK_BITTST
000000DA TK_MAX
000000DB TK_MIN
000000DC TK_RAM
000000DD TK_PI
000000DE TK_TWOPI
000000DF TK_VPTR
000000E0 TK_SADD
000000E1 TK_LEFTS
000000E2 TK_RIGHTS
000000E3 TK_MIDS
000000E4 TK_USINGS
00000400 LAB_WARM
00000400 ram_base
00000402 Wrmjpv
00000406 Usrjmp
00000408 Usrjpv
0000040C V_INPT
0000040E V_INPTv
00000412 V_OUTP
00000414 V_OUTPv
00000418 V_LOAD
0000041A V_LOADv
0000041E V_SAVE
00000420 V_SAVEv
00000424 V_CTLC
00000426 V_CTLCv
0000042A Itemp
0000042E Smeml
00000432 Sfncl
00000436 Svarl
0000043A Sstrl
0000043E Sarryl
00000442 Earryl
00000446 Sstorl
0000044A Ememl
0000044E Sutill
00000452 Clinel
00000456 Blinel
0000045A Cpntrl
0000045E Dlinel
00000462 Dptrl
00000466 Rdptrl
0000046A Varname
0000046E Cvaral
00000472 Lvarpl
00000476 des_sk_e
0000048E des_sk
00000490 Ibuffs
00000590 FAC1_m
00000590 Ibuffe
00000594 FAC1_e
00000595 FAC1_s
00000598 FAC2_m
0000059C FAC2_e
0000059D FAC2_s
0000059E FAC_sc
0000059F flag
000005A0 PRNlword
000005A4 ut1_pl
000005A8 Asptl
000005AC Astrtl
000005AC numexp
000005AD expcnt
000005AF expneg
000005B0 func_l
000005B4 Defdim
000005B4 cosout
000005B5 Dtypef
000005B6 Binss
000005C6 Decss
000005CC Usdss
000005CE Hexss
000005D6 BHsend
000005D8 prstk
000005D9 tpower
000005DA Asrch
000005DB Dimcnt
000005DC Breakf
000005DD Oquote
000005DE Gclctd
000005DF Sufnxf
000005E0 Imode
000005E1 Cflag
000005E2 TabSiz
000005E3 comp_f
000005E4 Nullct
000005E5 TPos
000005E6 TWidth
000005E7 Iclim
000005E8 ccflag
000005E9 ccbyte
000005EA ccnull
000005EC prg_strt
00002000 ram_addr
00006000 ram_size
00082002 VEC_OUT
0008200A VEC_IN
00082024 RXNOTREADY
0008202E VEC_LD
00082034 VEC_SV
0008203A code_start
00082058 LAB_COLD
00082066 LAB_sizok
00082118 LAB_FOER
0008211C LAB_ADER
00082120 LAB_WDER
00082124 LAB_UDER
00082128 LAB_UVER
0008212C LAB_LDER
00082130 LAB_UFER
00082134 LAB_CCER
00082138 LAB_SCER
0008213C LAB_SLER
00082140 LAB_TMER
00082144 LAB_IDER
00082148 LAB_DZER
0008214C LAB_DDER
00082150 LAB_ABER
00082154 LAB_USER
00082158 LAB_OMER
0008215C LAB_OFER
00082160 LAB_FCER
00082164 LAB_ODER
00082168 LAB_RGER
0008216C LAB_SNER
00082170 LAB_NFER
00082172 LAB_XERR
0008218E LAB_1269
0008219C LAB_1274
000821A4 LAB_127D
000821B2 LAB_127E
000821C6 LAB_1295
000821E8 LAB_12AE
000821EA LAB_12B0
0008220A LAB_12E6
0008223C LAB_12FF
0008223E LAB_1301
0008225C LAB_1303
00082264 LAB_132E
00082266 LAB_1330
00082274 LAB_1325
00082282 LAB_134B
00082296 LAB_INLN
000822A0 LAB_1357
000822A6 LAB_1359
000822C6 LAB_1374
000822CC LAB_1378
000822D8 LAB_137F
000822DE LAB_138E
000822E2 LAB_1392
00082316 LAB_13A6
0008231E LAB_13AC
00082348 LAB_13C6
0008234E LAB_13CC
00082370 LAB_13D6
00082376 LAB_13D8
00082382 LAB_13EA
00082384 LAB_13EC
0008239C LAB_13FF
000823A0 LAB_1401
000823AC LAB_1408
000823B8 LAB_1410
000823C2 LAB_1417
000823C4 LAB_141B
000823D4 LAB_141F
000823DA LAB_142A
000823E6 LAB_142C
000823EC LAB_SSLN
000823F2 LAB_145F
000823F4 LAB_SCLN
00082400 LAB_145E
00082406 LAB_NEW
00082408 LAB_1463
00082414 LAB_1477
0008241A LAB_147A
00082434 LAB_1480
0008243E LAB_1491
00082454 RTS_005
00082456 LAB_CLEAR
0008245A LAB_LIST
0008246E LAB_14BD
00082472 LAB_14C0
00082492 LAB_14D4
000824AE LAB_14E2
000824BC LAB_150C
000824CA LAB_1519
000824D6 LAB_152E
00082502 LAB_1540
0008250E LAB_FOR
00082562 LAB_15B3
00082574 LAB_15DC
00082586 LAB_15F6
0008258C LAB_15C2
00082598 LAB_15D1
000825A6 LAB_15FF
000825AA LAB_1602
000825CE LAB_1629
000825D2 LAB_1636
000825D8 LAB_1639
000825DA LAB_END
000825E2 LAB_STOP
000825E4 LAB_163B
000825F0 LAB_1647
000825F6 LAB_164F
00082608 LAB_RESTORE
0008261A LAB_RESs
00082626 LAB_GSCH
0008262E LAB_1624
00082634 RTS_006
00082636 LAB_NULL
00082640 LAB_CONT
0008265E LAB_RUN
0008266C LAB_RUNn
00082672 LAB_DO
00082684 LAB_GOSUB
0008268E LAB_16B0
00082696 LAB_GOTO
000826A6 LAB_GOTs
000826B2 LAB_16D0
000826C4 LAB_LOOP
000826E6 DoRest
000826FA DoCmp
00082700 LoopAlways
00082714 LoopDone
0008271A LAB_RETURN
0008272E LAB_DATA
00082732 RTS_007
00082734 LAB_SNBS
0008273C LAB_172C
00082744 LAB_172D
00082748 RTS_007a
0008274C LAB_1723
00082750 LAB_1725
00082756 LAB_IF
00082778 LAB_174B
0008279C LAB_174E
000827A4 LAB_1750
000827B0 LAB_1752
000827B4 LAB_1756
000827C4 LAB_REM
000827C8 LAB_1754
000827CC LAB_ON
000827E6 LAB_176C
000827F0 LAB_1773
00082800 LAB_GFPN
0008280C LAB_1785
00082838 LAB_1786
0008283E LAB_DEC
00082844 LAB_INC
0008284A LAB_17B8
0008284E LAB_17B7
00082884 LAB_INCT
00082892 LAB_INCI
0008289C LAB_DECI
000828A0 LAB_LET
000828C8 LAB_17D5
000828CC LAB_17D6
000828DE LAB_1810
000828EE LAB_1811
000828F4 LAB_1813
000828F8 RTS_008
000828FA LAB_GET
00082914 LAB_GETS
00082926 LAB_NoSt
0008292C LAB_1829
00082930 LAB_182C
00082934 LAB_PRINT
00082936 LAB_1831
00082976 LAB_185E
0008297A LAB_1866
00082980 LAB_CRLF
00082988 LAB_188B
00082996 LAB_1898
000829A0 LAB_18A2
000829C2 LAB_18B7
000829CE LAB_18B8
000829D4 LAB_18BD
000829DE LAB_18C3
000829E2 LAB_18C6
000829EC LAB_18CD
000829F4 RTS_009
000829F6 LAB_18E3
000829F8 LAB_PRNA
00082A16 LAB_18F0
00082A24 LAB_18F7
00082A28 LAB_18F9
00082A3C LAB_1880
00082A46 LAB_1886
00082A4A LAB_188A
00082A4E LAB_1904
00082A60 LAB_1913
00082A6E LAB_INPUT
00082A86 LAB_1934
00082A94 LAB_READ
00082A9A LAB_1953
00082AA2 LAB_195B
00082AAC LAB_1961
00082ACC LAB_1984
00082AD0 LAB_1985
00082AD4 LAB_1986
00082AE8 LAB_1999
00082AFA LAB_19B0
00082B0A LAB_19B6
00082B1A LAB_19C2
00082B2E LAB_19DD
00082B4E LAB_19F6
00082B5C LAB_1A03
00082B6C LAB_1A0E
00082B72 LAB_1A1B
00082B7A LAB_NEXT
00082B8C LAB_1A46
00082B9A LAB_11A5
00082B9C LAB_11A6
00082BA8 LAB_11BD
00082C0A LAB_1A90
00082C18 LAB_1A9B
00082C30 LAB_EVNM
00082C32 LAB_CTNM
00082C34 LAB_CKTM
00082C42 LAB_1ABA
00082C48 LAB_EVEX
00082C4A LAB_EVEZ
00082C52 LAB_1B43
00082C6E LAB_1ACD
00082C7A LAB_1ADB
00082C7E LAB_1ADE
00082C94 LAB_1AE0
00082CAE LAB_1AFA
00082CC4 LAB_1B0B
00082CCC LAB_1B13
00082CDC LAB_1B1C
00082CDE LAB_1B1D
00082CF0 LAB_1B2A
00082D0C LAB_1B3C
00082D18 LAB_1B78
00082D1C LAB_1B7B
00082D1E LAB_1B7D
00082D28 LAB_1B84
00082D2C LAB_1B86
00082D50 LAB_1B9D
00082D56 LAB_GVAL
00082D80 LAB_1BC1
00082D8C LAB_1BF3
00082D92 LAB_1BF7
00082D96 LAB_1BFB
00082D9A LAB_SCGB
00082D9E LAB_1C01
00082DA0 LAB_SCCA
00082DA8 LAB_IGBY
00082DAA LAB_GBYT
00082DC4 RTS_001
00082DC6 LAB_1C11
00082DCC LAB_1C13
00082DD2 LAB_1C18
00082DD6 LAB_1C19
00082DE6 LAB_1C1A
00082DEC LAB_1BD0
00082E06 LAB_1BE7
00082E38 LAB_PPFS
00082E44 LAB_1C2A
00082E46 LAB_PPFN
00082E54 LAB_PPBI
00082E5E LAB_LRMS
00082E80 LAB_BHSS
00082EA6 LAB_BHCB
00082EB0 LAB_EOR
00082EB8 LAB_OR
00082EC0 LAB_AND
00082EC8 GetFirst
00082ED6 LAB_EQUAL
00082EE0 LAB_LTHAN
00082EEC LAB_1CAE
00082F0A LAB_1CB5
00082F14 LAB_1CD4
00082F1A LAB_1CD5
00082F1C LAB_1CD6
00082F1E LAB_1CE6
00082F2C LAB_1CDB
00082F2E LAB_1CF2
00082F44 LAB_1CFE
00082F48 LAB_DIM
00082F54 LAB_LSHIFT
00082F60 NoShift
00082F64 LAB_RSHIFT
00082F78 Not2Big
00082F7E TooBig
00082F84 GetPair
00082F96 LAB_CASC
00082F9C LAB_CAUC
00082FA6 LAB_1D8A
00082FAC LAB_1D83
00082FB2 LAB_SVAR
00082FB4 LAB_FVAR
00082FB6 LAB_GVAR
00082FBC LAB_1D10
00082FC0 LAB_1D12
00082FD2 LAB_1D2D
00082FDE LAB_1D2E
00082FFA LAB_1D44
0008300A LAB_1D45
0008301E LAB_1D48
00083026 LAB_1D49
0008302A LAB_1D4A
0008303A LAB_1D4B
00083042 LAB_1D5D
00083048 LAB_1D5E
0008305C LAB_1D94
00083066 LAB_1D98
00083080 LAB_1DAC
00083082 LAB_1DAE
0008308E LAB_1DAF
0008309C LAB_1DB0
000830A0 LAB_1DB1
000830A4 LAB_1DB2
000830BC LAB_1DD7
000830D6 LAB_1DE6
000830E2 LAB_EVIN
000830EA LAB_EVPI
000830F2 LAB_EVIR
00083118 LAB_1E17
0008311E LAB_1E1F
00083158 LAB_1E5C
00083174 LAB_1E8D
00083190 LAB_1EA1
000831AC LAB_1EDF
000831B8 LAB_1EC0
000831E4 LAB_1ED6
000831F2 LAB_1ED8
00083204 LAB_1F07
0008321E LAB_1F28
00083224 LAB_1F2C
00083232 LAB_1F5A
0008325A LAB_1F6A
00083266 LAB_1F6B
0008326A RTS_011
0008326C LAB_1F7C
00083290 LAB_FRE
0008329A LAB_1FB4
000832A6 LAB_AYFC
000832C2 LAB_POS
000832C6 LAB_1FD0
000832CE LAB_CKRN
000832D8 LAB_DEF
00083320 LAB_201E
0008336E LAB_2043
00083370 LAB_204S
0008339E LAB_204T
000833A0 LAB_2044
000833AA LAB_2045
000833B8 LAB_STRS
000833BC LAB_20AE
000833C0 LAB_20B4
000833C6 LAB_20BE
000833D6 LAB_20CB
000833DE LAB_20D0
000833EA LAB_20C9
000833F4 LAB_20D8
000833FC LAB_20E0
00083402 LAB_RTST
0008341C LAB_2115
00083434 LAB_2117
0008344E LAB_2128
00083452 LAB_2137
00083468 LAB_GARB
00083472 LAB_214B
00083486 LAB_2161
0008348C LAB_2176
00083498 LAB_217E
000834B2 LAB_2183
000834BA LAB_218B
000834BC LAB_218F
000834C8 LAB_21C2
000834CC LAB_21C4
000834F0 LAB_2216
000834F8 LAB_2240
00083500 LAB_21D1
00083506 LAB_2206
0008352E LAB_2212
00083532 RTS_012
00083534 LAB_224D
0008354A LAB_224E
0008358E LAB_229E
0008359A LAB_22A0
000835A6 RTS_013
000835A8 LAB_22B6
000835AC LAB_22BA
000835B6 LAB_22BD
000835D0 LAB_22E6
000835DA LAB_CHRS
000835DE LAB_MKCHR
000835EA LAB_LEFT
000835FE LAB_RIGHT
00083610 LAB_2316
00083612 LAB_2317
00083616 LAB_231C
0008362E LAB_MIDS
0008364A LAB_2358
0008366A LAB_2368
00083672 LAB_LCASE
00083688 LC_loop
0008369A NoUcase
000836A2 LAB_UCASE
000836B8 UC_loop
000836CA NoLcase
000836D0 NoString
000836D4 LAB_SADD
000836EC LAB_LENS
000836F4 LAB_ASC
00083704 LAB_SGBY
00083708 LAB_GTBY
0008370C LAB_EVBY
0008371C LAB_GTWO
00083730 LAB_VAL
00083758 LAB_VALZ
0008375E LAB_GADB
00083772 LAB_GADW
0008378C LAB_XGADW
00083792 LAB_GEAD
000837A8 LAB_PEEK
000837B4 LAB_POKE
000837BA LAB_DEEK
000837D0 LAB_LEEK
000837E4 LAB_DOKE
000837EA LAB_LOKE
000837FC RTS_015
000837FE LAB_SWAP
0008382C LAB_USR
00083834 LAB_LOAD
00083838 LAB_SAVE
0008383C LAB_CALL
00083846 LAB_WAIT
0008385C LAB_2441
00083860 LAB_2445
0008386A LAB_SUBTRACT
0008387E LAB_ADD
000838A2 LAB_249C
000838B0 LAB_2467
000838B4 LAB_2468
000838B8 LAB_24A8
000838D2 LAB_24F7
000838D6 RTS_016
000838D8 LAB_24F8
000838E2 LAB_24B4
000838EE LAB_24D0
000838F8 LAB_24D5
00083906 LAB_24D9
00083912 LAB_24D6
00083920 LAB_24D7
00083926 LAB_24D8
0008392C LAB_24DA
0008392E LAB_LOG
000839A6 LAB_LAAD
000839AC LAB_LOCC
000839B6 LAB_LOLP
000839C8 LAB_LOCX
000839CC LAB_LONN
000839DA LAB_LOXP
000839E4 LAB_LONE
000839EA LAB_LOXO
00083A1E LAB_LOWZ
00083A20 LAB_MULTIPLY
00083A46 LAB_MNOC
00083A4C LAB_MADD
00083A76 LAB_MUF1
00083A80 LAB_MUF2
00083A96 LAB_MUF3
00083A9A LAB_MUEX
00083AA0 LAB_MUUF
00083AAC LAB_DIVIDE
00083AE4 AC1gtAC2
00083AFC LAB_DIVX
00083B04 LAB_SET1
00083B08 L_DIVRND
00083B14 LAB_XDIV
00083B20 LAB_MAN1
00083B26 LAB_DIV0
00083B2C LAB_32_16
00083B2E LAB_3216
00083B3A LAB_LT_1
00083B52 LAB_REMM
00083B5A L_DDIV
00083B60 LAB_UFAC
00083B72 LAB_NB1T
00083B7C LAB_PFAC
00083B94 LAB_2778
00083B96 LAB_277C
00083BBA LAB_279B
00083BC8 LAB_27BA
00083BE4 LAB_27C3
00083BEE LAB_27C4
00083BF2 RTS_017
00083BF4 LAB_27CA
00083BFC LAB_27CE
00083C00 LAB_27D0
00083C0C LAB_SGN
00083C0E LAB_27DB
00083C1E LAB_ABS
00083C26 LAB_27FA
00083C46 LAB_2828
00083C4C LAB_282E
00083C4E LAB_282F
00083C52 LAB_2831
00083C74 LAB_284G
00083C7C LAB_284L
00083C86 LAB_284H
00083C88 LAB_284J
00083C8E LAB_INT
00083CA6 LAB_IRTS
00083CA8 LAB_2953
00083CB4 LAB_295E
00083CC0 LAB_2967
00083CC8 LAB_2968
00083CDA LAB_2969
00083CE4 LAB_296A
00083CFA LAB_2970
00083D0A LAB_2978
00083D1A LAB_2989
00083D46 LAB_29B9
00083D6E LAB_299C
00083D96 LAB_29A7
00083DAE LAB_29B7
00083DBC LAB_29C0
00083DD4 LAB_29C3
00083DEE LAB_29D9
00083E00 LAB_29E4
00083E14 LAB_29F7
00083E18 LAB_29FB
00083E20 LAB_29FD
00083E30 LAB_2A18
00083E32 LAB_2A1A
00083E3A LAB_2A21
00083E5A LAB_2A3B
00083E68 LAB_2A4B
00083E7C LAB_2A58
00083E94 LAB_2A68
00083EA0 LAB_2A74
00083EBC LAB_2A89
00083EC0 LAB_2A8C
00083EC6 LAB_2A91
00083ECA LAB_27F0
00083EE0 LAB_27F1
00083EE6 LAB_27F2
00083EE8 LAB_27F3
00083EEA LAB_POON
00083EFA LAB_POZE
00083F06 LAB_POWER
00083F38 LAB_POWP
00083F6A LAB_GTHAN
00083F76 RTS_020
00083F78 LAB_EX1
00083F88 LAB_EXOU
00083F9C LAB_EXOF
00083FB2 LAB_EXOL
00083FBC LAB_EXP
00083FE2 LAB_EXCM
00083FF4 LAB_EXPS
00084040 LAB_ESML
00084096 LAB_EXPL
0008409C LAB_EXNN
000840A2 LAB_EXRN
000840B0 LAB_EXCC
000840CA LAB_EXAD
000840D6 LAB_RND
000840E4 NextPRN
000840EC Ninc0
000840F2 Ninc1
00084108 LAB_TAN
0008412A LAB_COS
00084142 LAB_SIN
00084182 LAB_SCZE
00084190 LAB_SCL0
0008419A LAB_CORD
000841A8 LAB_LTPF
000841B4 LAB_LTPT
000841C4 subloop
000841CC mainloop
000841DE nexta
000841EC outloop
000841F6 subexit
00084202 LAB_ATN
00084220 LAB_ATGO
0008423E LAB_ATLE
0008425C LAB_ATNP
00084262 LAB_ATCD
00084268 LAB_CATN
000842B2 RTS_021
000842B4 LAB_BITSET
000842C4 LAB_BITCLR
000842D4 LAB_BTST
00084302 LAB_USINGS
0008432C LAB_U002
00084382 LAB_U004
00084392 LAB_U005
00084394 LAB_U006
000843A8 LAB_U008
000843CA LAB_U009
000843D2 LAB_U00A
000843DC LAB_U00B
000843F0 LAB_U00C
000843F4 LAB_U00D
00084406 LAB_U00E
00084412 LAB_U00F
00084416 LAB_U010
0008441C LAB_U014
00084424 LAB_U018
0008443A LAB_U01C
00084446 LAB_U020
0008444C LAB_U022
0008445C LAB_U026
00084466 LAB_U02A
0008447E LAB_U02B
00084484 LAB_U02C
00084496 LAB_U02E
0008449A LAB_U030
000844B0 LAB_U034
000844B6 LAB_U036
000844BE LAB_U038
000844C6 LAB_U03C
000844CC LAB_U03E
000844E4 LAB_U040
000844F4 LAB_U044
0008451C LAB_U046
0008451E LAB_U048
00084528 LAB_U04A
0008455A LAB_U04C
00084584 LAB_DupFmt
0008459C LAB_D002
000845AC LAB_D00A
000845BC LAB_D00E
000845C2 LAB_ProcFo
000845DA LAB_P004
000845F0 LAB_P008
000845F8 LAB_P00C
00084604 LAB_P00E
00084608 LAB_P010
00084622 LAB_P018
00084626 LAB_P01A
0008462E LAB_P01E
00084638 LAB_BINS
00084648 NextB1
00084656 EndBHS
0008466E NextB2
0008467C BinPr
00084686 GoPr
0008468A LAB_HEXS
0008469A NextH1
000846B4 VEC_CC
000846CE LAB_FBA0
000846D8 RTS_022
000846DA INGET
000846EA LAB_FB95
000846F6 LAB_MAX
00084702 LAB_MAXN
0008470C LAB_MIN
00084718 LAB_MINN
00084722 LAB_MMEC
00084730 LAB_PHFA
00084766 LAB_WDTH
00084786 LAB_NSTT
00084798 LAB_TBSZ
000847B8 LAB_SVTB
000847BC WExit
000847CC LAB_WDLP
000847E4 RTS_023
000847E6 LAB_SQR
0008480A LAB_SQE1
00084810 LAB_SQE2
00084822 LAB_SQNS
00084838 LAB_SQNA
00084848 LAB_VARPTR
0008484A LAB_VARCALL
00084858 LAB_RAM
00084862 LAB_PI
00084872 LAB_TWOPI
00084882 LAB_2887
000848AC LAB_289A
000848B2 LAB_289C
000848B8 LAB_289D
000848D4 LAB_28FD
000848DA LAB_28FE
000848E0 LAB_28FF
000848EE LAB_2900
000848F4 LAB_2901
0008490C LAB_2X01
00084914 LAB_2X02
00084922 LAB_2X03
00084928 LAB_2X04
0008493E LAB_2X05
00084946 LAB_2902
0008494E LAB_2903
00084950 LAB_2904
0008495E LAB_2Y01
00084966 LAB_2Y02
00084972 LAB_2Y03
00084978 LAB_2Y04
000849BE LAB_ret0
000849C0 LAB_rtn0
000849D0 LAB_CHEX
000849D8 LAB_CHXX
000849F2 LAB_ISHN
000849F6 LAB_CHX1
00084A12 LAB_CHX3
00084A1A LAB_CHX2
00084A20 LAB_exxf
00084A30 RTS_024
00084A32 LAB_CBIN
00084A3A LAB_CBXN
00084A4C LAB_CBX1
00084A60 d1x16
00084A6E d1x02
00084A84 d1x10
00084A92 RTS_025
00084A94 Bin2dec
00084ABC LAB_RSED
00084BA4 LAB_P_10
00084C92 TAB_SNCO
00084D12 TAB_ATNC
00084D8A LAB_1D96
00084D92 TAB_HTHET
00084E12 LAB_CTBL
00084E62 LAB_FTPP
00084EAE LAB_FTBL
00084EFA LAB_OPPT
00084F2E LAB_2A9A
00084F4A LAB_2A9B
00084F4A TAB_CHRT
00084FB4 LAB_KEYT
00085148 LAB_BAER
00085178 LAB_NF
00085189 LAB_SN
00085190 LAB_RG
000851A5 LAB_OD
000851B1 LAB_FC
000851BF LAB_OV
000851C8 LAB_OM
000851D6 LAB_US
000851EA LAB_BS
000851F7 LAB_DD
00085208 LAB_D0
00085217 LAB_ID
00085226 LAB_TM
00085234 LAB_LS
00085244 LAB_ST
00085257 LAB_CN
00085266 LAB_UF
00085279 LAB_LD
00085289 LAB_UV
0008529C LAB_UA
000852B0 LAB_WD
000852C1 LAB_AD
000852C9 LAB_FO
000852D0 LAB_NI
000852E0 KEY_MULT
000852E0 TAB_STAR
000852E2 KEY_PLUS
000852E2 TAB_PLUS
000852E4 KEY_MINUS
000852E4 TAB_MNUS
000852E6 KEY_DIV
000852E6 TAB_SLAS
000852E8 KEY_LSHIFT
000852E8 TAB_LESS
000852EA KEY_LT
000852EC KEY_EQUAL
000852EC TAB_EQUL
000852EE KEY_RSHIFT
000852EE TAB_MORE
000852F0 KEY_GT
000852F2 TAB_QEST
000852F4 KEY_ABS
000852F4 TAB_ASCA
000852F8 KEY_AND
000852FB KEY_ASC
000852FF KEY_ATN
00085304 KEY_BINS
00085304 TAB_ASCB
00085309 KEY_BITCLR
0008530F KEY_BITSET
00085315 KEY_BITTST
0008531D KEY_CALL
0008531D TAB_ASCC
00085321 KEY_CHRS
00085326 KEY_CLEAR
0008532B KEY_CONT
0008532F KEY_COS
00085334 KEY_DATA
00085334 TAB_ASCD
00085338 KEY_DEC
0008533B KEY_DEEK
00085340 KEY_DEF
00085343 KEY_DIM
00085346 KEY_DOKE
0008534A KEY_DO
0008534D KEY_ELSE
0008534D TAB_ASCE
00085351 KEY_END
00085354 KEY_EOR
00085357 KEY_EXP
0008535C KEY_FOR
0008535C TAB_ASCF
0008535F KEY_FN
00085361 KEY_FRE
00085366 KEY_GET
00085366 TAB_ASCG
00085369 KEY_GOTO
0008536D KEY_GOSUB
00085373 KEY_HEXS
00085373 TAB_ASCH
00085379 KEY_IF
00085379 TAB_ASCI
0008537B KEY_INC
0008537E KEY_INPUT
00085383 KEY_INT
00085388 KEY_LCASES
00085388 TAB_ASCL
0008538F KEY_LEEK
00085394 KEY_LEFTS
0008539A KEY_LEN
0008539E KEY_LET
000853A1 KEY_LIST
000853A5 KEY_LOAD
000853A9 KEY_LOG
000853AD KEY_LOKE
000853B1 KEY_LOOP
000853B6 KEY_MAX
000853B6 TAB_ASCM
000853BA KEY_MIDS
000853BF KEY_MIN
000853C4 KEY_NEW
000853C4 TAB_ASCN
000853C7 KEY_NEXT
000853CB KEY_NOT
000853CE KEY_NULL
000853D3 KEY_ON
000853D3 TAB_ASCO
000853D5 KEY_OR
000853D8 KEY_PEEK
000853D8 TAB_ASCP
000853DD KEY_PI
000853DF KEY_POKE
000853E3 KEY_POS
000853E7 KEY_PRINT
000853ED KEY_RAM
000853ED TAB_ASCR
000853F4 KEY_READ
000853F8 KEY_REM
000853FB KEY_RESTORE
00085402 KEY_RETURN
00085408 KEY_RIGHTS
0008540F KEY_RND
00085413 KEY_RUN
00085417 KEY_SADD
00085417 TAB_ASCS
0008541C KEY_SAVE
00085420 KEY_SGN
00085424 KEY_SIN
00085428 KEY_SPC
0008542C KEY_SQR
00085430 KEY_STEP
00085434 KEY_STOP
00085438 KEY_STRS
0008543D KEY_SWAP
00085442 KEY_TAB
00085442 TAB_ASCT
00085446 KEY_TAN
0008544A KEY_THEN
0008544E KEY_TO
00085450 KEY_TWOPI
00085456 KEY_UCASES
00085456 TAB_ASCU
0008545D KEY_UNTIL
00085462 KEY_USINGS
00085469 KEY_USR
0008546E KEY_VAL
0008546E TAB_ASCV
00085472 KEY_VPTR
0008547A KEY_WAIT
0008547A TAB_ASCW
0008547E KEY_WHILE
00085483 KEY_WIDTH
00085489 KEY_POWER
00085489 TAB_POWR
0008548B LAB_BMSG
00085493 LAB_EMSG
0008549A LAB_LMSG
000854A4 LAB_IMSG
000854B4 LAB_REDO
000854C6 LAB_RMSG
000854D0 LAB_SMSG
00100400 ACIA_1
00100410 ACIA_2
26A3D110 KFCTSEED
