
/home/pdsilva/Projects/Orion68/src/pico2VGA/build/vgaPico2.elf:     file format elf32-littlearm

Sections:
Idx Name          Size      VMA       LMA       File off  Algn
  0 .text         000058fc  10000000  10000000  00001000  2**3
                  CONTENTS, ALLOC, LOAD, READONLY, CODE
  1 .rodata       0000313c  10005900  10005900  00006900  2**3
                  CONTENTS, ALLOC, LOAD, READONLY, DATA
  2 .ARM.exidx    00000008  10008a3c  10008a3c  00009a3c  2**2
                  CONTENTS, ALLOC, LOAD, READONLY, DATA
  3 .binary_info  00000020  10008a44  10008a44  00009a44  2**2
                  CONTENTS, ALLOC, LOAD, READONLY, DATA
  4 .ram_vector_table 00000110  20000000  20000000  0000c000  2**2
                  ALLOC
  5 .uninitialized_data 00000000  20000110  20000110  0000b758  2**0
                  CONTENTS
  6 .data         00000ce0  20000110  10008a64  0000a110  2**3
                  CONTENTS, ALLOC, LOAD, READONLY, CODE
  7 .tdata        00000000  20000df0  20000df0  0000b758  2**0
                  CONTENTS, ALLOC, LOAD, DATA, THREAD_LOCAL
  8 .tbss         00000000  20000df0  20000df0  00000000  2**0
                  ALLOC, THREAD_LOCAL
  9 .bss          00025cf0  20000df0  10009744  0000bdf0  2**3
                  ALLOC
 10 .heap         00000800  20026ae0  10009744  0000bae0  2**2
                  ALLOC, READONLY
 11 .scratch_x    00000000  20080000  20080000  0000b758  2**0
                  CONTENTS
 12 .scratch_y    00000000  20081000  20081000  0000b758  2**0
                  CONTENTS
 13 .stack1_dummy 00000800  20080000  20080000  0000c000  2**2
                  ALLOC
 14 .stack_dummy  00000800  20081000  20081000  0000c000  2**5
                  ALLOC, READONLY
 15 .flash_end    00000014  10009744  10009744  0000b744  2**2
                  CONTENTS, ALLOC, LOAD, READONLY, DATA
 16 .ARM.attributes 00000034  00000000  00000000  0000b758  2**0
                  CONTENTS, READONLY
 17 .comment      00000045  00000000  00000000  0000b78c  2**0
                  CONTENTS, READONLY
 18 .debug_info   00032fe6  00000000  00000000  0000b7d1  2**0
                  CONTENTS, READONLY, DEBUGGING, OCTETS
 19 .debug_abbrev 00007b2b  00000000  00000000  0003e7b7  2**0
                  CONTENTS, READONLY, DEBUGGING, OCTETS
 20 .debug_loclists 000155cb  00000000  00000000  000462e2  2**0
                  CONTENTS, READONLY, DEBUGGING, OCTETS
 21 .debug_aranges 00001008  00000000  00000000  0005b8b0  2**3
                  CONTENTS, READONLY, DEBUGGING, OCTETS
 22 .debug_rnglists 000043c6  00000000  00000000  0005c8b8  2**0
                  CONTENTS, READONLY, DEBUGGING, OCTETS
 23 .debug_line   0001cbe4  00000000  00000000  00060c7e  2**0
                  CONTENTS, READONLY, DEBUGGING, OCTETS
 24 .debug_str    00007ac7  00000000  00000000  0007d862  2**0
                  CONTENTS, READONLY, DEBUGGING, OCTETS
 25 .debug_frame  00002e04  00000000  00000000  0008532c  2**2
                  CONTENTS, READONLY, DEBUGGING, OCTETS
 26 .debug_line_str 0000027a  00000000  00000000  00088130  2**0
                  CONTENTS, READONLY, DEBUGGING, OCTETS

/home/pdsilva/Projects/Orion68/src/pico2VGA/build/vgaPico2.elf:     file format elf32-littlearm


Disassembly of section .text:

10000000 <__VECTOR_TABLE>:
10000000:	20082000 	.word	0x20082000
10000004:	1000015d 	.word	0x1000015d
10000008:	1000011b 	.word	0x1000011b
1000000c:	1000011d 	.word	0x1000011d
10000010:	10000111 	.word	0x10000111
10000014:	10000111 	.word	0x10000111
10000018:	10000111 	.word	0x10000111
1000001c:	10000111 	.word	0x10000111
10000020:	10000119 	.word	0x10000119
10000024:	10000119 	.word	0x10000119
10000028:	10000119 	.word	0x10000119
1000002c:	1000011f 	.word	0x1000011f
10000030:	10000111 	.word	0x10000111
10000034:	10000119 	.word	0x10000119
10000038:	10000121 	.word	0x10000121
1000003c:	10000123 	.word	0x10000123
10000040:	10000111 	.word	0x10000111
10000044:	10000111 	.word	0x10000111
10000048:	10000111 	.word	0x10000111
1000004c:	10000111 	.word	0x10000111
10000050:	10000111 	.word	0x10000111
10000054:	10000111 	.word	0x10000111
10000058:	10000111 	.word	0x10000111
1000005c:	10000111 	.word	0x10000111
10000060:	10000111 	.word	0x10000111
10000064:	10000111 	.word	0x10000111
10000068:	10000111 	.word	0x10000111
1000006c:	10000111 	.word	0x10000111
10000070:	10000111 	.word	0x10000111
10000074:	10000111 	.word	0x10000111
10000078:	10000111 	.word	0x10000111
1000007c:	10000111 	.word	0x10000111
10000080:	10000111 	.word	0x10000111
10000084:	10000111 	.word	0x10000111
10000088:	10000111 	.word	0x10000111
1000008c:	10000111 	.word	0x10000111
10000090:	10000111 	.word	0x10000111
10000094:	10000111 	.word	0x10000111
10000098:	10000111 	.word	0x10000111
1000009c:	10000111 	.word	0x10000111
100000a0:	10000111 	.word	0x10000111
100000a4:	10000111 	.word	0x10000111
100000a8:	10000111 	.word	0x10000111
100000ac:	10000111 	.word	0x10000111
100000b0:	10000111 	.word	0x10000111
100000b4:	10000111 	.word	0x10000111
100000b8:	10000111 	.word	0x10000111
100000bc:	10000111 	.word	0x10000111
100000c0:	10000111 	.word	0x10000111
100000c4:	10000111 	.word	0x10000111
100000c8:	10000111 	.word	0x10000111
100000cc:	10000111 	.word	0x10000111
100000d0:	10000111 	.word	0x10000111
100000d4:	10000111 	.word	0x10000111
100000d8:	10000111 	.word	0x10000111
100000dc:	10000111 	.word	0x10000111
100000e0:	10000111 	.word	0x10000111
100000e4:	10000111 	.word	0x10000111
100000e8:	10000111 	.word	0x10000111
100000ec:	10000111 	.word	0x10000111
100000f0:	10000111 	.word	0x10000111
100000f4:	10000111 	.word	0x10000111
100000f8:	10000111 	.word	0x10000111
100000fc:	10000111 	.word	0x10000111
10000100:	10000111 	.word	0x10000111
10000104:	10000111 	.word	0x10000111
10000108:	10000111 	.word	0x10000111
1000010c:	10000111 	.word	0x10000111

10000110 <__unhandled_user_irq>:
10000110:	f3ef 8005 	mrs	r0, IPSR
10000114:	3810      	subs	r0, #16

10000116 <unhandled_user_irq_num_in_r0>:
10000116:	be00      	bkpt	0x0000

10000118 <isr_invalid>:
10000118:	be00      	bkpt	0x0000

1000011a <isr_nmi>:
1000011a:	be00      	bkpt	0x0000

1000011c <isr_hardfault>:
1000011c:	be00      	bkpt	0x0000

1000011e <isr_svcall>:
1000011e:	be00      	bkpt	0x0000

10000120 <isr_pendsv>:
10000120:	be00      	bkpt	0x0000

10000122 <isr_systick>:
10000122:	be00      	bkpt	0x0000

10000124 <__default_isrs_end>:
10000124:	7188ebf2 	.word	0x7188ebf2
10000128:	10008a44 	.word	0x10008a44
1000012c:	10008a64 	.word	0x10008a64
10000130:	100001a0 	.word	0x100001a0
10000134:	e71aa390 	.word	0xe71aa390

10000138 <__binary_info_header_end>:
10000138:	ffffded3 	.word	0xffffded3
1000013c:	10210142 	.word	0x10210142
10000140:	000001ff 	.word	0x000001ff
10000144:	0000960c 	.word	0x0000960c
10000148:	ab123579 	.word	0xab123579

1000014c <_entry_point>:
1000014c:	f04f 0000 	mov.w	r0, #0

10000150 <_enter_vtable_in_r0>:
10000150:	491e      	ldr	r1, [pc, #120]	@ (100001cc <data_cpy_table+0x2c>)
10000152:	6008      	str	r0, [r1, #0]
10000154:	c806      	ldmia	r0!, {r1, r2}
10000156:	f381 8808 	msr	MSP, r1
1000015a:	4710      	bx	r2

1000015c <_reset_handler>:
1000015c:	f04f 4050 	mov.w	r0, #3489660928	@ 0xd0000000
10000160:	6800      	ldr	r0, [r0, #0]
10000162:	b110      	cbz	r0, 1000016a <hold_non_core0_in_bootrom+0x6>

10000164 <hold_non_core0_in_bootrom>:
10000164:	f04f 0000 	mov.w	r0, #0
10000168:	e7f2      	b.n	10000150 <_enter_vtable_in_r0>
1000016a:	a40d      	add	r4, pc, #52	@ (adr r4, 100001a0 <data_cpy_table>)
1000016c:	cc0e      	ldmia	r4!, {r1, r2, r3}
1000016e:	2900      	cmp	r1, #0
10000170:	d002      	beq.n	10000178 <hold_non_core0_in_bootrom+0x14>
10000172:	f000 f812 	bl	1000019a <data_cpy>
10000176:	e7f9      	b.n	1000016c <hold_non_core0_in_bootrom+0x8>
10000178:	4915      	ldr	r1, [pc, #84]	@ (100001d0 <data_cpy_table+0x30>)
1000017a:	4a16      	ldr	r2, [pc, #88]	@ (100001d4 <data_cpy_table+0x34>)
1000017c:	2000      	movs	r0, #0
1000017e:	e000      	b.n	10000182 <bss_fill_test>

10000180 <bss_fill_loop>:
10000180:	c101      	stmia	r1!, {r0}

10000182 <bss_fill_test>:
10000182:	4291      	cmp	r1, r2
10000184:	d1fc      	bne.n	10000180 <bss_fill_loop>

10000186 <platform_entry>:
10000186:	4914      	ldr	r1, [pc, #80]	@ (100001d8 <data_cpy_table+0x38>)
10000188:	4788      	blx	r1
1000018a:	4914      	ldr	r1, [pc, #80]	@ (100001dc <data_cpy_table+0x3c>)
1000018c:	4788      	blx	r1
1000018e:	4914      	ldr	r1, [pc, #80]	@ (100001e0 <data_cpy_table+0x40>)
10000190:	4788      	blx	r1
10000192:	be00      	bkpt	0x0000
10000194:	e7fd      	b.n	10000192 <platform_entry+0xc>

10000196 <data_cpy_loop>:
10000196:	c901      	ldmia	r1!, {r0}
10000198:	c201      	stmia	r2!, {r0}

1000019a <data_cpy>:
1000019a:	429a      	cmp	r2, r3
1000019c:	d3fb      	bcc.n	10000196 <data_cpy_loop>
1000019e:	4770      	bx	lr

100001a0 <data_cpy_table>:
100001a0:	10008a64 	.word	0x10008a64
100001a4:	20000110 	.word	0x20000110
100001a8:	20000df0 	.word	0x20000df0
100001ac:	10009744 	.word	0x10009744
100001b0:	20080000 	.word	0x20080000
100001b4:	20080000 	.word	0x20080000
100001b8:	10009744 	.word	0x10009744
100001bc:	20081000 	.word	0x20081000
100001c0:	20081000 	.word	0x20081000
100001c4:	00000000 	.word	0x00000000
100001c8:	4770      	bx	lr
100001ca:	0000      	.short	0x0000
100001cc:	e000ed08 	.word	0xe000ed08
100001d0:	20000df0 	.word	0x20000df0
100001d4:	20026ae0 	.word	0x20026ae0
100001d8:	10004765 	.word	0x10004765
100001dc:	10000321 	.word	0x10000321
100001e0:	1000475d 	.word	0x1000475d

100001e4 <_init>:
100001e4:	b5f8      	push	{r3, r4, r5, r6, r7, lr}
100001e6:	bf00      	nop

100001e8 <register_tm_clones>:
100001e8:	4b06      	ldr	r3, [pc, #24]	@ (10000204 <register_tm_clones+0x1c>)
100001ea:	4907      	ldr	r1, [pc, #28]	@ (10000208 <register_tm_clones+0x20>)
100001ec:	1ac9      	subs	r1, r1, r3
100001ee:	1089      	asrs	r1, r1, #2
100001f0:	bf48      	it	mi
100001f2:	3101      	addmi	r1, #1
100001f4:	1049      	asrs	r1, r1, #1
100001f6:	d003      	beq.n	10000200 <register_tm_clones+0x18>
100001f8:	4b04      	ldr	r3, [pc, #16]	@ (1000020c <register_tm_clones+0x24>)
100001fa:	b10b      	cbz	r3, 10000200 <register_tm_clones+0x18>
100001fc:	4801      	ldr	r0, [pc, #4]	@ (10000204 <register_tm_clones+0x1c>)
100001fe:	4718      	bx	r3
10000200:	4770      	bx	lr
10000202:	bf00      	nop
10000204:	20000df0 	.word	0x20000df0
10000208:	20000df0 	.word	0x20000df0
1000020c:	00000000 	.word	0x00000000

10000210 <frame_dummy>:
10000210:	b508      	push	{r3, lr}
10000212:	4b05      	ldr	r3, [pc, #20]	@ (10000228 <frame_dummy+0x18>)
10000214:	b11b      	cbz	r3, 1000021e <frame_dummy+0xe>
10000216:	4905      	ldr	r1, [pc, #20]	@ (1000022c <frame_dummy+0x1c>)
10000218:	4805      	ldr	r0, [pc, #20]	@ (10000230 <frame_dummy+0x20>)
1000021a:	f3af 8000 	nop.w
1000021e:	e8bd 4008 	ldmia.w	sp!, {r3, lr}
10000222:	f7ff bfe1 	b.w	100001e8 <register_tm_clones>
10000226:	bf00      	nop
10000228:	00000000 	.word	0x00000000
1000022c:	2000127c 	.word	0x2000127c
10000230:	100058fc 	.word	0x100058fc

10000234 <core1_entry>:
10000234:	b508      	push	{r3, lr}
10000236:	4d03      	ldr	r5, [pc, #12]	@ (10000244 <core1_entry+0x10>)
10000238:	4c03      	ldr	r4, [pc, #12]	@ (10000248 <core1_entry+0x14>)
1000023a:	6829      	ldr	r1, [r5, #0]
1000023c:	6820      	ldr	r0, [r4, #0]
1000023e:	f005 fb27 	bl	10005890 <__gerenciar_barramento_m68k_veneer>
10000242:	e7fa      	b.n	1000023a <core1_entry+0x6>
10000244:	20001224 	.word	0x20001224
10000248:	2000082c 	.word	0x2000082c

1000024c <timer_callback>:
1000024c:	b510      	push	{r4, lr}
1000024e:	4c08      	ldr	r4, [pc, #32]	@ (10000270 <timer_callback+0x24>)
10000250:	6820      	ldr	r0, [r4, #0]
10000252:	2801      	cmp	r0, #1
10000254:	d006      	beq.n	10000264 <timer_callback+0x18>
10000256:	2000      	movs	r0, #0
10000258:	f001 fa48 	bl	100016ec <put_cursor>
1000025c:	2301      	movs	r3, #1
1000025e:	2001      	movs	r0, #1
10000260:	6023      	str	r3, [r4, #0]
10000262:	bd10      	pop	{r4, pc}
10000264:	f001 fa42 	bl	100016ec <put_cursor>
10000268:	2300      	movs	r3, #0
1000026a:	2001      	movs	r0, #1
1000026c:	6023      	str	r3, [r4, #0]
1000026e:	bd10      	pop	{r4, pc}
10000270:	20000820 	.word	0x20000820

10000274 <set_sys_clock_khz.constprop.0.isra.0>:
10000274:	b510      	push	{r4, lr}
10000276:	b084      	sub	sp, #16
10000278:	ab03      	add	r3, sp, #12
1000027a:	aa02      	add	r2, sp, #8
1000027c:	a901      	add	r1, sp, #4
1000027e:	4604      	mov	r4, r0
10000280:	f002 fac6 	bl	10002810 <check_sys_clock_khz>
10000284:	b918      	cbnz	r0, 1000028e <set_sys_clock_khz.constprop.0.isra.0+0x1a>
10000286:	4621      	mov	r1, r4
10000288:	4804      	ldr	r0, [pc, #16]	@ (1000029c <set_sys_clock_khz.constprop.0.isra.0+0x28>)
1000028a:	f001 fbef 	bl	10001a6c <panic>
1000028e:	9801      	ldr	r0, [sp, #4]
10000290:	e9dd 1202 	ldrd	r1, r2, [sp, #8]
10000294:	f002 f9fa 	bl	1000268c <set_sys_clock_pll>
10000298:	b004      	add	sp, #16
1000029a:	bd10      	pop	{r4, pc}
1000029c:	10005900 	.word	0x10005900

100002a0 <video_welcome_screen>:
100002a0:	2100      	movs	r1, #0
100002a2:	b510      	push	{r4, lr}
100002a4:	4c18      	ldr	r4, [pc, #96]	@ (10000308 <video_welcome_screen+0x68>)
100002a6:	4608      	mov	r0, r1
100002a8:	6823      	ldr	r3, [r4, #0]
100002aa:	691b      	ldr	r3, [r3, #16]
100002ac:	4798      	blx	r3
100002ae:	6823      	ldr	r3, [r4, #0]
100002b0:	2100      	movs	r1, #0
100002b2:	2004      	movs	r0, #4
100002b4:	68db      	ldr	r3, [r3, #12]
100002b6:	4798      	blx	r3
100002b8:	6823      	ldr	r3, [r4, #0]
100002ba:	4814      	ldr	r0, [pc, #80]	@ (1000030c <video_welcome_screen+0x6c>)
100002bc:	6adb      	ldr	r3, [r3, #44]	@ 0x2c
100002be:	4798      	blx	r3
100002c0:	6823      	ldr	r3, [r4, #0]
100002c2:	2100      	movs	r1, #0
100002c4:	2003      	movs	r0, #3
100002c6:	68db      	ldr	r3, [r3, #12]
100002c8:	4798      	blx	r3
100002ca:	6823      	ldr	r3, [r4, #0]
100002cc:	4810      	ldr	r0, [pc, #64]	@ (10000310 <video_welcome_screen+0x70>)
100002ce:	6adb      	ldr	r3, [r3, #44]	@ 0x2c
100002d0:	4798      	blx	r3
100002d2:	6823      	ldr	r3, [r4, #0]
100002d4:	2006      	movs	r0, #6
100002d6:	2100      	movs	r1, #0
100002d8:	68db      	ldr	r3, [r3, #12]
100002da:	4798      	blx	r3
100002dc:	4b0d      	ldr	r3, [pc, #52]	@ (10000314 <video_welcome_screen+0x74>)
100002de:	781a      	ldrb	r2, [r3, #0]
100002e0:	6823      	ldr	r3, [r4, #0]
100002e2:	2a01      	cmp	r2, #1
100002e4:	bf94      	ite	ls
100002e6:	480c      	ldrls	r0, [pc, #48]	@ (10000318 <video_welcome_screen+0x78>)
100002e8:	480c      	ldrhi	r0, [pc, #48]	@ (1000031c <video_welcome_screen+0x7c>)
100002ea:	6adb      	ldr	r3, [r3, #44]	@ 0x2c
100002ec:	4798      	blx	r3
100002ee:	6823      	ldr	r3, [r4, #0]
100002f0:	2104      	movs	r1, #4
100002f2:	2000      	movs	r0, #0
100002f4:	691b      	ldr	r3, [r3, #16]
100002f6:	4798      	blx	r3
100002f8:	6823      	ldr	r3, [r4, #0]
100002fa:	2100      	movs	r1, #0
100002fc:	e8bd 4010 	ldmia.w	sp!, {r4, lr}
10000300:	2002      	movs	r0, #2
10000302:	68db      	ldr	r3, [r3, #12]
10000304:	4718      	bx	r3
10000306:	bf00      	nop
10000308:	200012c8 	.word	0x200012c8
1000030c:	10005934 	.word	0x10005934
10000310:	10005960 	.word	0x10005960
10000314:	20026adc 	.word	0x20026adc
10000318:	10005978 	.word	0x10005978
1000031c:	100059b8 	.word	0x100059b8

10000320 <main>:
10000320:	b500      	push	{lr}
10000322:	482f      	ldr	r0, [pc, #188]	@ (100003e0 <main+0xc0>)
10000324:	b085      	sub	sp, #20
10000326:	f7ff ffa5 	bl	10000274 <set_sys_clock_khz.constprop.0.isra.0>
1000032a:	f000 f8bd 	bl	100004a8 <initReadBus_Pio>
1000032e:	f004 fafd 	bl	1000492c <stdio_init_all>
10000332:	482c      	ldr	r0, [pc, #176]	@ (100003e4 <main+0xc4>)
10000334:	f7ff ff9e 	bl	10000274 <set_sys_clock_khz.constprop.0.isra.0>
10000338:	2002      	movs	r0, #2
1000033a:	f001 f9fd 	bl	10001738 <create_screen>
1000033e:	f04f 0c02 	mov.w	ip, #2
10000342:	4686      	mov	lr, r0
10000344:	4c28      	ldr	r4, [pc, #160]	@ (100003e8 <main+0xc8>)
10000346:	4d29      	ldr	r5, [pc, #164]	@ (100003ec <main+0xcc>)
10000348:	2303      	movs	r3, #3
1000034a:	f44f 7220 	mov.w	r2, #640	@ 0x280
1000034e:	2130      	movs	r1, #48	@ 0x30
10000350:	2000      	movs	r0, #0
10000352:	f8c4 e000 	str.w	lr, [r4]
10000356:	f885 c000 	strb.w	ip, [r5]
1000035a:	f000 fd71 	bl	10000e40 <drawHLine>
1000035e:	2303      	movs	r3, #3
10000360:	f44f 7220 	mov.w	r2, #640	@ 0x280
10000364:	2131      	movs	r1, #49	@ 0x31
10000366:	2000      	movs	r0, #0
10000368:	f000 fd6a 	bl	10000e40 <drawHLine>
1000036c:	4d20      	ldr	r5, [pc, #128]	@ (100003f0 <main+0xd0>)
1000036e:	2303      	movs	r3, #3
10000370:	f44f 7220 	mov.w	r2, #640	@ 0x280
10000374:	2132      	movs	r1, #50	@ 0x32
10000376:	2000      	movs	r0, #0
10000378:	f000 fd62 	bl	10000e40 <drawHLine>
1000037c:	f44f 7220 	mov.w	r2, #640	@ 0x280
10000380:	2133      	movs	r1, #51	@ 0x33
10000382:	2303      	movs	r3, #3
10000384:	2000      	movs	r0, #0
10000386:	f000 fd5b 	bl	10000e40 <drawHLine>
1000038a:	f7ff ff89 	bl	100002a0 <video_welcome_screen>
1000038e:	4628      	mov	r0, r5
10000390:	f002 f89c 	bl	100024cc <cancel_repeating_timer>
10000394:	6823      	ldr	r3, [r4, #0]
10000396:	689b      	ldr	r3, [r3, #8]
10000398:	4798      	blx	r3
1000039a:	4604      	mov	r4, r0
1000039c:	f001 fef4 	bl	10002188 <alarm_pool_get_default>
100003a0:	2100      	movs	r1, #0
100003a2:	f44f 727a 	mov.w	r2, #1000	@ 0x3e8
100003a6:	4b13      	ldr	r3, [pc, #76]	@ (100003f4 <main+0xd4>)
100003a8:	e9cd 1501 	strd	r1, r5, [sp, #4]
100003ac:	9300      	str	r3, [sp, #0]
100003ae:	b223      	sxth	r3, r4
100003b0:	fb83 2302 	smull	r2, r3, r3, r2
100003b4:	f001 fffa 	bl	100023ac <alarm_pool_add_repeating_timer_us>
100003b8:	480f      	ldr	r0, [pc, #60]	@ (100003f8 <main+0xd8>)
100003ba:	f004 fcfd 	bl	10004db8 <multicore_launch_core1>
100003be:	2101      	movs	r1, #1
100003c0:	4a0e      	ldr	r2, [pc, #56]	@ (100003fc <main+0xdc>)
100003c2:	4b0f      	ldr	r3, [pc, #60]	@ (10000400 <main+0xe0>)
100003c4:	6810      	ldr	r0, [r2, #0]
100003c6:	681b      	ldr	r3, [r3, #0]
100003c8:	3008      	adds	r0, #8
100003ca:	685a      	ldr	r2, [r3, #4]
100003cc:	4081      	lsls	r1, r0
100003ce:	420a      	tst	r2, r1
100003d0:	d104      	bne.n	100003dc <main+0xbc>
100003d2:	f853 2020 	ldr.w	r2, [r3, r0, lsl #2]
100003d6:	685a      	ldr	r2, [r3, #4]
100003d8:	420a      	tst	r2, r1
100003da:	d0fa      	beq.n	100003d2 <main+0xb2>
100003dc:	e7fe      	b.n	100003dc <main+0xbc>
100003de:	bf00      	nop
100003e0:	00030d40 	.word	0x00030d40
100003e4:	000249f0 	.word	0x000249f0
100003e8:	200012c8 	.word	0x200012c8
100003ec:	20026adc 	.word	0x20026adc
100003f0:	20000f70 	.word	0x20000f70
100003f4:	1000024d 	.word	0x1000024d
100003f8:	10000235 	.word	0x10000235
100003fc:	20001224 	.word	0x20001224
10000400:	2000082c 	.word	0x2000082c

10000404 <scroll_up_graphics>:
10000404:	4824      	ldr	r0, [pc, #144]	@ (10000498 <scroll_up_graphics+0x94>)
10000406:	b470      	push	{r4, r5, r6}
10000408:	6804      	ldr	r4, [r0, #0]
1000040a:	01a1      	lsls	r1, r4, #6
1000040c:	f101 43a0 	add.w	r3, r1, #1342177280	@ 0x50000000
10000410:	691a      	ldr	r2, [r3, #16]
10000412:	0152      	lsls	r2, r2, #5
10000414:	d417      	bmi.n	10000446 <scroll_up_graphics+0x42>
10000416:	f44f 3c11 	mov.w	ip, #148480	@ 0x24400
1000041a:	4b20      	ldr	r3, [pc, #128]	@ (1000049c <scroll_up_graphics+0x98>)
1000041c:	4820      	ldr	r0, [pc, #128]	@ (100004a0 <scroll_up_graphics+0x9c>)
1000041e:	f503 52a0 	add.w	r2, r3, #5120	@ 0x1400
10000422:	ea00 3044 	and.w	r0, r0, r4, lsl #13
10000426:	079d      	lsls	r5, r3, #30
10000428:	d012      	beq.n	10000450 <scroll_up_graphics+0x4c>
1000042a:	f812 1b01 	ldrb.w	r1, [r2], #1
1000042e:	f1bc 0c01 	subs.w	ip, ip, #1
10000432:	f803 1b01 	strb.w	r1, [r3], #1
10000436:	d1f6      	bne.n	10000426 <scroll_up_graphics+0x22>
10000438:	f44f 52a0 	mov.w	r2, #5120	@ 0x1400
1000043c:	bc70      	pop	{r4, r5, r6}
1000043e:	2100      	movs	r1, #0
10000440:	4818      	ldr	r0, [pc, #96]	@ (100004a4 <scroll_up_graphics+0xa0>)
10000442:	f004 bfb5 	b.w	100053b0 <memset>
10000446:	691a      	ldr	r2, [r3, #16]
10000448:	0156      	lsls	r6, r2, #5
1000044a:	d4fc      	bmi.n	10000446 <scroll_up_graphics+0x42>
1000044c:	6804      	ldr	r4, [r0, #0]
1000044e:	e7e2      	b.n	10000416 <scroll_up_graphics+0x12>
10000450:	ea5f 069c 	movs.w	r6, ip, lsr #2
10000454:	f00c 0503 	and.w	r5, ip, #3
10000458:	d011      	beq.n	1000047e <scroll_up_graphics+0x7a>
1000045a:	f440 00fc 	orr.w	r0, r0, #8257536	@ 0x7e0000
1000045e:	01a1      	lsls	r1, r4, #6
10000460:	f101 41a0 	add.w	r1, r1, #1342177280	@ 0x50000000
10000464:	f040 0059 	orr.w	r0, r0, #89	@ 0x59
10000468:	600a      	str	r2, [r1, #0]
1000046a:	604b      	str	r3, [r1, #4]
1000046c:	608e      	str	r6, [r1, #8]
1000046e:	60c8      	str	r0, [r1, #12]
10000470:	6908      	ldr	r0, [r1, #16]
10000472:	0140      	lsls	r0, r0, #5
10000474:	d4fc      	bmi.n	10000470 <scroll_up_graphics+0x6c>
10000476:	f02c 0c03 	bic.w	ip, ip, #3
1000047a:	4463      	add	r3, ip
1000047c:	4462      	add	r2, ip
1000047e:	2d00      	cmp	r5, #0
10000480:	d0da      	beq.n	10000438 <scroll_up_graphics+0x34>
10000482:	7811      	ldrb	r1, [r2, #0]
10000484:	2d01      	cmp	r5, #1
10000486:	7019      	strb	r1, [r3, #0]
10000488:	d0d6      	beq.n	10000438 <scroll_up_graphics+0x34>
1000048a:	7851      	ldrb	r1, [r2, #1]
1000048c:	2d02      	cmp	r5, #2
1000048e:	7059      	strb	r1, [r3, #1]
10000490:	bf1c      	itt	ne
10000492:	7892      	ldrbne	r2, [r2, #2]
10000494:	709a      	strbne	r2, [r3, #2]
10000496:	e7cf      	b.n	10000438 <scroll_up_graphics+0x34>
10000498:	20001278 	.word	0x20001278
1000049c:	200012d4 	.word	0x200012d4
100004a0:	fc7ffffd 	.word	0xfc7ffffd
100004a4:	200256d4 	.word	0x200256d4

100004a8 <initReadBus_Pio>:
100004a8:	b5f0      	push	{r4, r5, r6, r7, lr}
100004aa:	4946      	ldr	r1, [pc, #280]	@ (100005c4 <initReadBus_Pio+0x11c>)
100004ac:	b089      	sub	sp, #36	@ 0x24
100004ae:	4846      	ldr	r0, [pc, #280]	@ (100005c8 <initReadBus_Pio+0x120>)
100004b0:	f004 fac2 	bl	10004a38 <pio_add_program>
100004b4:	2400      	movs	r4, #0
100004b6:	4b45      	ldr	r3, [pc, #276]	@ (100005cc <initReadBus_Pio+0x124>)
100004b8:	4606      	mov	r6, r0
100004ba:	4621      	mov	r1, r4
100004bc:	4842      	ldr	r0, [pc, #264]	@ (100005c8 <initReadBus_Pio+0x120>)
100004be:	601c      	str	r4, [r3, #0]
100004c0:	f004 fa96 	bl	100049f0 <pio_sm_claim>
100004c4:	f44f 3080 	mov.w	r0, #65536	@ 0x10000
100004c8:	f44f 31f8 	mov.w	r1, #126976	@ 0x1f000
100004cc:	f44f 2340 	mov.w	r3, #786432	@ 0xc0000
100004d0:	f44f 0e00 	mov.w	lr, #8388608	@ 0x800000
100004d4:	466d      	mov	r5, sp
100004d6:	e9cd 0100 	strd	r0, r1, [sp]
100004da:	9403      	str	r4, [sp, #12]
100004dc:	9302      	str	r3, [sp, #8]
100004de:	f10d 0c10 	add.w	ip, sp, #16
100004e2:	f106 0318 	add.w	r3, r6, #24
100004e6:	01f7      	lsls	r7, r6, #7
100004e8:	ea47 3703 	orr.w	r7, r7, r3, lsl #12
100004ec:	e89d 000f 	ldmia.w	sp, {r0, r1, r2, r3}
100004f0:	e88c 000f 	stmia.w	ip, {r0, r1, r2, r3}
100004f4:	9705      	str	r7, [sp, #20]
100004f6:	e89c 000f 	ldmia.w	ip, {r0, r1, r2, r3}
100004fa:	e88d 000f 	stmia.w	sp, {r0, r1, r2, r3}
100004fe:	f8cd e00c 	str.w	lr, [sp, #12]
10000502:	4620      	mov	r0, r4
10000504:	2107      	movs	r1, #7
10000506:	3401      	adds	r4, #1
10000508:	f001 fa7e 	bl	10001a08 <gpio_set_function>
1000050c:	2c0e      	cmp	r4, #14
1000050e:	d1f8      	bne.n	10000502 <initReadBus_Pio+0x5a>
10000510:	9b03      	ldr	r3, [sp, #12]
10000512:	2107      	movs	r1, #7
10000514:	f023 53e0 	bic.w	r3, r3, #469762048	@ 0x1c000000
10000518:	f423 7378 	bic.w	r3, r3, #992	@ 0x3e0
1000051c:	f043 6380 	orr.w	r3, r3, #67108864	@ 0x4000000
10000520:	f443 73e0 	orr.w	r3, r3, #448	@ 0x1c0
10000524:	4620      	mov	r0, r4
10000526:	9303      	str	r3, [sp, #12]
10000528:	270f      	movs	r7, #15
1000052a:	f001 fa6d 	bl	10001a08 <gpio_set_function>
1000052e:	f04f 0300 	mov.w	r3, #0
10000532:	ec43 7044 	gpioc_bit_oe_put r7, r3
10000536:	2415      	movs	r4, #21
10000538:	ec43 4044 	gpioc_bit_oe_put r4, r3
1000053c:	2200      	movs	r2, #0
1000053e:	2101      	movs	r1, #1
10000540:	4638      	mov	r0, r7
10000542:	f001 fa7f 	bl	10001a44 <gpio_set_pulls>
10000546:	2200      	movs	r2, #0
10000548:	4620      	mov	r0, r4
1000054a:	2101      	movs	r1, #1
1000054c:	f001 fa7a 	bl	10001a44 <gpio_set_pulls>
10000550:	2107      	movs	r1, #7
10000552:	4638      	mov	r0, r7
10000554:	f001 fa58 	bl	10001a08 <gpio_set_function>
10000558:	4620      	mov	r0, r4
1000055a:	2107      	movs	r1, #7
1000055c:	f001 fa54 	bl	10001a08 <gpio_set_function>
10000560:	9c01      	ldr	r4, [sp, #4]
10000562:	f44f 4280 	mov.w	r2, #16384	@ 0x4000
10000566:	f024 54f8 	bic.w	r4, r4, #520093696	@ 0x1f000000
1000056a:	f044 6470 	orr.w	r4, r4, #251658240	@ 0xf000000
1000056e:	9401      	str	r4, [sp, #4]
10000570:	9c02      	ldr	r4, [sp, #8]
10000572:	2100      	movs	r1, #0
10000574:	f36f 441d 	bfc	r4, #16, #14
10000578:	f044 7484 	orr.w	r4, r4, #17301504	@ 0x1080000
1000057c:	4b14      	ldr	r3, [pc, #80]	@ (100005d0 <initReadBus_Pio+0x128>)
1000057e:	4812      	ldr	r0, [pc, #72]	@ (100005c8 <initReadBus_Pio+0x120>)
10000580:	9402      	str	r4, [sp, #8]
10000582:	f004 faed 	bl	10004b60 <pio_sm_set_pindirs_with_mask>
10000586:	4c10      	ldr	r4, [pc, #64]	@ (100005c8 <initReadBus_Pio+0x120>)
10000588:	6861      	ldr	r1, [r4, #4]
1000058a:	f411 3180 	ands.w	r1, r1, #65536	@ 0x10000
1000058e:	d1fb      	bne.n	10000588 <initReadBus_Pio+0xe0>
10000590:	f244 0cff 	movw	ip, #16639	@ 0x40ff
10000594:	4632      	mov	r2, r6
10000596:	f248 07a0 	movw	r7, #32928	@ 0x80a0
1000059a:	f24a 0647 	movw	r6, #41031	@ 0xa047
1000059e:	462b      	mov	r3, r5
100005a0:	f44f 3580 	mov.w	r5, #65536	@ 0x10000
100005a4:	f8c4 c010 	str.w	ip, [r4, #16]
100005a8:	4807      	ldr	r0, [pc, #28]	@ (100005c8 <initReadBus_Pio+0x120>)
100005aa:	f8c4 70d8 	str.w	r7, [r4, #216]	@ 0xd8
100005ae:	f8c4 60d8 	str.w	r6, [r4, #216]	@ 0xd8
100005b2:	9500      	str	r5, [sp, #0]
100005b4:	f004 fb50 	bl	10004c58 <pio_sm_init>
100005b8:	6823      	ldr	r3, [r4, #0]
100005ba:	f043 0301 	orr.w	r3, r3, #1
100005be:	6023      	str	r3, [r4, #0]
100005c0:	b009      	add	sp, #36	@ 0x24
100005c2:	bdf0      	pop	{r4, r5, r6, r7, pc}
100005c4:	10005b68 	.word	0x10005b68
100005c8:	50300000 	.word	0x50300000
100005cc:	20001224 	.word	0x20001224
100005d0:	0020ffff 	.word	0x0020ffff

100005d4 <pioReset>:
100005d4:	e92d 43f8 	stmdb	sp!, {r3, r4, r5, r6, r7, r8, r9, lr}
100005d8:	2401      	movs	r4, #1
100005da:	f8df 9098 	ldr.w	r9, [pc, #152]	@ 10000674 <pioReset+0xa0>
100005de:	f8df 8098 	ldr.w	r8, [pc, #152]	@ 10000678 <pioReset+0xa4>
100005e2:	4e21      	ldr	r6, [pc, #132]	@ (10000668 <pioReset+0x94>)
100005e4:	f8d9 3000 	ldr.w	r3, [r9]
100005e8:	f8d8 1000 	ldr.w	r1, [r8]
100005ec:	481f      	ldr	r0, [pc, #124]	@ (1000066c <pioReset+0x98>)
100005ee:	6832      	ldr	r2, [r6, #0]
100005f0:	fa04 f101 	lsl.w	r1, r4, r1
100005f4:	fa04 f303 	lsl.w	r3, r4, r3
100005f8:	6805      	ldr	r5, [r0, #0]
100005fa:	fa04 f202 	lsl.w	r2, r4, r2
100005fe:	4f1c      	ldr	r7, [pc, #112]	@ (10000670 <pioReset+0x9c>)
10000600:	430b      	orrs	r3, r1
10000602:	4313      	orrs	r3, r2
10000604:	ea25 0303 	bic.w	r3, r5, r3
10000608:	463d      	mov	r5, r7
1000060a:	6003      	str	r3, [r0, #0]
1000060c:	f004 fa8e 	bl	10004b2c <pio_clear_instruction_memory>
10000610:	4638      	mov	r0, r7
10000612:	f04f 4100 	mov.w	r1, #2147483648	@ 0x80000000
10000616:	f8d9 2000 	ldr.w	r2, [r9]
1000061a:	f8df c060 	ldr.w	ip, [pc, #96]	@ 1000067c <pioReset+0xa8>
1000061e:	1d13      	adds	r3, r2, #4
10000620:	fa04 f303 	lsl.w	r3, r4, r3
10000624:	f8cc 3000 	str.w	r3, [ip]
10000628:	eb02 0242 	add.w	r2, r2, r2, lsl #1
1000062c:	f8d8 3000 	ldr.w	r3, [r8]
10000630:	00d2      	lsls	r2, r2, #3
10000632:	4417      	add	r7, r2
10000634:	1d1a      	adds	r2, r3, #4
10000636:	fa04 f202 	lsl.w	r2, r4, r2
1000063a:	f8cc 2000 	str.w	r2, [ip]
1000063e:	eb03 0343 	add.w	r3, r3, r3, lsl #1
10000642:	6832      	ldr	r2, [r6, #0]
10000644:	00db      	lsls	r3, r3, #3
10000646:	441d      	add	r5, r3
10000648:	eb02 0342 	add.w	r3, r2, r2, lsl #1
1000064c:	00db      	lsls	r3, r3, #3
1000064e:	3204      	adds	r2, #4
10000650:	4418      	add	r0, r3
10000652:	4094      	lsls	r4, r2
10000654:	f8cc 4000 	str.w	r4, [ip]
10000658:	6039      	str	r1, [r7, #0]
1000065a:	6039      	str	r1, [r7, #0]
1000065c:	6029      	str	r1, [r5, #0]
1000065e:	6029      	str	r1, [r5, #0]
10000660:	6001      	str	r1, [r0, #0]
10000662:	6001      	str	r1, [r0, #0]
10000664:	e8bd 83f8 	ldmia.w	sp!, {r3, r4, r5, r6, r7, r8, r9, pc}
10000668:	20000824 	.word	0x20000824
1000066c:	50200000 	.word	0x50200000
10000670:	502010d0 	.word	0x502010d0
10000674:	20001270 	.word	0x20001270
10000678:	20000828 	.word	0x20000828
1000067c:	50202000 	.word	0x50202000

10000680 <initVGA>:
10000680:	e92d 4ff0 	stmdb	sp!, {r4, r5, r6, r7, r8, r9, sl, fp, lr}
10000684:	ed2d 8b02 	vpush	{d8}
10000688:	4614      	mov	r4, r2
1000068a:	b091      	sub	sp, #68	@ 0x44
1000068c:	9004      	str	r0, [sp, #16]
1000068e:	9106      	str	r1, [sp, #24]
10000690:	f7ff ffa0 	bl	100005d4 <pioReset>
10000694:	2c05      	cmp	r4, #5
10000696:	f200 812b 	bhi.w	100008f0 <initVGA+0x270>
1000069a:	e8df f014 	tbh	[pc, r4, lsl #1]
1000069e:	0006      	.short	0x0006
100006a0:	01550006 	.word	0x01550006
100006a4:	00060155 	.word	0x00060155
100006a8:	0155      	.short	0x0155
100006aa:	4999      	ldr	r1, [pc, #612]	@ (10000910 <initVGA+0x290>)
100006ac:	4899      	ldr	r0, [pc, #612]	@ (10000914 <initVGA+0x294>)
100006ae:	f004 f9c3 	bl	10004a38 <pio_add_program>
100006b2:	4999      	ldr	r1, [pc, #612]	@ (10000918 <initVGA+0x298>)
100006b4:	4681      	mov	r9, r0
100006b6:	4897      	ldr	r0, [pc, #604]	@ (10000914 <initVGA+0x294>)
100006b8:	f004 f9be 	bl	10004a38 <pio_add_program>
100006bc:	4997      	ldr	r1, [pc, #604]	@ (1000091c <initVGA+0x29c>)
100006be:	4680      	mov	r8, r0
100006c0:	4894      	ldr	r0, [pc, #592]	@ (10000914 <initVGA+0x294>)
100006c2:	f004 f9b9 	bl	10004a38 <pio_add_program>
100006c6:	ed9f 8b8e 	vldr	d8, [pc, #568]	@ 10000900 <initVGA+0x280>
100006ca:	4b95      	ldr	r3, [pc, #596]	@ (10000920 <initVGA+0x2a0>)
100006cc:	4607      	mov	r7, r0
100006ce:	6819      	ldr	r1, [r3, #0]
100006d0:	4890      	ldr	r0, [pc, #576]	@ (10000914 <initVGA+0x294>)
100006d2:	f004 f98d 	bl	100049f0 <pio_sm_claim>
100006d6:	4a93      	ldr	r2, [pc, #588]	@ (10000924 <initVGA+0x2a4>)
100006d8:	f8df b260 	ldr.w	fp, [pc, #608]	@ 1000093c <initVGA+0x2bc>
100006dc:	6811      	ldr	r1, [r2, #0]
100006de:	488d      	ldr	r0, [pc, #564]	@ (10000914 <initVGA+0x294>)
100006e0:	9203      	str	r2, [sp, #12]
100006e2:	f004 f985 	bl	100049f0 <pio_sm_claim>
100006e6:	488b      	ldr	r0, [pc, #556]	@ (10000914 <initVGA+0x294>)
100006e8:	f8db 1000 	ldr.w	r1, [fp]
100006ec:	f004 f980 	bl	100049f0 <pio_sm_claim>
100006f0:	f44f 2a40 	mov.w	sl, #786432	@ 0xc0000
100006f4:	2100      	movs	r1, #0
100006f6:	ed8d 8b08 	vstr	d8, [sp, #32]
100006fa:	f109 0606 	add.w	r6, r9, #6
100006fe:	f109 0301 	add.w	r3, r9, #1
10000702:	0336      	lsls	r6, r6, #12
10000704:	ea46 16c3 	orr.w	r6, r6, r3, lsl #7
10000708:	4b85      	ldr	r3, [pc, #532]	@ (10000920 <initVGA+0x2a0>)
1000070a:	ac08      	add	r4, sp, #32
1000070c:	6818      	ldr	r0, [r3, #0]
1000070e:	ad0c      	add	r5, sp, #48	@ 0x30
10000710:	910b      	str	r1, [sp, #44]	@ 0x2c
10000712:	f8cd a028 	str.w	sl, [sp, #40]	@ 0x28
10000716:	9005      	str	r0, [sp, #20]
10000718:	e894 000f 	ldmia.w	r4, {r0, r1, r2, r3}
1000071c:	e885 000f 	stmia.w	r5, {r0, r1, r2, r3}
10000720:	960d      	str	r6, [sp, #52]	@ 0x34
10000722:	2601      	movs	r6, #1
10000724:	e895 000f 	ldmia.w	r5, {r0, r1, r2, r3}
10000728:	f8df c214 	ldr.w	ip, [pc, #532]	@ 10000940 <initVGA+0x2c0>
1000072c:	e884 000f 	stmia.w	r4, {r0, r1, r2, r3}
10000730:	2106      	movs	r1, #6
10000732:	2010      	movs	r0, #16
10000734:	f8cd c02c 	str.w	ip, [sp, #44]	@ 0x2c
10000738:	f8cd a020 	str.w	sl, [sp, #32]
1000073c:	f001 f964 	bl	10001a08 <gpio_set_function>
10000740:	4633      	mov	r3, r6
10000742:	2210      	movs	r2, #16
10000744:	9905      	ldr	r1, [sp, #20]
10000746:	9600      	str	r6, [sp, #0]
10000748:	4872      	ldr	r0, [pc, #456]	@ (10000914 <initVGA+0x294>)
1000074a:	f004 fa3f 	bl	10004bcc <pio_sm_set_consecutive_pindirs>
1000074e:	4623      	mov	r3, r4
10000750:	464a      	mov	r2, r9
10000752:	9905      	ldr	r1, [sp, #20]
10000754:	486f      	ldr	r0, [pc, #444]	@ (10000914 <initVGA+0x294>)
10000756:	f004 fa7f 	bl	10004c58 <pio_sm_init>
1000075a:	f44f 3340 	mov.w	r3, #196608	@ 0x30000
1000075e:	930c      	str	r3, [sp, #48]	@ 0x30
10000760:	f108 030d 	add.w	r3, r8, #13
10000764:	eb08 0206 	add.w	r2, r8, r6
10000768:	031b      	lsls	r3, r3, #12
1000076a:	ea43 13c2 	orr.w	r3, r3, r2, lsl #7
1000076e:	f023 43c0 	bic.w	r3, r3, #1610612736	@ 0x60000000
10000772:	9a03      	ldr	r2, [sp, #12]
10000774:	f043 4380 	orr.w	r3, r3, #1073741824	@ 0x40000000
10000778:	f8d2 9000 	ldr.w	r9, [r2]
1000077c:	930d      	str	r3, [sp, #52]	@ 0x34
1000077e:	4b6a      	ldr	r3, [pc, #424]	@ (10000928 <initVGA+0x2a8>)
10000780:	2106      	movs	r1, #6
10000782:	2011      	movs	r0, #17
10000784:	930f      	str	r3, [sp, #60]	@ 0x3c
10000786:	f8cd a038 	str.w	sl, [sp, #56]	@ 0x38
1000078a:	f001 f93d 	bl	10001a08 <gpio_set_function>
1000078e:	4633      	mov	r3, r6
10000790:	2211      	movs	r2, #17
10000792:	4649      	mov	r1, r9
10000794:	9600      	str	r6, [sp, #0]
10000796:	485f      	ldr	r0, [pc, #380]	@ (10000914 <initVGA+0x294>)
10000798:	f004 fa18 	bl	10004bcc <pio_sm_set_consecutive_pindirs>
1000079c:	4642      	mov	r2, r8
1000079e:	462b      	mov	r3, r5
100007a0:	4649      	mov	r1, r9
100007a2:	485c      	ldr	r0, [pc, #368]	@ (10000914 <initVGA+0x294>)
100007a4:	f004 fa58 	bl	10004c58 <pio_sm_init>
100007a8:	2100      	movs	r1, #0
100007aa:	ed8d 8b08 	vstr	d8, [sp, #32]
100007ae:	ed9f 7b56 	vldr	d7, [pc, #344]	@ 10000908 <initVGA+0x288>
100007b2:	e9cd a10a 	strd	sl, r1, [sp, #40]	@ 0x28
100007b6:	f107 0c08 	add.w	ip, r7, #8
100007ba:	1cbb      	adds	r3, r7, #2
100007bc:	ea4f 3c0c 	mov.w	ip, ip, lsl #12
100007c0:	ea4c 1cc3 	orr.w	ip, ip, r3, lsl #7
100007c4:	e894 000f 	ldmia.w	r4, {r0, r1, r2, r3}
100007c8:	e885 000f 	stmia.w	r5, {r0, r1, r2, r3}
100007cc:	f8cd c034 	str.w	ip, [sp, #52]	@ 0x34
100007d0:	e895 000f 	ldmia.w	r5, {r0, r1, r2, r3}
100007d4:	e884 000f 	stmia.w	r4, {r0, r1, r2, r3}
100007d8:	2106      	movs	r1, #6
100007da:	2012      	movs	r0, #18
100007dc:	ed8d 7b0a 	vstr	d7, [sp, #40]	@ 0x28
100007e0:	f8db 8000 	ldr.w	r8, [fp]
100007e4:	f001 f910 	bl	10001a08 <gpio_set_function>
100007e8:	2106      	movs	r1, #6
100007ea:	2013      	movs	r0, #19
100007ec:	f001 f90c 	bl	10001a08 <gpio_set_function>
100007f0:	2106      	movs	r1, #6
100007f2:	2014      	movs	r0, #20
100007f4:	f001 f908 	bl	10001a08 <gpio_set_function>
100007f8:	2303      	movs	r3, #3
100007fa:	2212      	movs	r2, #18
100007fc:	4641      	mov	r1, r8
100007fe:	9600      	str	r6, [sp, #0]
10000800:	4844      	ldr	r0, [pc, #272]	@ (10000914 <initVGA+0x294>)
10000802:	f004 f9e3 	bl	10004bcc <pio_sm_set_consecutive_pindirs>
10000806:	4623      	mov	r3, r4
10000808:	4641      	mov	r1, r8
1000080a:	463a      	mov	r2, r7
1000080c:	4841      	ldr	r0, [pc, #260]	@ (10000914 <initVGA+0x294>)
1000080e:	f004 fa23 	bl	10004c58 <pio_sm_init>
10000812:	4b43      	ldr	r3, [pc, #268]	@ (10000920 <initVGA+0x2a0>)
10000814:	4c3f      	ldr	r4, [pc, #252]	@ (10000914 <initVGA+0x294>)
10000816:	6819      	ldr	r1, [r3, #0]
10000818:	f101 0310 	add.w	r3, r1, #16
1000081c:	409e      	lsls	r6, r3
1000081e:	6863      	ldr	r3, [r4, #4]
10000820:	4233      	tst	r3, r6
10000822:	d1fc      	bne.n	1000081e <initVGA+0x19e>
10000824:	f240 1547 	movw	r5, #327	@ 0x147
10000828:	2201      	movs	r2, #1
1000082a:	9b03      	ldr	r3, [sp, #12]
1000082c:	6818      	ldr	r0, [r3, #0]
1000082e:	1d0b      	adds	r3, r1, #4
10000830:	f844 5023 	str.w	r5, [r4, r3, lsl #2]
10000834:	f100 0310 	add.w	r3, r0, #16
10000838:	4d36      	ldr	r5, [pc, #216]	@ (10000914 <initVGA+0x294>)
1000083a:	409a      	lsls	r2, r3
1000083c:	686b      	ldr	r3, [r5, #4]
1000083e:	4213      	tst	r3, r2
10000840:	d1fc      	bne.n	1000083c <initVGA+0x1bc>
10000842:	f240 16df 	movw	r6, #479	@ 0x1df
10000846:	2201      	movs	r2, #1
10000848:	f8db 4000 	ldr.w	r4, [fp]
1000084c:	1d03      	adds	r3, r0, #4
1000084e:	f845 6023 	str.w	r6, [r5, r3, lsl #2]
10000852:	f8df 80c0 	ldr.w	r8, [pc, #192]	@ 10000914 <initVGA+0x294>
10000856:	f104 0310 	add.w	r3, r4, #16
1000085a:	409a      	lsls	r2, r3
1000085c:	f8d8 3004 	ldr.w	r3, [r8, #4]
10000860:	4213      	tst	r3, r2
10000862:	d1fb      	bne.n	1000085c <initVGA+0x1dc>
10000864:	2501      	movs	r5, #1
10000866:	239f      	movs	r3, #159	@ 0x9f
10000868:	9e04      	ldr	r6, [sp, #16]
1000086a:	fa05 f000 	lsl.w	r0, r5, r0
1000086e:	f8d6 c000 	ldr.w	ip, [r6]
10000872:	1d26      	adds	r6, r4, #4
10000874:	f848 3026 	str.w	r3, [r8, r6, lsl #2]
10000878:	fa05 f301 	lsl.w	r3, r5, r1
1000087c:	4303      	orrs	r3, r0
1000087e:	fa05 f104 	lsl.w	r1, r5, r4
10000882:	430b      	orrs	r3, r1
10000884:	0219      	lsls	r1, r3, #8
10000886:	f401 6170 	and.w	r1, r1, #3840	@ 0xf00
1000088a:	f8df e0b8 	ldr.w	lr, [pc, #184]	@ 10000944 <initVGA+0x2c4>
1000088e:	f003 030f 	and.w	r3, r3, #15
10000892:	430b      	orrs	r3, r1
10000894:	4a25      	ldr	r2, [pc, #148]	@ (1000092c <initVGA+0x2ac>)
10000896:	4f26      	ldr	r7, [pc, #152]	@ (10000930 <initVGA+0x2b0>)
10000898:	f8ce 3000 	str.w	r3, [lr]
1000089c:	4628      	mov	r0, r5
1000089e:	f8c7 c000 	str.w	ip, [r7]
100008a2:	6817      	ldr	r7, [r2, #0]
100008a4:	f004 fa2c 	bl	10004d00 <dma_claim_unused_channel>
100008a8:	f04f 41a0 	mov.w	r1, #1342177280	@ 0x50000000
100008ac:	4b21      	ldr	r3, [pc, #132]	@ (10000934 <initVGA+0x2b4>)
100008ae:	4085      	lsls	r5, r0
100008b0:	0182      	lsls	r2, r0, #6
100008b2:	6018      	str	r0, [r3, #0]
100008b4:	440a      	add	r2, r1
100008b6:	f8c1 5464 	str.w	r5, [r1, #1124]	@ 0x464
100008ba:	68d3      	ldr	r3, [r2, #12]
100008bc:	015b      	lsls	r3, r3, #5
100008be:	d4fc      	bmi.n	100008ba <initVGA+0x23a>
100008c0:	f8c1 540c 	str.w	r5, [r1, #1036]	@ 0x40c
100008c4:	21a0      	movs	r1, #160	@ 0xa0
100008c6:	9b04      	ldr	r3, [sp, #16]
100008c8:	eb07 0686 	add.w	r6, r7, r6, lsl #2
100008cc:	6013      	str	r3, [r2, #0]
100008ce:	f107 432f 	add.w	r3, r7, #2936012800	@ 0xaf000000
100008d2:	f503 0360 	add.w	r3, r3, #14680064	@ 0xe00000
100008d6:	0d1b      	lsrs	r3, r3, #20
100008d8:	eb04 04c3 	add.w	r4, r4, r3, lsl #3
100008dc:	4b16      	ldr	r3, [pc, #88]	@ (10000938 <initVGA+0x2b8>)
100008de:	6056      	str	r6, [r2, #4]
100008e0:	ea03 3340 	and.w	r3, r3, r0, lsl #13
100008e4:	ea43 4344 	orr.w	r3, r3, r4, lsl #17
100008e8:	f043 0311 	orr.w	r3, r3, #17
100008ec:	6091      	str	r1, [r2, #8]
100008ee:	6113      	str	r3, [r2, #16]
100008f0:	b011      	add	sp, #68	@ 0x44
100008f2:	ecbd 8b02 	vpop	{d8}
100008f6:	e8bd 8ff0 	ldmia.w	sp!, {r4, r5, r6, r7, r8, r9, sl, fp, pc}
100008fa:	bf00      	nop
100008fc:	f3af 8000 	nop.w
10000900:	00010000 	.word	0x00010000
10000904:	0001f000 	.word	0x0001f000
10000908:	400c0000 	.word	0x400c0000
1000090c:	0c300252 	.word	0x0c300252
10000910:	10005c40 	.word	0x10005c40
10000914:	50200000 	.word	0x50200000
10000918:	10005c1c 	.word	0x10005c1c
1000091c:	10005c00 	.word	0x10005c00
10000920:	20001270 	.word	0x20001270
10000924:	20000828 	.word	0x20000828
10000928:	44004620 	.word	0x44004620
1000092c:	20000830 	.word	0x20000830
10000930:	200012d0 	.word	0x200012d0
10000934:	200012b8 	.word	0x200012b8
10000938:	fc01fffd 	.word	0xfc01fffd
1000093c:	20000824 	.word	0x20000824
10000940:	04000200 	.word	0x04000200
10000944:	50202000 	.word	0x50202000
10000948:	49ad      	ldr	r1, [pc, #692]	@ (10000c00 <initVGA+0x580>)
1000094a:	48ae      	ldr	r0, [pc, #696]	@ (10000c04 <initVGA+0x584>)
1000094c:	f004 f874 	bl	10004a38 <pio_add_program>
10000950:	49ad      	ldr	r1, [pc, #692]	@ (10000c08 <initVGA+0x588>)
10000952:	4607      	mov	r7, r0
10000954:	48ab      	ldr	r0, [pc, #684]	@ (10000c04 <initVGA+0x584>)
10000956:	f004 f86f 	bl	10004a38 <pio_add_program>
1000095a:	49ac      	ldr	r1, [pc, #688]	@ (10000c0c <initVGA+0x58c>)
1000095c:	4682      	mov	sl, r0
1000095e:	48a9      	ldr	r0, [pc, #676]	@ (10000c04 <initVGA+0x584>)
10000960:	f004 f86a 	bl	10004a38 <pio_add_program>
10000964:	4603      	mov	r3, r0
10000966:	ed9f 8ba2 	vldr	d8, [pc, #648]	@ 10000bf0 <initVGA+0x570>
1000096a:	4aa9      	ldr	r2, [pc, #676]	@ (10000c10 <initVGA+0x590>)
1000096c:	48a5      	ldr	r0, [pc, #660]	@ (10000c04 <initVGA+0x584>)
1000096e:	6811      	ldr	r1, [r2, #0]
10000970:	9305      	str	r3, [sp, #20]
10000972:	f004 f83d 	bl	100049f0 <pio_sm_claim>
10000976:	49a7      	ldr	r1, [pc, #668]	@ (10000c14 <initVGA+0x594>)
10000978:	f8df b2b8 	ldr.w	fp, [pc, #696]	@ 10000c34 <initVGA+0x5b4>
1000097c:	48a1      	ldr	r0, [pc, #644]	@ (10000c04 <initVGA+0x584>)
1000097e:	9103      	str	r1, [sp, #12]
10000980:	6809      	ldr	r1, [r1, #0]
10000982:	f004 f835 	bl	100049f0 <pio_sm_claim>
10000986:	489f      	ldr	r0, [pc, #636]	@ (10000c04 <initVGA+0x584>)
10000988:	f8db 1000 	ldr.w	r1, [fp]
1000098c:	f004 f830 	bl	100049f0 <pio_sm_claim>
10000990:	f44f 2940 	mov.w	r9, #786432	@ 0xc0000
10000994:	2000      	movs	r0, #0
10000996:	ed8d 8b08 	vstr	d8, [sp, #32]
1000099a:	4a9d      	ldr	r2, [pc, #628]	@ (10000c10 <initVGA+0x590>)
1000099c:	f107 0608 	add.w	r6, r7, #8
100009a0:	e9cd 900a 	strd	r9, r0, [sp, #40]	@ 0x28
100009a4:	1c7b      	adds	r3, r7, #1
100009a6:	0336      	lsls	r6, r6, #12
100009a8:	ea46 16c3 	orr.w	r6, r6, r3, lsl #7
100009ac:	6813      	ldr	r3, [r2, #0]
100009ae:	ac08      	add	r4, sp, #32
100009b0:	ad0c      	add	r5, sp, #48	@ 0x30
100009b2:	f44f 28c0 	mov.w	r8, #393216	@ 0x60000
100009b6:	9307      	str	r3, [sp, #28]
100009b8:	e894 000f 	ldmia.w	r4, {r0, r1, r2, r3}
100009bc:	e885 000f 	stmia.w	r5, {r0, r1, r2, r3}
100009c0:	960d      	str	r6, [sp, #52]	@ 0x34
100009c2:	2601      	movs	r6, #1
100009c4:	e895 000f 	ldmia.w	r5, {r0, r1, r2, r3}
100009c8:	f8df c26c 	ldr.w	ip, [pc, #620]	@ 10000c38 <initVGA+0x5b8>
100009cc:	e884 000f 	stmia.w	r4, {r0, r1, r2, r3}
100009d0:	2106      	movs	r1, #6
100009d2:	2010      	movs	r0, #16
100009d4:	f8cd c02c 	str.w	ip, [sp, #44]	@ 0x2c
100009d8:	f8cd 8020 	str.w	r8, [sp, #32]
100009dc:	f001 f814 	bl	10001a08 <gpio_set_function>
100009e0:	4633      	mov	r3, r6
100009e2:	2210      	movs	r2, #16
100009e4:	9907      	ldr	r1, [sp, #28]
100009e6:	9600      	str	r6, [sp, #0]
100009e8:	4886      	ldr	r0, [pc, #536]	@ (10000c04 <initVGA+0x584>)
100009ea:	f004 f8ef 	bl	10004bcc <pio_sm_set_consecutive_pindirs>
100009ee:	4623      	mov	r3, r4
100009f0:	463a      	mov	r2, r7
100009f2:	9907      	ldr	r1, [sp, #28]
100009f4:	4883      	ldr	r0, [pc, #524]	@ (10000c04 <initVGA+0x584>)
100009f6:	f004 f92f 	bl	10004c58 <pio_sm_init>
100009fa:	f10a 030d 	add.w	r3, sl, #13
100009fe:	eb0a 0206 	add.w	r2, sl, r6
10000a02:	031b      	lsls	r3, r3, #12
10000a04:	ea43 13c2 	orr.w	r3, r3, r2, lsl #7
10000a08:	9f03      	ldr	r7, [sp, #12]
10000a0a:	f023 43c0 	bic.w	r3, r3, #1610612736	@ 0x60000000
10000a0e:	f043 4380 	orr.w	r3, r3, #1073741824	@ 0x40000000
10000a12:	683f      	ldr	r7, [r7, #0]
10000a14:	930d      	str	r3, [sp, #52]	@ 0x34
10000a16:	4b80      	ldr	r3, [pc, #512]	@ (10000c18 <initVGA+0x598>)
10000a18:	2106      	movs	r1, #6
10000a1a:	2011      	movs	r0, #17
10000a1c:	f8cd 8030 	str.w	r8, [sp, #48]	@ 0x30
10000a20:	f8cd 9038 	str.w	r9, [sp, #56]	@ 0x38
10000a24:	930f      	str	r3, [sp, #60]	@ 0x3c
10000a26:	f000 ffef 	bl	10001a08 <gpio_set_function>
10000a2a:	4633      	mov	r3, r6
10000a2c:	4639      	mov	r1, r7
10000a2e:	2211      	movs	r2, #17
10000a30:	9600      	str	r6, [sp, #0]
10000a32:	4874      	ldr	r0, [pc, #464]	@ (10000c04 <initVGA+0x584>)
10000a34:	f004 f8ca 	bl	10004bcc <pio_sm_set_consecutive_pindirs>
10000a38:	4639      	mov	r1, r7
10000a3a:	462b      	mov	r3, r5
10000a3c:	4652      	mov	r2, sl
10000a3e:	4871      	ldr	r0, [pc, #452]	@ (10000c04 <initVGA+0x584>)
10000a40:	f004 f90a 	bl	10004c58 <pio_sm_init>
10000a44:	2000      	movs	r0, #0
10000a46:	ed8d 8b08 	vstr	d8, [sp, #32]
10000a4a:	9b05      	ldr	r3, [sp, #20]
10000a4c:	e9cd 900a 	strd	r9, r0, [sp, #40]	@ 0x28
10000a50:	f20f 19a4 	addw	r9, pc, #420	@ 0x1a4
10000a54:	e9d9 8900 	ldrd	r8, r9, [r9]
10000a58:	f103 0c08 	add.w	ip, r3, #8
10000a5c:	ea4f 3c0c 	mov.w	ip, ip, lsl #12
10000a60:	3302      	adds	r3, #2
10000a62:	ea4c 1cc3 	orr.w	ip, ip, r3, lsl #7
10000a66:	e894 000f 	ldmia.w	r4, {r0, r1, r2, r3}
10000a6a:	e885 000f 	stmia.w	r5, {r0, r1, r2, r3}
10000a6e:	f8cd c034 	str.w	ip, [sp, #52]	@ 0x34
10000a72:	e895 000f 	ldmia.w	r5, {r0, r1, r2, r3}
10000a76:	e884 000f 	stmia.w	r4, {r0, r1, r2, r3}
10000a7a:	2106      	movs	r1, #6
10000a7c:	2012      	movs	r0, #18
10000a7e:	f8db 7000 	ldr.w	r7, [fp]
10000a82:	e9cd 890a 	strd	r8, r9, [sp, #40]	@ 0x28
10000a86:	f000 ffbf 	bl	10001a08 <gpio_set_function>
10000a8a:	2106      	movs	r1, #6
10000a8c:	2013      	movs	r0, #19
10000a8e:	f000 ffbb 	bl	10001a08 <gpio_set_function>
10000a92:	2106      	movs	r1, #6
10000a94:	2014      	movs	r0, #20
10000a96:	f000 ffb7 	bl	10001a08 <gpio_set_function>
10000a9a:	2303      	movs	r3, #3
10000a9c:	2212      	movs	r2, #18
10000a9e:	4639      	mov	r1, r7
10000aa0:	9600      	str	r6, [sp, #0]
10000aa2:	4858      	ldr	r0, [pc, #352]	@ (10000c04 <initVGA+0x584>)
10000aa4:	f004 f892 	bl	10004bcc <pio_sm_set_consecutive_pindirs>
10000aa8:	4623      	mov	r3, r4
10000aaa:	9a05      	ldr	r2, [sp, #20]
10000aac:	4639      	mov	r1, r7
10000aae:	4855      	ldr	r0, [pc, #340]	@ (10000c04 <initVGA+0x584>)
10000ab0:	f004 f8d2 	bl	10004c58 <pio_sm_init>
10000ab4:	4a56      	ldr	r2, [pc, #344]	@ (10000c10 <initVGA+0x590>)
10000ab6:	4c53      	ldr	r4, [pc, #332]	@ (10000c04 <initVGA+0x584>)
10000ab8:	6812      	ldr	r2, [r2, #0]
10000aba:	f102 0310 	add.w	r3, r2, #16
10000abe:	409e      	lsls	r6, r3
10000ac0:	6863      	ldr	r3, [r4, #4]
10000ac2:	4233      	tst	r3, r6
10000ac4:	d1fc      	bne.n	10000ac0 <initVGA+0x440>
10000ac6:	f240 258f 	movw	r5, #655	@ 0x28f
10000aca:	2101      	movs	r1, #1
10000acc:	9b03      	ldr	r3, [sp, #12]
10000ace:	6818      	ldr	r0, [r3, #0]
10000ad0:	1d13      	adds	r3, r2, #4
10000ad2:	f844 5023 	str.w	r5, [r4, r3, lsl #2]
10000ad6:	f100 0310 	add.w	r3, r0, #16
10000ada:	4c4a      	ldr	r4, [pc, #296]	@ (10000c04 <initVGA+0x584>)
10000adc:	4099      	lsls	r1, r3
10000ade:	6863      	ldr	r3, [r4, #4]
10000ae0:	420b      	tst	r3, r1
10000ae2:	d1fc      	bne.n	10000ade <initVGA+0x45e>
10000ae4:	f240 16df 	movw	r6, #479	@ 0x1df
10000ae8:	2101      	movs	r1, #1
10000aea:	f8db 5000 	ldr.w	r5, [fp]
10000aee:	1d03      	adds	r3, r0, #4
10000af0:	f844 6023 	str.w	r6, [r4, r3, lsl #2]
10000af4:	4f43      	ldr	r7, [pc, #268]	@ (10000c04 <initVGA+0x584>)
10000af6:	f105 0310 	add.w	r3, r5, #16
10000afa:	4099      	lsls	r1, r3
10000afc:	687b      	ldr	r3, [r7, #4]
10000afe:	420b      	tst	r3, r1
10000b00:	d1fc      	bne.n	10000afc <initVGA+0x47c>
10000b02:	2301      	movs	r3, #1
10000b04:	f240 1e3f 	movw	lr, #319	@ 0x13f
10000b08:	f04f 41a0 	mov.w	r1, #1342177280	@ 0x50000000
10000b0c:	fa03 f000 	lsl.w	r0, r3, r0
10000b10:	fa03 f202 	lsl.w	r2, r3, r2
10000b14:	f105 0c04 	add.w	ip, r5, #4
10000b18:	4302      	orrs	r2, r0
10000b1a:	fa03 f505 	lsl.w	r5, r3, r5
10000b1e:	432a      	orrs	r2, r5
10000b20:	0210      	lsls	r0, r2, #8
10000b22:	f400 6070 	and.w	r0, r0, #3840	@ 0xf00
10000b26:	4e3d      	ldr	r6, [pc, #244]	@ (10000c1c <initVGA+0x59c>)
10000b28:	4c3d      	ldr	r4, [pc, #244]	@ (10000c20 <initVGA+0x5a0>)
10000b2a:	f002 020f 	and.w	r2, r2, #15
10000b2e:	4302      	orrs	r2, r0
10000b30:	f847 e02c 	str.w	lr, [r7, ip, lsl #2]
10000b34:	6032      	str	r2, [r6, #0]
10000b36:	6822      	ldr	r2, [r4, #0]
10000b38:	fa03 f002 	lsl.w	r0, r3, r2
10000b3c:	4b39      	ldr	r3, [pc, #228]	@ (10000c24 <initVGA+0x5a4>)
10000b3e:	0192      	lsls	r2, r2, #6
10000b40:	681d      	ldr	r5, [r3, #0]
10000b42:	440a      	add	r2, r1
10000b44:	f8c1 0464 	str.w	r0, [r1, #1124]	@ 0x464
10000b48:	68d3      	ldr	r3, [r2, #12]
10000b4a:	015e      	lsls	r6, r3, #5
10000b4c:	d4fc      	bmi.n	10000b48 <initVGA+0x4c8>
10000b4e:	f8c1 040c 	str.w	r0, [r1, #1036]	@ 0x40c
10000b52:	2001      	movs	r0, #1
10000b54:	f04f 46a0 	mov.w	r6, #1342177280	@ 0x50000000
10000b58:	4f33      	ldr	r7, [pc, #204]	@ (10000c28 <initVGA+0x5a8>)
10000b5a:	683b      	ldr	r3, [r7, #0]
10000b5c:	019a      	lsls	r2, r3, #6
10000b5e:	4098      	lsls	r0, r3
10000b60:	4432      	add	r2, r6
10000b62:	f8c1 0464 	str.w	r0, [r1, #1124]	@ 0x464
10000b66:	68d3      	ldr	r3, [r2, #12]
10000b68:	015b      	lsls	r3, r3, #5
10000b6a:	d4fc      	bmi.n	10000b66 <initVGA+0x4e6>
10000b6c:	f8c6 040c 	str.w	r0, [r6, #1036]	@ 0x40c
10000b70:	2001      	movs	r0, #1
10000b72:	f004 f8c5 	bl	10004d00 <dma_claim_unused_channel>
10000b76:	6020      	str	r0, [r4, #0]
10000b78:	2001      	movs	r0, #1
10000b7a:	f004 f8c1 	bl	10004d00 <dma_claim_unused_channel>
10000b7e:	2101      	movs	r1, #1
10000b80:	f8d4 c000 	ldr.w	ip, [r4]
10000b84:	f8db 4000 	ldr.w	r4, [fp]
10000b88:	4a28      	ldr	r2, [pc, #160]	@ (10000c2c <initVGA+0x5ac>)
10000b8a:	f104 0e04 	add.w	lr, r4, #4
10000b8e:	eb05 048e 	add.w	r4, r5, lr, lsl #2
10000b92:	9d04      	ldr	r5, [sp, #16]
10000b94:	6038      	str	r0, [r7, #0]
10000b96:	ea02 324c 	and.w	r2, r2, ip, lsl #13
10000b9a:	682f      	ldr	r7, [r5, #0]
10000b9c:	ea4f 158c 	mov.w	r5, ip, lsl #6
10000ba0:	f105 45a0 	add.w	r5, r5, #1342177280	@ 0x50000000
10000ba4:	ea42 3240 	orr.w	r2, r2, r0, lsl #13
10000ba8:	4b21      	ldr	r3, [pc, #132]	@ (10000c30 <initVGA+0x5b0>)
10000baa:	602f      	str	r7, [r5, #0]
10000bac:	f442 2280 	orr.w	r2, r2, #262144	@ 0x40000
10000bb0:	606c      	str	r4, [r5, #4]
10000bb2:	9c06      	ldr	r4, [sp, #24]
10000bb4:	ea03 3340 	and.w	r3, r3, r0, lsl #13
10000bb8:	f042 0211 	orr.w	r2, r2, #17
10000bbc:	60ac      	str	r4, [r5, #8]
10000bbe:	ea43 334c 	orr.w	r3, r3, ip, lsl #13
10000bc2:	612a      	str	r2, [r5, #16]
10000bc4:	0180      	lsls	r0, r0, #6
10000bc6:	9a04      	ldr	r2, [sp, #16]
10000bc8:	f100 40a0 	add.w	r0, r0, #1342177280	@ 0x50000000
10000bcc:	f443 03fc 	orr.w	r3, r3, #8257536	@ 0x7e0000
10000bd0:	6002      	str	r2, [r0, #0]
10000bd2:	f043 0309 	orr.w	r3, r3, #9
10000bd6:	fa01 f20c 	lsl.w	r2, r1, ip
10000bda:	6045      	str	r5, [r0, #4]
10000bdc:	6081      	str	r1, [r0, #8]
10000bde:	6103      	str	r3, [r0, #16]
10000be0:	f8c6 2450 	str.w	r2, [r6, #1104]	@ 0x450
10000be4:	b011      	add	sp, #68	@ 0x44
10000be6:	ecbd 8b02 	vpop	{d8}
10000bea:	e8bd 8ff0 	ldmia.w	sp!, {r4, r5, r6, r7, r8, r9, sl, fp, pc}
10000bee:	bf00      	nop
10000bf0:	00010000 	.word	0x00010000
10000bf4:	0001f000 	.word	0x0001f000
10000bf8:	400c0000 	.word	0x400c0000
10000bfc:	0c300252 	.word	0x0c300252
10000c00:	10005be4 	.word	0x10005be4
10000c04:	50200000 	.word	0x50200000
10000c08:	10005bc0 	.word	0x10005bc0
10000c0c:	10005ba4 	.word	0x10005ba4
10000c10:	20001270 	.word	0x20001270
10000c14:	20000828 	.word	0x20000828
10000c18:	44004620 	.word	0x44004620
10000c1c:	50202000 	.word	0x50202000
10000c20:	200012b8 	.word	0x200012b8
10000c24:	20000830 	.word	0x20000830
10000c28:	200012bc 	.word	0x200012bc
10000c2c:	fc001ffd 	.word	0xfc001ffd
10000c30:	fc7e1ffd 	.word	0xfc7e1ffd
10000c34:	20000824 	.word	0x20000824
10000c38:	04000200 	.word	0x04000200

10000c3c <dec_cursor_x>:
10000c3c:	4b05      	ldr	r3, [pc, #20]	@ (10000c54 <dec_cursor_x+0x18>)
10000c3e:	681b      	ldr	r3, [r3, #0]
10000c40:	6d5b      	ldr	r3, [r3, #84]	@ 0x54
10000c42:	685a      	ldr	r2, [r3, #4]
10000c44:	7c19      	ldrb	r1, [r3, #16]
10000c46:	8813      	ldrh	r3, [r2, #0]
10000c48:	1a5b      	subs	r3, r3, r1
10000c4a:	b21b      	sxth	r3, r3
10000c4c:	ea23 73e3 	bic.w	r3, r3, r3, asr #31
10000c50:	8013      	strh	r3, [r2, #0]
10000c52:	4770      	bx	lr
10000c54:	200012cc 	.word	0x200012cc

10000c58 <dec_cursor_y>:
10000c58:	4b05      	ldr	r3, [pc, #20]	@ (10000c70 <dec_cursor_y+0x18>)
10000c5a:	681b      	ldr	r3, [r3, #0]
10000c5c:	6d5b      	ldr	r3, [r3, #84]	@ 0x54
10000c5e:	685a      	ldr	r2, [r3, #4]
10000c60:	7c59      	ldrb	r1, [r3, #17]
10000c62:	8853      	ldrh	r3, [r2, #2]
10000c64:	1a5b      	subs	r3, r3, r1
10000c66:	b21b      	sxth	r3, r3
10000c68:	ea23 73e3 	bic.w	r3, r3, r3, asr #31
10000c6c:	8053      	strh	r3, [r2, #2]
10000c6e:	4770      	bx	lr
10000c70:	200012cc 	.word	0x200012cc

10000c74 <inc_cursor_x>:
10000c74:	4b0b      	ldr	r3, [pc, #44]	@ (10000ca4 <inc_cursor_x+0x30>)
10000c76:	681b      	ldr	r3, [r3, #0]
10000c78:	6d59      	ldr	r1, [r3, #84]	@ 0x54
10000c7a:	684a      	ldr	r2, [r1, #4]
10000c7c:	7c0b      	ldrb	r3, [r1, #16]
10000c7e:	8810      	ldrh	r0, [r2, #0]
10000c80:	4403      	add	r3, r0
10000c82:	b21b      	sxth	r3, r3
10000c84:	2b4f      	cmp	r3, #79	@ 0x4f
10000c86:	dc01      	bgt.n	10000c8c <inc_cursor_x+0x18>
10000c88:	8013      	strh	r3, [r2, #0]
10000c8a:	4770      	bx	lr
10000c8c:	2000      	movs	r0, #0
10000c8e:	8010      	strh	r0, [r2, #0]
10000c90:	f8b2 c002 	ldrh.w	ip, [r2, #2]
10000c94:	7c4b      	ldrb	r3, [r1, #17]
10000c96:	4463      	add	r3, ip
10000c98:	b21b      	sxth	r3, r3
10000c9a:	2b1e      	cmp	r3, #30
10000c9c:	bfd4      	ite	le
10000c9e:	8053      	strhle	r3, [r2, #2]
10000ca0:	8050      	strhgt	r0, [r2, #2]
10000ca2:	4770      	bx	lr
10000ca4:	200012cc 	.word	0x200012cc

10000ca8 <inc_cursor_y>:
10000ca8:	4b06      	ldr	r3, [pc, #24]	@ (10000cc4 <inc_cursor_y+0x1c>)
10000caa:	681b      	ldr	r3, [r3, #0]
10000cac:	6d5b      	ldr	r3, [r3, #84]	@ 0x54
10000cae:	685a      	ldr	r2, [r3, #4]
10000cb0:	7c5b      	ldrb	r3, [r3, #17]
10000cb2:	8851      	ldrh	r1, [r2, #2]
10000cb4:	440b      	add	r3, r1
10000cb6:	b21b      	sxth	r3, r3
10000cb8:	2b1f      	cmp	r3, #31
10000cba:	bfa8      	it	ge
10000cbc:	2300      	movge	r3, #0
10000cbe:	8053      	strh	r3, [r2, #2]
10000cc0:	4770      	bx	lr
10000cc2:	bf00      	nop
10000cc4:	200012cc 	.word	0x200012cc

10000cc8 <set_vga_data_array>:
10000cc8:	4b02      	ldr	r3, [pc, #8]	@ (10000cd4 <set_vga_data_array+0xc>)
10000cca:	681b      	ldr	r3, [r3, #0]
10000ccc:	6d5b      	ldr	r3, [r3, #84]	@ 0x54
10000cce:	6298      	str	r0, [r3, #40]	@ 0x28
10000cd0:	4770      	bx	lr
10000cd2:	bf00      	nop
10000cd4:	200012cc 	.word	0x200012cc

10000cd8 <set_vga_home>:
10000cd8:	2100      	movs	r1, #0
10000cda:	4b02      	ldr	r3, [pc, #8]	@ (10000ce4 <set_vga_home+0xc>)
10000cdc:	4608      	mov	r0, r1
10000cde:	681b      	ldr	r3, [r3, #0]
10000ce0:	691b      	ldr	r3, [r3, #16]
10000ce2:	4718      	bx	r3
10000ce4:	200012cc 	.word	0x200012cc

10000ce8 <set_vga_mode>:
10000ce8:	4b0a      	ldr	r3, [pc, #40]	@ (10000d14 <set_vga_mode+0x2c>)
10000cea:	681b      	ldr	r3, [r3, #0]
10000cec:	6d5b      	ldr	r3, [r3, #84]	@ 0x54
10000cee:	7218      	strb	r0, [r3, #8]
10000cf0:	2805      	cmp	r0, #5
10000cf2:	d80a      	bhi.n	10000d0a <set_vga_mode+0x22>
10000cf4:	e8df f000 	tbb	[pc, r0]
10000cf8:	03030606 	.word	0x03030606
10000cfc:	0306      	.short	0x0306
10000cfe:	4a06      	ldr	r2, [pc, #24]	@ (10000d18 <set_vga_mode+0x30>)
10000d00:	601a      	str	r2, [r3, #0]
10000d02:	4770      	bx	lr
10000d04:	4a05      	ldr	r2, [pc, #20]	@ (10000d1c <set_vga_mode+0x34>)
10000d06:	601a      	str	r2, [r3, #0]
10000d08:	4770      	bx	lr
10000d0a:	2202      	movs	r2, #2
10000d0c:	4902      	ldr	r1, [pc, #8]	@ (10000d18 <set_vga_mode+0x30>)
10000d0e:	721a      	strb	r2, [r3, #8]
10000d10:	6019      	str	r1, [r3, #0]
10000d12:	4770      	bx	lr
10000d14:	200012cc 	.word	0x200012cc
10000d18:	01e00280 	.word	0x01e00280
10000d1c:	00f00140 	.word	0x00f00140

10000d20 <setTextCursor>:
10000d20:	4b0f      	ldr	r3, [pc, #60]	@ (10000d60 <setTextCursor+0x40>)
10000d22:	681b      	ldr	r3, [r3, #0]
10000d24:	6d5b      	ldr	r3, [r3, #84]	@ 0x54
10000d26:	f8b3 c000 	ldrh.w	ip, [r3]
10000d2a:	4584      	cmp	ip, r0
10000d2c:	d917      	bls.n	10000d5e <setTextCursor+0x3e>
10000d2e:	b500      	push	{lr}
10000d30:	f8b3 e002 	ldrh.w	lr, [r3, #2]
10000d34:	458e      	cmp	lr, r1
10000d36:	d910      	bls.n	10000d5a <setTextCursor+0x3a>
10000d38:	7c1a      	ldrb	r2, [r3, #16]
10000d3a:	fb12 f200 	smulbb	r2, r2, r0
10000d3e:	6858      	ldr	r0, [r3, #4]
10000d40:	7c5b      	ldrb	r3, [r3, #17]
10000d42:	b292      	uxth	r2, r2
10000d44:	fb13 f301 	smulbb	r3, r3, r1
10000d48:	b29b      	uxth	r3, r3
10000d4a:	4594      	cmp	ip, r2
10000d4c:	bf98      	it	ls
10000d4e:	2200      	movls	r2, #0
10000d50:	459e      	cmp	lr, r3
10000d52:	bf98      	it	ls
10000d54:	2300      	movls	r3, #0
10000d56:	8002      	strh	r2, [r0, #0]
10000d58:	8043      	strh	r3, [r0, #2]
10000d5a:	f85d fb04 	ldr.w	pc, [sp], #4
10000d5e:	4770      	bx	lr
10000d60:	200012cc 	.word	0x200012cc

10000d64 <getTextSize>:
10000d64:	4b02      	ldr	r3, [pc, #8]	@ (10000d70 <getTextSize+0xc>)
10000d66:	681b      	ldr	r3, [r3, #0]
10000d68:	6d5b      	ldr	r3, [r3, #84]	@ 0x54
10000d6a:	7c98      	ldrb	r0, [r3, #18]
10000d6c:	4770      	bx	lr
10000d6e:	bf00      	nop
10000d70:	200012cc 	.word	0x200012cc

10000d74 <set_blink_interval>:
10000d74:	4b02      	ldr	r3, [pc, #8]	@ (10000d80 <set_blink_interval+0xc>)
10000d76:	681b      	ldr	r3, [r3, #0]
10000d78:	6d5b      	ldr	r3, [r3, #84]	@ 0x54
10000d7a:	685b      	ldr	r3, [r3, #4]
10000d7c:	80d8      	strh	r0, [r3, #6]
10000d7e:	4770      	bx	lr
10000d80:	200012cc 	.word	0x200012cc

10000d84 <get_blink_interval>:
10000d84:	4b02      	ldr	r3, [pc, #8]	@ (10000d90 <get_blink_interval+0xc>)
10000d86:	681b      	ldr	r3, [r3, #0]
10000d88:	6d5b      	ldr	r3, [r3, #84]	@ 0x54
10000d8a:	685b      	ldr	r3, [r3, #4]
10000d8c:	88d8      	ldrh	r0, [r3, #6]
10000d8e:	4770      	bx	lr
10000d90:	200012cc 	.word	0x200012cc

10000d94 <setTextCursorVisible>:
10000d94:	4b02      	ldr	r3, [pc, #8]	@ (10000da0 <setTextCursorVisible+0xc>)
10000d96:	681b      	ldr	r3, [r3, #0]
10000d98:	6d5b      	ldr	r3, [r3, #84]	@ 0x54
10000d9a:	685b      	ldr	r3, [r3, #4]
10000d9c:	7118      	strb	r0, [r3, #4]
10000d9e:	4770      	bx	lr
10000da0:	200012cc 	.word	0x200012cc

10000da4 <setTextCursorBlink>:
10000da4:	4b02      	ldr	r3, [pc, #8]	@ (10000db0 <setTextCursorBlink+0xc>)
10000da6:	681b      	ldr	r3, [r3, #0]
10000da8:	6d5b      	ldr	r3, [r3, #84]	@ 0x54
10000daa:	685b      	ldr	r3, [r3, #4]
10000dac:	7158      	strb	r0, [r3, #5]
10000dae:	4770      	bx	lr
10000db0:	200012cc 	.word	0x200012cc

10000db4 <setTextColor>:
10000db4:	4b02      	ldr	r3, [pc, #8]	@ (10000dc0 <setTextColor+0xc>)
10000db6:	681b      	ldr	r3, [r3, #0]
10000db8:	6d5b      	ldr	r3, [r3, #84]	@ 0x54
10000dba:	7618      	strb	r0, [r3, #24]
10000dbc:	7659      	strb	r1, [r3, #25]
10000dbe:	4770      	bx	lr
10000dc0:	200012cc 	.word	0x200012cc

10000dc4 <getTextColor>:
10000dc4:	4b02      	ldr	r3, [pc, #8]	@ (10000dd0 <getTextColor+0xc>)
10000dc6:	681b      	ldr	r3, [r3, #0]
10000dc8:	6d5b      	ldr	r3, [r3, #84]	@ 0x54
10000dca:	7e18      	ldrb	r0, [r3, #24]
10000dcc:	4770      	bx	lr
10000dce:	bf00      	nop
10000dd0:	200012cc 	.word	0x200012cc

10000dd4 <clrscr>:
10000dd4:	4b06      	ldr	r3, [pc, #24]	@ (10000df0 <clrscr+0x1c>)
10000dd6:	b510      	push	{r4, lr}
10000dd8:	681b      	ldr	r3, [r3, #0]
10000dda:	2100      	movs	r1, #0
10000ddc:	6d5c      	ldr	r4, [r3, #84]	@ 0x54
10000dde:	69e2      	ldr	r2, [r4, #28]
10000de0:	6aa0      	ldr	r0, [r4, #40]	@ 0x28
10000de2:	f004 fae5 	bl	100053b0 <memset>
10000de6:	2200      	movs	r2, #0
10000de8:	6863      	ldr	r3, [r4, #4]
10000dea:	601a      	str	r2, [r3, #0]
10000dec:	bd10      	pop	{r4, pc}
10000dee:	bf00      	nop
10000df0:	200012cc 	.word	0x200012cc

10000df4 <drawPixel>:
10000df4:	4b11      	ldr	r3, [pc, #68]	@ (10000e3c <drawPixel+0x48>)
10000df6:	b530      	push	{r4, r5, lr}
10000df8:	681b      	ldr	r3, [r3, #0]
10000dfa:	6d5c      	ldr	r4, [r3, #84]	@ 0x54
10000dfc:	ea40 0301 	orr.w	r3, r0, r1
10000e00:	f8b4 e002 	ldrh.w	lr, [r4, #2]
10000e04:	0fdb      	lsrs	r3, r3, #31
10000e06:	458e      	cmp	lr, r1
10000e08:	bfd8      	it	le
10000e0a:	f043 0301 	orrle.w	r3, r3, #1
10000e0e:	f8b4 c000 	ldrh.w	ip, [r4]
10000e12:	b96b      	cbnz	r3, 10000e30 <drawPixel+0x3c>
10000e14:	4584      	cmp	ip, r0
10000e16:	dd0b      	ble.n	10000e30 <drawPixel+0x3c>
10000e18:	fb01 000c 	mla	r0, r1, ip, r0
10000e1c:	6aa5      	ldr	r5, [r4, #40]	@ 0x28
10000e1e:	1041      	asrs	r1, r0, #1
10000e20:	07c0      	lsls	r0, r0, #31
10000e22:	5c6b      	ldrb	r3, [r5, r1]
10000e24:	d505      	bpl.n	10000e32 <drawPixel+0x3e>
10000e26:	8c20      	ldrh	r0, [r4, #32]
10000e28:	4003      	ands	r3, r0
10000e2a:	ea43 1202 	orr.w	r2, r3, r2, lsl #4
10000e2e:	546a      	strb	r2, [r5, r1]
10000e30:	bd30      	pop	{r4, r5, pc}
10000e32:	8c60      	ldrh	r0, [r4, #34]	@ 0x22
10000e34:	4003      	ands	r3, r0
10000e36:	431a      	orrs	r2, r3
10000e38:	546a      	strb	r2, [r5, r1]
10000e3a:	bd30      	pop	{r4, r5, pc}
10000e3c:	200012cc 	.word	0x200012cc

10000e40 <drawHLine>:
10000e40:	e92d 41f0 	stmdb	sp!, {r4, r5, r6, r7, r8, lr}
10000e44:	4c21      	ldr	r4, [pc, #132]	@ (10000ecc <drawHLine+0x8c>)
10000e46:	6824      	ldr	r4, [r4, #0]
10000e48:	f8d4 8054 	ldr.w	r8, [r4, #84]	@ 0x54
10000e4c:	f8b8 c000 	ldrh.w	ip, [r8]
10000e50:	4584      	cmp	ip, r0
10000e52:	dd19      	ble.n	10000e88 <drawHLine+0x48>
10000e54:	461f      	mov	r7, r3
10000e56:	f8b8 3002 	ldrh.w	r3, [r8, #2]
10000e5a:	460e      	mov	r6, r1
10000e5c:	428b      	cmp	r3, r1
10000e5e:	dd13      	ble.n	10000e88 <drawHLine+0x48>
10000e60:	1883      	adds	r3, r0, r2
10000e62:	459c      	cmp	ip, r3
10000e64:	bfb8      	it	lt
10000e66:	ebac 0c00 	sublt.w	ip, ip, r0
10000e6a:	4614      	mov	r4, r2
10000e6c:	bfb8      	it	lt
10000e6e:	f10c 34ff 	addlt.w	r4, ip, #4294967295	@ 0xffffffff
10000e72:	07c2      	lsls	r2, r0, #31
10000e74:	4605      	mov	r5, r0
10000e76:	d420      	bmi.n	10000eba <drawHLine+0x7a>
10000e78:	07e3      	lsls	r3, r4, #31
10000e7a:	d415      	bmi.n	10000ea8 <drawHLine+0x68>
10000e7c:	1062      	asrs	r2, r4, #1
10000e7e:	2a00      	cmp	r2, #0
10000e80:	dd02      	ble.n	10000e88 <drawHLine+0x48>
10000e82:	f5b6 7ff0 	cmp.w	r6, #480	@ 0x1e0
10000e86:	db01      	blt.n	10000e8c <drawHLine+0x4c>
10000e88:	e8bd 81f0 	ldmia.w	sp!, {r4, r5, r6, r7, r8, pc}
10000e8c:	f8d8 0028 	ldr.w	r0, [r8, #40]	@ 0x28
10000e90:	eb06 0686 	add.w	r6, r6, r6, lsl #2
10000e94:	106d      	asrs	r5, r5, #1
10000e96:	eb05 1586 	add.w	r5, r5, r6, lsl #6
10000e9a:	ea47 1107 	orr.w	r1, r7, r7, lsl #4
10000e9e:	4428      	add	r0, r5
10000ea0:	e8bd 41f0 	ldmia.w	sp!, {r4, r5, r6, r7, r8, lr}
10000ea4:	f004 ba84 	b.w	100053b0 <memset>
10000ea8:	1928      	adds	r0, r5, r4
10000eaa:	3801      	subs	r0, #1
10000eac:	463a      	mov	r2, r7
10000eae:	b200      	sxth	r0, r0
10000eb0:	b231      	sxth	r1, r6
10000eb2:	f7ff ff9f 	bl	10000df4 <drawPixel>
10000eb6:	3c01      	subs	r4, #1
10000eb8:	e7e0      	b.n	10000e7c <drawHLine+0x3c>
10000eba:	463a      	mov	r2, r7
10000ebc:	b209      	sxth	r1, r1
10000ebe:	b200      	sxth	r0, r0
10000ec0:	f7ff ff98 	bl	10000df4 <drawPixel>
10000ec4:	3501      	adds	r5, #1
10000ec6:	3c01      	subs	r4, #1
10000ec8:	e7d6      	b.n	10000e78 <drawHLine+0x38>
10000eca:	bf00      	nop
10000ecc:	200012cc 	.word	0x200012cc

10000ed0 <fillRect>:
10000ed0:	e92d 4ff0 	stmdb	sp!, {r4, r5, r6, r7, r8, r9, sl, fp, lr}
10000ed4:	4c25      	ldr	r4, [pc, #148]	@ (10000f6c <fillRect+0x9c>)
10000ed6:	468a      	mov	sl, r1
10000ed8:	6826      	ldr	r6, [r4, #0]
10000eda:	1859      	adds	r1, r3, r1
10000edc:	6d74      	ldr	r4, [r6, #84]	@ 0x54
10000ede:	f89d 7024 	ldrb.w	r7, [sp, #36]	@ 0x24
10000ee2:	8865      	ldrh	r5, [r4, #2]
10000ee4:	42a9      	cmp	r1, r5
10000ee6:	dd03      	ble.n	10000ef0 <fillRect+0x20>
10000ee8:	1e6b      	subs	r3, r5, #1
10000eea:	eba3 030a 	sub.w	r3, r3, sl
10000eee:	b21b      	sxth	r3, r3
10000ef0:	4290      	cmp	r0, r2
10000ef2:	4684      	mov	ip, r0
10000ef4:	dc37      	bgt.n	10000f66 <fillRect+0x96>
10000ef6:	459a      	cmp	sl, r3
10000ef8:	dc35      	bgt.n	10000f66 <fillRect+0x96>
10000efa:	f102 0901 	add.w	r9, r2, #1
10000efe:	1c5d      	adds	r5, r3, #1
10000f00:	ea4f 1807 	mov.w	r8, r7, lsl #4
10000f04:	4653      	mov	r3, sl
10000f06:	fa0f f18c 	sxth.w	r1, ip
10000f0a:	e009      	b.n	10000f20 <fillRect+0x50>
10000f0c:	8c22      	ldrh	r2, [r4, #32]
10000f0e:	4002      	ands	r2, r0
10000f10:	ea42 0208 	orr.w	r2, r2, r8
10000f14:	f80b 200e 	strb.w	r2, [fp, lr]
10000f18:	3301      	adds	r3, #1
10000f1a:	42ab      	cmp	r3, r5
10000f1c:	d01d      	beq.n	10000f5a <fillRect+0x8a>
10000f1e:	6d74      	ldr	r4, [r6, #84]	@ 0x54
10000f20:	8822      	ldrh	r2, [r4, #0]
10000f22:	8860      	ldrh	r0, [r4, #2]
10000f24:	ea41 0e03 	orr.w	lr, r1, r3
10000f28:	4562      	cmp	r2, ip
10000f2a:	bfc8      	it	gt
10000f2c:	4298      	cmpgt	r0, r3
10000f2e:	ddf3      	ble.n	10000f18 <fillRect+0x48>
10000f30:	f41e 4f00 	tst.w	lr, #32768	@ 0x8000
10000f34:	d1f0      	bne.n	10000f18 <fillRect+0x48>
10000f36:	fb03 c202 	mla	r2, r3, r2, ip
10000f3a:	f8d4 b028 	ldr.w	fp, [r4, #40]	@ 0x28
10000f3e:	ea4f 0e62 	mov.w	lr, r2, asr #1
10000f42:	07d2      	lsls	r2, r2, #31
10000f44:	f81b 000e 	ldrb.w	r0, [fp, lr]
10000f48:	d4e0      	bmi.n	10000f0c <fillRect+0x3c>
10000f4a:	8c62      	ldrh	r2, [r4, #34]	@ 0x22
10000f4c:	3301      	adds	r3, #1
10000f4e:	4010      	ands	r0, r2
10000f50:	4338      	orrs	r0, r7
10000f52:	42ab      	cmp	r3, r5
10000f54:	f80b 000e 	strb.w	r0, [fp, lr]
10000f58:	d1e1      	bne.n	10000f1e <fillRect+0x4e>
10000f5a:	f10c 0c01 	add.w	ip, ip, #1
10000f5e:	45cc      	cmp	ip, r9
10000f60:	d001      	beq.n	10000f66 <fillRect+0x96>
10000f62:	6d74      	ldr	r4, [r6, #84]	@ 0x54
10000f64:	e7ce      	b.n	10000f04 <fillRect+0x34>
10000f66:	e8bd 8ff0 	ldmia.w	sp!, {r4, r5, r6, r7, r8, r9, sl, fp, pc}
10000f6a:	bf00      	nop
10000f6c:	200012cc 	.word	0x200012cc

10000f70 <drawChar2>:
10000f70:	e92d 4ff0 	stmdb	sp!, {r4, r5, r6, r7, r8, r9, sl, fp, lr}
10000f74:	4691      	mov	r9, r2
10000f76:	469a      	mov	sl, r3
10000f78:	4b45      	ldr	r3, [pc, #276]	@ (10001090 <drawChar2+0x120>)
10000f7a:	b089      	sub	sp, #36	@ 0x24
10000f7c:	681c      	ldr	r4, [r3, #0]
10000f7e:	f89d 5048 	ldrb.w	r5, [sp, #72]	@ 0x48
10000f82:	f8d4 b054 	ldr.w	fp, [r4, #84]	@ 0x54
10000f86:	2208      	movs	r2, #8
10000f88:	2310      	movs	r3, #16
10000f8a:	4607      	mov	r7, r0
10000f8c:	4688      	mov	r8, r1
10000f8e:	9500      	str	r5, [sp, #0]
10000f90:	b200      	sxth	r0, r0
10000f92:	b209      	sxth	r1, r1
10000f94:	f7ff ff9c 	bl	10000ed0 <fillRect>
10000f98:	f89b 6011 	ldrb.w	r6, [fp, #17]
10000f9c:	fb19 f206 	smulbb	r2, r9, r6
10000fa0:	2e00      	cmp	r6, #0
10000fa2:	d071      	beq.n	10001088 <drawChar2+0x118>
10000fa4:	493b      	ldr	r1, [pc, #236]	@ (10001094 <drawChar2+0x124>)
10000fa6:	1e56      	subs	r6, r2, #1
10000fa8:	440e      	add	r6, r1
10000faa:	f1c1 0101 	rsb	r1, r1, #1
10000fae:	1a8a      	subs	r2, r1, r2
10000fb0:	fa5f fa8a 	uxtb.w	sl, sl
10000fb4:	0129      	lsls	r1, r5, #4
10000fb6:	b2bb      	uxth	r3, r7
10000fb8:	9104      	str	r1, [sp, #16]
10000fba:	ea4f 110a 	mov.w	r1, sl, lsl #4
10000fbe:	e9cd 1b05 	strd	r1, fp, [sp, #20]
10000fc2:	4619      	mov	r1, r3
10000fc4:	fa1f f888 	uxth.w	r8, r8
10000fc8:	9207      	str	r2, [sp, #28]
10000fca:	f816 bf01 	ldrb.w	fp, [r6, #1]!
10000fce:	460a      	mov	r2, r1
10000fd0:	2707      	movs	r7, #7
10000fd2:	fa0f f988 	sxth.w	r9, r8
10000fd6:	9603      	str	r6, [sp, #12]
10000fd8:	e015      	b.n	10001006 <drawChar2+0x96>
10000fda:	b97b      	cbnz	r3, 10000ffc <drawChar2+0x8c>
10000fdc:	fb0e 0009 	mla	r0, lr, r9, r0
10000fe0:	f8d6 e028 	ldr.w	lr, [r6, #40]	@ 0x28
10000fe4:	ea4f 0c60 	mov.w	ip, r0, asr #1
10000fe8:	07c0      	lsls	r0, r0, #31
10000fea:	f81e 300c 	ldrb.w	r3, [lr, ip]
10000fee:	d533      	bpl.n	10001058 <drawChar2+0xe8>
10000ff0:	8c30      	ldrh	r0, [r6, #32]
10000ff2:	4018      	ands	r0, r3
10000ff4:	9b05      	ldr	r3, [sp, #20]
10000ff6:	4318      	orrs	r0, r3
10000ff8:	f80e 000c 	strb.w	r0, [lr, ip]
10000ffc:	3f01      	subs	r7, #1
10000ffe:	3201      	adds	r2, #1
10001000:	1c7b      	adds	r3, r7, #1
10001002:	b292      	uxth	r2, r2
10001004:	d035      	beq.n	10001072 <drawChar2+0x102>
10001006:	6d66      	ldr	r6, [r4, #84]	@ 0x54
10001008:	ea42 0008 	orr.w	r0, r2, r8
1000100c:	8873      	ldrh	r3, [r6, #2]
1000100e:	f8b6 e000 	ldrh.w	lr, [r6]
10001012:	4599      	cmp	r9, r3
10001014:	bfb4      	ite	lt
10001016:	2300      	movlt	r3, #0
10001018:	2301      	movge	r3, #1
1000101a:	fa4b fc07 	asr.w	ip, fp, r7
1000101e:	ea43 33d0 	orr.w	r3, r3, r0, lsr #15
10001022:	b210      	sxth	r0, r2
10001024:	4586      	cmp	lr, r0
10001026:	bfd8      	it	le
10001028:	f043 0301 	orrle.w	r3, r3, #1
1000102c:	f01c 0f01 	tst.w	ip, #1
10001030:	d1d3      	bne.n	10000fda <drawChar2+0x6a>
10001032:	2b00      	cmp	r3, #0
10001034:	d1e2      	bne.n	10000ffc <drawChar2+0x8c>
10001036:	fb0e 0009 	mla	r0, lr, r9, r0
1000103a:	f8d6 e028 	ldr.w	lr, [r6, #40]	@ 0x28
1000103e:	ea4f 0c60 	mov.w	ip, r0, asr #1
10001042:	07c0      	lsls	r0, r0, #31
10001044:	f81e 300c 	ldrb.w	r3, [lr, ip]
10001048:	d50d      	bpl.n	10001066 <drawChar2+0xf6>
1000104a:	8c30      	ldrh	r0, [r6, #32]
1000104c:	4018      	ands	r0, r3
1000104e:	9b04      	ldr	r3, [sp, #16]
10001050:	4318      	orrs	r0, r3
10001052:	f80e 000c 	strb.w	r0, [lr, ip]
10001056:	e7d1      	b.n	10000ffc <drawChar2+0x8c>
10001058:	8c70      	ldrh	r0, [r6, #34]	@ 0x22
1000105a:	4003      	ands	r3, r0
1000105c:	ea4a 0303 	orr.w	r3, sl, r3
10001060:	f80e 300c 	strb.w	r3, [lr, ip]
10001064:	e7ca      	b.n	10000ffc <drawChar2+0x8c>
10001066:	8c70      	ldrh	r0, [r6, #34]	@ 0x22
10001068:	4003      	ands	r3, r0
1000106a:	432b      	orrs	r3, r5
1000106c:	f80e 300c 	strb.w	r3, [lr, ip]
10001070:	e7c4      	b.n	10000ffc <drawChar2+0x8c>
10001072:	9b06      	ldr	r3, [sp, #24]
10001074:	9e03      	ldr	r6, [sp, #12]
10001076:	7c58      	ldrb	r0, [r3, #17]
10001078:	9b07      	ldr	r3, [sp, #28]
1000107a:	f108 0801 	add.w	r8, r8, #1
1000107e:	199a      	adds	r2, r3, r6
10001080:	4290      	cmp	r0, r2
10001082:	fa1f f888 	uxth.w	r8, r8
10001086:	dca0      	bgt.n	10000fca <drawChar2+0x5a>
10001088:	b009      	add	sp, #36	@ 0x24
1000108a:	e8bd 8ff0 	ldmia.w	sp!, {r4, r5, r6, r7, r8, r9, sl, fp, pc}
1000108e:	bf00      	nop
10001090:	200012cc 	.word	0x200012cc
10001094:	10007164 	.word	0x10007164

10001098 <drawChar>:
10001098:	e92d 4ff0 	stmdb	sp!, {r4, r5, r6, r7, r8, r9, sl, fp, lr}
1000109c:	4c72      	ldr	r4, [pc, #456]	@ (10001268 <drawChar+0x1d0>)
1000109e:	2b02      	cmp	r3, #2
100010a0:	6827      	ldr	r7, [r4, #0]
100010a2:	468a      	mov	sl, r1
100010a4:	6d7c      	ldr	r4, [r7, #84]	@ 0x54
100010a6:	4615      	mov	r5, r2
100010a8:	6866      	ldr	r6, [r4, #4]
100010aa:	b087      	sub	sp, #28
100010ac:	f9b6 e000 	ldrsh.w	lr, [r6]
100010b0:	f9b6 9002 	ldrsh.w	r9, [r6, #2]
100010b4:	d00a      	beq.n	100010cc <drawChar+0x34>
100010b6:	4602      	mov	r2, r0
100010b8:	9301      	str	r3, [sp, #4]
100010ba:	4670      	mov	r0, lr
100010bc:	460b      	mov	r3, r1
100010be:	9500      	str	r5, [sp, #0]
100010c0:	4649      	mov	r1, r9
100010c2:	f7ff ff55 	bl	10000f70 <drawChar2>
100010c6:	b007      	add	sp, #28
100010c8:	e8bd 8ff0 	ldmia.w	sp!, {r4, r5, r6, r7, r8, r9, sl, fp, pc}
100010cc:	8823      	ldrh	r3, [r4, #0]
100010ce:	4573      	cmp	r3, lr
100010d0:	ddf9      	ble.n	100010c6 <drawChar+0x2e>
100010d2:	8863      	ldrh	r3, [r4, #2]
100010d4:	4599      	cmp	r9, r3
100010d6:	daf6      	bge.n	100010c6 <drawChar+0x2e>
100010d8:	f11e 0f0b 	cmn.w	lr, #11
100010dc:	dbf3      	blt.n	100010c6 <drawChar+0x2e>
100010de:	f119 0f0f 	cmn.w	r9, #15
100010e2:	dbf0      	blt.n	100010c6 <drawChar+0x2e>
100010e4:	f109 0210 	add.w	r2, r9, #16
100010e8:	4293      	cmp	r3, r2
100010ea:	bfaf      	iteee	ge
100010ec:	f04f 0810 	movge.w	r8, #16
100010f0:	f103 38ff 	addlt.w	r8, r3, #4294967295	@ 0xffffffff
100010f4:	eba8 0809 	sublt.w	r8, r8, r9
100010f8:	fa1f f888 	uxthlt.w	r8, r8
100010fc:	f1be 0f10 	cmp.w	lr, #16
10001100:	4676      	mov	r6, lr
10001102:	fa0f f888 	sxth.w	r8, r8
10001106:	dc33      	bgt.n	10001170 <drawChar+0xd8>
10001108:	45c1      	cmp	r9, r8
1000110a:	dc31      	bgt.n	10001170 <drawChar+0xd8>
1000110c:	f108 0801 	add.w	r8, r8, #1
10001110:	9003      	str	r0, [sp, #12]
10001112:	464b      	mov	r3, r9
10001114:	e007      	b.n	10001126 <drawChar+0x8e>
10001116:	8c22      	ldrh	r2, [r4, #32]
10001118:	ea0b 0202 	and.w	r2, fp, r2
1000111c:	5442      	strb	r2, [r0, r1]
1000111e:	3301      	adds	r3, #1
10001120:	4543      	cmp	r3, r8
10001122:	d01f      	beq.n	10001164 <drawChar+0xcc>
10001124:	6d7c      	ldr	r4, [r7, #84]	@ 0x54
10001126:	8822      	ldrh	r2, [r4, #0]
10001128:	f8b4 c002 	ldrh.w	ip, [r4, #2]
1000112c:	42b2      	cmp	r2, r6
1000112e:	bf8c      	ite	hi
10001130:	2100      	movhi	r1, #0
10001132:	2101      	movls	r1, #1
10001134:	459c      	cmp	ip, r3
10001136:	bfd8      	it	le
10001138:	f041 0101 	orrle.w	r1, r1, #1
1000113c:	2900      	cmp	r1, #0
1000113e:	d1ee      	bne.n	1000111e <drawChar+0x86>
10001140:	2b00      	cmp	r3, #0
10001142:	dbec      	blt.n	1000111e <drawChar+0x86>
10001144:	fb03 6202 	mla	r2, r3, r2, r6
10001148:	6aa0      	ldr	r0, [r4, #40]	@ 0x28
1000114a:	1051      	asrs	r1, r2, #1
1000114c:	07d2      	lsls	r2, r2, #31
1000114e:	f810 b001 	ldrb.w	fp, [r0, r1]
10001152:	d4e0      	bmi.n	10001116 <drawChar+0x7e>
10001154:	8c62      	ldrh	r2, [r4, #34]	@ 0x22
10001156:	3301      	adds	r3, #1
10001158:	ea0b 0b02 	and.w	fp, fp, r2
1000115c:	4543      	cmp	r3, r8
1000115e:	f800 b001 	strb.w	fp, [r0, r1]
10001162:	d1df      	bne.n	10001124 <drawChar+0x8c>
10001164:	3601      	adds	r6, #1
10001166:	2e11      	cmp	r6, #17
10001168:	d001      	beq.n	1000116e <drawChar+0xd6>
1000116a:	6d7c      	ldr	r4, [r7, #84]	@ 0x54
1000116c:	e7d1      	b.n	10001112 <drawChar+0x7a>
1000116e:	9803      	ldr	r0, [sp, #12]
10001170:	45aa      	cmp	sl, r5
10001172:	eb00 0080 	add.w	r0, r0, r0, lsl #2
10001176:	fa1f fe8e 	uxth.w	lr, lr
1000117a:	d043      	beq.n	10001204 <drawChar+0x16c>
1000117c:	4a3b      	ldr	r2, [pc, #236]	@ (1000126c <drawChar+0x1d4>)
1000117e:	f10e 0b0a 	add.w	fp, lr, #10
10001182:	fa1f fb8b 	uxth.w	fp, fp
10001186:	4402      	add	r2, r0
10001188:	4656      	mov	r6, sl
1000118a:	f8cd b010 	str.w	fp, [sp, #16]
1000118e:	46f2      	mov	sl, lr
10001190:	4693      	mov	fp, r2
10001192:	fa1f f389 	uxth.w	r3, r9
10001196:	f103 0810 	add.w	r8, r3, #16
1000119a:	fa1f f888 	uxth.w	r8, r8
1000119e:	fa0f f98a 	sxth.w	r9, sl
100011a2:	f8cd a00c 	str.w	sl, [sp, #12]
100011a6:	461c      	mov	r4, r3
100011a8:	469a      	mov	sl, r3
100011aa:	f81b 7b01 	ldrb.w	r7, [fp], #1
100011ae:	9305      	str	r3, [sp, #20]
100011b0:	2302      	movs	r3, #2
100011b2:	07fa      	lsls	r2, r7, #31
100011b4:	b221      	sxth	r1, r4
100011b6:	f104 0402 	add.w	r4, r4, #2
100011ba:	bf4c      	ite	mi
100011bc:	9600      	strmi	r6, [sp, #0]
100011be:	9500      	strpl	r5, [sp, #0]
100011c0:	4648      	mov	r0, r9
100011c2:	461a      	mov	r2, r3
100011c4:	b2a4      	uxth	r4, r4
100011c6:	f7ff fe83 	bl	10000ed0 <fillRect>
100011ca:	4544      	cmp	r4, r8
100011cc:	ea4f 0757 	mov.w	r7, r7, lsr #1
100011d0:	d1ee      	bne.n	100011b0 <drawChar+0x118>
100011d2:	4653      	mov	r3, sl
100011d4:	f8dd a00c 	ldr.w	sl, [sp, #12]
100011d8:	9a04      	ldr	r2, [sp, #16]
100011da:	f10a 0e02 	add.w	lr, sl, #2
100011de:	fa1f fa8e 	uxth.w	sl, lr
100011e2:	4592      	cmp	sl, r2
100011e4:	d1db      	bne.n	1000119e <drawChar+0x106>
100011e6:	9e05      	ldr	r6, [sp, #20]
100011e8:	fa0f f48a 	sxth.w	r4, sl
100011ec:	2302      	movs	r3, #2
100011ee:	b231      	sxth	r1, r6
100011f0:	3602      	adds	r6, #2
100011f2:	4620      	mov	r0, r4
100011f4:	461a      	mov	r2, r3
100011f6:	9500      	str	r5, [sp, #0]
100011f8:	b2b6      	uxth	r6, r6
100011fa:	f7ff fe69 	bl	10000ed0 <fillRect>
100011fe:	45b0      	cmp	r8, r6
10001200:	d1f4      	bne.n	100011ec <drawChar+0x154>
10001202:	e760      	b.n	100010c6 <drawChar+0x2e>
10001204:	4a19      	ldr	r2, [pc, #100]	@ (1000126c <drawChar+0x1d4>)
10001206:	f10e 080a 	add.w	r8, lr, #10
1000120a:	fa1f f389 	uxth.w	r3, r9
1000120e:	fa1f f888 	uxth.w	r8, r8
10001212:	eb00 0902 	add.w	r9, r0, r2
10001216:	f8cd 800c 	str.w	r8, [sp, #12]
1000121a:	4677      	mov	r7, lr
1000121c:	46c8      	mov	r8, r9
1000121e:	4699      	mov	r9, r3
10001220:	f103 0610 	add.w	r6, r3, #16
10001224:	b2b6      	uxth	r6, r6
10001226:	4653      	mov	r3, sl
10001228:	fa0f fb87 	sxth.w	fp, r7
1000122c:	46ba      	mov	sl, r7
1000122e:	464c      	mov	r4, r9
10001230:	461f      	mov	r7, r3
10001232:	f818 5b01 	ldrb.w	r5, [r8], #1
10001236:	07e9      	lsls	r1, r5, #31
10001238:	d506      	bpl.n	10001248 <drawChar+0x1b0>
1000123a:	2302      	movs	r3, #2
1000123c:	4658      	mov	r0, fp
1000123e:	461a      	mov	r2, r3
10001240:	9700      	str	r7, [sp, #0]
10001242:	b221      	sxth	r1, r4
10001244:	f7ff fe44 	bl	10000ed0 <fillRect>
10001248:	3402      	adds	r4, #2
1000124a:	b2a4      	uxth	r4, r4
1000124c:	42a6      	cmp	r6, r4
1000124e:	ea4f 0555 	mov.w	r5, r5, lsr #1
10001252:	d1f0      	bne.n	10001236 <drawChar+0x19e>
10001254:	463b      	mov	r3, r7
10001256:	4657      	mov	r7, sl
10001258:	469a      	mov	sl, r3
1000125a:	3702      	adds	r7, #2
1000125c:	9b03      	ldr	r3, [sp, #12]
1000125e:	b2bf      	uxth	r7, r7
10001260:	42bb      	cmp	r3, r7
10001262:	f43f af30 	beq.w	100010c6 <drawChar+0x2e>
10001266:	e7de      	b.n	10001226 <drawChar+0x18e>
10001268:	200012cc 	.word	0x200012cc
1000126c:	10005c58 	.word	0x10005c58

10001270 <tft_write>:
10001270:	4b24      	ldr	r3, [pc, #144]	@ (10001304 <tft_write+0x94>)
10001272:	280a      	cmp	r0, #10
10001274:	681b      	ldr	r3, [r3, #0]
10001276:	b510      	push	{r4, lr}
10001278:	6d5c      	ldr	r4, [r3, #84]	@ 0x54
1000127a:	d02f      	beq.n	100012dc <tft_write+0x6c>
1000127c:	280d      	cmp	r0, #13
1000127e:	d01b      	beq.n	100012b8 <tft_write+0x48>
10001280:	2809      	cmp	r0, #9
10001282:	d032      	beq.n	100012ea <tft_write+0x7a>
10001284:	7ca3      	ldrb	r3, [r4, #18]
10001286:	7e62      	ldrb	r2, [r4, #25]
10001288:	7e21      	ldrb	r1, [r4, #24]
1000128a:	f7ff ff05 	bl	10001098 <drawChar>
1000128e:	6861      	ldr	r1, [r4, #4]
10001290:	7c22      	ldrb	r2, [r4, #16]
10001292:	880b      	ldrh	r3, [r1, #0]
10001294:	8820      	ldrh	r0, [r4, #0]
10001296:	441a      	add	r2, r3
10001298:	b212      	sxth	r2, r2
1000129a:	4282      	cmp	r2, r0
1000129c:	f9b1 3002 	ldrsh.w	r3, [r1, #2]
100012a0:	800a      	strh	r2, [r1, #0]
100012a2:	db0e      	blt.n	100012c2 <tft_write+0x52>
100012a4:	2200      	movs	r2, #0
100012a6:	7c60      	ldrb	r0, [r4, #17]
100012a8:	800a      	strh	r2, [r1, #0]
100012aa:	4403      	add	r3, r0
100012ac:	b21b      	sxth	r3, r3
100012ae:	804b      	strh	r3, [r1, #2]
100012b0:	8862      	ldrh	r2, [r4, #2]
100012b2:	4293      	cmp	r3, r2
100012b4:	da08      	bge.n	100012c8 <tft_write+0x58>
100012b6:	bd10      	pop	{r4, pc}
100012b8:	6862      	ldr	r2, [r4, #4]
100012ba:	f9b2 3002 	ldrsh.w	r3, [r2, #2]
100012be:	2100      	movs	r1, #0
100012c0:	8011      	strh	r1, [r2, #0]
100012c2:	8862      	ldrh	r2, [r4, #2]
100012c4:	4293      	cmp	r3, r2
100012c6:	dbf6      	blt.n	100012b6 <tft_write+0x46>
100012c8:	f7ff f89c 	bl	10000404 <scroll_up_graphics>
100012cc:	2200      	movs	r2, #0
100012ce:	6863      	ldr	r3, [r4, #4]
100012d0:	801a      	strh	r2, [r3, #0]
100012d2:	7c61      	ldrb	r1, [r4, #17]
100012d4:	885a      	ldrh	r2, [r3, #2]
100012d6:	1a52      	subs	r2, r2, r1
100012d8:	805a      	strh	r2, [r3, #2]
100012da:	bd10      	pop	{r4, pc}
100012dc:	6862      	ldr	r2, [r4, #4]
100012de:	7c63      	ldrb	r3, [r4, #17]
100012e0:	8851      	ldrh	r1, [r2, #2]
100012e2:	440b      	add	r3, r1
100012e4:	b21b      	sxth	r3, r3
100012e6:	8053      	strh	r3, [r2, #2]
100012e8:	e7e9      	b.n	100012be <tft_write+0x4e>
100012ea:	6861      	ldr	r1, [r4, #4]
100012ec:	f894 3024 	ldrb.w	r3, [r4, #36]	@ 0x24
100012f0:	f9b1 2000 	ldrsh.w	r2, [r1]
100012f4:	8820      	ldrh	r0, [r4, #0]
100012f6:	441a      	add	r2, r3
100012f8:	4290      	cmp	r0, r2
100012fa:	f9b1 3002 	ldrsh.w	r3, [r1, #2]
100012fe:	dde0      	ble.n	100012c2 <tft_write+0x52>
10001300:	800a      	strh	r2, [r1, #0]
10001302:	e7d5      	b.n	100012b0 <tft_write+0x40>
10001304:	200012cc 	.word	0x200012cc

10001308 <printString>:
10001308:	b5f8      	push	{r3, r4, r5, r6, r7, lr}
1000130a:	4605      	mov	r5, r0
1000130c:	7800      	ldrb	r0, [r0, #0]
1000130e:	b328      	cbz	r0, 1000135c <printString+0x54>
10001310:	2700      	movs	r7, #0
10001312:	4e27      	ldr	r6, [pc, #156]	@ (100013b0 <printString+0xa8>)
10001314:	6833      	ldr	r3, [r6, #0]
10001316:	280a      	cmp	r0, #10
10001318:	6d5c      	ldr	r4, [r3, #84]	@ 0x54
1000131a:	d030      	beq.n	1000137e <printString+0x76>
1000131c:	280d      	cmp	r0, #13
1000131e:	d043      	beq.n	100013a8 <printString+0xa0>
10001320:	2809      	cmp	r0, #9
10001322:	d034      	beq.n	1000138e <printString+0x86>
10001324:	7ca3      	ldrb	r3, [r4, #18]
10001326:	7e62      	ldrb	r2, [r4, #25]
10001328:	7e21      	ldrb	r1, [r4, #24]
1000132a:	f7ff feb5 	bl	10001098 <drawChar>
1000132e:	6861      	ldr	r1, [r4, #4]
10001330:	7c22      	ldrb	r2, [r4, #16]
10001332:	880b      	ldrh	r3, [r1, #0]
10001334:	8820      	ldrh	r0, [r4, #0]
10001336:	441a      	add	r2, r3
10001338:	b212      	sxth	r2, r2
1000133a:	4282      	cmp	r2, r0
1000133c:	f9b1 3002 	ldrsh.w	r3, [r1, #2]
10001340:	800a      	strh	r2, [r1, #0]
10001342:	db04      	blt.n	1000134e <printString+0x46>
10001344:	7c62      	ldrb	r2, [r4, #17]
10001346:	800f      	strh	r7, [r1, #0]
10001348:	4413      	add	r3, r2
1000134a:	b21b      	sxth	r3, r3
1000134c:	804b      	strh	r3, [r1, #2]
1000134e:	8862      	ldrh	r2, [r4, #2]
10001350:	4293      	cmp	r3, r2
10001352:	da04      	bge.n	1000135e <printString+0x56>
10001354:	f815 0f01 	ldrb.w	r0, [r5, #1]!
10001358:	2800      	cmp	r0, #0
1000135a:	d1db      	bne.n	10001314 <printString+0xc>
1000135c:	bdf8      	pop	{r3, r4, r5, r6, r7, pc}
1000135e:	f7ff f851 	bl	10000404 <scroll_up_graphics>
10001362:	6863      	ldr	r3, [r4, #4]
10001364:	801f      	strh	r7, [r3, #0]
10001366:	7c61      	ldrb	r1, [r4, #17]
10001368:	885a      	ldrh	r2, [r3, #2]
1000136a:	1a52      	subs	r2, r2, r1
1000136c:	805a      	strh	r2, [r3, #2]
1000136e:	f815 0f01 	ldrb.w	r0, [r5, #1]!
10001372:	2800      	cmp	r0, #0
10001374:	d0f2      	beq.n	1000135c <printString+0x54>
10001376:	6833      	ldr	r3, [r6, #0]
10001378:	280a      	cmp	r0, #10
1000137a:	6d5c      	ldr	r4, [r3, #84]	@ 0x54
1000137c:	d1ce      	bne.n	1000131c <printString+0x14>
1000137e:	6862      	ldr	r2, [r4, #4]
10001380:	7c63      	ldrb	r3, [r4, #17]
10001382:	8851      	ldrh	r1, [r2, #2]
10001384:	440b      	add	r3, r1
10001386:	b21b      	sxth	r3, r3
10001388:	8053      	strh	r3, [r2, #2]
1000138a:	8017      	strh	r7, [r2, #0]
1000138c:	e7df      	b.n	1000134e <printString+0x46>
1000138e:	6861      	ldr	r1, [r4, #4]
10001390:	f894 3024 	ldrb.w	r3, [r4, #36]	@ 0x24
10001394:	f9b1 2000 	ldrsh.w	r2, [r1]
10001398:	8820      	ldrh	r0, [r4, #0]
1000139a:	441a      	add	r2, r3
1000139c:	4282      	cmp	r2, r0
1000139e:	f9b1 3002 	ldrsh.w	r3, [r1, #2]
100013a2:	dad4      	bge.n	1000134e <printString+0x46>
100013a4:	800a      	strh	r2, [r1, #0]
100013a6:	e7d2      	b.n	1000134e <printString+0x46>
100013a8:	6862      	ldr	r2, [r4, #4]
100013aa:	f9b2 3002 	ldrsh.w	r3, [r2, #2]
100013ae:	e7ec      	b.n	1000138a <printString+0x82>
100013b0:	200012cc 	.word	0x200012cc

100013b4 <printString2>:
100013b4:	e92d 41f0 	stmdb	sp!, {r4, r5, r6, r7, r8, lr}
100013b8:	4605      	mov	r5, r0
100013ba:	7800      	ldrb	r0, [r0, #0]
100013bc:	4688      	mov	r8, r1
100013be:	b084      	sub	sp, #16
100013c0:	b338      	cbz	r0, 10001412 <printString2+0x5e>
100013c2:	2700      	movs	r7, #0
100013c4:	4e57      	ldr	r6, [pc, #348]	@ (10001524 <printString2+0x170>)
100013c6:	6833      	ldr	r3, [r6, #0]
100013c8:	280a      	cmp	r0, #10
100013ca:	6d5c      	ldr	r4, [r3, #84]	@ 0x54
100013cc:	d076      	beq.n	100014bc <printString2+0x108>
100013ce:	280d      	cmp	r0, #13
100013d0:	f000 80a3 	beq.w	1000151a <printString2+0x166>
100013d4:	2809      	cmp	r0, #9
100013d6:	f000 8092 	beq.w	100014fe <printString2+0x14a>
100013da:	7ca3      	ldrb	r3, [r4, #18]
100013dc:	7e62      	ldrb	r2, [r4, #25]
100013de:	7e21      	ldrb	r1, [r4, #24]
100013e0:	f7ff fe5a 	bl	10001098 <drawChar>
100013e4:	6861      	ldr	r1, [r4, #4]
100013e6:	7c22      	ldrb	r2, [r4, #16]
100013e8:	880b      	ldrh	r3, [r1, #0]
100013ea:	8820      	ldrh	r0, [r4, #0]
100013ec:	441a      	add	r2, r3
100013ee:	b212      	sxth	r2, r2
100013f0:	4282      	cmp	r2, r0
100013f2:	f9b1 3002 	ldrsh.w	r3, [r1, #2]
100013f6:	800a      	strh	r2, [r1, #0]
100013f8:	db04      	blt.n	10001404 <printString2+0x50>
100013fa:	7c62      	ldrb	r2, [r4, #17]
100013fc:	800f      	strh	r7, [r1, #0]
100013fe:	4413      	add	r3, r2
10001400:	b21b      	sxth	r3, r3
10001402:	804b      	strh	r3, [r1, #2]
10001404:	8860      	ldrh	r0, [r4, #2]
10001406:	4283      	cmp	r3, r0
10001408:	da48      	bge.n	1000149c <printString2+0xe8>
1000140a:	f815 0f01 	ldrb.w	r0, [r5, #1]!
1000140e:	2800      	cmp	r0, #0
10001410:	d1d9      	bne.n	100013c6 <printString2+0x12>
10001412:	2500      	movs	r5, #0
10001414:	4642      	mov	r2, r8
10001416:	4944      	ldr	r1, [pc, #272]	@ (10001528 <printString2+0x174>)
10001418:	a801      	add	r0, sp, #4
1000141a:	f003 f959 	bl	100046d0 <__wrap_sprintf>
1000141e:	f89d 0004 	ldrb.w	r0, [sp, #4]
10001422:	f88d 500c 	strb.w	r5, [sp, #12]
10001426:	b340      	cbz	r0, 1000147a <printString2+0xc6>
10001428:	462f      	mov	r7, r5
1000142a:	4e3e      	ldr	r6, [pc, #248]	@ (10001524 <printString2+0x170>)
1000142c:	6833      	ldr	r3, [r6, #0]
1000142e:	3501      	adds	r5, #1
10001430:	280a      	cmp	r0, #10
10001432:	6d5c      	ldr	r4, [r3, #84]	@ 0x54
10001434:	b2ed      	uxtb	r5, r5
10001436:	d05b      	beq.n	100014f0 <printString2+0x13c>
10001438:	280d      	cmp	r0, #13
1000143a:	d054      	beq.n	100014e6 <printString2+0x132>
1000143c:	2809      	cmp	r0, #9
1000143e:	d045      	beq.n	100014cc <printString2+0x118>
10001440:	7ca3      	ldrb	r3, [r4, #18]
10001442:	7e62      	ldrb	r2, [r4, #25]
10001444:	7e21      	ldrb	r1, [r4, #24]
10001446:	f7ff fe27 	bl	10001098 <drawChar>
1000144a:	6861      	ldr	r1, [r4, #4]
1000144c:	7c22      	ldrb	r2, [r4, #16]
1000144e:	880b      	ldrh	r3, [r1, #0]
10001450:	8820      	ldrh	r0, [r4, #0]
10001452:	441a      	add	r2, r3
10001454:	b212      	sxth	r2, r2
10001456:	4282      	cmp	r2, r0
10001458:	f9b1 3002 	ldrsh.w	r3, [r1, #2]
1000145c:	800a      	strh	r2, [r1, #0]
1000145e:	db04      	blt.n	1000146a <printString2+0xb6>
10001460:	7c62      	ldrb	r2, [r4, #17]
10001462:	800f      	strh	r7, [r1, #0]
10001464:	4413      	add	r3, r2
10001466:	b21b      	sxth	r3, r3
10001468:	804b      	strh	r3, [r1, #2]
1000146a:	8862      	ldrh	r2, [r4, #2]
1000146c:	4293      	cmp	r3, r2
1000146e:	da07      	bge.n	10001480 <printString2+0xcc>
10001470:	eb0d 0305 	add.w	r3, sp, r5
10001474:	7918      	ldrb	r0, [r3, #4]
10001476:	2800      	cmp	r0, #0
10001478:	d1d8      	bne.n	1000142c <printString2+0x78>
1000147a:	b004      	add	sp, #16
1000147c:	e8bd 81f0 	ldmia.w	sp!, {r4, r5, r6, r7, r8, pc}
10001480:	f7fe ffc0 	bl	10000404 <scroll_up_graphics>
10001484:	6863      	ldr	r3, [r4, #4]
10001486:	801f      	strh	r7, [r3, #0]
10001488:	885a      	ldrh	r2, [r3, #2]
1000148a:	7c61      	ldrb	r1, [r4, #17]
1000148c:	1a52      	subs	r2, r2, r1
1000148e:	805a      	strh	r2, [r3, #2]
10001490:	eb0d 0305 	add.w	r3, sp, r5
10001494:	7918      	ldrb	r0, [r3, #4]
10001496:	2800      	cmp	r0, #0
10001498:	d1c8      	bne.n	1000142c <printString2+0x78>
1000149a:	e7ee      	b.n	1000147a <printString2+0xc6>
1000149c:	f7fe ffb2 	bl	10000404 <scroll_up_graphics>
100014a0:	6863      	ldr	r3, [r4, #4]
100014a2:	801f      	strh	r7, [r3, #0]
100014a4:	7c61      	ldrb	r1, [r4, #17]
100014a6:	885a      	ldrh	r2, [r3, #2]
100014a8:	1a52      	subs	r2, r2, r1
100014aa:	805a      	strh	r2, [r3, #2]
100014ac:	f815 0f01 	ldrb.w	r0, [r5, #1]!
100014b0:	2800      	cmp	r0, #0
100014b2:	d0ae      	beq.n	10001412 <printString2+0x5e>
100014b4:	6833      	ldr	r3, [r6, #0]
100014b6:	280a      	cmp	r0, #10
100014b8:	6d5c      	ldr	r4, [r3, #84]	@ 0x54
100014ba:	d188      	bne.n	100013ce <printString2+0x1a>
100014bc:	6862      	ldr	r2, [r4, #4]
100014be:	7c63      	ldrb	r3, [r4, #17]
100014c0:	8851      	ldrh	r1, [r2, #2]
100014c2:	440b      	add	r3, r1
100014c4:	b21b      	sxth	r3, r3
100014c6:	8053      	strh	r3, [r2, #2]
100014c8:	8017      	strh	r7, [r2, #0]
100014ca:	e79b      	b.n	10001404 <printString2+0x50>
100014cc:	6861      	ldr	r1, [r4, #4]
100014ce:	f894 3024 	ldrb.w	r3, [r4, #36]	@ 0x24
100014d2:	f9b1 2000 	ldrsh.w	r2, [r1]
100014d6:	8820      	ldrh	r0, [r4, #0]
100014d8:	441a      	add	r2, r3
100014da:	4282      	cmp	r2, r0
100014dc:	f9b1 3002 	ldrsh.w	r3, [r1, #2]
100014e0:	dac3      	bge.n	1000146a <printString2+0xb6>
100014e2:	800a      	strh	r2, [r1, #0]
100014e4:	e7c1      	b.n	1000146a <printString2+0xb6>
100014e6:	6862      	ldr	r2, [r4, #4]
100014e8:	f9b2 3002 	ldrsh.w	r3, [r2, #2]
100014ec:	8017      	strh	r7, [r2, #0]
100014ee:	e7bc      	b.n	1000146a <printString2+0xb6>
100014f0:	6862      	ldr	r2, [r4, #4]
100014f2:	7c63      	ldrb	r3, [r4, #17]
100014f4:	8851      	ldrh	r1, [r2, #2]
100014f6:	440b      	add	r3, r1
100014f8:	b21b      	sxth	r3, r3
100014fa:	8053      	strh	r3, [r2, #2]
100014fc:	e7f6      	b.n	100014ec <printString2+0x138>
100014fe:	6861      	ldr	r1, [r4, #4]
10001500:	f894 3024 	ldrb.w	r3, [r4, #36]	@ 0x24
10001504:	f9b1 2000 	ldrsh.w	r2, [r1]
10001508:	8820      	ldrh	r0, [r4, #0]
1000150a:	441a      	add	r2, r3
1000150c:	4282      	cmp	r2, r0
1000150e:	f9b1 3002 	ldrsh.w	r3, [r1, #2]
10001512:	f6bf af77 	bge.w	10001404 <printString2+0x50>
10001516:	800a      	strh	r2, [r1, #0]
10001518:	e774      	b.n	10001404 <printString2+0x50>
1000151a:	6862      	ldr	r2, [r4, #4]
1000151c:	f9b2 3002 	ldrsh.w	r3, [r2, #2]
10001520:	e7d2      	b.n	100014c8 <printString2+0x114>
10001522:	bf00      	nop
10001524:	200012cc 	.word	0x200012cc
10001528:	100059fc 	.word	0x100059fc

1000152c <printString1>:
1000152c:	e92d 41f0 	stmdb	sp!, {r4, r5, r6, r7, r8, lr}
10001530:	4605      	mov	r5, r0
10001532:	7800      	ldrb	r0, [r0, #0]
10001534:	4688      	mov	r8, r1
10001536:	b084      	sub	sp, #16
10001538:	2800      	cmp	r0, #0
1000153a:	f000 80d1 	beq.w	100016e0 <printString1+0x1b4>
1000153e:	2700      	movs	r7, #0
10001540:	4e68      	ldr	r6, [pc, #416]	@ (100016e4 <printString1+0x1b8>)
10001542:	6833      	ldr	r3, [r6, #0]
10001544:	280a      	cmp	r0, #10
10001546:	6d5c      	ldr	r4, [r3, #84]	@ 0x54
10001548:	f000 8094 	beq.w	10001674 <printString1+0x148>
1000154c:	280d      	cmp	r0, #13
1000154e:	f000 80a6 	beq.w	1000169e <printString1+0x172>
10001552:	2809      	cmp	r0, #9
10001554:	f000 8095 	beq.w	10001682 <printString1+0x156>
10001558:	7ca3      	ldrb	r3, [r4, #18]
1000155a:	7e62      	ldrb	r2, [r4, #25]
1000155c:	7e21      	ldrb	r1, [r4, #24]
1000155e:	f7ff fd9b 	bl	10001098 <drawChar>
10001562:	6861      	ldr	r1, [r4, #4]
10001564:	7c22      	ldrb	r2, [r4, #16]
10001566:	880b      	ldrh	r3, [r1, #0]
10001568:	8820      	ldrh	r0, [r4, #0]
1000156a:	441a      	add	r2, r3
1000156c:	b212      	sxth	r2, r2
1000156e:	4282      	cmp	r2, r0
10001570:	f9b1 3002 	ldrsh.w	r3, [r1, #2]
10001574:	800a      	strh	r2, [r1, #0]
10001576:	db04      	blt.n	10001582 <printString1+0x56>
10001578:	7c62      	ldrb	r2, [r4, #17]
1000157a:	800f      	strh	r7, [r1, #0]
1000157c:	4413      	add	r3, r2
1000157e:	b21b      	sxth	r3, r3
10001580:	804b      	strh	r3, [r1, #2]
10001582:	8860      	ldrh	r0, [r4, #2]
10001584:	4283      	cmp	r3, r0
10001586:	da64      	bge.n	10001652 <printString1+0x126>
10001588:	f815 0f01 	ldrb.w	r0, [r5, #1]!
1000158c:	2800      	cmp	r0, #0
1000158e:	d1d8      	bne.n	10001542 <printString1+0x16>
10001590:	2500      	movs	r5, #0
10001592:	4642      	mov	r2, r8
10001594:	4954      	ldr	r1, [pc, #336]	@ (100016e8 <printString1+0x1bc>)
10001596:	a801      	add	r0, sp, #4
10001598:	f003 f89a 	bl	100046d0 <__wrap_sprintf>
1000159c:	f89d 0004 	ldrb.w	r0, [sp, #4]
100015a0:	46a8      	mov	r8, r5
100015a2:	6837      	ldr	r7, [r6, #0]
100015a4:	f88d 500c 	strb.w	r5, [sp, #12]
100015a8:	b338      	cbz	r0, 100015fa <printString1+0xce>
100015aa:	3501      	adds	r5, #1
100015ac:	280a      	cmp	r0, #10
100015ae:	6d7c      	ldr	r4, [r7, #84]	@ 0x54
100015b0:	b2ed      	uxtb	r5, r5
100015b2:	d045      	beq.n	10001640 <printString1+0x114>
100015b4:	280d      	cmp	r0, #13
100015b6:	f000 8084 	beq.w	100016c2 <printString1+0x196>
100015ba:	2809      	cmp	r0, #9
100015bc:	d074      	beq.n	100016a8 <printString1+0x17c>
100015be:	7ca3      	ldrb	r3, [r4, #18]
100015c0:	7e62      	ldrb	r2, [r4, #25]
100015c2:	7e21      	ldrb	r1, [r4, #24]
100015c4:	f7ff fd68 	bl	10001098 <drawChar>
100015c8:	6861      	ldr	r1, [r4, #4]
100015ca:	7c22      	ldrb	r2, [r4, #16]
100015cc:	880b      	ldrh	r3, [r1, #0]
100015ce:	8820      	ldrh	r0, [r4, #0]
100015d0:	441a      	add	r2, r3
100015d2:	b212      	sxth	r2, r2
100015d4:	4282      	cmp	r2, r0
100015d6:	f9b1 3002 	ldrsh.w	r3, [r1, #2]
100015da:	800a      	strh	r2, [r1, #0]
100015dc:	db05      	blt.n	100015ea <printString1+0xbe>
100015de:	7c62      	ldrb	r2, [r4, #17]
100015e0:	f8a1 8000 	strh.w	r8, [r1]
100015e4:	4413      	add	r3, r2
100015e6:	b21b      	sxth	r3, r3
100015e8:	804b      	strh	r3, [r1, #2]
100015ea:	8862      	ldrh	r2, [r4, #2]
100015ec:	4293      	cmp	r3, r2
100015ee:	da13      	bge.n	10001618 <printString1+0xec>
100015f0:	eb0d 0305 	add.w	r3, sp, r5
100015f4:	7918      	ldrb	r0, [r3, #4]
100015f6:	2800      	cmp	r0, #0
100015f8:	d1d7      	bne.n	100015aa <printString1+0x7e>
100015fa:	2500      	movs	r5, #0
100015fc:	6d7c      	ldr	r4, [r7, #84]	@ 0x54
100015fe:	6862      	ldr	r2, [r4, #4]
10001600:	7c63      	ldrb	r3, [r4, #17]
10001602:	8851      	ldrh	r1, [r2, #2]
10001604:	440b      	add	r3, r1
10001606:	8861      	ldrh	r1, [r4, #2]
10001608:	b21b      	sxth	r3, r3
1000160a:	428b      	cmp	r3, r1
1000160c:	8053      	strh	r3, [r2, #2]
1000160e:	8015      	strh	r5, [r2, #0]
10001610:	da5b      	bge.n	100016ca <printString1+0x19e>
10001612:	b004      	add	sp, #16
10001614:	e8bd 81f0 	ldmia.w	sp!, {r4, r5, r6, r7, r8, pc}
10001618:	f7fe fef4 	bl	10000404 <scroll_up_graphics>
1000161c:	6863      	ldr	r3, [r4, #4]
1000161e:	6837      	ldr	r7, [r6, #0]
10001620:	f8a3 8000 	strh.w	r8, [r3]
10001624:	885a      	ldrh	r2, [r3, #2]
10001626:	7c61      	ldrb	r1, [r4, #17]
10001628:	1a52      	subs	r2, r2, r1
1000162a:	805a      	strh	r2, [r3, #2]
1000162c:	eb0d 0305 	add.w	r3, sp, r5
10001630:	7918      	ldrb	r0, [r3, #4]
10001632:	2800      	cmp	r0, #0
10001634:	d0e1      	beq.n	100015fa <printString1+0xce>
10001636:	3501      	adds	r5, #1
10001638:	280a      	cmp	r0, #10
1000163a:	6d7c      	ldr	r4, [r7, #84]	@ 0x54
1000163c:	b2ed      	uxtb	r5, r5
1000163e:	d1b9      	bne.n	100015b4 <printString1+0x88>
10001640:	6862      	ldr	r2, [r4, #4]
10001642:	7c63      	ldrb	r3, [r4, #17]
10001644:	8851      	ldrh	r1, [r2, #2]
10001646:	440b      	add	r3, r1
10001648:	b21b      	sxth	r3, r3
1000164a:	8053      	strh	r3, [r2, #2]
1000164c:	f8a2 8000 	strh.w	r8, [r2]
10001650:	e7cb      	b.n	100015ea <printString1+0xbe>
10001652:	f7fe fed7 	bl	10000404 <scroll_up_graphics>
10001656:	6863      	ldr	r3, [r4, #4]
10001658:	801f      	strh	r7, [r3, #0]
1000165a:	7c61      	ldrb	r1, [r4, #17]
1000165c:	885a      	ldrh	r2, [r3, #2]
1000165e:	1a52      	subs	r2, r2, r1
10001660:	805a      	strh	r2, [r3, #2]
10001662:	f815 0f01 	ldrb.w	r0, [r5, #1]!
10001666:	2800      	cmp	r0, #0
10001668:	d092      	beq.n	10001590 <printString1+0x64>
1000166a:	6833      	ldr	r3, [r6, #0]
1000166c:	280a      	cmp	r0, #10
1000166e:	6d5c      	ldr	r4, [r3, #84]	@ 0x54
10001670:	f47f af6c 	bne.w	1000154c <printString1+0x20>
10001674:	6862      	ldr	r2, [r4, #4]
10001676:	7c63      	ldrb	r3, [r4, #17]
10001678:	8851      	ldrh	r1, [r2, #2]
1000167a:	440b      	add	r3, r1
1000167c:	b21b      	sxth	r3, r3
1000167e:	8053      	strh	r3, [r2, #2]
10001680:	e010      	b.n	100016a4 <printString1+0x178>
10001682:	6861      	ldr	r1, [r4, #4]
10001684:	f894 3024 	ldrb.w	r3, [r4, #36]	@ 0x24
10001688:	f9b1 2000 	ldrsh.w	r2, [r1]
1000168c:	8820      	ldrh	r0, [r4, #0]
1000168e:	441a      	add	r2, r3
10001690:	4282      	cmp	r2, r0
10001692:	f9b1 3002 	ldrsh.w	r3, [r1, #2]
10001696:	f6bf af74 	bge.w	10001582 <printString1+0x56>
1000169a:	800a      	strh	r2, [r1, #0]
1000169c:	e771      	b.n	10001582 <printString1+0x56>
1000169e:	6862      	ldr	r2, [r4, #4]
100016a0:	f9b2 3002 	ldrsh.w	r3, [r2, #2]
100016a4:	8017      	strh	r7, [r2, #0]
100016a6:	e76c      	b.n	10001582 <printString1+0x56>
100016a8:	6861      	ldr	r1, [r4, #4]
100016aa:	f894 3024 	ldrb.w	r3, [r4, #36]	@ 0x24
100016ae:	f9b1 2000 	ldrsh.w	r2, [r1]
100016b2:	8820      	ldrh	r0, [r4, #0]
100016b4:	441a      	add	r2, r3
100016b6:	4282      	cmp	r2, r0
100016b8:	f9b1 3002 	ldrsh.w	r3, [r1, #2]
100016bc:	da95      	bge.n	100015ea <printString1+0xbe>
100016be:	800a      	strh	r2, [r1, #0]
100016c0:	e793      	b.n	100015ea <printString1+0xbe>
100016c2:	6862      	ldr	r2, [r4, #4]
100016c4:	f9b2 3002 	ldrsh.w	r3, [r2, #2]
100016c8:	e7c0      	b.n	1000164c <printString1+0x120>
100016ca:	f7fe fe9b 	bl	10000404 <scroll_up_graphics>
100016ce:	6863      	ldr	r3, [r4, #4]
100016d0:	801d      	strh	r5, [r3, #0]
100016d2:	7c61      	ldrb	r1, [r4, #17]
100016d4:	885a      	ldrh	r2, [r3, #2]
100016d6:	1a52      	subs	r2, r2, r1
100016d8:	805a      	strh	r2, [r3, #2]
100016da:	b004      	add	sp, #16
100016dc:	e8bd 81f0 	ldmia.w	sp!, {r4, r5, r6, r7, r8, pc}
100016e0:	4e00      	ldr	r6, [pc, #0]	@ (100016e4 <printString1+0x1b8>)
100016e2:	e755      	b.n	10001590 <printString1+0x64>
100016e4:	200012cc 	.word	0x200012cc
100016e8:	100059fc 	.word	0x100059fc

100016ec <put_cursor>:
100016ec:	4b11      	ldr	r3, [pc, #68]	@ (10001734 <put_cursor+0x48>)
100016ee:	b570      	push	{r4, r5, r6, lr}
100016f0:	681b      	ldr	r3, [r3, #0]
100016f2:	b082      	sub	sp, #8
100016f4:	6d5c      	ldr	r4, [r3, #84]	@ 0x54
100016f6:	6862      	ldr	r2, [r4, #4]
100016f8:	7e23      	ldrb	r3, [r4, #24]
100016fa:	7915      	ldrb	r5, [r2, #4]
100016fc:	f9b2 c000 	ldrsh.w	ip, [r2]
10001700:	f9b2 1002 	ldrsh.w	r1, [r2, #2]
10001704:	7e66      	ldrb	r6, [r4, #25]
10001706:	b165      	cbz	r5, 10001722 <put_cursor+0x36>
10001708:	4604      	mov	r4, r0
1000170a:	7950      	ldrb	r0, [r2, #5]
1000170c:	b100      	cbz	r0, 10001710 <put_cursor+0x24>
1000170e:	b144      	cbz	r4, 10001722 <put_cursor+0x36>
10001710:	2401      	movs	r4, #1
10001712:	7a12      	ldrb	r2, [r2, #8]
10001714:	4660      	mov	r0, ip
10001716:	9600      	str	r6, [sp, #0]
10001718:	9401      	str	r4, [sp, #4]
1000171a:	f7ff fc29 	bl	10000f70 <drawChar2>
1000171e:	b002      	add	sp, #8
10001720:	bd70      	pop	{r4, r5, r6, pc}
10001722:	2401      	movs	r4, #1
10001724:	4660      	mov	r0, ip
10001726:	2220      	movs	r2, #32
10001728:	9600      	str	r6, [sp, #0]
1000172a:	9401      	str	r4, [sp, #4]
1000172c:	f7ff fc20 	bl	10000f70 <drawChar2>
10001730:	b002      	add	sp, #8
10001732:	bd70      	pop	{r4, r5, r6, pc}
10001734:	200012cc 	.word	0x200012cc

10001738 <create_screen>:
10001738:	e92d 4ff8 	stmdb	sp!, {r3, r4, r5, r6, r7, r8, r9, sl, fp, lr}
1000173c:	4605      	mov	r5, r0
1000173e:	2058      	movs	r0, #88	@ 0x58
10001740:	f001 fc4c 	bl	10002fdc <__wrap_malloc>
10001744:	4606      	mov	r6, r0
10001746:	4f46      	ldr	r7, [pc, #280]	@ (10001860 <create_screen+0x128>)
10001748:	202c      	movs	r0, #44	@ 0x2c
1000174a:	603e      	str	r6, [r7, #0]
1000174c:	f001 fc46 	bl	10002fdc <__wrap_malloc>
10001750:	4604      	mov	r4, r0
10001752:	2e00      	cmp	r6, #0
10001754:	d07b      	beq.n	1000184e <create_screen+0x116>
10001756:	2800      	cmp	r0, #0
10001758:	d079      	beq.n	1000184e <create_screen+0x116>
1000175a:	2001      	movs	r0, #1
1000175c:	f003 fad0 	bl	10004d00 <dma_claim_unused_channel>
10001760:	4602      	mov	r2, r0
10001762:	4b40      	ldr	r3, [pc, #256]	@ (10001864 <create_screen+0x12c>)
10001764:	200c      	movs	r0, #12
10001766:	601a      	str	r2, [r3, #0]
10001768:	f000 f942 	bl	100019f0 <set_font>
1000176c:	4603      	mov	r3, r0
1000176e:	4e3e      	ldr	r6, [pc, #248]	@ (10001868 <create_screen+0x130>)
10001770:	f44f 3116 	mov.w	r1, #153600	@ 0x25800
10001774:	462a      	mov	r2, r5
10001776:	483d      	ldr	r0, [pc, #244]	@ (1000186c <create_screen+0x134>)
10001778:	6033      	str	r3, [r6, #0]
1000177a:	f7fe ff81 	bl	10000680 <initVGA>
1000177e:	2d01      	cmp	r5, #1
10001780:	d953      	bls.n	1000182a <create_screen+0xf2>
10001782:	2d04      	cmp	r5, #4
10001784:	d051      	beq.n	1000182a <create_screen+0xf2>
10001786:	683b      	ldr	r3, [r7, #0]
10001788:	f8df 9128 	ldr.w	r9, [pc, #296]	@ 100018b4 <create_screen+0x17c>
1000178c:	655c      	str	r4, [r3, #84]	@ 0x54
1000178e:	f000 f8f1 	bl	10001974 <create_default_cursor>
10001792:	2307      	movs	r3, #7
10001794:	6060      	str	r0, [r4, #4]
10001796:	f44f 3116 	mov.w	r1, #153600	@ 0x25800
1000179a:	4628      	mov	r0, r5
1000179c:	2504      	movs	r5, #4
1000179e:	8323      	strh	r3, [r4, #24]
100017a0:	6833      	ldr	r3, [r6, #0]
100017a2:	f8df 8114 	ldr.w	r8, [pc, #276]	@ 100018b8 <create_screen+0x180>
100017a6:	681a      	ldr	r2, [r3, #0]
100017a8:	f8df b110 	ldr.w	fp, [pc, #272]	@ 100018bc <create_screen+0x184>
100017ac:	60e2      	str	r2, [r4, #12]
100017ae:	889e      	ldrh	r6, [r3, #4]
100017b0:	f8df a10c 	ldr.w	sl, [pc, #268]	@ 100018c0 <create_screen+0x188>
100017b4:	8226      	strh	r6, [r4, #16]
100017b6:	799b      	ldrb	r3, [r3, #6]
100017b8:	6162      	str	r2, [r4, #20]
100017ba:	74a3      	strb	r3, [r4, #18]
100017bc:	4b2b      	ldr	r3, [pc, #172]	@ (1000186c <create_screen+0x134>)
100017be:	f884 5024 	strb.w	r5, [r4, #36]	@ 0x24
100017c2:	681b      	ldr	r3, [r3, #0]
100017c4:	4e2a      	ldr	r6, [pc, #168]	@ (10001870 <create_screen+0x138>)
100017c6:	62a3      	str	r3, [r4, #40]	@ 0x28
100017c8:	4b2a      	ldr	r3, [pc, #168]	@ (10001874 <create_screen+0x13c>)
100017ca:	4d2b      	ldr	r5, [pc, #172]	@ (10001878 <create_screen+0x140>)
100017cc:	e9c4 1307 	strd	r1, r3, [r4, #28]
100017d0:	f7ff fa8a 	bl	10000ce8 <set_vga_mode>
100017d4:	4c29      	ldr	r4, [pc, #164]	@ (1000187c <create_screen+0x144>)
100017d6:	6838      	ldr	r0, [r7, #0]
100017d8:	4929      	ldr	r1, [pc, #164]	@ (10001880 <create_screen+0x148>)
100017da:	4b2a      	ldr	r3, [pc, #168]	@ (10001884 <create_screen+0x14c>)
100017dc:	4a2a      	ldr	r2, [pc, #168]	@ (10001888 <create_screen+0x150>)
100017de:	62c1      	str	r1, [r0, #44]	@ 0x2c
100017e0:	e9c0 4200 	strd	r4, r2, [r0]
100017e4:	4929      	ldr	r1, [pc, #164]	@ (1000188c <create_screen+0x154>)
100017e6:	4a2a      	ldr	r2, [pc, #168]	@ (10001890 <create_screen+0x158>)
100017e8:	60c3      	str	r3, [r0, #12]
100017ea:	4b2a      	ldr	r3, [pc, #168]	@ (10001894 <create_screen+0x15c>)
100017ec:	6201      	str	r1, [r0, #32]
100017ee:	6383      	str	r3, [r0, #56]	@ 0x38
100017f0:	4929      	ldr	r1, [pc, #164]	@ (10001898 <create_screen+0x160>)
100017f2:	4b2a      	ldr	r3, [pc, #168]	@ (1000189c <create_screen+0x164>)
100017f4:	6302      	str	r2, [r0, #48]	@ 0x30
100017f6:	4a2a      	ldr	r2, [pc, #168]	@ (100018a0 <create_screen+0x168>)
100017f8:	f8df e0c8 	ldr.w	lr, [pc, #200]	@ 100018c4 <create_screen+0x18c>
100017fc:	f8df c0c8 	ldr.w	ip, [pc, #200]	@ 100018c8 <create_screen+0x190>
10001800:	4c28      	ldr	r4, [pc, #160]	@ (100018a4 <create_screen+0x16c>)
10001802:	6443      	str	r3, [r0, #68]	@ 0x44
10001804:	e9c0 9806 	strd	r9, r8, [r0, #24]
10001808:	4b27      	ldr	r3, [pc, #156]	@ (100018a8 <create_screen+0x170>)
1000180a:	e9c0 6509 	strd	r6, r5, [r0, #36]	@ 0x24
1000180e:	e9c0 1212 	strd	r1, r2, [r0, #72]	@ 0x48
10001812:	f8c0 b010 	str.w	fp, [r0, #16]
10001816:	f8c0 a03c 	str.w	sl, [r0, #60]	@ 0x3c
1000181a:	f8c0 e008 	str.w	lr, [r0, #8]
1000181e:	f8c0 c014 	str.w	ip, [r0, #20]
10001822:	6344      	str	r4, [r0, #52]	@ 0x34
10001824:	6503      	str	r3, [r0, #80]	@ 0x50
10001826:	e8bd 8ff8 	ldmia.w	sp!, {r3, r4, r5, r6, r7, r8, r9, sl, fp, pc}
1000182a:	f44f 7200 	mov.w	r2, #512	@ 0x200
1000182e:	4b1f      	ldr	r3, [pc, #124]	@ (100018ac <create_screen+0x174>)
10001830:	200f      	movs	r0, #15
10001832:	f8c3 2170 	str.w	r2, [r3, #368]	@ 0x170
10001836:	491e      	ldr	r1, [pc, #120]	@ (100018b0 <create_screen+0x178>)
10001838:	f000 fa1e 	bl	10001c78 <irq_set_exclusive_handler>
1000183c:	2101      	movs	r1, #1
1000183e:	200f      	movs	r0, #15
10001840:	f000 f9f4 	bl	10001c2c <irq_set_enabled>
10001844:	2100      	movs	r1, #0
10001846:	200f      	movs	r0, #15
10001848:	f000 fa46 	bl	10001cd8 <irq_set_priority>
1000184c:	e79b      	b.n	10001786 <create_screen+0x4e>
1000184e:	4630      	mov	r0, r6
10001850:	f001 fbe0 	bl	10003014 <__wrap_free>
10001854:	4620      	mov	r0, r4
10001856:	f001 fbdd 	bl	10003014 <__wrap_free>
1000185a:	2000      	movs	r0, #0
1000185c:	e7e3      	b.n	10001826 <create_screen+0xee>
1000185e:	bf00      	nop
10001860:	200012cc 	.word	0x200012cc
10001864:	20001278 	.word	0x20001278
10001868:	20001268 	.word	0x20001268
1000186c:	20000834 	.word	0x20000834
10001870:	10000cd9 	.word	0x10000cd9
10001874:	00f0000f 	.word	0x00f0000f
10001878:	10000ce9 	.word	0x10000ce9
1000187c:	10000dc5 	.word	0x10000dc5
10001880:	10001309 	.word	0x10001309
10001884:	10000db5 	.word	0x10000db5
10001888:	10000d65 	.word	0x10000d65
1000188c:	10000cc9 	.word	0x10000cc9
10001890:	1000152d 	.word	0x1000152d
10001894:	10001271 	.word	0x10001271
10001898:	10000c75 	.word	0x10000c75
1000189c:	10000ca9 	.word	0x10000ca9
100018a0:	10000c59 	.word	0x10000c59
100018a4:	100013b5 	.word	0x100013b5
100018a8:	10000c3d 	.word	0x10000c3d
100018ac:	50202000 	.word	0x50202000
100018b0:	20000111 	.word	0x20000111
100018b4:	10000d95 	.word	0x10000d95
100018b8:	10000da5 	.word	0x10000da5
100018bc:	10000d21 	.word	0x10000d21
100018c0:	10000dd5 	.word	0x10000dd5
100018c4:	10000d85 	.word	0x10000d85
100018c8:	10000d75 	.word	0x10000d75

100018cc <set_x>:
100018cc:	f5b0 7f20 	cmp.w	r0, #640	@ 0x280
100018d0:	d202      	bcs.n	100018d8 <set_x+0xc>
100018d2:	4b02      	ldr	r3, [pc, #8]	@ (100018dc <set_x+0x10>)
100018d4:	681b      	ldr	r3, [r3, #0]
100018d6:	8018      	strh	r0, [r3, #0]
100018d8:	4770      	bx	lr
100018da:	bf00      	nop
100018dc:	200012c4 	.word	0x200012c4

100018e0 <set_y>:
100018e0:	f5b0 7ff0 	cmp.w	r0, #480	@ 0x1e0
100018e4:	d202      	bcs.n	100018ec <set_y+0xc>
100018e6:	4b02      	ldr	r3, [pc, #8]	@ (100018f0 <set_y+0x10>)
100018e8:	681b      	ldr	r3, [r3, #0]
100018ea:	8058      	strh	r0, [r3, #2]
100018ec:	4770      	bx	lr
100018ee:	bf00      	nop
100018f0:	200012c4 	.word	0x200012c4

100018f4 <set_position>:
100018f4:	f5b0 7f20 	cmp.w	r0, #640	@ 0x280
100018f8:	d202      	bcs.n	10001900 <set_position+0xc>
100018fa:	4b05      	ldr	r3, [pc, #20]	@ (10001910 <set_position+0x1c>)
100018fc:	681b      	ldr	r3, [r3, #0]
100018fe:	8018      	strh	r0, [r3, #0]
10001900:	f5b1 7ff0 	cmp.w	r1, #480	@ 0x1e0
10001904:	d202      	bcs.n	1000190c <set_position+0x18>
10001906:	4b02      	ldr	r3, [pc, #8]	@ (10001910 <set_position+0x1c>)
10001908:	681b      	ldr	r3, [r3, #0]
1000190a:	8059      	strh	r1, [r3, #2]
1000190c:	4770      	bx	lr
1000190e:	bf00      	nop
10001910:	200012c4 	.word	0x200012c4

10001914 <set_visible>:
10001914:	4b01      	ldr	r3, [pc, #4]	@ (1000191c <set_visible+0x8>)
10001916:	681b      	ldr	r3, [r3, #0]
10001918:	7118      	strb	r0, [r3, #4]
1000191a:	4770      	bx	lr
1000191c:	200012c4 	.word	0x200012c4

10001920 <set_blink>:
10001920:	4b01      	ldr	r3, [pc, #4]	@ (10001928 <set_blink+0x8>)
10001922:	681b      	ldr	r3, [r3, #0]
10001924:	7158      	strb	r0, [r3, #5]
10001926:	4770      	bx	lr
10001928:	200012c4 	.word	0x200012c4

1000192c <set_blink_interval>:
1000192c:	4b01      	ldr	r3, [pc, #4]	@ (10001934 <set_blink_interval+0x8>)
1000192e:	681b      	ldr	r3, [r3, #0]
10001930:	80d8      	strh	r0, [r3, #6]
10001932:	4770      	bx	lr
10001934:	200012c4 	.word	0x200012c4

10001938 <get_blink_interval>:
10001938:	4b01      	ldr	r3, [pc, #4]	@ (10001940 <get_blink_interval+0x8>)
1000193a:	681b      	ldr	r3, [r3, #0]
1000193c:	88d8      	ldrh	r0, [r3, #6]
1000193e:	4770      	bx	lr
10001940:	200012c4 	.word	0x200012c4

10001944 <set_shape>:
10001944:	4b01      	ldr	r3, [pc, #4]	@ (1000194c <set_shape+0x8>)
10001946:	681b      	ldr	r3, [r3, #0]
10001948:	7218      	strb	r0, [r3, #8]
1000194a:	4770      	bx	lr
1000194c:	200012c4 	.word	0x200012c4

10001950 <get_x>:
10001950:	4b01      	ldr	r3, [pc, #4]	@ (10001958 <get_x+0x8>)
10001952:	681b      	ldr	r3, [r3, #0]
10001954:	8818      	ldrh	r0, [r3, #0]
10001956:	4770      	bx	lr
10001958:	200012c4 	.word	0x200012c4

1000195c <get_y>:
1000195c:	4b01      	ldr	r3, [pc, #4]	@ (10001964 <get_y+0x8>)
1000195e:	681b      	ldr	r3, [r3, #0]
10001960:	8858      	ldrh	r0, [r3, #2]
10001962:	4770      	bx	lr
10001964:	200012c4 	.word	0x200012c4

10001968 <is_visible>:
10001968:	4b01      	ldr	r3, [pc, #4]	@ (10001970 <is_visible+0x8>)
1000196a:	681b      	ldr	r3, [r3, #0]
1000196c:	7918      	ldrb	r0, [r3, #4]
1000196e:	4770      	bx	lr
10001970:	200012c4 	.word	0x200012c4

10001974 <create_default_cursor>:
10001974:	b510      	push	{r4, lr}
10001976:	2038      	movs	r0, #56	@ 0x38
10001978:	f001 fb30 	bl	10002fdc <__wrap_malloc>
1000197c:	b1e8      	cbz	r0, 100019ba <create_default_cursor+0x46>
1000197e:	2200      	movs	r2, #0
10001980:	2380      	movs	r3, #128	@ 0x80
10001982:	4c0e      	ldr	r4, [pc, #56]	@ (100019bc <create_default_cursor+0x48>)
10001984:	490e      	ldr	r1, [pc, #56]	@ (100019c0 <create_default_cursor+0x4c>)
10001986:	6020      	str	r0, [r4, #0]
10001988:	6041      	str	r1, [r0, #4]
1000198a:	4c0e      	ldr	r4, [pc, #56]	@ (100019c4 <create_default_cursor+0x50>)
1000198c:	490e      	ldr	r1, [pc, #56]	@ (100019c8 <create_default_cursor+0x54>)
1000198e:	6002      	str	r2, [r0, #0]
10001990:	e9c0 4103 	strd	r4, r1, [r0, #12]
10001994:	4c0d      	ldr	r4, [pc, #52]	@ (100019cc <create_default_cursor+0x58>)
10001996:	490e      	ldr	r1, [pc, #56]	@ (100019d0 <create_default_cursor+0x5c>)
10001998:	7203      	strb	r3, [r0, #8]
1000199a:	e9c0 4105 	strd	r4, r1, [r0, #20]
1000199e:	4c0d      	ldr	r4, [pc, #52]	@ (100019d4 <create_default_cursor+0x60>)
100019a0:	490d      	ldr	r1, [pc, #52]	@ (100019d8 <create_default_cursor+0x64>)
100019a2:	e9c0 4107 	strd	r4, r1, [r0, #28]
100019a6:	4c0d      	ldr	r4, [pc, #52]	@ (100019dc <create_default_cursor+0x68>)
100019a8:	490d      	ldr	r1, [pc, #52]	@ (100019e0 <create_default_cursor+0x6c>)
100019aa:	6344      	str	r4, [r0, #52]	@ 0x34
100019ac:	6241      	str	r1, [r0, #36]	@ 0x24
100019ae:	4c0d      	ldr	r4, [pc, #52]	@ (100019e4 <create_default_cursor+0x70>)
100019b0:	490d      	ldr	r1, [pc, #52]	@ (100019e8 <create_default_cursor+0x74>)
100019b2:	e9c0 410a 	strd	r4, r1, [r0, #40]	@ 0x28
100019b6:	490d      	ldr	r1, [pc, #52]	@ (100019ec <create_default_cursor+0x78>)
100019b8:	6301      	str	r1, [r0, #48]	@ 0x30
100019ba:	bd10      	pop	{r4, pc}
100019bc:	200012c4 	.word	0x200012c4
100019c0:	00960101 	.word	0x00960101
100019c4:	100018cd 	.word	0x100018cd
100019c8:	100018e1 	.word	0x100018e1
100019cc:	100018f5 	.word	0x100018f5
100019d0:	10001915 	.word	0x10001915
100019d4:	10001921 	.word	0x10001921
100019d8:	1000192d 	.word	0x1000192d
100019dc:	10001939 	.word	0x10001939
100019e0:	10001945 	.word	0x10001945
100019e4:	10001951 	.word	0x10001951
100019e8:	1000195d 	.word	0x1000195d
100019ec:	10001969 	.word	0x10001969

100019f0 <set_font>:
100019f0:	380a      	subs	r0, #10
100019f2:	b2c0      	uxtb	r0, r0
100019f4:	2803      	cmp	r0, #3
100019f6:	bf9a      	itte	ls
100019f8:	4b02      	ldrls	r3, [pc, #8]	@ (10001a04 <set_font+0x14>)
100019fa:	f853 0020 	ldrls.w	r0, [r3, r0, lsl #2]
100019fe:	2000      	movhi	r0, #0
10001a00:	4770      	bx	lr
10001a02:	bf00      	nop
10001a04:	10006154 	.word	0x10006154

10001a08 <gpio_set_function>:
10001a08:	b410      	push	{r4}
10001a0a:	f44f 7480 	mov.w	r4, #256	@ 0x100
10001a0e:	4b0c      	ldr	r3, [pc, #48]	@ (10001a40 <gpio_set_function+0x38>)
10001a10:	f853 2020 	ldr.w	r2, [r3, r0, lsl #2]
10001a14:	eb03 0380 	add.w	r3, r3, r0, lsl #2
10001a18:	00c0      	lsls	r0, r0, #3
10001a1a:	f082 0240 	eor.w	r2, r2, #64	@ 0x40
10001a1e:	f100 4080 	add.w	r0, r0, #1073741824	@ 0x40000000
10001a22:	f503 5c80 	add.w	ip, r3, #4096	@ 0x1000
10001a26:	f002 02c0 	and.w	r2, r2, #192	@ 0xc0
10001a2a:	f500 3020 	add.w	r0, r0, #163840	@ 0x28000
10001a2e:	f503 5340 	add.w	r3, r3, #12288	@ 0x3000
10001a32:	f8cc 2000 	str.w	r2, [ip]
10001a36:	6041      	str	r1, [r0, #4]
10001a38:	601c      	str	r4, [r3, #0]
10001a3a:	f85d 4b04 	ldr.w	r4, [sp], #4
10001a3e:	4770      	bx	lr
10001a40:	40038004 	.word	0x40038004

10001a44 <gpio_set_pulls>:
10001a44:	b410      	push	{r4}
10001a46:	4c08      	ldr	r4, [pc, #32]	@ (10001a68 <gpio_set_pulls+0x24>)
10001a48:	00c9      	lsls	r1, r1, #3
10001a4a:	ea41 0182 	orr.w	r1, r1, r2, lsl #2
10001a4e:	f854 2020 	ldr.w	r2, [r4, r0, lsl #2]
10001a52:	eb04 0380 	add.w	r3, r4, r0, lsl #2
10001a56:	4051      	eors	r1, r2
10001a58:	f503 5380 	add.w	r3, r3, #4096	@ 0x1000
10001a5c:	f001 010c 	and.w	r1, r1, #12
10001a60:	f85d 4b04 	ldr.w	r4, [sp], #4
10001a64:	6019      	str	r1, [r3, #0]
10001a66:	4770      	bx	lr
10001a68:	40038004 	.word	0x40038004

10001a6c <panic>:
10001a6c:	b40f      	push	{r0, r1, r2, r3}
10001a6e:	b500      	push	{lr}
10001a70:	b083      	sub	sp, #12
10001a72:	9c04      	ldr	r4, [sp, #16]
10001a74:	4807      	ldr	r0, [pc, #28]	@ (10001a94 <panic+0x28>)
10001a76:	f002 ff9d 	bl	100049b4 <__wrap_puts>
10001a7a:	b13c      	cbz	r4, 10001a8c <panic+0x20>
10001a7c:	a905      	add	r1, sp, #20
10001a7e:	4620      	mov	r0, r4
10001a80:	9101      	str	r1, [sp, #4]
10001a82:	f002 fe3b 	bl	100046fc <weak_raw_vprintf>
10001a86:	4804      	ldr	r0, [pc, #16]	@ (10001a98 <panic+0x2c>)
10001a88:	f002 ff94 	bl	100049b4 <__wrap_puts>
10001a8c:	2001      	movs	r0, #1
10001a8e:	f002 fe4d 	bl	1000472c <_exit>
10001a92:	bf00      	nop
10001a94:	10005a34 	.word	0x10005a34
10001a98:	10005a44 	.word	0x10005a44

10001a9c <hw_claim_lock>:
10001a9c:	f3ef 8010 	mrs	r0, PRIMASK
10001aa0:	b672      	cpsid	i
10001aa2:	4b06      	ldr	r3, [pc, #24]	@ (10001abc <hw_claim_lock+0x20>)
10001aa4:	e8d3 1fcf 	ldaexb	r1, [r3]
10001aa8:	2201      	movs	r2, #1
10001aaa:	2900      	cmp	r1, #0
10001aac:	d1fa      	bne.n	10001aa4 <hw_claim_lock+0x8>
10001aae:	e8c3 2f41 	strexb	r1, r2, [r3]
10001ab2:	2900      	cmp	r1, #0
10001ab4:	d1f6      	bne.n	10001aa4 <hw_claim_lock+0x8>
10001ab6:	f3bf 8f5f 	dmb	sy
10001aba:	4770      	bx	lr
10001abc:	20001103 	.word	0x20001103

10001ac0 <hw_claim_unlock>:
10001ac0:	2300      	movs	r3, #0
10001ac2:	4a03      	ldr	r2, [pc, #12]	@ (10001ad0 <hw_claim_unlock+0x10>)
10001ac4:	e8c2 3f8f 	stlb	r3, [r2]
10001ac8:	f380 8810 	msr	PRIMASK, r0
10001acc:	4770      	bx	lr
10001ace:	bf00      	nop
10001ad0:	20001103 	.word	0x20001103

10001ad4 <hw_claim_or_assert>:
10001ad4:	b570      	push	{r4, r5, r6, lr}
10001ad6:	4686      	mov	lr, r0
10001ad8:	f3ef 8510 	mrs	r5, PRIMASK
10001adc:	b672      	cpsid	i
10001ade:	4c12      	ldr	r4, [pc, #72]	@ (10001b28 <hw_claim_or_assert+0x54>)
10001ae0:	e8d4 6fcf 	ldaexb	r6, [r4]
10001ae4:	2001      	movs	r0, #1
10001ae6:	2e00      	cmp	r6, #0
10001ae8:	d1fa      	bne.n	10001ae0 <hw_claim_or_assert+0xc>
10001aea:	e8c4 0f46 	strexb	r6, r0, [r4]
10001aee:	2e00      	cmp	r6, #0
10001af0:	d1f6      	bne.n	10001ae0 <hw_claim_or_assert+0xc>
10001af2:	f3bf 8f5f 	dmb	sy
10001af6:	f04f 0c01 	mov.w	ip, #1
10001afa:	08c8      	lsrs	r0, r1, #3
10001afc:	f001 0307 	and.w	r3, r1, #7
10001b00:	fa0c f303 	lsl.w	r3, ip, r3
10001b04:	f81e c000 	ldrb.w	ip, [lr, r0]
10001b08:	ea1c 0603 	ands.w	r6, ip, r3
10001b0c:	d108      	bne.n	10001b20 <hw_claim_or_assert+0x4c>
10001b0e:	ea4c 0c03 	orr.w	ip, ip, r3
10001b12:	f80e c000 	strb.w	ip, [lr, r0]
10001b16:	e8c4 6f8f 	stlb	r6, [r4]
10001b1a:	f385 8810 	msr	PRIMASK, r5
10001b1e:	bd70      	pop	{r4, r5, r6, pc}
10001b20:	4610      	mov	r0, r2
10001b22:	f7ff ffa3 	bl	10001a6c <panic>
10001b26:	bf00      	nop
10001b28:	20001103 	.word	0x20001103

10001b2c <hw_claim_unused_from_range>:
10001b2c:	b5f8      	push	{r3, r4, r5, r6, r7, lr}
10001b2e:	f3ef 8710 	mrs	r7, PRIMASK
10001b32:	b672      	cpsid	i
10001b34:	4e1c      	ldr	r6, [pc, #112]	@ (10001ba8 <hw_claim_unused_from_range+0x7c>)
10001b36:	e8d6 5fcf 	ldaexb	r5, [r6]
10001b3a:	2401      	movs	r4, #1
10001b3c:	2d00      	cmp	r5, #0
10001b3e:	d1fa      	bne.n	10001b36 <hw_claim_unused_from_range+0xa>
10001b40:	e8c6 4f45 	strexb	r5, r4, [r6]
10001b44:	2d00      	cmp	r5, #0
10001b46:	d1f6      	bne.n	10001b36 <hw_claim_unused_from_range+0xa>
10001b48:	f3bf 8f5f 	dmb	sy
10001b4c:	429a      	cmp	r2, r3
10001b4e:	d81b      	bhi.n	10001b88 <hw_claim_unused_from_range+0x5c>
10001b50:	2501      	movs	r5, #1
10001b52:	e002      	b.n	10001b5a <hw_claim_unused_from_range+0x2e>
10001b54:	3201      	adds	r2, #1
10001b56:	4293      	cmp	r3, r2
10001b58:	d322      	bcc.n	10001ba0 <hw_claim_unused_from_range+0x74>
10001b5a:	08d4      	lsrs	r4, r2, #3
10001b5c:	f810 e004 	ldrb.w	lr, [r0, r4]
10001b60:	f002 0c07 	and.w	ip, r2, #7
10001b64:	fa05 fc0c 	lsl.w	ip, r5, ip
10001b68:	ea1e 0f0c 	tst.w	lr, ip
10001b6c:	d1f2      	bne.n	10001b54 <hw_claim_unused_from_range+0x28>
10001b6e:	ea4e 0e0c 	orr.w	lr, lr, ip
10001b72:	f800 e004 	strb.w	lr, [r0, r4]
10001b76:	4610      	mov	r0, r2
10001b78:	2300      	movs	r3, #0
10001b7a:	e8c6 3f8f 	stlb	r3, [r6]
10001b7e:	f387 8810 	msr	PRIMASK, r7
10001b82:	4298      	cmp	r0, r3
10001b84:	db07      	blt.n	10001b96 <hw_claim_unused_from_range+0x6a>
10001b86:	bdf8      	pop	{r3, r4, r5, r6, r7, pc}
10001b88:	2300      	movs	r3, #0
10001b8a:	e8c6 3f8f 	stlb	r3, [r6]
10001b8e:	f387 8810 	msr	PRIMASK, r7
10001b92:	f04f 30ff 	mov.w	r0, #4294967295	@ 0xffffffff
10001b96:	2900      	cmp	r1, #0
10001b98:	d0f5      	beq.n	10001b86 <hw_claim_unused_from_range+0x5a>
10001b9a:	9806      	ldr	r0, [sp, #24]
10001b9c:	f7ff ff66 	bl	10001a6c <panic>
10001ba0:	f04f 30ff 	mov.w	r0, #4294967295	@ 0xffffffff
10001ba4:	e7e8      	b.n	10001b78 <hw_claim_unused_from_range+0x4c>
10001ba6:	bf00      	nop
10001ba8:	20001103 	.word	0x20001103

10001bac <next_striped_spin_lock_num>:
10001bac:	4a04      	ldr	r2, [pc, #16]	@ (10001bc0 <next_striped_spin_lock_num+0x14>)
10001bae:	7810      	ldrb	r0, [r2, #0]
10001bb0:	1c43      	adds	r3, r0, #1
10001bb2:	b2db      	uxtb	r3, r3
10001bb4:	2b18      	cmp	r3, #24
10001bb6:	bf28      	it	cs
10001bb8:	2310      	movcs	r3, #16
10001bba:	7013      	strb	r3, [r2, #0]
10001bbc:	4770      	bx	lr
10001bbe:	bf00      	nop
10001bc0:	20000868 	.word	0x20000868

10001bc4 <spinlock_set_extexclall>:
10001bc4:	f04f 22e0 	mov.w	r2, #3758153728	@ 0xe000e000
10001bc8:	6893      	ldr	r3, [r2, #8]
10001bca:	f043 5300 	orr.w	r3, r3, #536870912	@ 0x20000000
10001bce:	6093      	str	r3, [r2, #8]
10001bd0:	4770      	bx	lr
10001bd2:	bf00      	nop

10001bd4 <spin_locks_reset>:
10001bd4:	2100      	movs	r1, #0
10001bd6:	4b04      	ldr	r3, [pc, #16]	@ (10001be8 <spin_locks_reset+0x14>)
10001bd8:	f103 0220 	add.w	r2, r3, #32
10001bdc:	e8c3 1f8f 	stlb	r1, [r3]
10001be0:	3301      	adds	r3, #1
10001be2:	4293      	cmp	r3, r2
10001be4:	d1fa      	bne.n	10001bdc <spin_locks_reset+0x8>
10001be6:	4770      	bx	lr
10001be8:	200010f8 	.word	0x200010f8

10001bec <runtime_init_per_core_irq_priorities>:
10001bec:	f04f 23e0 	mov.w	r3, #3758153728	@ 0xe000e000
10001bf0:	f04f 3280 	mov.w	r2, #2155905152	@ 0x80808080
10001bf4:	f8c3 2400 	str.w	r2, [r3, #1024]	@ 0x400
10001bf8:	f8c3 2404 	str.w	r2, [r3, #1028]	@ 0x404
10001bfc:	f8c3 2408 	str.w	r2, [r3, #1032]	@ 0x408
10001c00:	f8c3 240c 	str.w	r2, [r3, #1036]	@ 0x40c
10001c04:	f8c3 2410 	str.w	r2, [r3, #1040]	@ 0x410
10001c08:	f8c3 2414 	str.w	r2, [r3, #1044]	@ 0x414
10001c0c:	f8c3 2418 	str.w	r2, [r3, #1048]	@ 0x418
10001c10:	f8c3 241c 	str.w	r2, [r3, #1052]	@ 0x41c
10001c14:	f8c3 2420 	str.w	r2, [r3, #1056]	@ 0x420
10001c18:	f8c3 2424 	str.w	r2, [r3, #1060]	@ 0x424
10001c1c:	f8c3 2428 	str.w	r2, [r3, #1064]	@ 0x428
10001c20:	f8c3 242c 	str.w	r2, [r3, #1068]	@ 0x42c
10001c24:	f8c3 2430 	str.w	r2, [r3, #1072]	@ 0x430
10001c28:	b662      	cpsie	i
10001c2a:	4770      	bx	lr

10001c2c <irq_set_enabled>:
10001c2c:	2301      	movs	r3, #1
10001c2e:	f000 021f 	and.w	r2, r0, #31
10001c32:	4093      	lsls	r3, r2
10001c34:	0940      	lsrs	r0, r0, #5
10001c36:	b141      	cbz	r1, 10001c4a <irq_set_enabled+0x1e>
10001c38:	0080      	lsls	r0, r0, #2
10001c3a:	f100 4060 	add.w	r0, r0, #3758096384	@ 0xe0000000
10001c3e:	f500 4061 	add.w	r0, r0, #57600	@ 0xe100
10001c42:	f8c0 3180 	str.w	r3, [r0, #384]	@ 0x180
10001c46:	6003      	str	r3, [r0, #0]
10001c48:	4770      	bx	lr
10001c4a:	4a02      	ldr	r2, [pc, #8]	@ (10001c54 <irq_set_enabled+0x28>)
10001c4c:	3020      	adds	r0, #32
10001c4e:	f842 3020 	str.w	r3, [r2, r0, lsl #2]
10001c52:	4770      	bx	lr
10001c54:	e000e100 	.word	0xe000e100

10001c58 <irq_is_enabled>:
10001c58:	2301      	movs	r3, #1
10001c5a:	4a06      	ldr	r2, [pc, #24]	@ (10001c74 <irq_is_enabled+0x1c>)
10001c5c:	0941      	lsrs	r1, r0, #5
10001c5e:	f852 2021 	ldr.w	r2, [r2, r1, lsl #2]
10001c62:	f000 001f 	and.w	r0, r0, #31
10001c66:	fa03 f000 	lsl.w	r0, r3, r0
10001c6a:	4010      	ands	r0, r2
10001c6c:	3800      	subs	r0, #0
10001c6e:	bf18      	it	ne
10001c70:	2001      	movne	r0, #1
10001c72:	4770      	bx	lr
10001c74:	e000e100 	.word	0xe000e100

10001c78 <irq_set_exclusive_handler>:
10001c78:	b5f8      	push	{r3, r4, r5, r6, r7, lr}
10001c7a:	460d      	mov	r5, r1
10001c7c:	f3ef 8710 	mrs	r7, PRIMASK
10001c80:	b672      	cpsid	i
10001c82:	4e12      	ldr	r6, [pc, #72]	@ (10001ccc <irq_set_exclusive_handler+0x54>)
10001c84:	e8d6 2fcf 	ldaexb	r2, [r6]
10001c88:	2301      	movs	r3, #1
10001c8a:	2a00      	cmp	r2, #0
10001c8c:	d1fa      	bne.n	10001c84 <irq_set_exclusive_handler+0xc>
10001c8e:	e8c6 3f42 	strexb	r2, r3, [r6]
10001c92:	2a00      	cmp	r2, #0
10001c94:	d1f6      	bne.n	10001c84 <irq_set_exclusive_handler+0xc>
10001c96:	f3bf 8f5f 	dmb	sy
10001c9a:	4b0d      	ldr	r3, [pc, #52]	@ (10001cd0 <irq_set_exclusive_handler+0x58>)
10001c9c:	f100 0410 	add.w	r4, r0, #16
10001ca0:	689b      	ldr	r3, [r3, #8]
10001ca2:	4a0c      	ldr	r2, [pc, #48]	@ (10001cd4 <irq_set_exclusive_handler+0x5c>)
10001ca4:	f853 3024 	ldr.w	r3, [r3, r4, lsl #2]
10001ca8:	4293      	cmp	r3, r2
10001caa:	d003      	beq.n	10001cb4 <irq_set_exclusive_handler+0x3c>
10001cac:	4299      	cmp	r1, r3
10001cae:	d001      	beq.n	10001cb4 <irq_set_exclusive_handler+0x3c>
10001cb0:	f000 ff0c 	bl	10002acc <hard_assertion_failure>
10001cb4:	4b06      	ldr	r3, [pc, #24]	@ (10001cd0 <irq_set_exclusive_handler+0x58>)
10001cb6:	689b      	ldr	r3, [r3, #8]
10001cb8:	f843 5024 	str.w	r5, [r3, r4, lsl #2]
10001cbc:	f3bf 8f5f 	dmb	sy
10001cc0:	2300      	movs	r3, #0
10001cc2:	e8c6 3f8f 	stlb	r3, [r6]
10001cc6:	f387 8810 	msr	PRIMASK, r7
10001cca:	bdf8      	pop	{r3, r4, r5, r6, r7, pc}
10001ccc:	20001101 	.word	0x20001101
10001cd0:	e000ed00 	.word	0xe000ed00
10001cd4:	10000111 	.word	0x10000111

10001cd8 <irq_set_priority>:
10001cd8:	f04f 0cff 	mov.w	ip, #255	@ 0xff
10001cdc:	f020 0303 	bic.w	r3, r0, #3
10001ce0:	f103 4360 	add.w	r3, r3, #3758096384	@ 0xe0000000
10001ce4:	f503 4364 	add.w	r3, r3, #58368	@ 0xe400
10001ce8:	f000 0003 	and.w	r0, r0, #3
10001cec:	681a      	ldr	r2, [r3, #0]
10001cee:	00c0      	lsls	r0, r0, #3
10001cf0:	fa0c fc00 	lsl.w	ip, ip, r0
10001cf4:	ea22 020c 	bic.w	r2, r2, ip
10001cf8:	4081      	lsls	r1, r0
10001cfa:	430a      	orrs	r2, r1
10001cfc:	601a      	str	r2, [r3, #0]
10001cfe:	4770      	bx	lr

10001d00 <lock_init>:
10001d00:	4b01      	ldr	r3, [pc, #4]	@ (10001d08 <lock_init+0x8>)
10001d02:	440b      	add	r3, r1
10001d04:	6003      	str	r3, [r0, #0]
10001d06:	4770      	bx	lr
10001d08:	200010f8 	.word	0x200010f8

10001d0c <runtime_init_mutex>:
10001d0c:	b570      	push	{r4, r5, r6, lr}
10001d0e:	4c10      	ldr	r4, [pc, #64]	@ (10001d50 <runtime_init_mutex+0x44>)
10001d10:	4d10      	ldr	r5, [pc, #64]	@ (10001d54 <runtime_init_mutex+0x48>)
10001d12:	42ac      	cmp	r4, r5
10001d14:	d20e      	bcs.n	10001d34 <runtime_init_mutex+0x28>
10001d16:	26ff      	movs	r6, #255	@ 0xff
10001d18:	6823      	ldr	r3, [r4, #0]
10001d1a:	b163      	cbz	r3, 10001d36 <runtime_init_mutex+0x2a>
10001d1c:	f7ff ff46 	bl	10001bac <next_striped_spin_lock_num>
10001d20:	4601      	mov	r1, r0
10001d22:	4620      	mov	r0, r4
10001d24:	f7ff ffec 	bl	10001d00 <lock_init>
10001d28:	80a6      	strh	r6, [r4, #4]
10001d2a:	f3bf 8f5f 	dmb	sy
10001d2e:	3408      	adds	r4, #8
10001d30:	42ac      	cmp	r4, r5
10001d32:	d3f1      	bcc.n	10001d18 <runtime_init_mutex+0xc>
10001d34:	bd70      	pop	{r4, r5, r6, pc}
10001d36:	f7ff ff39 	bl	10001bac <next_striped_spin_lock_num>
10001d3a:	4601      	mov	r1, r0
10001d3c:	4620      	mov	r0, r4
10001d3e:	f7ff ffdf 	bl	10001d00 <lock_init>
10001d42:	7126      	strb	r6, [r4, #4]
10001d44:	f3bf 8f5f 	dmb	sy
10001d48:	3408      	adds	r4, #8
10001d4a:	42ac      	cmp	r4, r5
10001d4c:	d3e4      	bcc.n	10001d18 <runtime_init_mutex+0xc>
10001d4e:	bd70      	pop	{r4, r5, r6, pc}
10001d50:	20000de0 	.word	0x20000de0
10001d54:	20000df0 	.word	0x20000df0

10001d58 <sleep_until_callback>:
10001d58:	4b0d      	ldr	r3, [pc, #52]	@ (10001d90 <sleep_until_callback+0x38>)
10001d5a:	681a      	ldr	r2, [r3, #0]
10001d5c:	f3ef 8110 	mrs	r1, PRIMASK
10001d60:	b672      	cpsid	i
10001d62:	e8d2 cfcf 	ldaexb	ip, [r2]
10001d66:	2001      	movs	r0, #1
10001d68:	f1bc 0f00 	cmp.w	ip, #0
10001d6c:	d1f9      	bne.n	10001d62 <sleep_until_callback+0xa>
10001d6e:	e8c2 0f4c 	strexb	ip, r0, [r2]
10001d72:	f1bc 0f00 	cmp.w	ip, #0
10001d76:	d1f4      	bne.n	10001d62 <sleep_until_callback+0xa>
10001d78:	f3bf 8f5f 	dmb	sy
10001d7c:	2200      	movs	r2, #0
10001d7e:	681b      	ldr	r3, [r3, #0]
10001d80:	e8c3 2f8f 	stlb	r2, [r3]
10001d84:	f381 8810 	msr	PRIMASK, r1
10001d88:	bf40      	sev
10001d8a:	2000      	movs	r0, #0
10001d8c:	2100      	movs	r1, #0
10001d8e:	4770      	bx	lr
10001d90:	200012c0 	.word	0x200012c0
10001d94:	00000000 	.word	0x00000000

10001d98 <alarm_pool_irq_handler>:
10001d98:	e92d 4ff0 	stmdb	sp!, {r4, r5, r6, r7, r8, r9, sl, fp, lr}
10001d9c:	ed2d 8b02 	vpush	{d8}
10001da0:	b085      	sub	sp, #20
10001da2:	f3ef 8305 	mrs	r3, IPSR
10001da6:	b2db      	uxtb	r3, r3
10001da8:	3b10      	subs	r3, #16
10001daa:	089a      	lsrs	r2, r3, #2
10001dac:	bf18      	it	ne
10001dae:	2201      	movne	r2, #1
10001db0:	f04f 0101 	mov.w	r1, #1
10001db4:	f003 0b03 	and.w	fp, r3, #3
10001db8:	bf18      	it	ne
10001dba:	4daf      	ldrne	r5, [pc, #700]	@ (10002078 <alarm_pool_irq_handler+0x2e0>)
10001dbc:	4baf      	ldr	r3, [pc, #700]	@ (1000207c <alarm_pool_irq_handler+0x2e4>)
10001dbe:	bf08      	it	eq
10001dc0:	4daf      	ldreq	r5, [pc, #700]	@ (10002080 <alarm_pool_irq_handler+0x2e8>)
10001dc2:	eb0b 0282 	add.w	r2, fp, r2, lsl #2
10001dc6:	f853 6022 	ldr.w	r6, [r3, r2, lsl #2]
10001dca:	fa01 f20b 	lsl.w	r2, r1, fp
10001dce:	f505 5341 	add.w	r3, r5, #12352	@ 0x3040
10001dd2:	ed9f 8ba7 	vldr	d8, [pc, #668]	@ 10002070 <alarm_pool_irq_handler+0x2d8>
10001dd6:	9201      	str	r2, [sp, #4]
10001dd8:	605a      	str	r2, [r3, #4]
10001dda:	e02f      	b.n	10001e3c <alarm_pool_irq_handler+0xa4>
10001ddc:	88b3      	ldrh	r3, [r6, #4]
10001dde:	041c      	lsls	r4, r3, #16
10001de0:	f140 8093 	bpl.w	10001f0a <alarm_pool_irq_handler+0x172>
10001de4:	79b3      	ldrb	r3, [r6, #6]
10001de6:	2b00      	cmp	r3, #0
10001de8:	f040 80dd 	bne.w	10001fa6 <alarm_pool_irq_handler+0x20e>
10001dec:	f9b6 2008 	ldrsh.w	r2, [r6, #8]
10001df0:	2a00      	cmp	r2, #0
10001df2:	f2c0 811e 	blt.w	10002032 <alarm_pool_irq_handler+0x29a>
10001df6:	6973      	ldr	r3, [r6, #20]
10001df8:	eb02 0242 	add.w	r2, r2, r2, lsl #1
10001dfc:	eb03 03c2 	add.w	r3, r3, r2, lsl #3
10001e00:	e9d3 4702 	ldrd	r4, r7, [r3, #8]
10001e04:	f1b7 3fff 	cmp.w	r7, #4294967295	@ 0xffffffff
10001e08:	bf08      	it	eq
10001e0a:	f1b4 3fff 	cmpeq.w	r4, #4294967295	@ 0xffffffff
10001e0e:	d00e      	beq.n	10001e2e <alarm_pool_irq_handler+0x96>
10001e10:	eb05 018b 	add.w	r1, r5, fp, lsl #2
10001e14:	6aab      	ldr	r3, [r5, #40]	@ 0x28
10001e16:	690a      	ldr	r2, [r1, #16]
10001e18:	1ad2      	subs	r2, r2, r3
10001e1a:	1ae3      	subs	r3, r4, r3
10001e1c:	4293      	cmp	r3, r2
10001e1e:	d305      	bcc.n	10001e2c <alarm_pool_irq_handler+0x94>
10001e20:	2301      	movs	r3, #1
10001e22:	6a2a      	ldr	r2, [r5, #32]
10001e24:	fa03 f30b 	lsl.w	r3, r3, fp
10001e28:	4213      	tst	r3, r2
10001e2a:	d100      	bne.n	10001e2e <alarm_pool_irq_handler+0x96>
10001e2c:	610c      	str	r4, [r1, #16]
10001e2e:	4628      	mov	r0, r5
10001e30:	f000 fbac 	bl	1000258c <timer_time_us_64>
10001e34:	42a0      	cmp	r0, r4
10001e36:	41b9      	sbcs	r1, r7
10001e38:	f2c0 80fb 	blt.w	10002032 <alarm_pool_irq_handler+0x29a>
10001e3c:	f9b6 3008 	ldrsh.w	r3, [r6, #8]
10001e40:	9a01      	ldr	r2, [sp, #4]
10001e42:	2b00      	cmp	r3, #0
10001e44:	9300      	str	r3, [sp, #0]
10001e46:	63ea      	str	r2, [r5, #60]	@ 0x3c
10001e48:	dbc8      	blt.n	10001ddc <alarm_pool_irq_handler+0x44>
10001e4a:	f8d6 8014 	ldr.w	r8, [r6, #20]
10001e4e:	eb03 0943 	add.w	r9, r3, r3, lsl #1
10001e52:	4628      	mov	r0, r5
10001e54:	eb08 07c9 	add.w	r7, r8, r9, lsl #3
10001e58:	e9d7 4a02 	ldrd	r4, sl, [r7, #8]
10001e5c:	f000 fb96 	bl	1000258c <timer_time_us_64>
10001e60:	42a0      	cmp	r0, r4
10001e62:	eb71 010a 	sbcs.w	r1, r1, sl
10001e66:	dbb9      	blt.n	10001ddc <alarm_pool_irq_handler+0x44>
10001e68:	f1ba 0f00 	cmp.w	sl, #0
10001e6c:	f2c0 80c3 	blt.w	10001ff6 <alarm_pool_irq_handler+0x25e>
10001e70:	e9d7 3104 	ldrd	r3, r1, [r7, #16]
10001e74:	4a83      	ldr	r2, [pc, #524]	@ (10002084 <alarm_pool_irq_handler+0x2ec>)
10001e76:	4293      	cmp	r3, r2
10001e78:	f000 80ed 	beq.w	10002056 <alarm_pool_irq_handler+0x2be>
10001e7c:	887a      	ldrh	r2, [r7, #2]
10001e7e:	f9b6 0008 	ldrsh.w	r0, [r6, #8]
10001e82:	b292      	uxth	r2, r2
10001e84:	ea42 4000 	orr.w	r0, r2, r0, lsl #16
10001e88:	4798      	blx	r3
10001e8a:	4602      	mov	r2, r0
10001e8c:	460b      	mov	r3, r1
10001e8e:	ea52 0103 	orrs.w	r1, r2, r3
10001e92:	f000 80b0 	beq.w	10001ff6 <alarm_pool_irq_handler+0x25e>
10001e96:	2b00      	cmp	r3, #0
10001e98:	f280 80d1 	bge.w	1000203e <alarm_pool_irq_handler+0x2a6>
10001e9c:	ebb4 0e02 	subs.w	lr, r4, r2
10001ea0:	eb6a 0a03 	sbc.w	sl, sl, r3
10001ea4:	f938 3039 	ldrsh.w	r3, [r8, r9, lsl #3]
10001ea8:	e9c7 ea02 	strd	lr, sl, [r7, #8]
10001eac:	2b00      	cmp	r3, #0
10001eae:	db95      	blt.n	10001ddc <alarm_pool_irq_handler+0x44>
10001eb0:	6971      	ldr	r1, [r6, #20]
10001eb2:	eb03 0243 	add.w	r2, r3, r3, lsl #1
10001eb6:	eb01 02c2 	add.w	r2, r1, r2, lsl #3
10001eba:	e9d2 7002 	ldrd	r7, r0, [r2, #8]
10001ebe:	45be      	cmp	lr, r7
10001ec0:	eb7a 0c00 	sbcs.w	ip, sl, r0
10001ec4:	ea4f 0243 	mov.w	r2, r3, lsl #1
10001ec8:	db88      	blt.n	10001ddc <alarm_pool_irq_handler+0x44>
10001eca:	46b4      	mov	ip, r6
10001ecc:	f82c 3f08 	strh.w	r3, [ip, #8]!
10001ed0:	e006      	b.n	10001ee0 <alarm_pool_irq_handler+0x148>
10001ed2:	eb03 0043 	add.w	r0, r3, r3, lsl #1
10001ed6:	eb01 00c0 	add.w	r0, r1, r0, lsl #3
10001eda:	005a      	lsls	r2, r3, #1
10001edc:	e9d0 7002 	ldrd	r7, r0, [r0, #8]
10001ee0:	45be      	cmp	lr, r7
10001ee2:	441a      	add	r2, r3
10001ee4:	eb7a 0000 	sbcs.w	r0, sl, r0
10001ee8:	eb01 04c2 	add.w	r4, r1, r2, lsl #3
10001eec:	db04      	blt.n	10001ef8 <alarm_pool_irq_handler+0x160>
10001eee:	f931 3032 	ldrsh.w	r3, [r1, r2, lsl #3]
10001ef2:	46a4      	mov	ip, r4
10001ef4:	2b00      	cmp	r3, #0
10001ef6:	daec      	bge.n	10001ed2 <alarm_pool_irq_handler+0x13a>
10001ef8:	f828 3039 	strh.w	r3, [r8, r9, lsl #3]
10001efc:	9b00      	ldr	r3, [sp, #0]
10001efe:	f8ac 3000 	strh.w	r3, [ip]
10001f02:	88b3      	ldrh	r3, [r6, #4]
10001f04:	041c      	lsls	r4, r3, #16
10001f06:	f53f af6d 	bmi.w	10001de4 <alarm_pool_irq_handler+0x4c>
10001f0a:	6933      	ldr	r3, [r6, #16]
10001f0c:	f3ef 8210 	mrs	r2, PRIMASK
10001f10:	b672      	cpsid	i
10001f12:	e8d3 0fcf 	ldaexb	r0, [r3]
10001f16:	2101      	movs	r1, #1
10001f18:	2800      	cmp	r0, #0
10001f1a:	d1fa      	bne.n	10001f12 <alarm_pool_irq_handler+0x17a>
10001f1c:	e8c3 1f40 	strexb	r0, r1, [r3]
10001f20:	2800      	cmp	r0, #0
10001f22:	d1f6      	bne.n	10001f12 <alarm_pool_irq_handler+0x17a>
10001f24:	f3bf 8f5f 	dmb	sy
10001f28:	f64f 74ff 	movw	r4, #65535	@ 0xffff
10001f2c:	88b0      	ldrh	r0, [r6, #4]
10001f2e:	2300      	movs	r3, #0
10001f30:	6931      	ldr	r1, [r6, #16]
10001f32:	b200      	sxth	r0, r0
10001f34:	80b4      	strh	r4, [r6, #4]
10001f36:	e8c1 3f8f 	stlb	r3, [r1]
10001f3a:	f382 8810 	msr	PRIMASK, r2
10001f3e:	4298      	cmp	r0, r3
10001f40:	f6ff af50 	blt.w	10001de4 <alarm_pool_irq_handler+0x4c>
10001f44:	4607      	mov	r7, r0
10001f46:	46a9      	mov	r9, r5
10001f48:	6974      	ldr	r4, [r6, #20]
10001f4a:	f106 0808 	add.w	r8, r6, #8
10001f4e:	eb07 0e47 	add.w	lr, r7, r7, lsl #1
10001f52:	eb04 03ce 	add.w	r3, r4, lr, lsl #3
10001f56:	e9d3 5002 	ldrd	r5, r0, [r3, #8]
10001f5a:	f9b6 3008 	ldrsh.w	r3, [r6, #8]
10001f5e:	46c4      	mov	ip, r8
10001f60:	2b00      	cmp	r3, #0
10001f62:	db13      	blt.n	10001f8c <alarm_pool_irq_handler+0x1f4>
10001f64:	46b2      	mov	sl, r6
10001f66:	9700      	str	r7, [sp, #0]
10001f68:	e004      	b.n	10001f74 <alarm_pool_irq_handler+0x1dc>
10001f6a:	f934 3036 	ldrsh.w	r3, [r4, r6, lsl #3]
10001f6e:	4694      	mov	ip, r2
10001f70:	2b00      	cmp	r3, #0
10001f72:	db09      	blt.n	10001f88 <alarm_pool_irq_handler+0x1f0>
10001f74:	eb03 0643 	add.w	r6, r3, r3, lsl #1
10001f78:	eb04 02c6 	add.w	r2, r4, r6, lsl #3
10001f7c:	e9d2 7102 	ldrd	r7, r1, [r2, #8]
10001f80:	42bd      	cmp	r5, r7
10001f82:	eb70 0101 	sbcs.w	r1, r0, r1
10001f86:	daf0      	bge.n	10001f6a <alarm_pool_irq_handler+0x1d2>
10001f88:	4656      	mov	r6, sl
10001f8a:	9f00      	ldr	r7, [sp, #0]
10001f8c:	f8ac 7000 	strh.w	r7, [ip]
10001f90:	f934 703e 	ldrsh.w	r7, [r4, lr, lsl #3]
10001f94:	f824 303e 	strh.w	r3, [r4, lr, lsl #3]
10001f98:	2f00      	cmp	r7, #0
10001f9a:	dad8      	bge.n	10001f4e <alarm_pool_irq_handler+0x1b6>
10001f9c:	79b3      	ldrb	r3, [r6, #6]
10001f9e:	464d      	mov	r5, r9
10001fa0:	2b00      	cmp	r3, #0
10001fa2:	f43f af23 	beq.w	10001dec <alarm_pool_irq_handler+0x54>
10001fa6:	2300      	movs	r3, #0
10001fa8:	71b3      	strb	r3, [r6, #6]
10001faa:	f9b6 3008 	ldrsh.w	r3, [r6, #8]
10001fae:	f106 0808 	add.w	r8, r6, #8
10001fb2:	1c58      	adds	r0, r3, #1
10001fb4:	d03d      	beq.n	10002032 <alarm_pool_irq_handler+0x29a>
10001fb6:	461a      	mov	r2, r3
10001fb8:	6977      	ldr	r7, [r6, #20]
10001fba:	e003      	b.n	10001fc4 <alarm_pool_irq_handler+0x22c>
10001fbc:	4680      	mov	r8, r0
10001fbe:	1c59      	adds	r1, r3, #1
10001fc0:	f43f af16 	beq.w	10001df0 <alarm_pool_irq_handler+0x58>
10001fc4:	eb03 0143 	add.w	r1, r3, r3, lsl #1
10001fc8:	eb07 00c1 	add.w	r0, r7, r1, lsl #3
10001fcc:	f8b0 c002 	ldrh.w	ip, [r0, #2]
10001fd0:	461c      	mov	r4, r3
10001fd2:	f41c 4f00 	tst.w	ip, #32768	@ 0x8000
10001fd6:	469e      	mov	lr, r3
10001fd8:	f937 3031 	ldrsh.w	r3, [r7, r1, lsl #3]
10001fdc:	d0ee      	beq.n	10001fbc <alarm_pool_irq_handler+0x224>
10001fde:	4294      	cmp	r4, r2
10001fe0:	ed80 8b02 	vstr	d8, [r0, #8]
10001fe4:	d005      	beq.n	10001ff2 <alarm_pool_irq_handler+0x25a>
10001fe6:	f8a8 3000 	strh.w	r3, [r8]
10001fea:	8932      	ldrh	r2, [r6, #8]
10001fec:	f827 2031 	strh.w	r2, [r7, r1, lsl #3]
10001ff0:	8134      	strh	r4, [r6, #8]
10001ff2:	4672      	mov	r2, lr
10001ff4:	e7e3      	b.n	10001fbe <alarm_pool_irq_handler+0x226>
10001ff6:	f838 3039 	ldrh.w	r3, [r8, r9, lsl #3]
10001ffa:	8133      	strh	r3, [r6, #8]
10001ffc:	6933      	ldr	r3, [r6, #16]
10001ffe:	f3ef 8210 	mrs	r2, PRIMASK
10002002:	b672      	cpsid	i
10002004:	e8d3 0fcf 	ldaexb	r0, [r3]
10002008:	2101      	movs	r1, #1
1000200a:	2800      	cmp	r0, #0
1000200c:	d1fa      	bne.n	10002004 <alarm_pool_irq_handler+0x26c>
1000200e:	e8c3 1f40 	strexb	r0, r1, [r3]
10002012:	2800      	cmp	r0, #0
10002014:	d1f6      	bne.n	10002004 <alarm_pool_irq_handler+0x26c>
10002016:	f3bf 8f5f 	dmb	sy
1000201a:	8873      	ldrh	r3, [r6, #2]
1000201c:	6931      	ldr	r1, [r6, #16]
1000201e:	f828 3039 	strh.w	r3, [r8, r9, lsl #3]
10002022:	9b00      	ldr	r3, [sp, #0]
10002024:	8073      	strh	r3, [r6, #2]
10002026:	2300      	movs	r3, #0
10002028:	e8c1 3f8f 	stlb	r3, [r1]
1000202c:	f382 8810 	msr	PRIMASK, r2
10002030:	e6d4      	b.n	10001ddc <alarm_pool_irq_handler+0x44>
10002032:	bf40      	sev
10002034:	b005      	add	sp, #20
10002036:	ecbd 8b02 	vpop	{d8}
1000203a:	e8bd 8ff0 	ldmia.w	sp!, {r4, r5, r6, r7, r8, r9, sl, fp, pc}
1000203e:	4628      	mov	r0, r5
10002040:	e9cd 2302 	strd	r2, r3, [sp, #8]
10002044:	f000 faa2 	bl	1000258c <timer_time_us_64>
10002048:	9a02      	ldr	r2, [sp, #8]
1000204a:	9b03      	ldr	r3, [sp, #12]
1000204c:	eb10 0e02 	adds.w	lr, r0, r2
10002050:	eb43 0a01 	adc.w	sl, r3, r1
10002054:	e726      	b.n	10001ea4 <alarm_pool_irq_handler+0x10c>
10002056:	4608      	mov	r0, r1
10002058:	690b      	ldr	r3, [r1, #16]
1000205a:	9102      	str	r1, [sp, #8]
1000205c:	4798      	blx	r3
1000205e:	2800      	cmp	r0, #0
10002060:	d0c9      	beq.n	10001ff6 <alarm_pool_irq_handler+0x25e>
10002062:	9902      	ldr	r1, [sp, #8]
10002064:	e9d1 2300 	ldrd	r2, r3, [r1]
10002068:	e711      	b.n	10001e8e <alarm_pool_irq_handler+0xf6>
1000206a:	bf00      	nop
1000206c:	f3af 8000 	nop.w
10002070:	ffffffff 	.word	0xffffffff
10002074:	ffffffff 	.word	0xffffffff
10002078:	400b8000 	.word	0x400b8000
1000207c:	20001298 	.word	0x20001298
10002080:	400b0000 	.word	0x400b0000
10002084:	10001d99 	.word	0x10001d99

10002088 <runtime_init_default_alarm_pool>:
10002088:	e92d 4ff8 	stmdb	sp!, {r3, r4, r5, r6, r7, r8, r9, sl, fp, lr}
1000208c:	4c36      	ldr	r4, [pc, #216]	@ (10002168 <runtime_init_default_alarm_pool+0xe0>)
1000208e:	6925      	ldr	r5, [r4, #16]
10002090:	b12d      	cbz	r5, 1000209e <runtime_init_default_alarm_pool+0x16>
10002092:	e8bd 4ff8 	ldmia.w	sp!, {r3, r4, r5, r6, r7, r8, r9, sl, fp, lr}
10002096:	210a      	movs	r1, #10
10002098:	4834      	ldr	r0, [pc, #208]	@ (1000216c <runtime_init_default_alarm_pool+0xe4>)
1000209a:	f7ff be31 	b.w	10001d00 <lock_init>
1000209e:	f8df 80e4 	ldr.w	r8, [pc, #228]	@ 10002184 <runtime_init_default_alarm_pool+0xfc>
100020a2:	2103      	movs	r1, #3
100020a4:	4640      	mov	r0, r8
100020a6:	f000 fa5f 	bl	10002568 <timer_hardware_alarm_claim>
100020aa:	2603      	movs	r6, #3
100020ac:	f8c4 800c 	str.w	r8, [r4, #12]
100020b0:	f7ff fd7c 	bl	10001bac <next_striped_spin_lock_num>
100020b4:	f04f 4c50 	mov.w	ip, #3489660928	@ 0xd0000000
100020b8:	4b2d      	ldr	r3, [pc, #180]	@ (10002170 <runtime_init_default_alarm_pool+0xe8>)
100020ba:	7026      	strb	r6, [r4, #0]
100020bc:	4403      	add	r3, r0
100020be:	6123      	str	r3, [r4, #16]
100020c0:	f8dc 3000 	ldr.w	r3, [ip]
100020c4:	210f      	movs	r1, #15
100020c6:	7063      	strb	r3, [r4, #1]
100020c8:	6963      	ldr	r3, [r4, #20]
100020ca:	8061      	strh	r1, [r4, #2]
100020cc:	831d      	strh	r5, [r3, #24]
100020ce:	f04f 0504 	mov.w	r5, #4
100020d2:	f8a3 5078 	strh.w	r5, [r3, #120]	@ 0x78
100020d6:	f04f 0505 	mov.w	r5, #5
100020da:	f8a3 5090 	strh.w	r5, [r3, #144]	@ 0x90
100020de:	f04f 0506 	mov.w	r5, #6
100020e2:	f8a3 50a8 	strh.w	r5, [r3, #168]	@ 0xa8
100020e6:	f04f 0507 	mov.w	r5, #7
100020ea:	210e      	movs	r1, #14
100020ec:	f64f 72ff 	movw	r2, #65535	@ 0xffff
100020f0:	2708      	movs	r7, #8
100020f2:	f04f 0e0a 	mov.w	lr, #10
100020f6:	f8a3 50c0 	strh.w	r5, [r3, #192]	@ 0xc0
100020fa:	f04f 0901 	mov.w	r9, #1
100020fe:	f04f 0c0c 	mov.w	ip, #12
10002102:	f04f 0b02 	mov.w	fp, #2
10002106:	f04f 0a09 	mov.w	sl, #9
1000210a:	200d      	movs	r0, #13
1000210c:	f04f 050b 	mov.w	r5, #11
10002110:	f8a3 1168 	strh.w	r1, [r3, #360]	@ 0x168
10002114:	4917      	ldr	r1, [pc, #92]	@ (10002174 <runtime_init_default_alarm_pool+0xec>)
10002116:	80a2      	strh	r2, [r4, #4]
10002118:	f8a3 e108 	strh.w	lr, [r3, #264]	@ 0x108
1000211c:	60a1      	str	r1, [r4, #8]
1000211e:	f8a3 b048 	strh.w	fp, [r3, #72]	@ 0x48
10002122:	f8a3 a0f0 	strh.w	sl, [r3, #240]	@ 0xf0
10002126:	f8a3 5120 	strh.w	r5, [r3, #288]	@ 0x120
1000212a:	f8a3 c138 	strh.w	ip, [r3, #312]	@ 0x138
1000212e:	f8a3 0150 	strh.w	r0, [r3, #336]	@ 0x150
10002132:	f8a3 9030 	strh.w	r9, [r3, #48]	@ 0x30
10002136:	f8a3 6060 	strh.w	r6, [r3, #96]	@ 0x60
1000213a:	f8a3 70d8 	strh.w	r7, [r3, #216]	@ 0xd8
1000213e:	801a      	strh	r2, [r3, #0]
10002140:	4b0d      	ldr	r3, [pc, #52]	@ (10002178 <runtime_init_default_alarm_pool+0xf0>)
10002142:	4630      	mov	r0, r6
10002144:	f8c8 7020 	str.w	r7, [r8, #32]
10002148:	490c      	ldr	r1, [pc, #48]	@ (1000217c <runtime_init_default_alarm_pool+0xf4>)
1000214a:	60dc      	str	r4, [r3, #12]
1000214c:	f7ff fd94 	bl	10001c78 <irq_set_exclusive_handler>
10002150:	4649      	mov	r1, r9
10002152:	4630      	mov	r0, r6
10002154:	f7ff fd6a 	bl	10001c2c <irq_set_enabled>
10002158:	4b09      	ldr	r3, [pc, #36]	@ (10002180 <runtime_init_default_alarm_pool+0xf8>)
1000215a:	210a      	movs	r1, #10
1000215c:	641f      	str	r7, [r3, #64]	@ 0x40
1000215e:	4803      	ldr	r0, [pc, #12]	@ (1000216c <runtime_init_default_alarm_pool+0xe4>)
10002160:	e8bd 4ff8 	ldmia.w	sp!, {r3, r4, r5, r6, r7, r8, r9, sl, fp, lr}
10002164:	f7ff bdcc 	b.w	10001d00 <lock_init>
10002168:	2000086c 	.word	0x2000086c
1000216c:	200012c0 	.word	0x200012c0
10002170:	200010f8 	.word	0x200010f8
10002174:	0010ffff 	.word	0x0010ffff
10002178:	20001298 	.word	0x20001298
1000217c:	10001d99 	.word	0x10001d99
10002180:	400b2000 	.word	0x400b2000
10002184:	400b0000 	.word	0x400b0000

10002188 <alarm_pool_get_default>:
10002188:	4800      	ldr	r0, [pc, #0]	@ (1000218c <alarm_pool_get_default+0x4>)
1000218a:	4770      	bx	lr
1000218c:	2000086c 	.word	0x2000086c

10002190 <alarm_pool_add_alarm_at_force_in_context>:
10002190:	4601      	mov	r1, r0
10002192:	b5f0      	push	{r4, r5, r6, r7, lr}
10002194:	6900      	ldr	r0, [r0, #16]
10002196:	f3ef 8710 	mrs	r7, PRIMASK
1000219a:	b672      	cpsid	i
1000219c:	e8d0 5fcf 	ldaexb	r5, [r0]
100021a0:	2401      	movs	r4, #1
100021a2:	2d00      	cmp	r5, #0
100021a4:	d1fa      	bne.n	1000219c <alarm_pool_add_alarm_at_force_in_context+0xc>
100021a6:	e8c0 4f45 	strexb	r5, r4, [r0]
100021aa:	2d00      	cmp	r5, #0
100021ac:	d1f6      	bne.n	1000219c <alarm_pool_add_alarm_at_force_in_context+0xc>
100021ae:	f3bf 8f5f 	dmb	sy
100021b2:	f9b1 e002 	ldrsh.w	lr, [r1, #2]
100021b6:	694c      	ldr	r4, [r1, #20]
100021b8:	eb0e 0c4e 	add.w	ip, lr, lr, lsl #1
100021bc:	f1be 0f00 	cmp.w	lr, #0
100021c0:	ea4f 05cc 	mov.w	r5, ip, lsl #3
100021c4:	6908      	ldr	r0, [r1, #16]
100021c6:	eb04 0ccc 	add.w	ip, r4, ip, lsl #3
100021ca:	db3c      	blt.n	10002246 <alarm_pool_add_alarm_at_force_in_context+0xb6>
100021cc:	5b66      	ldrh	r6, [r4, r5]
100021ce:	804e      	strh	r6, [r1, #2]
100021d0:	2600      	movs	r6, #0
100021d2:	e8c0 6f8f 	stlb	r6, [r0]
100021d6:	f387 8810 	msr	PRIMASK, r7
100021da:	f8bc 0002 	ldrh.w	r0, [ip, #2]
100021de:	e9cc 2302 	strd	r2, r3, [ip, #8]
100021e2:	3001      	adds	r0, #1
100021e4:	f3c0 000e 	ubfx	r0, r0, #0, #15
100021e8:	2801      	cmp	r0, #1
100021ea:	bf38      	it	cc
100021ec:	2001      	movcc	r0, #1
100021ee:	9b05      	ldr	r3, [sp, #20]
100021f0:	f8ac 0002 	strh.w	r0, [ip, #2]
100021f4:	f8cc 3010 	str.w	r3, [ip, #16]
100021f8:	9b06      	ldr	r3, [sp, #24]
100021fa:	ea40 400e 	orr.w	r0, r0, lr, lsl #16
100021fe:	f8cc 3014 	str.w	r3, [ip, #20]
10002202:	690b      	ldr	r3, [r1, #16]
10002204:	f3ef 8210 	mrs	r2, PRIMASK
10002208:	b672      	cpsid	i
1000220a:	e8d3 cfcf 	ldaexb	ip, [r3]
1000220e:	2701      	movs	r7, #1
10002210:	f1bc 0f00 	cmp.w	ip, #0
10002214:	d1f9      	bne.n	1000220a <alarm_pool_add_alarm_at_force_in_context+0x7a>
10002216:	e8c3 7f4c 	strexb	ip, r7, [r3]
1000221a:	f1bc 0f00 	cmp.w	ip, #0
1000221e:	d1f4      	bne.n	1000220a <alarm_pool_add_alarm_at_force_in_context+0x7a>
10002220:	f3bf 8f5f 	dmb	sy
10002224:	888b      	ldrh	r3, [r1, #4]
10002226:	5363      	strh	r3, [r4, r5]
10002228:	f8a1 e004 	strh.w	lr, [r1, #4]
1000222c:	690b      	ldr	r3, [r1, #16]
1000222e:	e8c3 6f8f 	stlb	r6, [r3]
10002232:	f382 8810 	msr	PRIMASK, r2
10002236:	2201      	movs	r2, #1
10002238:	68cb      	ldr	r3, [r1, #12]
1000223a:	7809      	ldrb	r1, [r1, #0]
1000223c:	f503 5301 	add.w	r3, r3, #8256	@ 0x2040
10002240:	408a      	lsls	r2, r1
10002242:	605a      	str	r2, [r3, #4]
10002244:	bdf0      	pop	{r4, r5, r6, r7, pc}
10002246:	2300      	movs	r3, #0
10002248:	e8c0 3f8f 	stlb	r3, [r0]
1000224c:	f387 8810 	msr	PRIMASK, r7
10002250:	f04f 30ff 	mov.w	r0, #4294967295	@ 0xffffffff
10002254:	bdf0      	pop	{r4, r5, r6, r7, pc}
10002256:	bf00      	nop

10002258 <alarm_pool_cancel_alarm>:
10002258:	4603      	mov	r3, r0
1000225a:	8940      	ldrh	r0, [r0, #10]
1000225c:	ebb0 4f21 	cmp.w	r0, r1, asr #16
10002260:	dd37      	ble.n	100022d2 <alarm_pool_cancel_alarm+0x7a>
10002262:	6958      	ldr	r0, [r3, #20]
10002264:	140a      	asrs	r2, r1, #16
10002266:	eb02 0242 	add.w	r2, r2, r2, lsl #1
1000226a:	b510      	push	{r4, lr}
1000226c:	eb00 00c2 	add.w	r0, r0, r2, lsl #3
10002270:	691c      	ldr	r4, [r3, #16]
10002272:	f3ef 8c10 	mrs	ip, PRIMASK
10002276:	b672      	cpsid	i
10002278:	e8d4 efcf 	ldaexb	lr, [r4]
1000227c:	2201      	movs	r2, #1
1000227e:	f1be 0f00 	cmp.w	lr, #0
10002282:	d1f9      	bne.n	10002278 <alarm_pool_cancel_alarm+0x20>
10002284:	e8c4 2f4e 	strexb	lr, r2, [r4]
10002288:	f1be 0f00 	cmp.w	lr, #0
1000228c:	d1f4      	bne.n	10002278 <alarm_pool_cancel_alarm+0x20>
1000228e:	f3bf 8f5f 	dmb	sy
10002292:	8842      	ldrh	r2, [r0, #2]
10002294:	b289      	uxth	r1, r1
10002296:	b292      	uxth	r2, r2
10002298:	428a      	cmp	r2, r1
1000229a:	d007      	beq.n	100022ac <alarm_pool_cancel_alarm+0x54>
1000229c:	2200      	movs	r2, #0
1000229e:	691b      	ldr	r3, [r3, #16]
100022a0:	e8c3 2f8f 	stlb	r2, [r3]
100022a4:	f38c 8810 	msr	PRIMASK, ip
100022a8:	2000      	movs	r0, #0
100022aa:	bd10      	pop	{r4, pc}
100022ac:	f442 4200 	orr.w	r2, r2, #32768	@ 0x8000
100022b0:	8042      	strh	r2, [r0, #2]
100022b2:	2101      	movs	r1, #1
100022b4:	2200      	movs	r2, #0
100022b6:	6918      	ldr	r0, [r3, #16]
100022b8:	7199      	strb	r1, [r3, #6]
100022ba:	e8c0 2f8f 	stlb	r2, [r0]
100022be:	f38c 8810 	msr	PRIMASK, ip
100022c2:	781c      	ldrb	r4, [r3, #0]
100022c4:	68da      	ldr	r2, [r3, #12]
100022c6:	4608      	mov	r0, r1
100022c8:	f502 5301 	add.w	r3, r2, #8256	@ 0x2040
100022cc:	40a1      	lsls	r1, r4
100022ce:	6059      	str	r1, [r3, #4]
100022d0:	bd10      	pop	{r4, pc}
100022d2:	2000      	movs	r0, #0
100022d4:	4770      	bx	lr
100022d6:	bf00      	nop

100022d8 <best_effort_wfe_or_timeout>:
100022d8:	e92d 43f0 	stmdb	sp!, {r4, r5, r6, r7, r8, r9, lr}
100022dc:	4606      	mov	r6, r0
100022de:	460d      	mov	r5, r1
100022e0:	b083      	sub	sp, #12
100022e2:	f3ef 8405 	mrs	r4, IPSR
100022e6:	b2e4      	uxtb	r4, r4
100022e8:	b13c      	cbz	r4, 100022fa <best_effort_wfe_or_timeout+0x22>
100022ea:	4b2d      	ldr	r3, [pc, #180]	@ (100023a0 <best_effort_wfe_or_timeout+0xc8>)
100022ec:	6a5a      	ldr	r2, [r3, #36]	@ 0x24
100022ee:	42aa      	cmp	r2, r5
100022f0:	d21c      	bcs.n	1000232c <best_effort_wfe_or_timeout+0x54>
100022f2:	2000      	movs	r0, #0
100022f4:	b003      	add	sp, #12
100022f6:	e8bd 83f0 	ldmia.w	sp!, {r4, r5, r6, r7, r8, r9, pc}
100022fa:	4f2a      	ldr	r7, [pc, #168]	@ (100023a4 <best_effort_wfe_or_timeout+0xcc>)
100022fc:	f8d7 900c 	ldr.w	r9, [r7, #12]
10002300:	f897 8000 	ldrb.w	r8, [r7]
10002304:	4648      	mov	r0, r9
10002306:	f000 f941 	bl	1000258c <timer_time_us_64>
1000230a:	f108 0804 	add.w	r8, r8, #4
1000230e:	f859 3028 	ldr.w	r3, [r9, r8, lsl #2]
10002312:	1a1b      	subs	r3, r3, r0
10002314:	1a30      	subs	r0, r6, r0
10002316:	eb65 0101 	sbc.w	r1, r5, r1
1000231a:	4298      	cmp	r0, r3
1000231c:	f171 0100 	sbcs.w	r1, r1, #0
10002320:	db10      	blt.n	10002344 <best_effort_wfe_or_timeout+0x6c>
10002322:	bf20      	wfe
10002324:	4b1e      	ldr	r3, [pc, #120]	@ (100023a0 <best_effort_wfe_or_timeout+0xc8>)
10002326:	6a5a      	ldr	r2, [r3, #36]	@ 0x24
10002328:	42aa      	cmp	r2, r5
1000232a:	d3e2      	bcc.n	100022f2 <best_effort_wfe_or_timeout+0x1a>
1000232c:	bf14      	ite	ne
1000232e:	2401      	movne	r4, #1
10002330:	2400      	moveq	r4, #0
10002332:	6a9b      	ldr	r3, [r3, #40]	@ 0x28
10002334:	42b3      	cmp	r3, r6
10002336:	bf34      	ite	cc
10002338:	4620      	movcc	r0, r4
1000233a:	f044 0001 	orrcs.w	r0, r4, #1
1000233e:	b003      	add	sp, #12
10002340:	e8bd 83f0 	ldmia.w	sp!, {r4, r5, r6, r7, r8, r9, pc}
10002344:	f000 f92a 	bl	1000259c <time_us_64>
10002348:	4286      	cmp	r6, r0
1000234a:	eb65 0101 	sbc.w	r1, r5, r1
1000234e:	2900      	cmp	r1, #0
10002350:	db14      	blt.n	1000237c <best_effort_wfe_or_timeout+0xa4>
10002352:	4b15      	ldr	r3, [pc, #84]	@ (100023a8 <best_effort_wfe_or_timeout+0xd0>)
10002354:	4638      	mov	r0, r7
10002356:	e9cd 3400 	strd	r3, r4, [sp]
1000235a:	4632      	mov	r2, r6
1000235c:	462b      	mov	r3, r5
1000235e:	f7ff ff17 	bl	10002190 <alarm_pool_add_alarm_at_force_in_context>
10002362:	1e01      	subs	r1, r0, #0
10002364:	dd0a      	ble.n	1000237c <best_effort_wfe_or_timeout+0xa4>
10002366:	4b0e      	ldr	r3, [pc, #56]	@ (100023a0 <best_effort_wfe_or_timeout+0xc8>)
10002368:	6a5a      	ldr	r2, [r3, #36]	@ 0x24
1000236a:	42aa      	cmp	r2, r5
1000236c:	d316      	bcc.n	1000239c <best_effort_wfe_or_timeout+0xc4>
1000236e:	6a9b      	ldr	r3, [r3, #40]	@ 0x28
10002370:	42b3      	cmp	r3, r6
10002372:	d311      	bcc.n	10002398 <best_effort_wfe_or_timeout+0xc0>
10002374:	480b      	ldr	r0, [pc, #44]	@ (100023a4 <best_effort_wfe_or_timeout+0xcc>)
10002376:	f7ff ff6f 	bl	10002258 <alarm_pool_cancel_alarm>
1000237a:	e7b6      	b.n	100022ea <best_effort_wfe_or_timeout+0x12>
1000237c:	4b08      	ldr	r3, [pc, #32]	@ (100023a0 <best_effort_wfe_or_timeout+0xc8>)
1000237e:	6a5c      	ldr	r4, [r3, #36]	@ 0x24
10002380:	42ac      	cmp	r4, r5
10002382:	d3b6      	bcc.n	100022f2 <best_effort_wfe_or_timeout+0x1a>
10002384:	1b64      	subs	r4, r4, r5
10002386:	bf18      	it	ne
10002388:	2401      	movne	r4, #1
1000238a:	6a9b      	ldr	r3, [r3, #40]	@ 0x28
1000238c:	42b3      	cmp	r3, r6
1000238e:	bf34      	ite	cc
10002390:	4620      	movcc	r0, r4
10002392:	f044 0001 	orrcs.w	r0, r4, #1
10002396:	e7ad      	b.n	100022f4 <best_effort_wfe_or_timeout+0x1c>
10002398:	42aa      	cmp	r2, r5
1000239a:	d1eb      	bne.n	10002374 <best_effort_wfe_or_timeout+0x9c>
1000239c:	bf20      	wfe
1000239e:	e7e9      	b.n	10002374 <best_effort_wfe_or_timeout+0x9c>
100023a0:	400b0000 	.word	0x400b0000
100023a4:	2000086c 	.word	0x2000086c
100023a8:	10001d59 	.word	0x10001d59

100023ac <alarm_pool_add_repeating_timer_us>:
100023ac:	e92d 41f0 	stmdb	sp!, {r4, r5, r6, r7, r8, lr}
100023b0:	4604      	mov	r4, r0
100023b2:	e9dd 1507 	ldrd	r1, r5, [sp, #28]
100023b6:	ea52 0003 	orrs.w	r0, r2, r3
100023ba:	d072      	beq.n	100024a2 <alarm_pool_add_repeating_timer_us+0xf6>
100023bc:	2b00      	cmp	r3, #0
100023be:	4616      	mov	r6, r2
100023c0:	461f      	mov	r7, r3
100023c2:	db73      	blt.n	100024ac <alarm_pool_add_repeating_timer_us+0x100>
100023c4:	9806      	ldr	r0, [sp, #24]
100023c6:	e9c5 2300 	strd	r2, r3, [r5]
100023ca:	6128      	str	r0, [r5, #16]
100023cc:	60ac      	str	r4, [r5, #8]
100023ce:	6169      	str	r1, [r5, #20]
100023d0:	f000 f8e4 	bl	1000259c <time_us_64>
100023d4:	f04f 32ff 	mov.w	r2, #4294967295	@ 0xffffffff
100023d8:	f06f 4300 	mvn.w	r3, #2147483648	@ 0x80000000
100023dc:	1980      	adds	r0, r0, r6
100023de:	eb47 0701 	adc.w	r7, r7, r1
100023e2:	4282      	cmp	r2, r0
100023e4:	eb73 0107 	sbcs.w	r1, r3, r7
100023e8:	bf3c      	itt	cc
100023ea:	461f      	movcc	r7, r3
100023ec:	4610      	movcc	r0, r2
100023ee:	6923      	ldr	r3, [r4, #16]
100023f0:	f3ef 8210 	mrs	r2, PRIMASK
100023f4:	b672      	cpsid	i
100023f6:	e8d3 6fcf 	ldaexb	r6, [r3]
100023fa:	2101      	movs	r1, #1
100023fc:	2e00      	cmp	r6, #0
100023fe:	d1fa      	bne.n	100023f6 <alarm_pool_add_repeating_timer_us+0x4a>
10002400:	e8c3 1f46 	strexb	r6, r1, [r3]
10002404:	2e00      	cmp	r6, #0
10002406:	d1f6      	bne.n	100023f6 <alarm_pool_add_repeating_timer_us+0x4a>
10002408:	f3bf 8f5f 	dmb	sy
1000240c:	f9b4 1002 	ldrsh.w	r1, [r4, #2]
10002410:	6966      	ldr	r6, [r4, #20]
10002412:	eb01 0341 	add.w	r3, r1, r1, lsl #1
10002416:	2900      	cmp	r1, #0
10002418:	ea4f 0cc3 	mov.w	ip, r3, lsl #3
1000241c:	f8d4 8010 	ldr.w	r8, [r4, #16]
10002420:	eb06 03c3 	add.w	r3, r6, r3, lsl #3
10002424:	db46      	blt.n	100024b4 <alarm_pool_add_repeating_timer_us+0x108>
10002426:	f836 e00c 	ldrh.w	lr, [r6, ip]
1000242a:	f8a4 e002 	strh.w	lr, [r4, #2]
1000242e:	f04f 0e00 	mov.w	lr, #0
10002432:	e8c8 ef8f 	stlb	lr, [r8]
10002436:	f382 8810 	msr	PRIMASK, r2
1000243a:	885a      	ldrh	r2, [r3, #2]
1000243c:	e9c3 0702 	strd	r0, r7, [r3, #8]
10002440:	3201      	adds	r2, #1
10002442:	f3c2 020e 	ubfx	r2, r2, #0, #15
10002446:	2a01      	cmp	r2, #1
10002448:	bf38      	it	cc
1000244a:	2201      	movcc	r2, #1
1000244c:	481e      	ldr	r0, [pc, #120]	@ (100024c8 <alarm_pool_add_repeating_timer_us+0x11c>)
1000244e:	805a      	strh	r2, [r3, #2]
10002450:	615d      	str	r5, [r3, #20]
10002452:	6118      	str	r0, [r3, #16]
10002454:	ea42 4201 	orr.w	r2, r2, r1, lsl #16
10002458:	6923      	ldr	r3, [r4, #16]
1000245a:	f3ef 8010 	mrs	r0, PRIMASK
1000245e:	b672      	cpsid	i
10002460:	e8d3 8fcf 	ldaexb	r8, [r3]
10002464:	2701      	movs	r7, #1
10002466:	f1b8 0f00 	cmp.w	r8, #0
1000246a:	d1f9      	bne.n	10002460 <alarm_pool_add_repeating_timer_us+0xb4>
1000246c:	e8c3 7f48 	strexb	r8, r7, [r3]
10002470:	f1b8 0f00 	cmp.w	r8, #0
10002474:	d1f4      	bne.n	10002460 <alarm_pool_add_repeating_timer_us+0xb4>
10002476:	f3bf 8f5f 	dmb	sy
1000247a:	88a3      	ldrh	r3, [r4, #4]
1000247c:	f826 300c 	strh.w	r3, [r6, ip]
10002480:	80a1      	strh	r1, [r4, #4]
10002482:	6923      	ldr	r3, [r4, #16]
10002484:	e8c3 ef8f 	stlb	lr, [r3]
10002488:	f380 8810 	msr	PRIMASK, r0
1000248c:	2001      	movs	r0, #1
1000248e:	7821      	ldrb	r1, [r4, #0]
10002490:	68e3      	ldr	r3, [r4, #12]
10002492:	fa00 f101 	lsl.w	r1, r0, r1
10002496:	f503 5301 	add.w	r3, r3, #8256	@ 0x2040
1000249a:	6059      	str	r1, [r3, #4]
1000249c:	60ea      	str	r2, [r5, #12]
1000249e:	e8bd 81f0 	ldmia.w	sp!, {r4, r5, r6, r7, r8, pc}
100024a2:	2601      	movs	r6, #1
100024a4:	2700      	movs	r7, #0
100024a6:	4632      	mov	r2, r6
100024a8:	463b      	mov	r3, r7
100024aa:	e78b      	b.n	100023c4 <alarm_pool_add_repeating_timer_us+0x18>
100024ac:	4256      	negs	r6, r2
100024ae:	eb63 0743 	sbc.w	r7, r3, r3, lsl #1
100024b2:	e787      	b.n	100023c4 <alarm_pool_add_repeating_timer_us+0x18>
100024b4:	2000      	movs	r0, #0
100024b6:	e8c8 0f8f 	stlb	r0, [r8]
100024ba:	f382 8810 	msr	PRIMASK, r2
100024be:	f04f 32ff 	mov.w	r2, #4294967295	@ 0xffffffff
100024c2:	60ea      	str	r2, [r5, #12]
100024c4:	e8bd 81f0 	ldmia.w	sp!, {r4, r5, r6, r7, r8, pc}
100024c8:	10001d99 	.word	0x10001d99

100024cc <cancel_repeating_timer>:
100024cc:	4602      	mov	r2, r0
100024ce:	68c0      	ldr	r0, [r0, #12]
100024d0:	b900      	cbnz	r0, 100024d4 <cancel_repeating_timer+0x8>
100024d2:	4770      	bx	lr
100024d4:	6891      	ldr	r1, [r2, #8]
100024d6:	1403      	asrs	r3, r0, #16
100024d8:	f8b1 c00a 	ldrh.w	ip, [r1, #10]
100024dc:	ebbc 4f20 	cmp.w	ip, r0, asr #16
100024e0:	dd3d      	ble.n	1000255e <cancel_repeating_timer+0x92>
100024e2:	b530      	push	{r4, r5, lr}
100024e4:	694c      	ldr	r4, [r1, #20]
100024e6:	eb03 0343 	add.w	r3, r3, r3, lsl #1
100024ea:	eb04 0cc3 	add.w	ip, r4, r3, lsl #3
100024ee:	690b      	ldr	r3, [r1, #16]
100024f0:	f3ef 8e10 	mrs	lr, PRIMASK
100024f4:	b672      	cpsid	i
100024f6:	e8d3 5fcf 	ldaexb	r5, [r3]
100024fa:	2401      	movs	r4, #1
100024fc:	2d00      	cmp	r5, #0
100024fe:	d1fa      	bne.n	100024f6 <cancel_repeating_timer+0x2a>
10002500:	e8c3 4f45 	strexb	r5, r4, [r3]
10002504:	2d00      	cmp	r5, #0
10002506:	d1f6      	bne.n	100024f6 <cancel_repeating_timer+0x2a>
10002508:	f3bf 8f5f 	dmb	sy
1000250c:	b283      	uxth	r3, r0
1000250e:	f8bc 0002 	ldrh.w	r0, [ip, #2]
10002512:	b280      	uxth	r0, r0
10002514:	4283      	cmp	r3, r0
10002516:	d009      	beq.n	1000252c <cancel_repeating_timer+0x60>
10002518:	2300      	movs	r3, #0
1000251a:	6909      	ldr	r1, [r1, #16]
1000251c:	e8c1 3f8f 	stlb	r3, [r1]
10002520:	f38e 8810 	msr	PRIMASK, lr
10002524:	2300      	movs	r3, #0
10002526:	2000      	movs	r0, #0
10002528:	60d3      	str	r3, [r2, #12]
1000252a:	bd30      	pop	{r4, r5, pc}
1000252c:	f443 4300 	orr.w	r3, r3, #32768	@ 0x8000
10002530:	f8ac 3002 	strh.w	r3, [ip, #2]
10002534:	f04f 0c01 	mov.w	ip, #1
10002538:	2300      	movs	r3, #0
1000253a:	6908      	ldr	r0, [r1, #16]
1000253c:	f881 c006 	strb.w	ip, [r1, #6]
10002540:	e8c0 3f8f 	stlb	r3, [r0]
10002544:	f38e 8810 	msr	PRIMASK, lr
10002548:	68cb      	ldr	r3, [r1, #12]
1000254a:	7809      	ldrb	r1, [r1, #0]
1000254c:	f503 5301 	add.w	r3, r3, #8256	@ 0x2040
10002550:	fa0c f101 	lsl.w	r1, ip, r1
10002554:	6059      	str	r1, [r3, #4]
10002556:	2300      	movs	r3, #0
10002558:	4660      	mov	r0, ip
1000255a:	60d3      	str	r3, [r2, #12]
1000255c:	bd30      	pop	{r4, r5, pc}
1000255e:	2300      	movs	r3, #0
10002560:	2000      	movs	r0, #0
10002562:	60d3      	str	r3, [r2, #12]
10002564:	4770      	bx	lr
10002566:	bf00      	nop

10002568 <timer_hardware_alarm_claim>:
10002568:	b410      	push	{r4}
1000256a:	4b05      	ldr	r3, [pc, #20]	@ (10002580 <timer_hardware_alarm_claim+0x18>)
1000256c:	4c05      	ldr	r4, [pc, #20]	@ (10002584 <timer_hardware_alarm_claim+0x1c>)
1000256e:	4a06      	ldr	r2, [pc, #24]	@ (10002588 <timer_hardware_alarm_claim+0x20>)
10002570:	42a0      	cmp	r0, r4
10002572:	bf14      	ite	ne
10002574:	4618      	movne	r0, r3
10002576:	1c58      	addeq	r0, r3, #1
10002578:	f85d 4b04 	ldr.w	r4, [sp], #4
1000257c:	f7ff baaa 	b.w	10001ad4 <hw_claim_or_assert>
10002580:	20001228 	.word	0x20001228
10002584:	400b8000 	.word	0x400b8000
10002588:	10005a48 	.word	0x10005a48

1000258c <timer_time_us_64>:
1000258c:	4603      	mov	r3, r0
1000258e:	6a41      	ldr	r1, [r0, #36]	@ 0x24
10002590:	460a      	mov	r2, r1
10002592:	6a98      	ldr	r0, [r3, #40]	@ 0x28
10002594:	6a59      	ldr	r1, [r3, #36]	@ 0x24
10002596:	428a      	cmp	r2, r1
10002598:	d1fa      	bne.n	10002590 <timer_time_us_64+0x4>
1000259a:	4770      	bx	lr

1000259c <time_us_64>:
1000259c:	4b03      	ldr	r3, [pc, #12]	@ (100025ac <time_us_64+0x10>)
1000259e:	6a59      	ldr	r1, [r3, #36]	@ 0x24
100025a0:	460a      	mov	r2, r1
100025a2:	6a98      	ldr	r0, [r3, #40]	@ 0x28
100025a4:	6a59      	ldr	r1, [r3, #36]	@ 0x24
100025a6:	4291      	cmp	r1, r2
100025a8:	d1fa      	bne.n	100025a0 <time_us_64+0x4>
100025aa:	4770      	bx	lr
100025ac:	400b0000 	.word	0x400b0000

100025b0 <clock_configure_undivided>:
100025b0:	eb00 0c40 	add.w	ip, r0, r0, lsl #1
100025b4:	ea4f 0c8c 	mov.w	ip, ip, lsl #2
100025b8:	f10c 4c80 	add.w	ip, ip, #1073741824	@ 0x40000000
100025bc:	f50c 3c80 	add.w	ip, ip, #65536	@ 0x10000
100025c0:	b5f0      	push	{r4, r5, r6, r7, lr}
100025c2:	4616      	mov	r6, r2
100025c4:	f8dc 2004 	ldr.w	r2, [ip, #4]
100025c8:	1f05      	subs	r5, r0, #4
100025ca:	f5b2 3f80 	cmp.w	r2, #65536	@ 0x10000
100025ce:	bf38      	it	cc
100025d0:	f44f 3280 	movcc.w	r2, #65536	@ 0x10000
100025d4:	b2ed      	uxtb	r5, r5
100025d6:	bf38      	it	cc
100025d8:	f8cc 2004 	strcc.w	r2, [ip, #4]
100025dc:	2d01      	cmp	r5, #1
100025de:	d92a      	bls.n	10002636 <clock_configure_undivided+0x86>
100025e0:	f44f 6700 	mov.w	r7, #2048	@ 0x800
100025e4:	4c25      	ldr	r4, [pc, #148]	@ (1000267c <clock_configure_undivided+0xcc>)
100025e6:	f50c 5240 	add.w	r2, ip, #12288	@ 0x3000
100025ea:	6017      	str	r7, [r2, #0]
100025ec:	f854 2020 	ldr.w	r2, [r4, r0, lsl #2]
100025f0:	b9b2      	cbnz	r2, 10002620 <clock_configure_undivided+0x70>
100025f2:	f8dc 2000 	ldr.w	r2, [ip]
100025f6:	2d01      	cmp	r5, #1
100025f8:	ea82 1246 	eor.w	r2, r2, r6, lsl #5
100025fc:	f002 02e0 	and.w	r2, r2, #224	@ 0xe0
10002600:	f50c 5680 	add.w	r6, ip, #4096	@ 0x1000
10002604:	6032      	str	r2, [r6, #0]
10002606:	d92a      	bls.n	1000265e <clock_configure_undivided+0xae>
10002608:	f44f 6100 	mov.w	r1, #2048	@ 0x800
1000260c:	f844 3020 	str.w	r3, [r4, r0, lsl #2]
10002610:	f44f 3380 	mov.w	r3, #65536	@ 0x10000
10002614:	f50c 5200 	add.w	r2, ip, #8192	@ 0x2000
10002618:	6011      	str	r1, [r2, #0]
1000261a:	f8cc 3004 	str.w	r3, [ip, #4]
1000261e:	bdf0      	pop	{r4, r5, r6, r7, pc}
10002620:	6967      	ldr	r7, [r4, #20]
10002622:	fbb7 fef2 	udiv	lr, r7, r2
10002626:	f10e 0e01 	add.w	lr, lr, #1
1000262a:	eb0e 0e4e 	add.w	lr, lr, lr, lsl #1
1000262e:	f1be 0e03 	subs.w	lr, lr, #3
10002632:	d2fc      	bcs.n	1000262e <clock_configure_undivided+0x7e>
10002634:	e7dd      	b.n	100025f2 <clock_configure_undivided+0x42>
10002636:	2901      	cmp	r1, #1
10002638:	d1d2      	bne.n	100025e0 <clock_configure_undivided+0x30>
1000263a:	2403      	movs	r4, #3
1000263c:	f50c 5240 	add.w	r2, ip, #12288	@ 0x3000
10002640:	6014      	str	r4, [r2, #0]
10002642:	f8dc 2008 	ldr.w	r2, [ip, #8]
10002646:	07d2      	lsls	r2, r2, #31
10002648:	d5fb      	bpl.n	10002642 <clock_configure_undivided+0x92>
1000264a:	f8dc 2000 	ldr.w	r2, [ip]
1000264e:	4c0b      	ldr	r4, [pc, #44]	@ (1000267c <clock_configure_undivided+0xcc>)
10002650:	ea82 1246 	eor.w	r2, r2, r6, lsl #5
10002654:	f002 02e0 	and.w	r2, r2, #224	@ 0xe0
10002658:	f50c 5680 	add.w	r6, ip, #4096	@ 0x1000
1000265c:	6032      	str	r2, [r6, #0]
1000265e:	2201      	movs	r2, #1
10002660:	f8dc 5000 	ldr.w	r5, [ip]
10002664:	404d      	eors	r5, r1
10002666:	f005 0503 	and.w	r5, r5, #3
1000266a:	6035      	str	r5, [r6, #0]
1000266c:	fa02 f101 	lsl.w	r1, r2, r1
10002670:	f8dc 2008 	ldr.w	r2, [ip, #8]
10002674:	420a      	tst	r2, r1
10002676:	d0fb      	beq.n	10002670 <clock_configure_undivided+0xc0>
10002678:	e7c6      	b.n	10002608 <clock_configure_undivided+0x58>
1000267a:	bf00      	nop
1000267c:	20001230 	.word	0x20001230

10002680 <clock_get_hz>:
10002680:	4b01      	ldr	r3, [pc, #4]	@ (10002688 <clock_get_hz+0x8>)
10002682:	f853 0020 	ldr.w	r0, [r3, r0, lsl #2]
10002686:	4770      	bx	lr
10002688:	20001230 	.word	0x20001230

1000268c <set_sys_clock_pll>:
1000268c:	4b58      	ldr	r3, [pc, #352]	@ (100027f0 <set_sys_clock_pll+0x164>)
1000268e:	e92d 43f0 	stmdb	sp!, {r4, r5, r6, r7, r8, r9, lr}
10002692:	6c1c      	ldr	r4, [r3, #64]	@ 0x40
10002694:	4617      	mov	r7, r2
10002696:	f5b4 3f80 	cmp.w	r4, #65536	@ 0x10000
1000269a:	bf38      	it	cc
1000269c:	f44f 3280 	movcc.w	r2, #65536	@ 0x10000
100026a0:	b083      	sub	sp, #12
100026a2:	bf38      	it	cc
100026a4:	641a      	strcc	r2, [r3, #64]	@ 0x40
100026a6:	2203      	movs	r2, #3
100026a8:	4680      	mov	r8, r0
100026aa:	460e      	mov	r6, r1
100026ac:	4b51      	ldr	r3, [pc, #324]	@ (100027f4 <set_sys_clock_pll+0x168>)
100026ae:	4d50      	ldr	r5, [pc, #320]	@ (100027f0 <set_sys_clock_pll+0x164>)
100026b0:	63da      	str	r2, [r3, #60]	@ 0x3c
100026b2:	6c6c      	ldr	r4, [r5, #68]	@ 0x44
100026b4:	07e3      	lsls	r3, r4, #31
100026b6:	d5fc      	bpl.n	100026b2 <set_sys_clock_pll+0x26>
100026b8:	6beb      	ldr	r3, [r5, #60]	@ 0x3c
100026ba:	4a4f      	ldr	r2, [pc, #316]	@ (100027f8 <set_sys_clock_pll+0x16c>)
100026bc:	f083 0320 	eor.w	r3, r3, #32
100026c0:	f003 03e0 	and.w	r3, r3, #224	@ 0xe0
100026c4:	63d3      	str	r3, [r2, #60]	@ 0x3c
100026c6:	6beb      	ldr	r3, [r5, #60]	@ 0x3c
100026c8:	4d49      	ldr	r5, [pc, #292]	@ (100027f0 <set_sys_clock_pll+0x164>)
100026ca:	f083 0301 	eor.w	r3, r3, #1
100026ce:	f003 0303 	and.w	r3, r3, #3
100026d2:	63d3      	str	r3, [r2, #60]	@ 0x3c
100026d4:	6c6c      	ldr	r4, [r5, #68]	@ 0x44
100026d6:	07a4      	lsls	r4, r4, #30
100026d8:	d5fc      	bpl.n	100026d4 <set_sys_clock_pll+0x48>
100026da:	f44f 6200 	mov.w	r2, #2048	@ 0x800
100026de:	f44f 3980 	mov.w	r9, #65536	@ 0x10000
100026e2:	4b46      	ldr	r3, [pc, #280]	@ (100027fc <set_sys_clock_pll+0x170>)
100026e4:	4c46      	ldr	r4, [pc, #280]	@ (10002800 <set_sys_clock_pll+0x174>)
100026e6:	63da      	str	r2, [r3, #60]	@ 0x3c
100026e8:	4b46      	ldr	r3, [pc, #280]	@ (10002804 <set_sys_clock_pll+0x178>)
100026ea:	4642      	mov	r2, r8
100026ec:	6163      	str	r3, [r4, #20]
100026ee:	2101      	movs	r1, #1
100026f0:	4633      	mov	r3, r6
100026f2:	f8c5 9040 	str.w	r9, [r5, #64]	@ 0x40
100026f6:	4844      	ldr	r0, [pc, #272]	@ (10002808 <set_sys_clock_pll+0x17c>)
100026f8:	9700      	str	r7, [sp, #0]
100026fa:	f000 f957 	bl	100029ac <pll_init>
100026fe:	f44f 6100 	mov.w	r1, #2048	@ 0x800
10002702:	6b6b      	ldr	r3, [r5, #52]	@ 0x34
10002704:	fb07 f606 	mul.w	r6, r7, r6
10002708:	454b      	cmp	r3, r9
1000270a:	bf38      	it	cc
1000270c:	f8c5 9034 	strcc.w	r9, [r5, #52]	@ 0x34
10002710:	4b38      	ldr	r3, [pc, #224]	@ (100027f4 <set_sys_clock_pll+0x168>)
10002712:	6922      	ldr	r2, [r4, #16]
10002714:	fbb8 f6f6 	udiv	r6, r8, r6
10002718:	6319      	str	r1, [r3, #48]	@ 0x30
1000271a:	b13a      	cbz	r2, 1000272c <set_sys_clock_pll+0xa0>
1000271c:	6963      	ldr	r3, [r4, #20]
1000271e:	fbb3 f3f2 	udiv	r3, r3, r2
10002722:	3301      	adds	r3, #1
10002724:	eb03 0343 	add.w	r3, r3, r3, lsl #1
10002728:	3b03      	subs	r3, #3
1000272a:	d2fd      	bcs.n	10002728 <set_sys_clock_pll+0x9c>
1000272c:	4930      	ldr	r1, [pc, #192]	@ (100027f0 <set_sys_clock_pll+0x164>)
1000272e:	4a32      	ldr	r2, [pc, #200]	@ (100027f8 <set_sys_clock_pll+0x16c>)
10002730:	6b0b      	ldr	r3, [r1, #48]	@ 0x30
10002732:	f003 03e0 	and.w	r3, r3, #224	@ 0xe0
10002736:	6313      	str	r3, [r2, #48]	@ 0x30
10002738:	6b0b      	ldr	r3, [r1, #48]	@ 0x30
1000273a:	f083 0302 	eor.w	r3, r3, #2
1000273e:	f003 0303 	and.w	r3, r3, #3
10002742:	6313      	str	r3, [r2, #48]	@ 0x30
10002744:	6b8b      	ldr	r3, [r1, #56]	@ 0x38
10002746:	0758      	lsls	r0, r3, #29
10002748:	d5fc      	bpl.n	10002744 <set_sys_clock_pll+0xb8>
1000274a:	f44f 6500 	mov.w	r5, #2048	@ 0x800
1000274e:	f44f 3380 	mov.w	r3, #65536	@ 0x10000
10002752:	4a2a      	ldr	r2, [pc, #168]	@ (100027fc <set_sys_clock_pll+0x170>)
10002754:	6315      	str	r5, [r2, #48]	@ 0x30
10002756:	4a2d      	ldr	r2, [pc, #180]	@ (1000280c <set_sys_clock_pll+0x180>)
10002758:	634b      	str	r3, [r1, #52]	@ 0x34
1000275a:	6122      	str	r2, [r4, #16]
1000275c:	6c0a      	ldr	r2, [r1, #64]	@ 0x40
1000275e:	429a      	cmp	r2, r3
10002760:	f04f 0203 	mov.w	r2, #3
10002764:	bf38      	it	cc
10002766:	640b      	strcc	r3, [r1, #64]	@ 0x40
10002768:	4b22      	ldr	r3, [pc, #136]	@ (100027f4 <set_sys_clock_pll+0x168>)
1000276a:	4921      	ldr	r1, [pc, #132]	@ (100027f0 <set_sys_clock_pll+0x164>)
1000276c:	63da      	str	r2, [r3, #60]	@ 0x3c
1000276e:	6c4b      	ldr	r3, [r1, #68]	@ 0x44
10002770:	07da      	lsls	r2, r3, #31
10002772:	d5fc      	bpl.n	1000276e <set_sys_clock_pll+0xe2>
10002774:	6bcb      	ldr	r3, [r1, #60]	@ 0x3c
10002776:	4a20      	ldr	r2, [pc, #128]	@ (100027f8 <set_sys_clock_pll+0x16c>)
10002778:	f003 03e0 	and.w	r3, r3, #224	@ 0xe0
1000277c:	63d3      	str	r3, [r2, #60]	@ 0x3c
1000277e:	6bcb      	ldr	r3, [r1, #60]	@ 0x3c
10002780:	491b      	ldr	r1, [pc, #108]	@ (100027f0 <set_sys_clock_pll+0x164>)
10002782:	f083 0301 	eor.w	r3, r3, #1
10002786:	f003 0303 	and.w	r3, r3, #3
1000278a:	63d3      	str	r3, [r2, #60]	@ 0x3c
1000278c:	6c4b      	ldr	r3, [r1, #68]	@ 0x44
1000278e:	079b      	lsls	r3, r3, #30
10002790:	d5fc      	bpl.n	1000278c <set_sys_clock_pll+0x100>
10002792:	f44f 3380 	mov.w	r3, #65536	@ 0x10000
10002796:	f44f 6500 	mov.w	r5, #2048	@ 0x800
1000279a:	4a18      	ldr	r2, [pc, #96]	@ (100027fc <set_sys_clock_pll+0x170>)
1000279c:	6166      	str	r6, [r4, #20]
1000279e:	63d5      	str	r5, [r2, #60]	@ 0x3c
100027a0:	640b      	str	r3, [r1, #64]	@ 0x40
100027a2:	6cca      	ldr	r2, [r1, #76]	@ 0x4c
100027a4:	429a      	cmp	r2, r3
100027a6:	bf38      	it	cc
100027a8:	64cb      	strcc	r3, [r1, #76]	@ 0x4c
100027aa:	f44f 6100 	mov.w	r1, #2048	@ 0x800
100027ae:	4b11      	ldr	r3, [pc, #68]	@ (100027f4 <set_sys_clock_pll+0x168>)
100027b0:	69a2      	ldr	r2, [r4, #24]
100027b2:	6499      	str	r1, [r3, #72]	@ 0x48
100027b4:	b13a      	cbz	r2, 100027c6 <set_sys_clock_pll+0x13a>
100027b6:	6963      	ldr	r3, [r4, #20]
100027b8:	fbb3 f3f2 	udiv	r3, r3, r2
100027bc:	3301      	adds	r3, #1
100027be:	eb03 0343 	add.w	r3, r3, r3, lsl #1
100027c2:	3b03      	subs	r3, #3
100027c4:	d2fd      	bcs.n	100027c2 <set_sys_clock_pll+0x136>
100027c6:	f44f 6000 	mov.w	r0, #2048	@ 0x800
100027ca:	f44f 3180 	mov.w	r1, #65536	@ 0x10000
100027ce:	4a08      	ldr	r2, [pc, #32]	@ (100027f0 <set_sys_clock_pll+0x164>)
100027d0:	4d09      	ldr	r5, [pc, #36]	@ (100027f8 <set_sys_clock_pll+0x16c>)
100027d2:	6c93      	ldr	r3, [r2, #72]	@ 0x48
100027d4:	f083 0340 	eor.w	r3, r3, #64	@ 0x40
100027d8:	f003 03e0 	and.w	r3, r3, #224	@ 0xe0
100027dc:	64ab      	str	r3, [r5, #72]	@ 0x48
100027de:	4b07      	ldr	r3, [pc, #28]	@ (100027fc <set_sys_clock_pll+0x170>)
100027e0:	4d08      	ldr	r5, [pc, #32]	@ (10002804 <set_sys_clock_pll+0x178>)
100027e2:	61a5      	str	r5, [r4, #24]
100027e4:	6498      	str	r0, [r3, #72]	@ 0x48
100027e6:	64d1      	str	r1, [r2, #76]	@ 0x4c
100027e8:	b003      	add	sp, #12
100027ea:	e8bd 83f0 	ldmia.w	sp!, {r4, r5, r6, r7, r8, r9, pc}
100027ee:	bf00      	nop
100027f0:	40010000 	.word	0x40010000
100027f4:	40013000 	.word	0x40013000
100027f8:	40011000 	.word	0x40011000
100027fc:	40012000 	.word	0x40012000
10002800:	20001230 	.word	0x20001230
10002804:	02dc6c00 	.word	0x02dc6c00
10002808:	40050000 	.word	0x40050000
1000280c:	00b71b00 	.word	0x00b71b00

10002810 <check_sys_clock_khz>:
10002810:	e92d 4ff0 	stmdb	sp!, {r4, r5, r6, r7, r8, r9, sl, fp, lr}
10002814:	f44f 78a0 	mov.w	r8, #320	@ 0x140
10002818:	4699      	mov	r9, r3
1000281a:	b085      	sub	sp, #20
1000281c:	e9cd 1202 	strd	r1, r2, [sp, #8]
10002820:	4c5f      	ldr	r4, [pc, #380]	@ (100029a0 <check_sys_clock_khz+0x190>)
10002822:	f8df a184 	ldr.w	sl, [pc, #388]	@ 100029a8 <check_sys_clock_khz+0x198>
10002826:	4554      	cmp	r4, sl
10002828:	d90a      	bls.n	10002840 <check_sys_clock_khz+0x30>
1000282a:	f108 38ff 	add.w	r8, r8, #4294967295	@ 0xffffffff
1000282e:	f5a4 543b 	sub.w	r4, r4, #11968	@ 0x2ec0
10002832:	f1b8 0f0f 	cmp.w	r8, #15
10002836:	f1a4 0420 	sub.w	r4, r4, #32
1000283a:	d1f4      	bne.n	10002826 <check_sys_clock_khz+0x16>
1000283c:	2000      	movs	r0, #0
1000283e:	e069      	b.n	10002914 <check_sys_clock_khz+0x104>
10002840:	2307      	movs	r3, #7
10002842:	f504 2237 	add.w	r2, r4, #749568	@ 0xb7000
10002846:	9401      	str	r4, [sp, #4]
10002848:	fb03 f403 	mul.w	r4, r3, r3
1000284c:	f502 72d8 	add.w	r2, r2, #432	@ 0x1b0
10002850:	fbb2 fef4 	udiv	lr, r2, r4
10002854:	4570      	cmp	r0, lr
10002856:	f04f 0c01 	mov.w	ip, #1
1000285a:	f04f 0702 	mov.w	r7, #2
1000285e:	f04f 0603 	mov.w	r6, #3
10002862:	f04f 0504 	mov.w	r5, #4
10002866:	f04f 0105 	mov.w	r1, #5
1000286a:	d03f      	beq.n	100028ec <check_sys_clock_khz+0xdc>
1000286c:	f1b3 0e01 	subs.w	lr, r3, #1
10002870:	f000 8094 	beq.w	1000299c <check_sys_clock_khz+0x18c>
10002874:	fb0e f403 	mul.w	r4, lr, r3
10002878:	fbb2 fbf4 	udiv	fp, r2, r4
1000287c:	4558      	cmp	r0, fp
1000287e:	d04c      	beq.n	1000291a <check_sys_clock_khz+0x10a>
10002880:	b319      	cbz	r1, 100028ca <check_sys_clock_khz+0xba>
10002882:	fb01 f403 	mul.w	r4, r1, r3
10002886:	fbb2 fbf4 	udiv	fp, r2, r4
1000288a:	4558      	cmp	r0, fp
1000288c:	d04f      	beq.n	1000292e <check_sys_clock_khz+0x11e>
1000288e:	b1e5      	cbz	r5, 100028ca <check_sys_clock_khz+0xba>
10002890:	fb05 f403 	mul.w	r4, r5, r3
10002894:	fbb2 fbf4 	udiv	fp, r2, r4
10002898:	4558      	cmp	r0, fp
1000289a:	d053      	beq.n	10002944 <check_sys_clock_khz+0x134>
1000289c:	b1ae      	cbz	r6, 100028ca <check_sys_clock_khz+0xba>
1000289e:	fb06 f403 	mul.w	r4, r6, r3
100028a2:	fbb2 fbf4 	udiv	fp, r2, r4
100028a6:	4558      	cmp	r0, fp
100028a8:	d057      	beq.n	1000295a <check_sys_clock_khz+0x14a>
100028aa:	b177      	cbz	r7, 100028ca <check_sys_clock_khz+0xba>
100028ac:	fb07 f403 	mul.w	r4, r7, r3
100028b0:	fbb2 fbf4 	udiv	fp, r2, r4
100028b4:	4558      	cmp	r0, fp
100028b6:	d05b      	beq.n	10002970 <check_sys_clock_khz+0x160>
100028b8:	f1bc 0f00 	cmp.w	ip, #0
100028bc:	d005      	beq.n	100028ca <check_sys_clock_khz+0xba>
100028be:	fb0c f403 	mul.w	r4, ip, r3
100028c2:	fbb2 fbf4 	udiv	fp, r2, r4
100028c6:	4583      	cmp	fp, r0
100028c8:	d05d      	beq.n	10002986 <check_sys_clock_khz+0x176>
100028ca:	4673      	mov	r3, lr
100028cc:	fb03 f403 	mul.w	r4, r3, r3
100028d0:	fbb2 fef4 	udiv	lr, r2, r4
100028d4:	4570      	cmp	r0, lr
100028d6:	f101 31ff 	add.w	r1, r1, #4294967295	@ 0xffffffff
100028da:	f105 35ff 	add.w	r5, r5, #4294967295	@ 0xffffffff
100028de:	f106 36ff 	add.w	r6, r6, #4294967295	@ 0xffffffff
100028e2:	f107 37ff 	add.w	r7, r7, #4294967295	@ 0xffffffff
100028e6:	f10c 3cff 	add.w	ip, ip, #4294967295	@ 0xffffffff
100028ea:	d1bf      	bne.n	1000286c <check_sys_clock_khz+0x5c>
100028ec:	fb04 2410 	mls	r4, r4, r0, r2
100028f0:	2c00      	cmp	r4, #0
100028f2:	d1bb      	bne.n	1000286c <check_sys_clock_khz+0x5c>
100028f4:	469e      	mov	lr, r3
100028f6:	464a      	mov	r2, r9
100028f8:	f8dd b008 	ldr.w	fp, [sp, #8]
100028fc:	f8dd 900c 	ldr.w	r9, [sp, #12]
10002900:	2001      	movs	r0, #1
10002902:	4928      	ldr	r1, [pc, #160]	@ (100029a4 <check_sys_clock_khz+0x194>)
10002904:	fb01 f108 	mul.w	r1, r1, r8
10002908:	f8cb 1000 	str.w	r1, [fp]
1000290c:	f8c9 3000 	str.w	r3, [r9]
10002910:	f8c2 e000 	str.w	lr, [r2]
10002914:	b005      	add	sp, #20
10002916:	e8bd 8ff0 	ldmia.w	sp!, {r4, r5, r6, r7, r8, r9, sl, fp, pc}
1000291a:	fb04 2410 	mls	r4, r4, r0, r2
1000291e:	2c00      	cmp	r4, #0
10002920:	d1ae      	bne.n	10002880 <check_sys_clock_khz+0x70>
10002922:	464a      	mov	r2, r9
10002924:	f8dd b008 	ldr.w	fp, [sp, #8]
10002928:	f8dd 900c 	ldr.w	r9, [sp, #12]
1000292c:	e7e8      	b.n	10002900 <check_sys_clock_khz+0xf0>
1000292e:	fb04 2410 	mls	r4, r4, r0, r2
10002932:	2c00      	cmp	r4, #0
10002934:	d1ab      	bne.n	1000288e <check_sys_clock_khz+0x7e>
10002936:	464a      	mov	r2, r9
10002938:	468e      	mov	lr, r1
1000293a:	f8dd b008 	ldr.w	fp, [sp, #8]
1000293e:	f8dd 900c 	ldr.w	r9, [sp, #12]
10002942:	e7dd      	b.n	10002900 <check_sys_clock_khz+0xf0>
10002944:	fb04 2410 	mls	r4, r4, r0, r2
10002948:	2c00      	cmp	r4, #0
1000294a:	d1a7      	bne.n	1000289c <check_sys_clock_khz+0x8c>
1000294c:	464a      	mov	r2, r9
1000294e:	46ae      	mov	lr, r5
10002950:	f8dd b008 	ldr.w	fp, [sp, #8]
10002954:	f8dd 900c 	ldr.w	r9, [sp, #12]
10002958:	e7d2      	b.n	10002900 <check_sys_clock_khz+0xf0>
1000295a:	fb04 2410 	mls	r4, r4, r0, r2
1000295e:	2c00      	cmp	r4, #0
10002960:	d1a3      	bne.n	100028aa <check_sys_clock_khz+0x9a>
10002962:	464a      	mov	r2, r9
10002964:	46b6      	mov	lr, r6
10002966:	f8dd b008 	ldr.w	fp, [sp, #8]
1000296a:	f8dd 900c 	ldr.w	r9, [sp, #12]
1000296e:	e7c7      	b.n	10002900 <check_sys_clock_khz+0xf0>
10002970:	fb04 2410 	mls	r4, r4, r0, r2
10002974:	2c00      	cmp	r4, #0
10002976:	d19f      	bne.n	100028b8 <check_sys_clock_khz+0xa8>
10002978:	464a      	mov	r2, r9
1000297a:	46be      	mov	lr, r7
1000297c:	f8dd b008 	ldr.w	fp, [sp, #8]
10002980:	f8dd 900c 	ldr.w	r9, [sp, #12]
10002984:	e7bc      	b.n	10002900 <check_sys_clock_khz+0xf0>
10002986:	fb04 2410 	mls	r4, r4, r0, r2
1000298a:	2c00      	cmp	r4, #0
1000298c:	d19d      	bne.n	100028ca <check_sys_clock_khz+0xba>
1000298e:	464a      	mov	r2, r9
10002990:	46e6      	mov	lr, ip
10002992:	f8dd b008 	ldr.w	fp, [sp, #8]
10002996:	f8dd 900c 	ldr.w	r9, [sp, #12]
1000299a:	e7b1      	b.n	10002900 <check_sys_clock_khz+0xf0>
1000299c:	9c01      	ldr	r4, [sp, #4]
1000299e:	e744      	b.n	1000282a <check_sys_clock_khz+0x1a>
100029a0:	002f2650 	.word	0x002f2650
100029a4:	00b71b00 	.word	0x00b71b00
100029a8:	000cf850 	.word	0x000cf850

100029ac <pll_init>:
100029ac:	b470      	push	{r4, r5, r6}
100029ae:	9d03      	ldr	r5, [sp, #12]
100029b0:	6804      	ldr	r4, [r0, #0]
100029b2:	032d      	lsls	r5, r5, #12
100029b4:	ea45 4503 	orr.w	r5, r5, r3, lsl #16
100029b8:	4b1b      	ldr	r3, [pc, #108]	@ (10002a28 <pll_init+0x7c>)
100029ba:	2c00      	cmp	r4, #0
100029bc:	fbb3 f3f1 	udiv	r3, r3, r1
100029c0:	fbb2 f6f3 	udiv	r6, r2, r3
100029c4:	db1f      	blt.n	10002a06 <pll_init+0x5a>
100029c6:	4a19      	ldr	r2, [pc, #100]	@ (10002a2c <pll_init+0x80>)
100029c8:	4b19      	ldr	r3, [pc, #100]	@ (10002a30 <pll_init+0x84>)
100029ca:	4290      	cmp	r0, r2
100029cc:	bf14      	ite	ne
100029ce:	f44f 4280 	movne.w	r2, #16384	@ 0x4000
100029d2:	f44f 4200 	moveq.w	r2, #32768	@ 0x8000
100029d6:	4c17      	ldr	r4, [pc, #92]	@ (10002a34 <pll_init+0x88>)
100029d8:	601a      	str	r2, [r3, #0]
100029da:	f503 5380 	add.w	r3, r3, #4096	@ 0x1000
100029de:	601a      	str	r2, [r3, #0]
100029e0:	68a3      	ldr	r3, [r4, #8]
100029e2:	ea32 0303 	bics.w	r3, r2, r3
100029e6:	d1fb      	bne.n	100029e0 <pll_init+0x34>
100029e8:	2221      	movs	r2, #33	@ 0x21
100029ea:	f500 5340 	add.w	r3, r0, #12288	@ 0x3000
100029ee:	3304      	adds	r3, #4
100029f0:	6001      	str	r1, [r0, #0]
100029f2:	6086      	str	r6, [r0, #8]
100029f4:	601a      	str	r2, [r3, #0]
100029f6:	6802      	ldr	r2, [r0, #0]
100029f8:	2a00      	cmp	r2, #0
100029fa:	dafc      	bge.n	100029f6 <pll_init+0x4a>
100029fc:	2208      	movs	r2, #8
100029fe:	60c5      	str	r5, [r0, #12]
10002a00:	601a      	str	r2, [r3, #0]
10002a02:	bc70      	pop	{r4, r5, r6}
10002a04:	4770      	bx	lr
10002a06:	6803      	ldr	r3, [r0, #0]
10002a08:	f003 033f 	and.w	r3, r3, #63	@ 0x3f
10002a0c:	428b      	cmp	r3, r1
10002a0e:	d1da      	bne.n	100029c6 <pll_init+0x1a>
10002a10:	6883      	ldr	r3, [r0, #8]
10002a12:	f3c3 030b 	ubfx	r3, r3, #0, #12
10002a16:	42b3      	cmp	r3, r6
10002a18:	d1d5      	bne.n	100029c6 <pll_init+0x1a>
10002a1a:	68c3      	ldr	r3, [r0, #12]
10002a1c:	f403 23ee 	and.w	r3, r3, #487424	@ 0x77000
10002a20:	42ab      	cmp	r3, r5
10002a22:	d1d0      	bne.n	100029c6 <pll_init+0x1a>
10002a24:	e7ed      	b.n	10002a02 <pll_init+0x56>
10002a26:	bf00      	nop
10002a28:	00b71b00 	.word	0x00b71b00
10002a2c:	40058000 	.word	0x40058000
10002a30:	40022000 	.word	0x40022000
10002a34:	40020000 	.word	0x40020000

10002a38 <tick_start>:
10002a38:	2301      	movs	r3, #1
10002a3a:	eb00 0040 	add.w	r0, r0, r0, lsl #1
10002a3e:	0080      	lsls	r0, r0, #2
10002a40:	f100 4080 	add.w	r0, r0, #1073741824	@ 0x40000000
10002a44:	f500 1084 	add.w	r0, r0, #1081344	@ 0x108000
10002a48:	6041      	str	r1, [r0, #4]
10002a4a:	6003      	str	r3, [r0, #0]
10002a4c:	4770      	bx	lr
10002a4e:	bf00      	nop

10002a50 <rom_func_lookup>:
10002a50:	2300      	movs	r3, #0
10002a52:	8adb      	ldrh	r3, [r3, #22]
10002a54:	2200      	movs	r2, #0
10002a56:	e842 f200 	tt	r2, r2
10002a5a:	0252      	lsls	r2, r2, #9
10002a5c:	d401      	bmi.n	10002a62 <rom_func_lookup+0x12>
10002a5e:	2110      	movs	r1, #16
10002a60:	4718      	bx	r3
10002a62:	2104      	movs	r1, #4
10002a64:	4718      	bx	r3
10002a66:	bf00      	nop

10002a68 <runtime_init_bootrom_locking_enable>:
10002a68:	4a03      	ldr	r2, [pc, #12]	@ (10002a78 <runtime_init_bootrom_locking_enable+0x10>)
10002a6a:	f8d2 3828 	ldr.w	r3, [r2, #2088]	@ 0x828
10002a6e:	2b00      	cmp	r3, #0
10002a70:	d0fb      	beq.n	10002a6a <runtime_init_bootrom_locking_enable+0x2>
10002a72:	f3bf 8f5f 	dmb	sy
10002a76:	4770      	bx	lr
10002a78:	400e0000 	.word	0x400e0000

10002a7c <runtime_init_boot_locks_reset>:
10002a7c:	2100      	movs	r1, #0
10002a7e:	4b04      	ldr	r3, [pc, #16]	@ (10002a90 <runtime_init_boot_locks_reset+0x14>)
10002a80:	4a04      	ldr	r2, [pc, #16]	@ (10002a94 <runtime_init_boot_locks_reset+0x18>)
10002a82:	f3bf 8f5f 	dmb	sy
10002a86:	f843 1b04 	str.w	r1, [r3], #4
10002a8a:	4293      	cmp	r3, r2
10002a8c:	d1f9      	bne.n	10002a82 <runtime_init_boot_locks_reset+0x6>
10002a8e:	4770      	bx	lr
10002a90:	400e080c 	.word	0x400e080c
10002a94:	400e082c 	.word	0x400e082c

10002a98 <xosc_init>:
10002a98:	b410      	push	{r4}
10002a9a:	f44f 708d 	mov.w	r0, #282	@ 0x11a
10002a9e:	f44f 642a 	mov.w	r4, #2720	@ 0xaa0
10002aa2:	4a06      	ldr	r2, [pc, #24]	@ (10002abc <xosc_init+0x24>)
10002aa4:	4b06      	ldr	r3, [pc, #24]	@ (10002ac0 <xosc_init+0x28>)
10002aa6:	4907      	ldr	r1, [pc, #28]	@ (10002ac4 <xosc_init+0x2c>)
10002aa8:	6014      	str	r4, [r2, #0]
10002aaa:	60d0      	str	r0, [r2, #12]
10002aac:	6019      	str	r1, [r3, #0]
10002aae:	6853      	ldr	r3, [r2, #4]
10002ab0:	2b00      	cmp	r3, #0
10002ab2:	dafc      	bge.n	10002aae <xosc_init+0x16>
10002ab4:	f85d 4b04 	ldr.w	r4, [sp], #4
10002ab8:	4770      	bx	lr
10002aba:	bf00      	nop
10002abc:	40048000 	.word	0x40048000
10002ac0:	4004a000 	.word	0x4004a000
10002ac4:	00fab000 	.word	0x00fab000

10002ac8 <first_per_core_initializer>:
10002ac8:	4770      	bx	lr
10002aca:	bf00      	nop

10002acc <hard_assertion_failure>:
10002acc:	b508      	push	{r3, lr}
10002ace:	4801      	ldr	r0, [pc, #4]	@ (10002ad4 <hard_assertion_failure+0x8>)
10002ad0:	f7fe ffcc 	bl	10001a6c <panic>
10002ad4:	10005a6c 	.word	0x10005a6c

10002ad8 <runtime_run_initializers>:
10002ad8:	b538      	push	{r3, r4, r5, lr}
10002ada:	4c05      	ldr	r4, [pc, #20]	@ (10002af0 <runtime_run_initializers+0x18>)
10002adc:	4d05      	ldr	r5, [pc, #20]	@ (10002af4 <runtime_run_initializers+0x1c>)
10002ade:	42ac      	cmp	r4, r5
10002ae0:	d204      	bcs.n	10002aec <runtime_run_initializers+0x14>
10002ae2:	f854 3b04 	ldr.w	r3, [r4], #4
10002ae6:	4798      	blx	r3
10002ae8:	42ac      	cmp	r4, r5
10002aea:	d3fa      	bcc.n	10002ae2 <runtime_run_initializers+0xa>
10002aec:	bd38      	pop	{r3, r4, r5, pc}
10002aee:	bf00      	nop
10002af0:	100058b8 	.word	0x100058b8
10002af4:	100058f8 	.word	0x100058f8

10002af8 <runtime_run_per_core_initializers>:
10002af8:	b538      	push	{r3, r4, r5, lr}
10002afa:	4c05      	ldr	r4, [pc, #20]	@ (10002b10 <runtime_run_per_core_initializers+0x18>)
10002afc:	4d05      	ldr	r5, [pc, #20]	@ (10002b14 <runtime_run_per_core_initializers+0x1c>)
10002afe:	42ac      	cmp	r4, r5
10002b00:	d204      	bcs.n	10002b0c <runtime_run_per_core_initializers+0x14>
10002b02:	f854 3b04 	ldr.w	r3, [r4], #4
10002b06:	4798      	blx	r3
10002b08:	42ac      	cmp	r4, r5
10002b0a:	d3fa      	bcc.n	10002b02 <runtime_run_per_core_initializers+0xa>
10002b0c:	bd38      	pop	{r3, r4, r5, pc}
10002b0e:	bf00      	nop
10002b10:	100058e4 	.word	0x100058e4
10002b14:	100058f8 	.word	0x100058f8

10002b18 <runtime_init_early_resets>:
10002b18:	b410      	push	{r4}
10002b1a:	4807      	ldr	r0, [pc, #28]	@ (10002b38 <runtime_init_early_resets+0x20>)
10002b1c:	4c07      	ldr	r4, [pc, #28]	@ (10002b3c <runtime_init_early_resets+0x24>)
10002b1e:	4b08      	ldr	r3, [pc, #32]	@ (10002b40 <runtime_init_early_resets+0x28>)
10002b20:	4a08      	ldr	r2, [pc, #32]	@ (10002b44 <runtime_init_early_resets+0x2c>)
10002b22:	4909      	ldr	r1, [pc, #36]	@ (10002b48 <runtime_init_early_resets+0x30>)
10002b24:	6004      	str	r4, [r0, #0]
10002b26:	601a      	str	r2, [r3, #0]
10002b28:	688b      	ldr	r3, [r1, #8]
10002b2a:	ea32 0303 	bics.w	r3, r2, r3
10002b2e:	d1fb      	bne.n	10002b28 <runtime_init_early_resets+0x10>
10002b30:	f85d 4b04 	ldr.w	r4, [sp], #4
10002b34:	4770      	bx	lr
10002b36:	bf00      	nop
10002b38:	40022000 	.word	0x40022000
10002b3c:	efef3b7f 	.word	0xefef3b7f
10002b40:	40023000 	.word	0x40023000
10002b44:	03f3fff6 	.word	0x03f3fff6
10002b48:	40020000 	.word	0x40020000

10002b4c <runtime_init_usb_power_down>:
10002b4c:	4b04      	ldr	r3, [pc, #16]	@ (10002b60 <runtime_init_usb_power_down+0x14>)
10002b4e:	6cdb      	ldr	r3, [r3, #76]	@ 0x4c
10002b50:	f5b3 4f00 	cmp.w	r3, #32768	@ 0x8000
10002b54:	d103      	bne.n	10002b5e <runtime_init_usb_power_down+0x12>
10002b56:	f44f 2280 	mov.w	r2, #262144	@ 0x40000
10002b5a:	4b02      	ldr	r3, [pc, #8]	@ (10002b64 <runtime_init_usb_power_down+0x18>)
10002b5c:	64da      	str	r2, [r3, #76]	@ 0x4c
10002b5e:	4770      	bx	lr
10002b60:	50110000 	.word	0x50110000
10002b64:	50112000 	.word	0x50112000

10002b68 <runtime_init_per_core_enable_coprocessors>:
10002b68:	f04f 22e0 	mov.w	r2, #3758153728	@ 0xe000e000
10002b6c:	4b04      	ldr	r3, [pc, #16]	@ (10002b80 <runtime_init_per_core_enable_coprocessors+0x18>)
10002b6e:	f8d2 1d88 	ldr.w	r1, [r2, #3464]	@ 0xd88
10002b72:	430b      	orrs	r3, r1
10002b74:	f8c2 3d88 	str.w	r3, [r2, #3464]	@ 0xd88
10002b78:	ee10 0430 			dcp_rcmp r0
10002b7c:	4770      	bx	lr
10002b7e:	bf00      	nop
10002b80:	00300303 	.word	0x00300303

10002b84 <runtime_init_post_clock_resets>:
10002b84:	f06f 4160 	mvn.w	r1, #3758096384	@ 0xe0000000
10002b88:	4b04      	ldr	r3, [pc, #16]	@ (10002b9c <runtime_init_post_clock_resets+0x18>)
10002b8a:	4a05      	ldr	r2, [pc, #20]	@ (10002ba0 <runtime_init_post_clock_resets+0x1c>)
10002b8c:	6019      	str	r1, [r3, #0]
10002b8e:	6893      	ldr	r3, [r2, #8]
10002b90:	43db      	mvns	r3, r3
10002b92:	f033 4360 	bics.w	r3, r3, #3758096384	@ 0xe0000000
10002b96:	d1fa      	bne.n	10002b8e <runtime_init_post_clock_resets+0xa>
10002b98:	4770      	bx	lr
10002b9a:	bf00      	nop
10002b9c:	40023000 	.word	0x40023000
10002ba0:	40020000 	.word	0x40020000

10002ba4 <runtime_init_bootrom_reset>:
10002ba4:	b510      	push	{r4, lr}
10002ba6:	f245 2053 	movw	r0, #21075	@ 0x5253
10002baa:	f7ff ff51 	bl	10002a50 <rom_func_lookup>
10002bae:	e8bd 4010 	ldmia.w	sp!, {r4, lr}
10002bb2:	4603      	mov	r3, r0
10002bb4:	2004      	movs	r0, #4
10002bb6:	4718      	bx	r3

10002bb8 <runtime_init_per_core_bootrom_reset>:
10002bb8:	b510      	push	{r4, lr}
10002bba:	f245 2053 	movw	r0, #21075	@ 0x5253
10002bbe:	f7ff ff47 	bl	10002a50 <rom_func_lookup>
10002bc2:	e8bd 4010 	ldmia.w	sp!, {r4, lr}
10002bc6:	4603      	mov	r3, r0
10002bc8:	2001      	movs	r0, #1
10002bca:	4718      	bx	r3

10002bcc <runtime_init_spin_locks_reset>:
10002bcc:	f7ff b802 	b.w	10001bd4 <spin_locks_reset>

10002bd0 <runtime_init_install_ram_vector_table>:
10002bd0:	4914      	ldr	r1, [pc, #80]	@ (10002c24 <runtime_init_install_ram_vector_table+0x54>)
10002bd2:	4b15      	ldr	r3, [pc, #84]	@ (10002c28 <runtime_init_install_ram_vector_table+0x58>)
10002bd4:	b570      	push	{r4, r5, r6, lr}
10002bd6:	1a5c      	subs	r4, r3, r1
10002bd8:	10a6      	asrs	r6, r4, #2
10002bda:	2e44      	cmp	r6, #68	@ 0x44
10002bdc:	4632      	mov	r2, r6
10002bde:	bf28      	it	cs
10002be0:	2244      	movcs	r2, #68	@ 0x44
10002be2:	4d12      	ldr	r5, [pc, #72]	@ (10002c2c <runtime_init_install_ram_vector_table+0x5c>)
10002be4:	0092      	lsls	r2, r2, #2
10002be6:	4628      	mov	r0, r5
10002be8:	f002 fc5a 	bl	100054a0 <memcpy>
10002bec:	f5b4 7f86 	cmp.w	r4, #268	@ 0x10c
10002bf0:	d813      	bhi.n	10002c1a <runtime_init_install_ram_vector_table+0x4a>
10002bf2:	4a0f      	ldr	r2, [pc, #60]	@ (10002c30 <runtime_init_install_ram_vector_table+0x60>)
10002bf4:	f1c6 0044 	rsb	r0, r6, #68	@ 0x44
10002bf8:	d012      	beq.n	10002c20 <runtime_init_install_ram_vector_table+0x50>
10002bfa:	192b      	adds	r3, r5, r4
10002bfc:	0841      	lsrs	r1, r0, #1
10002bfe:	eb03 01c1 	add.w	r1, r3, r1, lsl #3
10002c02:	e9c3 2200 	strd	r2, r2, [r3]
10002c06:	3308      	adds	r3, #8
10002c08:	428b      	cmp	r3, r1
10002c0a:	d1fa      	bne.n	10002c02 <runtime_init_install_ram_vector_table+0x32>
10002c0c:	07c3      	lsls	r3, r0, #31
10002c0e:	d504      	bpl.n	10002c1a <runtime_init_install_ram_vector_table+0x4a>
10002c10:	f020 0001 	bic.w	r0, r0, #1
10002c14:	4430      	add	r0, r6
10002c16:	f845 2020 	str.w	r2, [r5, r0, lsl #2]
10002c1a:	4b06      	ldr	r3, [pc, #24]	@ (10002c34 <runtime_init_install_ram_vector_table+0x64>)
10002c1c:	609d      	str	r5, [r3, #8]
10002c1e:	bd70      	pop	{r4, r5, r6, pc}
10002c20:	2043      	movs	r0, #67	@ 0x43
10002c22:	e7f8      	b.n	10002c16 <runtime_init_install_ram_vector_table+0x46>
10002c24:	10000000 	.word	0x10000000
10002c28:	10000110 	.word	0x10000110
10002c2c:	20000000 	.word	0x20000000
10002c30:	10000111 	.word	0x10000111
10002c34:	e000ed00 	.word	0xe000ed00

10002c38 <runtime_init_clocks>:
10002c38:	2300      	movs	r3, #0
10002c3a:	b570      	push	{r4, r5, r6, lr}
10002c3c:	4c2b      	ldr	r4, [pc, #172]	@ (10002cec <runtime_init_clocks+0xb4>)
10002c3e:	b082      	sub	sp, #8
10002c40:	f8c4 3084 	str.w	r3, [r4, #132]	@ 0x84
10002c44:	f7ff ff28 	bl	10002a98 <xosc_init>
10002c48:	2201      	movs	r2, #1
10002c4a:	4b29      	ldr	r3, [pc, #164]	@ (10002cf0 <runtime_init_clocks+0xb8>)
10002c4c:	63da      	str	r2, [r3, #60]	@ 0x3c
10002c4e:	6c63      	ldr	r3, [r4, #68]	@ 0x44
10002c50:	2b01      	cmp	r3, #1
10002c52:	d1fc      	bne.n	10002c4e <runtime_init_clocks+0x16>
10002c54:	2103      	movs	r1, #3
10002c56:	4a26      	ldr	r2, [pc, #152]	@ (10002cf0 <runtime_init_clocks+0xb8>)
10002c58:	4b24      	ldr	r3, [pc, #144]	@ (10002cec <runtime_init_clocks+0xb4>)
10002c5a:	6311      	str	r1, [r2, #48]	@ 0x30
10002c5c:	6b9c      	ldr	r4, [r3, #56]	@ 0x38
10002c5e:	2c01      	cmp	r4, #1
10002c60:	d1fc      	bne.n	10002c5c <runtime_init_clocks+0x24>
10002c62:	2602      	movs	r6, #2
10002c64:	2505      	movs	r5, #5
10002c66:	4621      	mov	r1, r4
10002c68:	2305      	movs	r3, #5
10002c6a:	4a22      	ldr	r2, [pc, #136]	@ (10002cf4 <runtime_init_clocks+0xbc>)
10002c6c:	4822      	ldr	r0, [pc, #136]	@ (10002cf8 <runtime_init_clocks+0xc0>)
10002c6e:	9600      	str	r6, [sp, #0]
10002c70:	f7ff fe9c 	bl	100029ac <pll_init>
10002c74:	4621      	mov	r1, r4
10002c76:	462b      	mov	r3, r5
10002c78:	4a20      	ldr	r2, [pc, #128]	@ (10002cfc <runtime_init_clocks+0xc4>)
10002c7a:	4821      	ldr	r0, [pc, #132]	@ (10002d00 <runtime_init_clocks+0xc8>)
10002c7c:	9500      	str	r5, [sp, #0]
10002c7e:	f7ff fe95 	bl	100029ac <pll_init>
10002c82:	2200      	movs	r2, #0
10002c84:	2004      	movs	r0, #4
10002c86:	4631      	mov	r1, r6
10002c88:	4b1e      	ldr	r3, [pc, #120]	@ (10002d04 <runtime_init_clocks+0xcc>)
10002c8a:	f7ff fc91 	bl	100025b0 <clock_configure_undivided>
10002c8e:	4621      	mov	r1, r4
10002c90:	4628      	mov	r0, r5
10002c92:	2200      	movs	r2, #0
10002c94:	4b1c      	ldr	r3, [pc, #112]	@ (10002d08 <runtime_init_clocks+0xd0>)
10002c96:	f7ff fc8b 	bl	100025b0 <clock_configure_undivided>
10002c9a:	2200      	movs	r2, #0
10002c9c:	2008      	movs	r0, #8
10002c9e:	4611      	mov	r1, r2
10002ca0:	4b1a      	ldr	r3, [pc, #104]	@ (10002d0c <runtime_init_clocks+0xd4>)
10002ca2:	f7ff fc85 	bl	100025b0 <clock_configure_undivided>
10002ca6:	2200      	movs	r2, #0
10002ca8:	2009      	movs	r0, #9
10002caa:	4611      	mov	r1, r2
10002cac:	4b17      	ldr	r3, [pc, #92]	@ (10002d0c <runtime_init_clocks+0xd4>)
10002cae:	f7ff fc7f 	bl	100025b0 <clock_configure_undivided>
10002cb2:	2200      	movs	r2, #0
10002cb4:	2006      	movs	r0, #6
10002cb6:	4611      	mov	r1, r2
10002cb8:	4b13      	ldr	r3, [pc, #76]	@ (10002d08 <runtime_init_clocks+0xd0>)
10002cba:	f7ff fc79 	bl	100025b0 <clock_configure_undivided>
10002cbe:	2200      	movs	r2, #0
10002cc0:	4b11      	ldr	r3, [pc, #68]	@ (10002d08 <runtime_init_clocks+0xd0>)
10002cc2:	2007      	movs	r0, #7
10002cc4:	4611      	mov	r1, r2
10002cc6:	f7ff fc73 	bl	100025b0 <clock_configure_undivided>
10002cca:	2004      	movs	r0, #4
10002ccc:	f7ff fcd8 	bl	10002680 <clock_get_hz>
10002cd0:	2400      	movs	r4, #0
10002cd2:	4b0f      	ldr	r3, [pc, #60]	@ (10002d10 <runtime_init_clocks+0xd8>)
10002cd4:	fba3 3500 	umull	r3, r5, r3, r0
10002cd8:	0cad      	lsrs	r5, r5, #18
10002cda:	b2e0      	uxtb	r0, r4
10002cdc:	4629      	mov	r1, r5
10002cde:	3401      	adds	r4, #1
10002ce0:	f7ff feaa 	bl	10002a38 <tick_start>
10002ce4:	2c06      	cmp	r4, #6
10002ce6:	d1f8      	bne.n	10002cda <runtime_init_clocks+0xa2>
10002ce8:	b002      	add	sp, #8
10002cea:	bd70      	pop	{r4, r5, r6, pc}
10002cec:	40010000 	.word	0x40010000
10002cf0:	40013000 	.word	0x40013000
10002cf4:	59682f00 	.word	0x59682f00
10002cf8:	40050000 	.word	0x40050000
10002cfc:	47868c00 	.word	0x47868c00
10002d00:	40058000 	.word	0x40058000
10002d04:	00b71b00 	.word	0x00b71b00
10002d08:	08f0d180 	.word	0x08f0d180
10002d0c:	02dc6c00 	.word	0x02dc6c00
10002d10:	431bde83 	.word	0x431bde83

10002d14 <generic_save_state>:
10002d14:	b086      	sub	sp, #24
10002d16:	b403      	push	{r0, r1}
10002d18:	fc51 0408 	dcp_pxmd r0, r1
10002d1c:	e9cd 0102 	strd	r0, r1, [sp, #8]
10002d20:	fc51 0409 	dcp_pymd r0, r1
10002d24:	e9cd 0104 	strd	r0, r1, [sp, #16]
10002d28:	ec51 040a 	dcp_refd r0, r1
10002d2c:	e9cd 0106 	strd	r0, r1, [sp, #24]
10002d30:	bc03      	pop	{r0, r1}
10002d32:	47f0      	blx	lr

10002d34 <generic_restore_state>:
10002d34:	e8bd 5000 	ldmia.w	sp!, {ip, lr}
10002d38:	ec4e c400 	dcp_wxmd ip, lr
10002d3c:	e8bd 5000 	ldmia.w	sp!, {ip, lr}
10002d40:	ec4e c401 	dcp_wymd ip, lr
10002d44:	e8bd 5000 	ldmia.w	sp!, {ip, lr}
10002d48:	ec4e c402 	dcp_wefd ip, lr
10002d4c:	bd00      	pop	{pc}
10002d4e:	0000      	movs	r0, r0
10002d50:	b500      	push	{lr}
10002d52:	f7ff ffdf 	bl	10002d14 <generic_save_state>
10002d56:	e002      	b.n	10002d5e <__wrap___aeabi_dadd+0x6>

10002d58 <__wrap___aeabi_dadd>:
10002d58:	fe10 f430 	dcp_pcmp APSR_nzcv
10002d5c:	d4f8      	bmi.n	10002d50 <generic_restore_state+0x1c>
10002d5e:	ec41 0410 	dcp_wxup r0, r1
10002d62:	ec43 2411 	dcp_wyup r2, r3
10002d66:	ee00 0401 			dcp_add0
10002d6a:	ee10 0401 			dcp_add1
10002d6e:	ee80 0420 			dcp_nrdd
10002d72:	ec51 0410 	dcp_rdda r0, r1
10002d76:	4770      	bx	lr
10002d78:	b500      	push	{lr}
10002d7a:	f7ff ffcb 	bl	10002d14 <generic_save_state>
10002d7e:	e002      	b.n	10002d86 <__wrap___aeabi_dsub+0x6>

10002d80 <__wrap___aeabi_dsub>:
10002d80:	fe10 f430 	dcp_pcmp APSR_nzcv
10002d84:	d4f8      	bmi.n	10002d78 <__wrap___aeabi_dadd+0x20>
10002d86:	ec41 0410 	dcp_wxup r0, r1
10002d8a:	ec43 2411 	dcp_wyup r2, r3
10002d8e:	ee00 0401 			dcp_add0
10002d92:	ee10 0421 			dcp_sub1
10002d96:	ee80 0420 			dcp_nrdd
10002d9a:	ec51 0430 	dcp_rdds r0, r1
10002d9e:	4770      	bx	lr
10002da0:	b500      	push	{lr}
10002da2:	f7ff ffb7 	bl	10002d14 <generic_save_state>
10002da6:	e002      	b.n	10002dae <__wrap___aeabi_dmul+0x6>

10002da8 <__wrap___aeabi_dmul>:
10002da8:	fe10 f430 	dcp_pcmp APSR_nzcv
10002dac:	d4f8      	bmi.n	10002da0 <__wrap___aeabi_dsub+0x20>
10002dae:	b510      	push	{r4, lr}
10002db0:	ec41 0410 	dcp_wxup r0, r1
10002db4:	ec43 2411 	dcp_wyup r2, r3
10002db8:	ec51 0404 	dcp_rxms r0, r1, #0x0
10002dbc:	ec53 2405 	dcp_ryms r2, r3, #0x0
10002dc0:	fba0 4c02 	umull	r4, ip, r0, r2
10002dc4:	f05f 0e00 	movs.w	lr, #0
10002dc8:	fbe0 ce03 	umlal	ip, lr, r0, r3
10002dcc:	fbe1 ce02 	umlal	ip, lr, r1, r2
10002dd0:	ec4c 4420 	dcp_wxms r4, ip
10002dd4:	2400      	movs	r4, #0
10002dd6:	fbe1 e403 	umlal	lr, r4, r1, r3
10002dda:	ec44 e430 	dcp_wxmo lr, r4
10002dde:	ee80 0420 			dcp_nrdd
10002de2:	ec51 0450 	dcp_rddm r0, r1
10002de6:	e8bd 4010 	ldmia.w	sp!, {r4, lr}
10002dea:	4770      	bx	lr
10002dec:	b500      	push	{lr}
10002dee:	f7ff ff91 	bl	10002d14 <generic_save_state>
10002df2:	e002      	b.n	10002dfa <__wrap___aeabi_ddiv+0x6>

10002df4 <__wrap___aeabi_ddiv>:
10002df4:	fe10 f430 	dcp_pcmp APSR_nzcv
10002df8:	d4f8      	bmi.n	10002dec <__wrap___aeabi_dmul+0x44>
10002dfa:	ec41 0410 	dcp_wxup r0, r1
10002dfe:	ec43 2411 	dcp_wyup r2, r3
10002e02:	ec51 0421 	dcp_rymr r0, r1
10002e06:	fba0 1201 	umull	r1, r2, r0, r1
10002e0a:	ea6f 0282 	mvn.w	r2, r2, lsl #2
10002e0e:	fb52 0010 	smmlar	r0, r2, r0, r0
10002e12:	fb52 f212 	smmulr	r2, r2, r2
10002e16:	fb52 0010 	smmlar	r0, r2, r0, r0
10002e1a:	eba0 7cd0 	sub.w	ip, r0, r0, lsr #31
10002e1e:	ec53 2404 	dcp_rxms r2, r3, #0x0
10002e22:	fb5c f113 	smmulr	r1, ip, r3
10002e26:	ec53 2415 	dcp_ryms r2, r3, #0x1
10002e2a:	fba1 2002 	umull	r2, r0, r1, r2
10002e2e:	fb01 0003 	mla	r0, r1, r3, r0
10002e32:	ec53 2444 	dcp_rxms r2, r3, #0x4
10002e36:	eba2 0000 	sub.w	r0, r2, r0
10002e3a:	fb50 f21c 	smmulr	r2, r0, ip
10002e3e:	ea4f 1311 	mov.w	r3, r1, lsr #4
10002e42:	eb12 7001 	adds.w	r0, r2, r1, lsl #28
10002e46:	eb43 71e2 	adc.w	r1, r3, r2, asr #31
10002e4a:	ea40 5051 	orr.w	r0, r0, r1, lsr #21
10002e4e:	ea20 5091 	bic.w	r0, r0, r1, lsr #22
10002e52:	f020 0007 	bic.w	r0, r0, #7
10002e56:	ec53 2475 	dcp_ryms r2, r3, #0x7
10002e5a:	fba0 3c02 	umull	r3, ip, r0, r2
10002e5e:	ec53 2475 	dcp_ryms r2, r3, #0x7
10002e62:	fb00 cc03 	mla	ip, r0, r3, ip
10002e66:	fb01 cc02 	mla	ip, r1, r2, ip
10002e6a:	ec53 2404 	dcp_rxms r2, r3, #0x0
10002e6e:	ebac 4c82 	sub.w	ip, ip, r2, lsl #18
10002e72:	ea40 705c 	orr.w	r0, r0, ip, lsr #29
10002e76:	f1a0 0001 	sub.w	r0, r0, #1
10002e7a:	ec41 0440 	dcp_wxdd r0, r1
10002e7e:	ee80 0420 			dcp_nrdd
10002e82:	ec51 0470 	dcp_rddd r0, r1
10002e86:	4770      	bx	lr
10002e88:	b500      	push	{lr}
10002e8a:	f7ff ff43 	bl	10002d14 <generic_save_state>
10002e8e:	e002      	b.n	10002e96 <__wrap___aeabi_i2d+0x6>

10002e90 <__wrap___aeabi_i2d>:
10002e90:	fe10 f430 	dcp_pcmp APSR_nzcv
10002e94:	d4f8      	bmi.n	10002e88 <__wrap___aeabi_ddiv+0x94>
10002e96:	ec40 0470 	dcp_wxic r0, r0
10002e9a:	ee00 0401 			dcp_add0
10002e9e:	ee10 0421 			dcp_sub1
10002ea2:	ee80 0420 			dcp_nrdd
10002ea6:	ec51 0430 	dcp_rdds r0, r1
10002eaa:	4770      	bx	lr
10002eac:	b500      	push	{lr}
10002eae:	f7ff ff31 	bl	10002d14 <generic_save_state>
10002eb2:	e002      	b.n	10002eba <__wrap___aeabi_ui2d+0x6>

10002eb4 <__wrap___aeabi_ui2d>:
10002eb4:	fe10 f430 	dcp_pcmp APSR_nzcv
10002eb8:	d4f8      	bmi.n	10002eac <__wrap___aeabi_i2d+0x1c>
10002eba:	ec40 0460 	dcp_wxuc r0, r0
10002ebe:	ee00 0401 			dcp_add0
10002ec2:	ee10 0421 			dcp_sub1
10002ec6:	ee80 0420 			dcp_nrdd
10002eca:	ec51 0430 	dcp_rdds r0, r1
10002ece:	4770      	bx	lr
10002ed0:	b500      	push	{lr}
10002ed2:	f7ff ff1f 	bl	10002d14 <generic_save_state>
10002ed6:	e002      	b.n	10002ede <double2int_z_entry>

10002ed8 <__wrap___aeabi_d2iz>:
10002ed8:	fe10 f430 	dcp_pcmp APSR_nzcv
10002edc:	d4f8      	bmi.n	10002ed0 <__wrap___aeabi_ui2d+0x1c>

10002ede <double2int_z_entry>:
10002ede:	ec41 0480 	dcp_wxdc r0, r1
10002ee2:	ee00 0401 			dcp_add0
10002ee6:	ee10 0401 			dcp_add1
10002eea:	ee80 0440 			dcp_ntdc
10002eee:	ee10 0413 			dcp_rdic r0
10002ef2:	4770      	bx	lr
10002ef4:	b500      	push	{lr}
10002ef6:	f7ff ff0d 	bl	10002d14 <generic_save_state>
10002efa:	e002      	b.n	10002f02 <double2uint_z_entry>

10002efc <__wrap___aeabi_d2uiz>:
10002efc:	fe10 f430 	dcp_pcmp APSR_nzcv
10002f00:	d4f8      	bmi.n	10002ef4 <double2int_z_entry+0x16>

10002f02 <double2uint_z_entry>:
10002f02:	ec41 0480 	dcp_wxdc r0, r1
10002f06:	ee00 0401 			dcp_add0
10002f0a:	ee10 0401 			dcp_add1
10002f0e:	ee80 0440 			dcp_ntdc
10002f12:	ee10 0433 			dcp_rduc r0
10002f16:	4770      	bx	lr
10002f18:	b500      	push	{lr}
10002f1a:	f7ff fefb 	bl	10002d14 <generic_save_state>
10002f1e:	e002      	b.n	10002f26 <__wrap___aeabi_dcmpun+0x6>

10002f20 <__wrap___aeabi_dcmpun>:
10002f20:	fe10 f430 	dcp_pcmp APSR_nzcv
10002f24:	d4f8      	bmi.n	10002f18 <double2uint_z_entry+0x16>
10002f26:	ec41 0410 	dcp_wxup r0, r1
10002f2a:	ec43 2411 	dcp_wyup r2, r3
10002f2e:	ee00 0401 			dcp_add0
10002f32:	ee10 0430 			dcp_rcmp r0
10002f36:	f3c0 7000 	ubfx	r0, r0, #28, #1
10002f3a:	4770      	bx	lr
10002f3c:	b500      	push	{lr}
10002f3e:	f7ff fee9 	bl	10002d14 <generic_save_state>
10002f42:	e002      	b.n	10002f4a <__wrap___aeabi_dcmplt+0x6>

10002f44 <__wrap___aeabi_dcmplt>:
10002f44:	fe10 f430 	dcp_pcmp APSR_nzcv
10002f48:	d4f8      	bmi.n	10002f3c <__wrap___aeabi_dcmpun+0x1c>
10002f4a:	ec43 2410 	dcp_wxup r2, r3
10002f4e:	ec41 0411 	dcp_wyup r0, r1
10002f52:	ee00 0401 			dcp_add0
10002f56:	ee10 f430 			dcp_rcmp APSR_nzcv
10002f5a:	bf8c      	ite	hi
10002f5c:	2001      	movhi	r0, #1
10002f5e:	2000      	movls	r0, #0
10002f60:	4770      	bx	lr
10002f62:	bf00      	nop
10002f64:	b500      	push	{lr}
10002f66:	f7ff fed5 	bl	10002d14 <generic_save_state>
10002f6a:	e002      	b.n	10002f72 <__wrap___aeabi_dcmple+0x6>

10002f6c <__wrap___aeabi_dcmple>:
10002f6c:	fe10 f430 	dcp_pcmp APSR_nzcv
10002f70:	d4f8      	bmi.n	10002f64 <__wrap___aeabi_dcmplt+0x20>
10002f72:	ec43 2410 	dcp_wxup r2, r3
10002f76:	ec41 0411 	dcp_wyup r0, r1
10002f7a:	ee00 0401 			dcp_add0
10002f7e:	ee10 f430 			dcp_rcmp APSR_nzcv
10002f82:	bf2c      	ite	cs
10002f84:	2001      	movcs	r0, #1
10002f86:	2000      	movcc	r0, #0
10002f88:	4770      	bx	lr
10002f8a:	bf00      	nop
10002f8c:	b500      	push	{lr}
10002f8e:	f7ff fec1 	bl	10002d14 <generic_save_state>
10002f92:	e002      	b.n	10002f9a <__wrap___aeabi_dcmpge+0x6>

10002f94 <__wrap___aeabi_dcmpge>:
10002f94:	fe10 f430 	dcp_pcmp APSR_nzcv
10002f98:	d4f8      	bmi.n	10002f8c <__wrap___aeabi_dcmple+0x20>
10002f9a:	ec41 0410 	dcp_wxup r0, r1
10002f9e:	ec43 2411 	dcp_wyup r2, r3
10002fa2:	ee00 0401 			dcp_add0
10002fa6:	ee10 f430 			dcp_rcmp APSR_nzcv
10002faa:	bf2c      	ite	cs
10002fac:	2001      	movcs	r0, #1
10002fae:	2000      	movcc	r0, #0
10002fb0:	4770      	bx	lr
10002fb2:	bf00      	nop
10002fb4:	b500      	push	{lr}
10002fb6:	f7ff fead 	bl	10002d14 <generic_save_state>
10002fba:	e002      	b.n	10002fc2 <__wrap___aeabi_dcmpgt+0x6>

10002fbc <__wrap___aeabi_dcmpgt>:
10002fbc:	fe10 f430 	dcp_pcmp APSR_nzcv
10002fc0:	d4f8      	bmi.n	10002fb4 <__wrap___aeabi_dcmpge+0x20>
10002fc2:	ec41 0410 	dcp_wxup r0, r1
10002fc6:	ec43 2411 	dcp_wyup r2, r3
10002fca:	ee00 0401 			dcp_add0
10002fce:	ee10 f430 			dcp_rcmp APSR_nzcv
10002fd2:	bf8c      	ite	hi
10002fd4:	2001      	movhi	r0, #1
10002fd6:	2000      	movls	r0, #0
10002fd8:	4770      	bx	lr
10002fda:	bf00      	nop

10002fdc <__wrap_malloc>:
10002fdc:	b538      	push	{r3, r4, r5, lr}
10002fde:	4604      	mov	r4, r0
10002fe0:	4809      	ldr	r0, [pc, #36]	@ (10003008 <__wrap_malloc+0x2c>)
10002fe2:	f002 fc61 	bl	100058a8 <__mutex_enter_blocking_veneer>
10002fe6:	4620      	mov	r0, r4
10002fe8:	f001 ff0a 	bl	10004e00 <malloc>
10002fec:	4605      	mov	r5, r0
10002fee:	4806      	ldr	r0, [pc, #24]	@ (10003008 <__wrap_malloc+0x2c>)
10002ff0:	f002 fc56 	bl	100058a0 <__mutex_exit_veneer>
10002ff4:	b12d      	cbz	r5, 10003002 <__wrap_malloc+0x26>
10002ff6:	4b05      	ldr	r3, [pc, #20]	@ (1000300c <__wrap_malloc+0x30>)
10002ff8:	442c      	add	r4, r5
10002ffa:	429c      	cmp	r4, r3
10002ffc:	d801      	bhi.n	10003002 <__wrap_malloc+0x26>
10002ffe:	4628      	mov	r0, r5
10003000:	bd38      	pop	{r3, r4, r5, pc}
10003002:	4803      	ldr	r0, [pc, #12]	@ (10003010 <__wrap_malloc+0x34>)
10003004:	f7fe fd32 	bl	10001a6c <panic>
10003008:	20000de0 	.word	0x20000de0
1000300c:	20080000 	.word	0x20080000
10003010:	10005a78 	.word	0x10005a78

10003014 <__wrap_free>:
10003014:	b510      	push	{r4, lr}
10003016:	4604      	mov	r4, r0
10003018:	4805      	ldr	r0, [pc, #20]	@ (10003030 <__wrap_free+0x1c>)
1000301a:	f002 fc45 	bl	100058a8 <__mutex_enter_blocking_veneer>
1000301e:	4620      	mov	r0, r4
10003020:	f001 fef6 	bl	10004e10 <free>
10003024:	e8bd 4010 	ldmia.w	sp!, {r4, lr}
10003028:	4801      	ldr	r0, [pc, #4]	@ (10003030 <__wrap_free+0x1c>)
1000302a:	f002 bc39 	b.w	100058a0 <__mutex_exit_veneer>
1000302e:	bf00      	nop
10003030:	20000de0 	.word	0x20000de0

10003034 <_out_buffer>:
10003034:	429a      	cmp	r2, r3
10003036:	bf38      	it	cc
10003038:	5488      	strbcc	r0, [r1, r2]
1000303a:	4770      	bx	lr

1000303c <_out_null>:
1000303c:	4770      	bx	lr
1000303e:	bf00      	nop

10003040 <_out_rev>:
10003040:	e92d 4ff0 	stmdb	sp!, {r4, r5, r6, r7, r8, r9, sl, fp, lr}
10003044:	b083      	sub	sp, #12
10003046:	4699      	mov	r9, r3
10003048:	e9dd ab0d 	ldrd	sl, fp, [sp, #52]	@ 0x34
1000304c:	9b0f      	ldr	r3, [sp, #60]	@ 0x3c
1000304e:	4688      	mov	r8, r1
10003050:	4611      	mov	r1, r2
10003052:	079a      	lsls	r2, r3, #30
10003054:	4607      	mov	r7, r0
10003056:	d116      	bne.n	10003086 <_out_rev+0x46>
10003058:	45da      	cmp	sl, fp
1000305a:	d23a      	bcs.n	100030d2 <_out_rev+0x92>
1000305c:	460c      	mov	r4, r1
1000305e:	460d      	mov	r5, r1
10003060:	ebab 060a 	sub.w	r6, fp, sl
10003064:	440e      	add	r6, r1
10003066:	4622      	mov	r2, r4
10003068:	464b      	mov	r3, r9
1000306a:	4641      	mov	r1, r8
1000306c:	2020      	movs	r0, #32
1000306e:	3401      	adds	r4, #1
10003070:	47b8      	blx	r7
10003072:	42b4      	cmp	r4, r6
10003074:	d1f7      	bne.n	10003066 <_out_rev+0x26>
10003076:	4629      	mov	r1, r5
10003078:	f1ba 0f00 	cmp.w	sl, #0
1000307c:	d108      	bne.n	10003090 <_out_rev+0x50>
1000307e:	4620      	mov	r0, r4
10003080:	b003      	add	sp, #12
10003082:	e8bd 8ff0 	ldmia.w	sp!, {r4, r5, r6, r7, r8, r9, sl, fp, pc}
10003086:	460c      	mov	r4, r1
10003088:	f1ba 0f00 	cmp.w	sl, #0
1000308c:	d010      	beq.n	100030b0 <_out_rev+0x70>
1000308e:	460e      	mov	r6, r1
10003090:	4655      	mov	r5, sl
10003092:	9b0c      	ldr	r3, [sp, #48]	@ 0x30
10003094:	442e      	add	r6, r5
10003096:	449a      	add	sl, r3
10003098:	9101      	str	r1, [sp, #4]
1000309a:	1b72      	subs	r2, r6, r5
1000309c:	464b      	mov	r3, r9
1000309e:	3d01      	subs	r5, #1
100030a0:	4641      	mov	r1, r8
100030a2:	f81a 0d01 	ldrb.w	r0, [sl, #-1]!
100030a6:	4634      	mov	r4, r6
100030a8:	47b8      	blx	r7
100030aa:	2d00      	cmp	r5, #0
100030ac:	d1f5      	bne.n	1000309a <_out_rev+0x5a>
100030ae:	9901      	ldr	r1, [sp, #4]
100030b0:	9b0f      	ldr	r3, [sp, #60]	@ 0x3c
100030b2:	079b      	lsls	r3, r3, #30
100030b4:	d5e3      	bpl.n	1000307e <_out_rev+0x3e>
100030b6:	1a65      	subs	r5, r4, r1
100030b8:	45ab      	cmp	fp, r5
100030ba:	d9e0      	bls.n	1000307e <_out_rev+0x3e>
100030bc:	4622      	mov	r2, r4
100030be:	464b      	mov	r3, r9
100030c0:	4641      	mov	r1, r8
100030c2:	2020      	movs	r0, #32
100030c4:	3501      	adds	r5, #1
100030c6:	47b8      	blx	r7
100030c8:	455d      	cmp	r5, fp
100030ca:	f104 0401 	add.w	r4, r4, #1
100030ce:	d3f5      	bcc.n	100030bc <_out_rev+0x7c>
100030d0:	e7d5      	b.n	1000307e <_out_rev+0x3e>
100030d2:	460c      	mov	r4, r1
100030d4:	f1ba 0f00 	cmp.w	sl, #0
100030d8:	d1d9      	bne.n	1000308e <_out_rev+0x4e>
100030da:	e7d0      	b.n	1000307e <_out_rev+0x3e>

100030dc <_ntoa_format>:
100030dc:	e92d 4ff0 	stmdb	sp!, {r4, r5, r6, r7, r8, r9, sl, fp, lr}
100030e0:	9f0f      	ldr	r7, [sp, #60]	@ 0x3c
100030e2:	f8dd 8024 	ldr.w	r8, [sp, #36]	@ 0x24
100030e6:	f017 0f02 	tst.w	r7, #2
100030ea:	9c0a      	ldr	r4, [sp, #40]	@ 0x28
100030ec:	f89d a02c 	ldrb.w	sl, [sp, #44]	@ 0x2c
100030f0:	9d0e      	ldr	r5, [sp, #56]	@ 0x38
100030f2:	e9dd 960c 	ldrd	r9, r6, [sp, #48]	@ 0x30
100030f6:	d144      	bne.n	10003182 <_ntoa_format+0xa6>
100030f8:	bbf5      	cbnz	r5, 10003178 <_ntoa_format+0x9c>
100030fa:	42b4      	cmp	r4, r6
100030fc:	d241      	bcs.n	10003182 <_ntoa_format+0xa6>
100030fe:	f007 0b01 	and.w	fp, r7, #1
10003102:	f104 3cff 	add.w	ip, r4, #4294967295	@ 0xffffffff
10003106:	f04f 0e30 	mov.w	lr, #48	@ 0x30
1000310a:	44c4      	add	ip, r8
1000310c:	e004      	b.n	10003118 <_ntoa_format+0x3c>
1000310e:	3401      	adds	r4, #1
10003110:	42a6      	cmp	r6, r4
10003112:	f80c ef01 	strb.w	lr, [ip, #1]!
10003116:	d901      	bls.n	1000311c <_ntoa_format+0x40>
10003118:	2c20      	cmp	r4, #32
1000311a:	d1f8      	bne.n	1000310e <_ntoa_format+0x32>
1000311c:	f1bb 0f00 	cmp.w	fp, #0
10003120:	f000 8088 	beq.w	10003234 <_ntoa_format+0x158>
10003124:	42a5      	cmp	r5, r4
10003126:	d92c      	bls.n	10003182 <_ntoa_format+0xa6>
10003128:	f104 3cff 	add.w	ip, r4, #4294967295	@ 0xffffffff
1000312c:	f04f 0e30 	mov.w	lr, #48	@ 0x30
10003130:	44c4      	add	ip, r8
10003132:	e004      	b.n	1000313e <_ntoa_format+0x62>
10003134:	3401      	adds	r4, #1
10003136:	42ac      	cmp	r4, r5
10003138:	f80c ef01 	strb.w	lr, [ip, #1]!
1000313c:	d021      	beq.n	10003182 <_ntoa_format+0xa6>
1000313e:	2c20      	cmp	r4, #32
10003140:	d1f8      	bne.n	10003134 <_ntoa_format+0x58>
10003142:	f017 0f10 	tst.w	r7, #16
10003146:	d00e      	beq.n	10003166 <_ntoa_format+0x8a>
10003148:	f417 6f80 	tst.w	r7, #1024	@ 0x400
1000314c:	d154      	bne.n	100031f8 <_ntoa_format+0x11c>
1000314e:	42a6      	cmp	r6, r4
10003150:	d063      	beq.n	1000321a <_ntoa_format+0x13e>
10003152:	42a5      	cmp	r5, r4
10003154:	d061      	beq.n	1000321a <_ntoa_format+0x13e>
10003156:	f1b9 0f10 	cmp.w	r9, #16
1000315a:	d050      	beq.n	100031fe <_ntoa_format+0x122>
1000315c:	f1b9 0f02 	cmp.w	r9, #2
10003160:	d056      	beq.n	10003210 <_ntoa_format+0x134>
10003162:	2c20      	cmp	r4, #32
10003164:	d129      	bne.n	100031ba <_ntoa_format+0xde>
10003166:	2420      	movs	r4, #32
10003168:	e9cd 570b 	strd	r5, r7, [sp, #44]	@ 0x2c
1000316c:	e9cd 8409 	strd	r8, r4, [sp, #36]	@ 0x24
10003170:	e8bd 4ff0 	ldmia.w	sp!, {r4, r5, r6, r7, r8, r9, sl, fp, lr}
10003174:	f7ff bf64 	b.w	10003040 <_out_rev>
10003178:	f017 0b01 	ands.w	fp, r7, #1
1000317c:	d134      	bne.n	100031e8 <_ntoa_format+0x10c>
1000317e:	42b4      	cmp	r4, r6
10003180:	d3bf      	bcc.n	10003102 <_ntoa_format+0x26>
10003182:	f017 0f10 	tst.w	r7, #16
10003186:	d01e      	beq.n	100031c6 <_ntoa_format+0xea>
10003188:	f417 6f80 	tst.w	r7, #1024	@ 0x400
1000318c:	d1e3      	bne.n	10003156 <_ntoa_format+0x7a>
1000318e:	2c00      	cmp	r4, #0
10003190:	d1dd      	bne.n	1000314e <_ntoa_format+0x72>
10003192:	f1b9 0f10 	cmp.w	r9, #16
10003196:	d063      	beq.n	10003260 <_ntoa_format+0x184>
10003198:	f1b9 0f02 	cmp.w	r9, #2
1000319c:	d077      	beq.n	1000328e <_ntoa_format+0x1b2>
1000319e:	2430      	movs	r4, #48	@ 0x30
100031a0:	f888 4000 	strb.w	r4, [r8]
100031a4:	2401      	movs	r4, #1
100031a6:	f1ba 0f00 	cmp.w	sl, #0
100031aa:	d111      	bne.n	100031d0 <_ntoa_format+0xf4>
100031ac:	077e      	lsls	r6, r7, #29
100031ae:	d548      	bpl.n	10003242 <_ntoa_format+0x166>
100031b0:	262b      	movs	r6, #43	@ 0x2b
100031b2:	f808 6004 	strb.w	r6, [r8, r4]
100031b6:	3401      	adds	r4, #1
100031b8:	e7d6      	b.n	10003168 <_ntoa_format+0x8c>
100031ba:	4626      	mov	r6, r4
100031bc:	3401      	adds	r4, #1
100031be:	f04f 0c30 	mov.w	ip, #48	@ 0x30
100031c2:	f808 c006 	strb.w	ip, [r8, r6]
100031c6:	2c20      	cmp	r4, #32
100031c8:	d0cd      	beq.n	10003166 <_ntoa_format+0x8a>
100031ca:	f1ba 0f00 	cmp.w	sl, #0
100031ce:	d0ed      	beq.n	100031ac <_ntoa_format+0xd0>
100031d0:	262d      	movs	r6, #45	@ 0x2d
100031d2:	f808 6004 	strb.w	r6, [r8, r4]
100031d6:	3401      	adds	r4, #1
100031d8:	e9cd 570b 	strd	r5, r7, [sp, #44]	@ 0x2c
100031dc:	e9cd 8409 	strd	r8, r4, [sp, #36]	@ 0x24
100031e0:	e8bd 4ff0 	ldmia.w	sp!, {r4, r5, r6, r7, r8, r9, sl, fp, lr}
100031e4:	f7ff bf2c 	b.w	10003040 <_out_rev>
100031e8:	f1ba 0f00 	cmp.w	sl, #0
100031ec:	d030      	beq.n	10003250 <_ntoa_format+0x174>
100031ee:	42b4      	cmp	r4, r6
100031f0:	f105 35ff 	add.w	r5, r5, #4294967295	@ 0xffffffff
100031f4:	d385      	bcc.n	10003102 <_ntoa_format+0x26>
100031f6:	e795      	b.n	10003124 <_ntoa_format+0x48>
100031f8:	f1b9 0f10 	cmp.w	r9, #16
100031fc:	d1b3      	bne.n	10003166 <_ntoa_format+0x8a>
100031fe:	06be      	lsls	r6, r7, #26
10003200:	d53b      	bpl.n	1000327a <_ntoa_format+0x19e>
10003202:	2c20      	cmp	r4, #32
10003204:	d0af      	beq.n	10003166 <_ntoa_format+0x8a>
10003206:	2658      	movs	r6, #88	@ 0x58
10003208:	f808 6004 	strb.w	r6, [r8, r4]
1000320c:	3401      	adds	r4, #1
1000320e:	e7a8      	b.n	10003162 <_ntoa_format+0x86>
10003210:	2c20      	cmp	r4, #32
10003212:	d0a8      	beq.n	10003166 <_ntoa_format+0x8a>
10003214:	4626      	mov	r6, r4
10003216:	3401      	adds	r4, #1
10003218:	e007      	b.n	1000322a <_ntoa_format+0x14e>
1000321a:	1e66      	subs	r6, r4, #1
1000321c:	d0b9      	beq.n	10003192 <_ntoa_format+0xb6>
1000321e:	f1b9 0f10 	cmp.w	r9, #16
10003222:	d036      	beq.n	10003292 <_ntoa_format+0x1b6>
10003224:	f1b9 0f02 	cmp.w	r9, #2
10003228:	d1c9      	bne.n	100031be <_ntoa_format+0xe2>
1000322a:	f04f 0c62 	mov.w	ip, #98	@ 0x62
1000322e:	f808 c006 	strb.w	ip, [r8, r6]
10003232:	e796      	b.n	10003162 <_ntoa_format+0x86>
10003234:	f017 0f10 	tst.w	r7, #16
10003238:	d0c5      	beq.n	100031c6 <_ntoa_format+0xea>
1000323a:	f417 6f80 	tst.w	r7, #1024	@ 0x400
1000323e:	d086      	beq.n	1000314e <_ntoa_format+0x72>
10003240:	e789      	b.n	10003156 <_ntoa_format+0x7a>
10003242:	073e      	lsls	r6, r7, #28
10003244:	d590      	bpl.n	10003168 <_ntoa_format+0x8c>
10003246:	2620      	movs	r6, #32
10003248:	f808 6004 	strb.w	r6, [r8, r4]
1000324c:	3401      	adds	r4, #1
1000324e:	e78b      	b.n	10003168 <_ntoa_format+0x8c>
10003250:	f017 0f0c 	tst.w	r7, #12
10003254:	d000      	beq.n	10003258 <_ntoa_format+0x17c>
10003256:	3d01      	subs	r5, #1
10003258:	42b4      	cmp	r4, r6
1000325a:	f4ff af52 	bcc.w	10003102 <_ntoa_format+0x26>
1000325e:	e761      	b.n	10003124 <_ntoa_format+0x48>
10003260:	06bc      	lsls	r4, r7, #26
10003262:	d412      	bmi.n	1000328a <_ntoa_format+0x1ae>
10003264:	2478      	movs	r4, #120	@ 0x78
10003266:	f888 4000 	strb.w	r4, [r8]
1000326a:	2430      	movs	r4, #48	@ 0x30
1000326c:	f888 4001 	strb.w	r4, [r8, #1]
10003270:	2402      	movs	r4, #2
10003272:	f1ba 0f00 	cmp.w	sl, #0
10003276:	d099      	beq.n	100031ac <_ntoa_format+0xd0>
10003278:	e7aa      	b.n	100031d0 <_ntoa_format+0xf4>
1000327a:	2c20      	cmp	r4, #32
1000327c:	f43f af73 	beq.w	10003166 <_ntoa_format+0x8a>
10003280:	2678      	movs	r6, #120	@ 0x78
10003282:	f808 6004 	strb.w	r6, [r8, r4]
10003286:	3401      	adds	r4, #1
10003288:	e76b      	b.n	10003162 <_ntoa_format+0x86>
1000328a:	2458      	movs	r4, #88	@ 0x58
1000328c:	e7eb      	b.n	10003266 <_ntoa_format+0x18a>
1000328e:	2462      	movs	r4, #98	@ 0x62
10003290:	e7e9      	b.n	10003266 <_ntoa_format+0x18a>
10003292:	f017 0f20 	tst.w	r7, #32
10003296:	f1a4 0c02 	sub.w	ip, r4, #2
1000329a:	d004      	beq.n	100032a6 <_ntoa_format+0x1ca>
1000329c:	f04f 0e58 	mov.w	lr, #88	@ 0x58
100032a0:	f808 e00c 	strb.w	lr, [r8, ip]
100032a4:	e78b      	b.n	100031be <_ntoa_format+0xe2>
100032a6:	f04f 0e78 	mov.w	lr, #120	@ 0x78
100032aa:	f808 e00c 	strb.w	lr, [r8, ip]
100032ae:	e786      	b.n	100031be <_ntoa_format+0xe2>

100032b0 <_out_char>:
100032b0:	b900      	cbnz	r0, 100032b4 <_out_char+0x4>
100032b2:	4770      	bx	lr
100032b4:	f001 bb3c 	b.w	10004930 <__wrap_putchar>

100032b8 <_ftoa>:
100032b8:	e92d 4ff0 	stmdb	sp!, {r4, r5, r6, r7, r8, r9, sl, fp, lr}
100032bc:	b097      	sub	sp, #92	@ 0x5c
100032be:	ed9d 7b20 	vldr	d7, [sp, #128]	@ 0x80
100032c2:	e9dd 5b22 	ldrd	r5, fp, [sp, #136]	@ 0x88
100032c6:	4607      	mov	r7, r0
100032c8:	4688      	mov	r8, r1
100032ca:	ec51 0b17 	vmov	r0, r1, d7
100032ce:	9c24      	ldr	r4, [sp, #144]	@ 0x90
100032d0:	4699      	mov	r9, r3
100032d2:	920c      	str	r2, [sp, #48]	@ 0x30
100032d4:	460b      	mov	r3, r1
100032d6:	4602      	mov	r2, r0
100032d8:	ed8d 7b04 	vstr	d7, [sp, #16]
100032dc:	9407      	str	r4, [sp, #28]
100032de:	f7ff fe1f 	bl	10002f20 <__wrap___aeabi_dcmpun>
100032e2:	2800      	cmp	r0, #0
100032e4:	f040 81f4 	bne.w	100036d0 <_ftoa+0x418>
100032e8:	e9dd 0104 	ldrd	r0, r1, [sp, #16]
100032ec:	f04f 32ff 	mov.w	r2, #4294967295	@ 0xffffffff
100032f0:	f46f 1380 	mvn.w	r3, #1048576	@ 0x100000
100032f4:	f7ff fe26 	bl	10002f44 <__wrap___aeabi_dcmplt>
100032f8:	2800      	cmp	r0, #0
100032fa:	f040 811b 	bne.w	10003534 <_ftoa+0x27c>
100032fe:	e9dd 0104 	ldrd	r0, r1, [sp, #16]
10003302:	f04f 32ff 	mov.w	r2, #4294967295	@ 0xffffffff
10003306:	4bac      	ldr	r3, [pc, #688]	@ (100035b8 <_ftoa+0x300>)
10003308:	f7ff fe58 	bl	10002fbc <__wrap___aeabi_dcmpgt>
1000330c:	2800      	cmp	r0, #0
1000330e:	f040 80ee 	bne.w	100034ee <_ftoa+0x236>
10003312:	e9dd 0104 	ldrd	r0, r1, [sp, #16]
10003316:	a3a4      	add	r3, pc, #656	@ (adr r3, 100035a8 <_ftoa+0x2f0>)
10003318:	e9d3 2300 	ldrd	r2, r3, [r3]
1000331c:	f7ff fe4e 	bl	10002fbc <__wrap___aeabi_dcmpgt>
10003320:	2800      	cmp	r0, #0
10003322:	f040 80d3 	bne.w	100034cc <_ftoa+0x214>
10003326:	e9dd 0104 	ldrd	r0, r1, [sp, #16]
1000332a:	a3a1      	add	r3, pc, #644	@ (adr r3, 100035b0 <_ftoa+0x2f8>)
1000332c:	e9d3 2300 	ldrd	r2, r3, [r3]
10003330:	f7ff fe08 	bl	10002f44 <__wrap___aeabi_dcmplt>
10003334:	2800      	cmp	r0, #0
10003336:	f040 80c9 	bne.w	100034cc <_ftoa+0x214>
1000333a:	e9dd 0104 	ldrd	r0, r1, [sp, #16]
1000333e:	2200      	movs	r2, #0
10003340:	2300      	movs	r3, #0
10003342:	f7ff fdff 	bl	10002f44 <__wrap___aeabi_dcmplt>
10003346:	2800      	cmp	r0, #0
10003348:	f040 80e8 	bne.w	1000351c <_ftoa+0x264>
1000334c:	4623      	mov	r3, r4
1000334e:	900d      	str	r0, [sp, #52]	@ 0x34
10003350:	f413 6f80 	tst.w	r3, #1024	@ 0x400
10003354:	bf08      	it	eq
10003356:	2506      	moveq	r5, #6
10003358:	2130      	movs	r1, #48	@ 0x30
1000335a:	462b      	mov	r3, r5
1000335c:	aa0e      	add	r2, sp, #56	@ 0x38
1000335e:	f1a5 0620 	sub.w	r6, r5, #32
10003362:	e005      	b.n	10003370 <_ftoa+0xb8>
10003364:	3b01      	subs	r3, #1
10003366:	42b3      	cmp	r3, r6
10003368:	f802 1b01 	strb.w	r1, [r2], #1
1000336c:	f000 8193 	beq.w	10003696 <_ftoa+0x3de>
10003370:	2b09      	cmp	r3, #9
10003372:	d8f7      	bhi.n	10003364 <_ftoa+0xac>
10003374:	461e      	mov	r6, r3
10003376:	1aed      	subs	r5, r5, r3
10003378:	e9dd 0104 	ldrd	r0, r1, [sp, #16]
1000337c:	f7ff fdac 	bl	10002ed8 <__wrap___aeabi_d2iz>
10003380:	4b8e      	ldr	r3, [pc, #568]	@ (100035bc <_ftoa+0x304>)
10003382:	4604      	mov	r4, r0
10003384:	eb03 03c6 	add.w	r3, r3, r6, lsl #3
10003388:	ed93 7b00 	vldr	d7, [r3]
1000338c:	ed8d 7b08 	vstr	d7, [sp, #32]
10003390:	f7ff fd7e 	bl	10002e90 <__wrap___aeabi_i2d>
10003394:	4602      	mov	r2, r0
10003396:	460b      	mov	r3, r1
10003398:	e9dd 0104 	ldrd	r0, r1, [sp, #16]
1000339c:	f7ff fcf0 	bl	10002d80 <__wrap___aeabi_dsub>
100033a0:	e9dd 2308 	ldrd	r2, r3, [sp, #32]
100033a4:	f7ff fd00 	bl	10002da8 <__wrap___aeabi_dmul>
100033a8:	4602      	mov	r2, r0
100033aa:	460b      	mov	r3, r1
100033ac:	e9cd 230a 	strd	r2, r3, [sp, #40]	@ 0x28
100033b0:	f7ff fda4 	bl	10002efc <__wrap___aeabi_d2uiz>
100033b4:	4682      	mov	sl, r0
100033b6:	f7ff fd7d 	bl	10002eb4 <__wrap___aeabi_ui2d>
100033ba:	4602      	mov	r2, r0
100033bc:	460b      	mov	r3, r1
100033be:	e9dd 010a 	ldrd	r0, r1, [sp, #40]	@ 0x28
100033c2:	f7ff fcdd 	bl	10002d80 <__wrap___aeabi_dsub>
100033c6:	4602      	mov	r2, r0
100033c8:	460b      	mov	r3, r1
100033ca:	e9cd 230a 	strd	r2, r3, [sp, #40]	@ 0x28
100033ce:	2200      	movs	r2, #0
100033d0:	4b7b      	ldr	r3, [pc, #492]	@ (100035c0 <_ftoa+0x308>)
100033d2:	f7ff fdf3 	bl	10002fbc <__wrap___aeabi_dcmpgt>
100033d6:	2800      	cmp	r0, #0
100033d8:	f000 80fe 	beq.w	100035d8 <_ftoa+0x320>
100033dc:	f10a 0a01 	add.w	sl, sl, #1
100033e0:	4650      	mov	r0, sl
100033e2:	f7ff fd67 	bl	10002eb4 <__wrap___aeabi_ui2d>
100033e6:	4602      	mov	r2, r0
100033e8:	460b      	mov	r3, r1
100033ea:	e9dd 0108 	ldrd	r0, r1, [sp, #32]
100033ee:	f7ff fdbd 	bl	10002f6c <__wrap___aeabi_dcmple>
100033f2:	b110      	cbz	r0, 100033fa <_ftoa+0x142>
100033f4:	f04f 0a00 	mov.w	sl, #0
100033f8:	3401      	adds	r4, #1
100033fa:	2e00      	cmp	r6, #0
100033fc:	f000 80fd 	beq.w	100035fa <_ftoa+0x342>
10003400:	1e68      	subs	r0, r5, #1
10003402:	ab0e      	add	r3, sp, #56	@ 0x38
10003404:	f8df c1cc 	ldr.w	ip, [pc, #460]	@ 100035d4 <_ftoa+0x31c>
10003408:	4418      	add	r0, r3
1000340a:	e00f      	b.n	1000342c <_ftoa+0x174>
1000340c:	fbac 210a 	umull	r2, r1, ip, sl
10003410:	08c9      	lsrs	r1, r1, #3
10003412:	eb01 0281 	add.w	r2, r1, r1, lsl #2
10003416:	ebaa 0242 	sub.w	r2, sl, r2, lsl #1
1000341a:	3230      	adds	r2, #48	@ 0x30
1000341c:	f1ba 0f09 	cmp.w	sl, #9
10003420:	f800 2f01 	strb.w	r2, [r0, #1]!
10003424:	f240 811c 	bls.w	10003660 <_ftoa+0x3a8>
10003428:	468a      	mov	sl, r1
1000342a:	461d      	mov	r5, r3
1000342c:	2d20      	cmp	r5, #32
1000342e:	f105 0301 	add.w	r3, r5, #1
10003432:	f106 36ff 	add.w	r6, r6, #4294967295	@ 0xffffffff
10003436:	d1e9      	bne.n	1000340c <_ftoa+0x154>
10003438:	2520      	movs	r5, #32
1000343a:	1e69      	subs	r1, r5, #1
1000343c:	ab0e      	add	r3, sp, #56	@ 0x38
1000343e:	4861      	ldr	r0, [pc, #388]	@ (100035c4 <_ftoa+0x30c>)
10003440:	4419      	add	r1, r3
10003442:	e010      	b.n	10003466 <_ftoa+0x1ae>
10003444:	fb80 6204 	smull	r6, r2, r0, r4
10003448:	ebc3 03a2 	rsb	r3, r3, r2, asr #2
1000344c:	eb03 0283 	add.w	r2, r3, r3, lsl #2
10003450:	eba4 0442 	sub.w	r4, r4, r2, lsl #1
10003454:	f104 0230 	add.w	r2, r4, #48	@ 0x30
10003458:	3501      	adds	r5, #1
1000345a:	461c      	mov	r4, r3
1000345c:	f801 2f01 	strb.w	r2, [r1, #1]!
10003460:	2b00      	cmp	r3, #0
10003462:	f000 80eb 	beq.w	1000363c <_ftoa+0x384>
10003466:	2d20      	cmp	r5, #32
10003468:	ea4f 73e4 	mov.w	r3, r4, asr #31
1000346c:	d1ea      	bne.n	10003444 <_ftoa+0x18c>
1000346e:	9b07      	ldr	r3, [sp, #28]
10003470:	f003 0303 	and.w	r3, r3, #3
10003474:	2b01      	cmp	r3, #1
10003476:	d118      	bne.n	100034aa <_ftoa+0x1f2>
10003478:	f1bb 0f00 	cmp.w	fp, #0
1000347c:	d015      	beq.n	100034aa <_ftoa+0x1f2>
1000347e:	9b0d      	ldr	r3, [sp, #52]	@ 0x34
10003480:	2b00      	cmp	r3, #0
10003482:	f000 810a 	beq.w	1000369a <_ftoa+0x3e2>
10003486:	f10b 3bff 	add.w	fp, fp, #4294967295	@ 0xffffffff
1000348a:	f1bb 0f20 	cmp.w	fp, #32
1000348e:	d90c      	bls.n	100034aa <_ftoa+0x1f2>
10003490:	1e6b      	subs	r3, r5, #1
10003492:	a90e      	add	r1, sp, #56	@ 0x38
10003494:	2230      	movs	r2, #48	@ 0x30
10003496:	440b      	add	r3, r1
10003498:	e005      	b.n	100034a6 <_ftoa+0x1ee>
1000349a:	3501      	adds	r5, #1
1000349c:	455d      	cmp	r5, fp
1000349e:	f803 2f01 	strb.w	r2, [r3, #1]!
100034a2:	f080 80d1 	bcs.w	10003648 <_ftoa+0x390>
100034a6:	2d20      	cmp	r5, #32
100034a8:	d1f7      	bne.n	1000349a <_ftoa+0x1e2>
100034aa:	9b07      	ldr	r3, [sp, #28]
100034ac:	ac0e      	add	r4, sp, #56	@ 0x38
100034ae:	e9cd b302 	strd	fp, r3, [sp, #8]
100034b2:	4641      	mov	r1, r8
100034b4:	464b      	mov	r3, r9
100034b6:	4638      	mov	r0, r7
100034b8:	9a0c      	ldr	r2, [sp, #48]	@ 0x30
100034ba:	9501      	str	r5, [sp, #4]
100034bc:	9400      	str	r4, [sp, #0]
100034be:	f7ff fdbf 	bl	10003040 <_out_rev>
100034c2:	4682      	mov	sl, r0
100034c4:	4650      	mov	r0, sl
100034c6:	b017      	add	sp, #92	@ 0x5c
100034c8:	e8bd 8ff0 	ldmia.w	sp!, {r4, r5, r6, r7, r8, r9, sl, fp, pc}
100034cc:	9b07      	ldr	r3, [sp, #28]
100034ce:	ed9d 7b04 	vldr	d7, [sp, #16]
100034d2:	e9cd b323 	strd	fp, r3, [sp, #140]	@ 0x8c
100034d6:	4641      	mov	r1, r8
100034d8:	464b      	mov	r3, r9
100034da:	4638      	mov	r0, r7
100034dc:	9a0c      	ldr	r2, [sp, #48]	@ 0x30
100034de:	ed8d 7b20 	vstr	d7, [sp, #128]	@ 0x80
100034e2:	9522      	str	r5, [sp, #136]	@ 0x88
100034e4:	b017      	add	sp, #92	@ 0x5c
100034e6:	e8bd 4ff0 	ldmia.w	sp!, {r4, r5, r6, r7, r8, r9, sl, fp, lr}
100034ea:	f000 b945 	b.w	10003778 <_etoa>
100034ee:	0761      	lsls	r1, r4, #29
100034f0:	4623      	mov	r3, r4
100034f2:	bf4c      	ite	mi
100034f4:	2304      	movmi	r3, #4
100034f6:	2303      	movpl	r3, #3
100034f8:	4641      	mov	r1, r8
100034fa:	9321      	str	r3, [sp, #132]	@ 0x84
100034fc:	4638      	mov	r0, r7
100034fe:	464b      	mov	r3, r9
10003500:	9a07      	ldr	r2, [sp, #28]
10003502:	bf48      	it	mi
10003504:	4c30      	ldrmi	r4, [pc, #192]	@ (100035c8 <_ftoa+0x310>)
10003506:	e9cd b222 	strd	fp, r2, [sp, #136]	@ 0x88
1000350a:	bf58      	it	pl
1000350c:	4c2f      	ldrpl	r4, [pc, #188]	@ (100035cc <_ftoa+0x314>)
1000350e:	9a0c      	ldr	r2, [sp, #48]	@ 0x30
10003510:	9420      	str	r4, [sp, #128]	@ 0x80
10003512:	b017      	add	sp, #92	@ 0x5c
10003514:	e8bd 4ff0 	ldmia.w	sp!, {r4, r5, r6, r7, r8, r9, sl, fp, lr}
10003518:	f7ff bd92 	b.w	10003040 <_out_rev>
1000351c:	e9dd 2304 	ldrd	r2, r3, [sp, #16]
10003520:	2000      	movs	r0, #0
10003522:	2100      	movs	r1, #0
10003524:	f7ff fc2c 	bl	10002d80 <__wrap___aeabi_dsub>
10003528:	2301      	movs	r3, #1
1000352a:	e9cd 0104 	strd	r0, r1, [sp, #16]
1000352e:	930d      	str	r3, [sp, #52]	@ 0x34
10003530:	4623      	mov	r3, r4
10003532:	e70d      	b.n	10003350 <_ftoa+0x98>
10003534:	4623      	mov	r3, r4
10003536:	079c      	lsls	r4, r3, #30
10003538:	f040 80aa 	bne.w	10003690 <_ftoa+0x3d8>
1000353c:	f1bb 0f04 	cmp.w	fp, #4
10003540:	f240 80a6 	bls.w	10003690 <_ftoa+0x3d8>
10003544:	9b0c      	ldr	r3, [sp, #48]	@ 0x30
10003546:	461d      	mov	r5, r3
10003548:	1f1c      	subs	r4, r3, #4
1000354a:	eb04 0a0b 	add.w	sl, r4, fp
1000354e:	462a      	mov	r2, r5
10003550:	464b      	mov	r3, r9
10003552:	4641      	mov	r1, r8
10003554:	2020      	movs	r0, #32
10003556:	3501      	adds	r5, #1
10003558:	47b8      	blx	r7
1000355a:	45aa      	cmp	sl, r5
1000355c:	d1f7      	bne.n	1000354e <_ftoa+0x296>
1000355e:	4655      	mov	r5, sl
10003560:	4c1b      	ldr	r4, [pc, #108]	@ (100035d0 <_ftoa+0x318>)
10003562:	1f26      	subs	r6, r4, #4
10003564:	f814 0d01 	ldrb.w	r0, [r4, #-1]!
10003568:	462a      	mov	r2, r5
1000356a:	464b      	mov	r3, r9
1000356c:	4641      	mov	r1, r8
1000356e:	47b8      	blx	r7
10003570:	42b4      	cmp	r4, r6
10003572:	f105 0501 	add.w	r5, r5, #1
10003576:	d1f5      	bne.n	10003564 <_ftoa+0x2ac>
10003578:	9b07      	ldr	r3, [sp, #28]
1000357a:	f10a 0a04 	add.w	sl, sl, #4
1000357e:	0798      	lsls	r0, r3, #30
10003580:	d5a0      	bpl.n	100034c4 <_ftoa+0x20c>
10003582:	9c0c      	ldr	r4, [sp, #48]	@ 0x30
10003584:	ebaa 0304 	sub.w	r3, sl, r4
10003588:	459b      	cmp	fp, r3
1000358a:	d99b      	bls.n	100034c4 <_ftoa+0x20c>
1000358c:	4652      	mov	r2, sl
1000358e:	464b      	mov	r3, r9
10003590:	4641      	mov	r1, r8
10003592:	2020      	movs	r0, #32
10003594:	f10a 0a01 	add.w	sl, sl, #1
10003598:	47b8      	blx	r7
1000359a:	ebaa 0304 	sub.w	r3, sl, r4
1000359e:	455b      	cmp	r3, fp
100035a0:	d3f4      	bcc.n	1000358c <_ftoa+0x2d4>
100035a2:	e78f      	b.n	100034c4 <_ftoa+0x20c>
100035a4:	f3af 8000 	nop.w
100035a8:	00000000 	.word	0x00000000
100035ac:	41cdcd65 	.word	0x41cdcd65
100035b0:	00000000 	.word	0x00000000
100035b4:	c1cdcd65 	.word	0xc1cdcd65
100035b8:	7fefffff 	.word	0x7fefffff
100035bc:	100089e8 	.word	0x100089e8
100035c0:	3fe00000 	.word	0x3fe00000
100035c4:	66666667 	.word	0x66666667
100035c8:	10005acc 	.word	0x10005acc
100035cc:	10005ad4 	.word	0x10005ad4
100035d0:	10005ae0 	.word	0x10005ae0
100035d4:	cccccccd 	.word	0xcccccccd
100035d8:	2200      	movs	r2, #0
100035da:	e9dd 010a 	ldrd	r0, r1, [sp, #40]	@ 0x28
100035de:	4b63      	ldr	r3, [pc, #396]	@ (1000376c <_ftoa+0x4b4>)
100035e0:	f7ff fcb0 	bl	10002f44 <__wrap___aeabi_dcmplt>
100035e4:	2800      	cmp	r0, #0
100035e6:	f47f af08 	bne.w	100033fa <_ftoa+0x142>
100035ea:	f1ba 0f00 	cmp.w	sl, #0
100035ee:	d16a      	bne.n	100036c6 <_ftoa+0x40e>
100035f0:	f10a 0a01 	add.w	sl, sl, #1
100035f4:	2e00      	cmp	r6, #0
100035f6:	f47f af03 	bne.w	10003400 <_ftoa+0x148>
100035fa:	4620      	mov	r0, r4
100035fc:	f7ff fc48 	bl	10002e90 <__wrap___aeabi_i2d>
10003600:	4602      	mov	r2, r0
10003602:	460b      	mov	r3, r1
10003604:	e9dd 0104 	ldrd	r0, r1, [sp, #16]
10003608:	f7ff fbba 	bl	10002d80 <__wrap___aeabi_dsub>
1000360c:	4602      	mov	r2, r0
1000360e:	460b      	mov	r3, r1
10003610:	e9cd 2304 	strd	r2, r3, [sp, #16]
10003614:	2200      	movs	r2, #0
10003616:	4b55      	ldr	r3, [pc, #340]	@ (1000376c <_ftoa+0x4b4>)
10003618:	f7ff fc94 	bl	10002f44 <__wrap___aeabi_dcmplt>
1000361c:	2800      	cmp	r0, #0
1000361e:	f47f af0c 	bne.w	1000343a <_ftoa+0x182>
10003622:	e9dd 0104 	ldrd	r0, r1, [sp, #16]
10003626:	2200      	movs	r2, #0
10003628:	4b50      	ldr	r3, [pc, #320]	@ (1000376c <_ftoa+0x4b4>)
1000362a:	f7ff fcc7 	bl	10002fbc <__wrap___aeabi_dcmpgt>
1000362e:	2800      	cmp	r0, #0
10003630:	f47f af03 	bne.w	1000343a <_ftoa+0x182>
10003634:	3401      	adds	r4, #1
10003636:	f024 0401 	bic.w	r4, r4, #1
1000363a:	e6fe      	b.n	1000343a <_ftoa+0x182>
1000363c:	9b07      	ldr	r3, [sp, #28]
1000363e:	f003 0303 	and.w	r3, r3, #3
10003642:	2b01      	cmp	r3, #1
10003644:	f000 8082 	beq.w	1000374c <_ftoa+0x494>
10003648:	2d20      	cmp	r5, #32
1000364a:	f43f af2e 	beq.w	100034aa <_ftoa+0x1f2>
1000364e:	9b0d      	ldr	r3, [sp, #52]	@ 0x34
10003650:	b37b      	cbz	r3, 100036b2 <_ftoa+0x3fa>
10003652:	222d      	movs	r2, #45	@ 0x2d
10003654:	eb0d 0305 	add.w	r3, sp, r5
10003658:	f883 2038 	strb.w	r2, [r3, #56]	@ 0x38
1000365c:	3501      	adds	r5, #1
1000365e:	e724      	b.n	100034aa <_ftoa+0x1f2>
10003660:	2b20      	cmp	r3, #32
10003662:	f43f aee9 	beq.w	10003438 <_ftoa+0x180>
10003666:	aa0e      	add	r2, sp, #56	@ 0x38
10003668:	4415      	add	r5, r2
1000366a:	441e      	add	r6, r3
1000366c:	2230      	movs	r2, #48	@ 0x30
1000366e:	e004      	b.n	1000367a <_ftoa+0x3c2>
10003670:	2b20      	cmp	r3, #32
10003672:	f805 2f01 	strb.w	r2, [r5, #1]!
10003676:	f43f aedf 	beq.w	10003438 <_ftoa+0x180>
1000367a:	429e      	cmp	r6, r3
1000367c:	f103 0301 	add.w	r3, r3, #1
10003680:	d1f6      	bne.n	10003670 <_ftoa+0x3b8>
10003682:	222e      	movs	r2, #46	@ 0x2e
10003684:	eb0d 0306 	add.w	r3, sp, r6
10003688:	f883 2038 	strb.w	r2, [r3, #56]	@ 0x38
1000368c:	1c75      	adds	r5, r6, #1
1000368e:	e6d4      	b.n	1000343a <_ftoa+0x182>
10003690:	f8dd a030 	ldr.w	sl, [sp, #48]	@ 0x30
10003694:	e763      	b.n	1000355e <_ftoa+0x2a6>
10003696:	2520      	movs	r5, #32
10003698:	e66e      	b.n	10003378 <_ftoa+0xc0>
1000369a:	9b07      	ldr	r3, [sp, #28]
1000369c:	f013 0f0c 	tst.w	r3, #12
100036a0:	d050      	beq.n	10003744 <_ftoa+0x48c>
100036a2:	f10b 3bff 	add.w	fp, fp, #4294967295	@ 0xffffffff
100036a6:	45ab      	cmp	fp, r5
100036a8:	f63f aef2 	bhi.w	10003490 <_ftoa+0x1d8>
100036ac:	2d20      	cmp	r5, #32
100036ae:	f43f aefc 	beq.w	100034aa <_ftoa+0x1f2>
100036b2:	9b07      	ldr	r3, [sp, #28]
100036b4:	075a      	lsls	r2, r3, #29
100036b6:	d501      	bpl.n	100036bc <_ftoa+0x404>
100036b8:	222b      	movs	r2, #43	@ 0x2b
100036ba:	e7cb      	b.n	10003654 <_ftoa+0x39c>
100036bc:	071b      	lsls	r3, r3, #28
100036be:	f57f aef4 	bpl.w	100034aa <_ftoa+0x1f2>
100036c2:	2220      	movs	r2, #32
100036c4:	e7c6      	b.n	10003654 <_ftoa+0x39c>
100036c6:	f01a 0f01 	tst.w	sl, #1
100036ca:	f43f ae96 	beq.w	100033fa <_ftoa+0x142>
100036ce:	e78f      	b.n	100035f0 <_ftoa+0x338>
100036d0:	07a6      	lsls	r6, r4, #30
100036d2:	d134      	bne.n	1000373e <_ftoa+0x486>
100036d4:	f1bb 0f03 	cmp.w	fp, #3
100036d8:	d931      	bls.n	1000373e <_ftoa+0x486>
100036da:	9b0c      	ldr	r3, [sp, #48]	@ 0x30
100036dc:	461d      	mov	r5, r3
100036de:	1edc      	subs	r4, r3, #3
100036e0:	eb04 0a0b 	add.w	sl, r4, fp
100036e4:	462a      	mov	r2, r5
100036e6:	464b      	mov	r3, r9
100036e8:	4641      	mov	r1, r8
100036ea:	2020      	movs	r0, #32
100036ec:	3501      	adds	r5, #1
100036ee:	47b8      	blx	r7
100036f0:	4555      	cmp	r5, sl
100036f2:	d1f7      	bne.n	100036e4 <_ftoa+0x42c>
100036f4:	4655      	mov	r5, sl
100036f6:	4c1e      	ldr	r4, [pc, #120]	@ (10003770 <_ftoa+0x4b8>)
100036f8:	1ee6      	subs	r6, r4, #3
100036fa:	f814 0d01 	ldrb.w	r0, [r4, #-1]!
100036fe:	462a      	mov	r2, r5
10003700:	464b      	mov	r3, r9
10003702:	4641      	mov	r1, r8
10003704:	47b8      	blx	r7
10003706:	42a6      	cmp	r6, r4
10003708:	f105 0501 	add.w	r5, r5, #1
1000370c:	d1f5      	bne.n	100036fa <_ftoa+0x442>
1000370e:	9b07      	ldr	r3, [sp, #28]
10003710:	f10a 0a03 	add.w	sl, sl, #3
10003714:	079d      	lsls	r5, r3, #30
10003716:	f57f aed5 	bpl.w	100034c4 <_ftoa+0x20c>
1000371a:	9c0c      	ldr	r4, [sp, #48]	@ 0x30
1000371c:	ebaa 0304 	sub.w	r3, sl, r4
10003720:	459b      	cmp	fp, r3
10003722:	f67f aecf 	bls.w	100034c4 <_ftoa+0x20c>
10003726:	4652      	mov	r2, sl
10003728:	464b      	mov	r3, r9
1000372a:	4641      	mov	r1, r8
1000372c:	2020      	movs	r0, #32
1000372e:	f10a 0a01 	add.w	sl, sl, #1
10003732:	47b8      	blx	r7
10003734:	ebaa 0304 	sub.w	r3, sl, r4
10003738:	459b      	cmp	fp, r3
1000373a:	d8f4      	bhi.n	10003726 <_ftoa+0x46e>
1000373c:	e6c2      	b.n	100034c4 <_ftoa+0x20c>
1000373e:	f8dd a030 	ldr.w	sl, [sp, #48]	@ 0x30
10003742:	e7d7      	b.n	100036f4 <_ftoa+0x43c>
10003744:	45ab      	cmp	fp, r5
10003746:	f63f aea3 	bhi.w	10003490 <_ftoa+0x1d8>
1000374a:	e6ae      	b.n	100034aa <_ftoa+0x1f2>
1000374c:	f1bb 0f00 	cmp.w	fp, #0
10003750:	f43f af7a 	beq.w	10003648 <_ftoa+0x390>
10003754:	9b0d      	ldr	r3, [sp, #52]	@ 0x34
10003756:	2b00      	cmp	r3, #0
10003758:	d09f      	beq.n	1000369a <_ftoa+0x3e2>
1000375a:	f10b 3bff 	add.w	fp, fp, #4294967295	@ 0xffffffff
1000375e:	455d      	cmp	r5, fp
10003760:	f4ff ae96 	bcc.w	10003490 <_ftoa+0x1d8>
10003764:	2d20      	cmp	r5, #32
10003766:	f47f af74 	bne.w	10003652 <_ftoa+0x39a>
1000376a:	e69e      	b.n	100034aa <_ftoa+0x1f2>
1000376c:	3fe00000 	.word	0x3fe00000
10003770:	10005adb 	.word	0x10005adb
10003774:	00000000 	.word	0x00000000

10003778 <_etoa>:
10003778:	e92d 4ff0 	stmdb	sp!, {r4, r5, r6, r7, r8, r9, sl, fp, lr}
1000377c:	b09f      	sub	sp, #124	@ 0x7c
1000377e:	9e2a      	ldr	r6, [sp, #168]	@ 0xa8
10003780:	e9dd 4528 	ldrd	r4, r5, [sp, #160]	@ 0xa0
10003784:	4607      	mov	r7, r0
10003786:	4693      	mov	fp, r2
10003788:	9108      	str	r1, [sp, #32]
1000378a:	9309      	str	r3, [sp, #36]	@ 0x24
1000378c:	4622      	mov	r2, r4
1000378e:	462b      	mov	r3, r5
10003790:	4620      	mov	r0, r4
10003792:	4629      	mov	r1, r5
10003794:	960e      	str	r6, [sp, #56]	@ 0x38
10003796:	e9dd a62b 	ldrd	sl, r6, [sp, #172]	@ 0xac
1000379a:	f7ff fbc1 	bl	10002f20 <__wrap___aeabi_dcmpun>
1000379e:	2800      	cmp	r0, #0
100037a0:	f040 80be 	bne.w	10003920 <_etoa+0x1a8>
100037a4:	4620      	mov	r0, r4
100037a6:	4629      	mov	r1, r5
100037a8:	f04f 32ff 	mov.w	r2, #4294967295	@ 0xffffffff
100037ac:	4b78      	ldr	r3, [pc, #480]	@ (10003990 <_etoa+0x218>)
100037ae:	f7ff fc05 	bl	10002fbc <__wrap___aeabi_dcmpgt>
100037b2:	2800      	cmp	r0, #0
100037b4:	f040 80b4 	bne.w	10003920 <_etoa+0x1a8>
100037b8:	4620      	mov	r0, r4
100037ba:	4629      	mov	r1, r5
100037bc:	f04f 32ff 	mov.w	r2, #4294967295	@ 0xffffffff
100037c0:	f46f 1380 	mvn.w	r3, #1048576	@ 0x100000
100037c4:	f7ff fbbe 	bl	10002f44 <__wrap___aeabi_dcmplt>
100037c8:	2800      	cmp	r0, #0
100037ca:	f040 80a9 	bne.w	10003920 <_etoa+0x1a8>
100037ce:	4620      	mov	r0, r4
100037d0:	4629      	mov	r1, r5
100037d2:	2200      	movs	r2, #0
100037d4:	2300      	movs	r3, #0
100037d6:	f7ff fbb5 	bl	10002f44 <__wrap___aeabi_dcmplt>
100037da:	2800      	cmp	r0, #0
100037dc:	f040 81d5 	bne.w	10003b8a <_etoa+0x412>
100037e0:	e9cd 450a 	strd	r4, r5, [sp, #40]	@ 0x28
100037e4:	e9dd 230a 	ldrd	r2, r3, [sp, #40]	@ 0x28
100037e8:	4690      	mov	r8, r2
100037ea:	4699      	mov	r9, r3
100037ec:	f406 6200 	and.w	r2, r6, #2048	@ 0x800
100037f0:	f416 6380 	ands.w	r3, r6, #1024	@ 0x400
100037f4:	920f      	str	r2, [sp, #60]	@ 0x3c
100037f6:	9313      	str	r3, [sp, #76]	@ 0x4c
100037f8:	f040 80a1 	bne.w	1000393e <_etoa+0x1c6>
100037fc:	ea58 0309 	orrs.w	r3, r8, r9
10003800:	f040 80ca 	bne.w	10003998 <_etoa+0x220>
10003804:	2a00      	cmp	r2, #0
10003806:	f040 81e3 	bne.w	10003bd0 <_etoa+0x458>
1000380a:	2306      	movs	r3, #6
1000380c:	930e      	str	r3, [sp, #56]	@ 0x38
1000380e:	f016 0202 	ands.w	r2, r6, #2
10003812:	9210      	str	r2, [sp, #64]	@ 0x40
10003814:	f040 81d4 	bne.w	10003bc0 <_etoa+0x448>
10003818:	4653      	mov	r3, sl
1000381a:	2b04      	cmp	r3, #4
1000381c:	bf38      	it	cc
1000381e:	2304      	movcc	r3, #4
10003820:	920c      	str	r2, [sp, #48]	@ 0x30
10003822:	2204      	movs	r2, #4
10003824:	3b04      	subs	r3, #4
10003826:	9212      	str	r2, [sp, #72]	@ 0x48
10003828:	930f      	str	r3, [sp, #60]	@ 0x3c
1000382a:	4620      	mov	r0, r4
1000382c:	4629      	mov	r1, r5
1000382e:	2200      	movs	r2, #0
10003830:	2300      	movs	r3, #0
10003832:	f7ff fb87 	bl	10002f44 <__wrap___aeabi_dcmplt>
10003836:	2800      	cmp	r0, #0
10003838:	f040 81f3 	bne.w	10003c22 <_etoa+0x4aa>
1000383c:	ed9d 7b0a 	vldr	d7, [sp, #40]	@ 0x28
10003840:	9b0f      	ldr	r3, [sp, #60]	@ 0x3c
10003842:	465a      	mov	r2, fp
10003844:	9303      	str	r3, [sp, #12]
10003846:	9b0e      	ldr	r3, [sp, #56]	@ 0x38
10003848:	ed8d 7b00 	vstr	d7, [sp]
1000384c:	9302      	str	r3, [sp, #8]
1000384e:	f426 6300 	bic.w	r3, r6, #2048	@ 0x800
10003852:	9304      	str	r3, [sp, #16]
10003854:	4638      	mov	r0, r7
10003856:	9b09      	ldr	r3, [sp, #36]	@ 0x24
10003858:	9908      	ldr	r1, [sp, #32]
1000385a:	f7ff fd2d 	bl	100032b8 <_ftoa>
1000385e:	4602      	mov	r2, r0
10003860:	f016 0f20 	tst.w	r6, #32
10003864:	9b09      	ldr	r3, [sp, #36]	@ 0x24
10003866:	9908      	ldr	r1, [sp, #32]
10003868:	bf0c      	ite	eq
1000386a:	2065      	moveq	r0, #101	@ 0x65
1000386c:	2045      	movne	r0, #69	@ 0x45
1000386e:	f102 0801 	add.w	r8, r2, #1
10003872:	47b8      	blx	r7
10003874:	9a0c      	ldr	r2, [sp, #48]	@ 0x30
10003876:	9b12      	ldr	r3, [sp, #72]	@ 0x48
10003878:	ac16      	add	r4, sp, #88	@ 0x58
1000387a:	1e5d      	subs	r5, r3, #1
1000387c:	ea82 73e2 	eor.w	r3, r2, r2, asr #31
10003880:	eba3 73e2 	sub.w	r3, r3, r2, asr #31
10003884:	0fd1      	lsrs	r1, r2, #31
10003886:	2600      	movs	r6, #0
10003888:	4622      	mov	r2, r4
1000388a:	4699      	mov	r9, r3
1000388c:	f8df c104 	ldr.w	ip, [pc, #260]	@ 10003994 <_etoa+0x21c>
10003890:	e001      	b.n	10003896 <_etoa+0x11e>
10003892:	2e20      	cmp	r6, #32
10003894:	d010      	beq.n	100038b8 <_etoa+0x140>
10003896:	46ce      	mov	lr, r9
10003898:	fbac 3009 	umull	r3, r0, ip, r9
1000389c:	08c0      	lsrs	r0, r0, #3
1000389e:	eb00 0380 	add.w	r3, r0, r0, lsl #2
100038a2:	eba9 0343 	sub.w	r3, r9, r3, lsl #1
100038a6:	3330      	adds	r3, #48	@ 0x30
100038a8:	f1be 0f09 	cmp.w	lr, #9
100038ac:	4681      	mov	r9, r0
100038ae:	f106 0601 	add.w	r6, r6, #1
100038b2:	f802 3b01 	strb.w	r3, [r2], #1
100038b6:	d8ec      	bhi.n	10003892 <_etoa+0x11a>
100038b8:	2305      	movs	r3, #5
100038ba:	2000      	movs	r0, #0
100038bc:	9306      	str	r3, [sp, #24]
100038be:	230a      	movs	r3, #10
100038c0:	9505      	str	r5, [sp, #20]
100038c2:	9400      	str	r4, [sp, #0]
100038c4:	9d09      	ldr	r5, [sp, #36]	@ 0x24
100038c6:	9c08      	ldr	r4, [sp, #32]
100038c8:	4642      	mov	r2, r8
100038ca:	e9cd 3003 	strd	r3, r0, [sp, #12]
100038ce:	e9cd 6101 	strd	r6, r1, [sp, #4]
100038d2:	462b      	mov	r3, r5
100038d4:	4621      	mov	r1, r4
100038d6:	4638      	mov	r0, r7
100038d8:	f7ff fc00 	bl	100030dc <_ntoa_format>
100038dc:	9a10      	ldr	r2, [sp, #64]	@ 0x40
100038de:	4680      	mov	r8, r0
100038e0:	b1d2      	cbz	r2, 10003918 <_etoa+0x1a0>
100038e2:	eba0 060b 	sub.w	r6, r0, fp
100038e6:	45b2      	cmp	sl, r6
100038e8:	d916      	bls.n	10003918 <_etoa+0x1a0>
100038ea:	eb0b 0206 	add.w	r2, fp, r6
100038ee:	462b      	mov	r3, r5
100038f0:	4621      	mov	r1, r4
100038f2:	2020      	movs	r0, #32
100038f4:	3601      	adds	r6, #1
100038f6:	47b8      	blx	r7
100038f8:	45b2      	cmp	sl, r6
100038fa:	d8f6      	bhi.n	100038ea <_etoa+0x172>
100038fc:	f10b 33ff 	add.w	r3, fp, #4294967295	@ 0xffffffff
10003900:	4453      	add	r3, sl
10003902:	f1cb 0201 	rsb	r2, fp, #1
10003906:	eba3 0308 	sub.w	r3, r3, r8
1000390a:	4442      	add	r2, r8
1000390c:	4592      	cmp	sl, r2
1000390e:	bf38      	it	cc
10003910:	2300      	movcc	r3, #0
10003912:	f108 0801 	add.w	r8, r8, #1
10003916:	4498      	add	r8, r3
10003918:	4640      	mov	r0, r8
1000391a:	b01f      	add	sp, #124	@ 0x7c
1000391c:	e8bd 8ff0 	ldmia.w	sp!, {r4, r5, r6, r7, r8, r9, sl, fp, pc}
10003920:	465a      	mov	r2, fp
10003922:	4638      	mov	r0, r7
10003924:	e9cd 4528 	strd	r4, r5, [sp, #160]	@ 0xa0
10003928:	e9cd a62b 	strd	sl, r6, [sp, #172]	@ 0xac
1000392c:	9c0e      	ldr	r4, [sp, #56]	@ 0x38
1000392e:	9b09      	ldr	r3, [sp, #36]	@ 0x24
10003930:	9908      	ldr	r1, [sp, #32]
10003932:	942a      	str	r4, [sp, #168]	@ 0xa8
10003934:	b01f      	add	sp, #124	@ 0x7c
10003936:	e8bd 4ff0 	ldmia.w	sp!, {r4, r5, r6, r7, r8, r9, sl, fp, lr}
1000393a:	f7ff bcbd 	b.w	100032b8 <_ftoa>
1000393e:	ea58 0309 	orrs.w	r3, r8, r9
10003942:	d12b      	bne.n	1000399c <_etoa+0x224>
10003944:	2a00      	cmp	r2, #0
10003946:	f43f af62 	beq.w	1000380e <_etoa+0x96>
1000394a:	2300      	movs	r3, #0
1000394c:	930c      	str	r3, [sp, #48]	@ 0x30
1000394e:	9b0e      	ldr	r3, [sp, #56]	@ 0x38
10003950:	9a0c      	ldr	r2, [sp, #48]	@ 0x30
10003952:	4293      	cmp	r3, r2
10003954:	f300 81b9 	bgt.w	10003cca <_etoa+0x552>
10003958:	f04f 0800 	mov.w	r8, #0
1000395c:	4620      	mov	r0, r4
1000395e:	4629      	mov	r1, r5
10003960:	2200      	movs	r2, #0
10003962:	2300      	movs	r3, #0
10003964:	f7ff faee 	bl	10002f44 <__wrap___aeabi_dcmplt>
10003968:	2800      	cmp	r0, #0
1000396a:	f040 8113 	bne.w	10003b94 <_etoa+0x41c>
1000396e:	ed9d 7b0a 	vldr	d7, [sp, #40]	@ 0x28
10003972:	f426 6600 	bic.w	r6, r6, #2048	@ 0x800
10003976:	f446 6680 	orr.w	r6, r6, #1024	@ 0x400
1000397a:	ed8d 7b28 	vstr	d7, [sp, #160]	@ 0xa0
1000397e:	465a      	mov	r2, fp
10003980:	4638      	mov	r0, r7
10003982:	e9cd 8a2a 	strd	r8, sl, [sp, #168]	@ 0xa8
10003986:	9b09      	ldr	r3, [sp, #36]	@ 0x24
10003988:	9908      	ldr	r1, [sp, #32]
1000398a:	962c      	str	r6, [sp, #176]	@ 0xb0
1000398c:	e7d2      	b.n	10003934 <_etoa+0x1bc>
1000398e:	bf00      	nop
10003990:	7fefffff 	.word	0x7fefffff
10003994:	cccccccd 	.word	0xcccccccd
10003998:	2306      	movs	r3, #6
1000399a:	930e      	str	r3, [sp, #56]	@ 0x38
1000399c:	f3c9 500a 	ubfx	r0, r9, #20, #11
100039a0:	f2a0 30ff 	subw	r0, r0, #1023	@ 0x3ff
100039a4:	f7ff fa74 	bl	10002e90 <__wrap___aeabi_i2d>
100039a8:	a3c1      	add	r3, pc, #772	@ (adr r3, 10003cb0 <_etoa+0x538>)
100039aa:	e9d3 2300 	ldrd	r2, r3, [r3]
100039ae:	f7ff f9fb 	bl	10002da8 <__wrap___aeabi_dmul>
100039b2:	a3c1      	add	r3, pc, #772	@ (adr r3, 10003cb8 <_etoa+0x540>)
100039b4:	e9d3 2300 	ldrd	r2, r3, [r3]
100039b8:	f7ff f9ce 	bl	10002d58 <__wrap___aeabi_dadd>
100039bc:	f3c9 0913 	ubfx	r9, r9, #0, #20
100039c0:	e9cd 010c 	strd	r0, r1, [sp, #48]	@ 0x30
100039c4:	f049 517f 	orr.w	r1, r9, #1069547520	@ 0x3fc00000
100039c8:	4640      	mov	r0, r8
100039ca:	2200      	movs	r2, #0
100039cc:	4bb2      	ldr	r3, [pc, #712]	@ (10003c98 <_etoa+0x520>)
100039ce:	f441 1140 	orr.w	r1, r1, #3145728	@ 0x300000
100039d2:	f7ff f9d5 	bl	10002d80 <__wrap___aeabi_dsub>
100039d6:	a3a4      	add	r3, pc, #656	@ (adr r3, 10003c68 <_etoa+0x4f0>)
100039d8:	e9d3 2300 	ldrd	r2, r3, [r3]
100039dc:	f7ff f9e4 	bl	10002da8 <__wrap___aeabi_dmul>
100039e0:	4602      	mov	r2, r0
100039e2:	460b      	mov	r3, r1
100039e4:	e9dd 010c 	ldrd	r0, r1, [sp, #48]	@ 0x30
100039e8:	f7ff f9b6 	bl	10002d58 <__wrap___aeabi_dadd>
100039ec:	f7ff fa74 	bl	10002ed8 <__wrap___aeabi_d2iz>
100039f0:	900c      	str	r0, [sp, #48]	@ 0x30
100039f2:	f7ff fa4d 	bl	10002e90 <__wrap___aeabi_i2d>
100039f6:	a39e      	add	r3, pc, #632	@ (adr r3, 10003c70 <_etoa+0x4f8>)
100039f8:	e9d3 2300 	ldrd	r2, r3, [r3]
100039fc:	4680      	mov	r8, r0
100039fe:	4689      	mov	r9, r1
10003a00:	f7ff f9d2 	bl	10002da8 <__wrap___aeabi_dmul>
10003a04:	2200      	movs	r2, #0
10003a06:	4ba5      	ldr	r3, [pc, #660]	@ (10003c9c <_etoa+0x524>)
10003a08:	f7ff f9a6 	bl	10002d58 <__wrap___aeabi_dadd>
10003a0c:	f7ff fa64 	bl	10002ed8 <__wrap___aeabi_d2iz>
10003a10:	4603      	mov	r3, r0
10003a12:	4649      	mov	r1, r9
10003a14:	4640      	mov	r0, r8
10003a16:	9312      	str	r3, [sp, #72]	@ 0x48
10003a18:	a397      	add	r3, pc, #604	@ (adr r3, 10003c78 <_etoa+0x500>)
10003a1a:	e9d3 2300 	ldrd	r2, r3, [r3]
10003a1e:	f7ff f9c3 	bl	10002da8 <__wrap___aeabi_dmul>
10003a22:	4680      	mov	r8, r0
10003a24:	9812      	ldr	r0, [sp, #72]	@ 0x48
10003a26:	4689      	mov	r9, r1
10003a28:	f7ff fa32 	bl	10002e90 <__wrap___aeabi_i2d>
10003a2c:	a394      	add	r3, pc, #592	@ (adr r3, 10003c80 <_etoa+0x508>)
10003a2e:	e9d3 2300 	ldrd	r2, r3, [r3]
10003a32:	f7ff f9b9 	bl	10002da8 <__wrap___aeabi_dmul>
10003a36:	4602      	mov	r2, r0
10003a38:	460b      	mov	r3, r1
10003a3a:	4640      	mov	r0, r8
10003a3c:	4649      	mov	r1, r9
10003a3e:	f7ff f99f 	bl	10002d80 <__wrap___aeabi_dsub>
10003a42:	4602      	mov	r2, r0
10003a44:	460b      	mov	r3, r1
10003a46:	4680      	mov	r8, r0
10003a48:	4689      	mov	r9, r1
10003a4a:	f7ff f9ad 	bl	10002da8 <__wrap___aeabi_dmul>
10003a4e:	4642      	mov	r2, r8
10003a50:	464b      	mov	r3, r9
10003a52:	e9cd 0110 	strd	r0, r1, [sp, #64]	@ 0x40
10003a56:	4640      	mov	r0, r8
10003a58:	4649      	mov	r1, r9
10003a5a:	f7ff f97d 	bl	10002d58 <__wrap___aeabi_dadd>
10003a5e:	2200      	movs	r2, #0
10003a60:	e9cd 0114 	strd	r0, r1, [sp, #80]	@ 0x50
10003a64:	e9dd 0110 	ldrd	r0, r1, [sp, #64]	@ 0x40
10003a68:	4b8d      	ldr	r3, [pc, #564]	@ (10003ca0 <_etoa+0x528>)
10003a6a:	f7ff f9c3 	bl	10002df4 <__wrap___aeabi_ddiv>
10003a6e:	2200      	movs	r2, #0
10003a70:	4b8c      	ldr	r3, [pc, #560]	@ (10003ca4 <_etoa+0x52c>)
10003a72:	f7ff f971 	bl	10002d58 <__wrap___aeabi_dadd>
10003a76:	4602      	mov	r2, r0
10003a78:	460b      	mov	r3, r1
10003a7a:	e9dd 0110 	ldrd	r0, r1, [sp, #64]	@ 0x40
10003a7e:	f7ff f9b9 	bl	10002df4 <__wrap___aeabi_ddiv>
10003a82:	2200      	movs	r2, #0
10003a84:	4b88      	ldr	r3, [pc, #544]	@ (10003ca8 <_etoa+0x530>)
10003a86:	f7ff f967 	bl	10002d58 <__wrap___aeabi_dadd>
10003a8a:	4602      	mov	r2, r0
10003a8c:	460b      	mov	r3, r1
10003a8e:	e9dd 0110 	ldrd	r0, r1, [sp, #64]	@ 0x40
10003a92:	f7ff f9af 	bl	10002df4 <__wrap___aeabi_ddiv>
10003a96:	4642      	mov	r2, r8
10003a98:	464b      	mov	r3, r9
10003a9a:	4680      	mov	r8, r0
10003a9c:	4689      	mov	r9, r1
10003a9e:	2000      	movs	r0, #0
10003aa0:	f04f 4180 	mov.w	r1, #1073741824	@ 0x40000000
10003aa4:	f7ff f96c 	bl	10002d80 <__wrap___aeabi_dsub>
10003aa8:	4602      	mov	r2, r0
10003aaa:	460b      	mov	r3, r1
10003aac:	4640      	mov	r0, r8
10003aae:	4649      	mov	r1, r9
10003ab0:	f7ff f952 	bl	10002d58 <__wrap___aeabi_dadd>
10003ab4:	4602      	mov	r2, r0
10003ab6:	460b      	mov	r3, r1
10003ab8:	e9dd 0114 	ldrd	r0, r1, [sp, #80]	@ 0x50
10003abc:	f7ff f99a 	bl	10002df4 <__wrap___aeabi_ddiv>
10003ac0:	2200      	movs	r2, #0
10003ac2:	4b7a      	ldr	r3, [pc, #488]	@ (10003cac <_etoa+0x534>)
10003ac4:	f7ff f948 	bl	10002d58 <__wrap___aeabi_dadd>
10003ac8:	9b12      	ldr	r3, [sp, #72]	@ 0x48
10003aca:	2200      	movs	r2, #0
10003acc:	f203 3cff 	addw	ip, r3, #1023	@ 0x3ff
10003ad0:	ea4f 530c 	mov.w	r3, ip, lsl #20
10003ad4:	f7ff f968 	bl	10002da8 <__wrap___aeabi_dmul>
10003ad8:	4680      	mov	r8, r0
10003ada:	4689      	mov	r9, r1
10003adc:	e9dd 010a 	ldrd	r0, r1, [sp, #40]	@ 0x28
10003ae0:	4642      	mov	r2, r8
10003ae2:	464b      	mov	r3, r9
10003ae4:	f7ff fa2e 	bl	10002f44 <__wrap___aeabi_dcmplt>
10003ae8:	b150      	cbz	r0, 10003b00 <_etoa+0x388>
10003aea:	9b0c      	ldr	r3, [sp, #48]	@ 0x30
10003aec:	4640      	mov	r0, r8
10003aee:	3b01      	subs	r3, #1
10003af0:	4649      	mov	r1, r9
10003af2:	930c      	str	r3, [sp, #48]	@ 0x30
10003af4:	2200      	movs	r2, #0
10003af6:	4b6b      	ldr	r3, [pc, #428]	@ (10003ca4 <_etoa+0x52c>)
10003af8:	f7ff f97c 	bl	10002df4 <__wrap___aeabi_ddiv>
10003afc:	4680      	mov	r8, r0
10003afe:	4689      	mov	r9, r1
10003b00:	9a0c      	ldr	r2, [sp, #48]	@ 0x30
10003b02:	4643      	mov	r3, r8
10003b04:	3263      	adds	r2, #99	@ 0x63
10003b06:	2ac6      	cmp	r2, #198	@ 0xc6
10003b08:	f006 0202 	and.w	r2, r6, #2
10003b0c:	9210      	str	r2, [sp, #64]	@ 0x40
10003b0e:	4649      	mov	r1, r9
10003b10:	9a0f      	ldr	r2, [sp, #60]	@ 0x3c
10003b12:	d82c      	bhi.n	10003b6e <_etoa+0x3f6>
10003b14:	2a00      	cmp	r2, #0
10003b16:	d05e      	beq.n	10003bd6 <_etoa+0x45e>
10003b18:	2204      	movs	r2, #4
10003b1a:	9212      	str	r2, [sp, #72]	@ 0x48
10003b1c:	430b      	orrs	r3, r1
10003b1e:	f43f af16 	beq.w	1000394e <_etoa+0x1d6>
10003b22:	e9dd 010a 	ldrd	r0, r1, [sp, #40]	@ 0x28
10003b26:	a358      	add	r3, pc, #352	@ (adr r3, 10003c88 <_etoa+0x510>)
10003b28:	e9d3 2300 	ldrd	r2, r3, [r3]
10003b2c:	f7ff fa32 	bl	10002f94 <__wrap___aeabi_dcmpge>
10003b30:	b148      	cbz	r0, 10003b46 <_etoa+0x3ce>
10003b32:	e9dd 010a 	ldrd	r0, r1, [sp, #40]	@ 0x28
10003b36:	a356      	add	r3, pc, #344	@ (adr r3, 10003c90 <_etoa+0x518>)
10003b38:	e9d3 2300 	ldrd	r2, r3, [r3]
10003b3c:	f7ff fa02 	bl	10002f44 <__wrap___aeabi_dcmplt>
10003b40:	2800      	cmp	r0, #0
10003b42:	f47f af04 	bne.w	1000394e <_etoa+0x1d6>
10003b46:	9b0e      	ldr	r3, [sp, #56]	@ 0x38
10003b48:	2b00      	cmp	r3, #0
10003b4a:	d050      	beq.n	10003bee <_etoa+0x476>
10003b4c:	9a13      	ldr	r2, [sp, #76]	@ 0x4c
10003b4e:	2a00      	cmp	r2, #0
10003b50:	d07d      	beq.n	10003c4e <_etoa+0x4d6>
10003b52:	3b01      	subs	r3, #1
10003b54:	930e      	str	r3, [sp, #56]	@ 0x38
10003b56:	9b12      	ldr	r3, [sp, #72]	@ 0x48
10003b58:	459a      	cmp	sl, r3
10003b5a:	d905      	bls.n	10003b68 <_etoa+0x3f0>
10003b5c:	9b10      	ldr	r3, [sp, #64]	@ 0x40
10003b5e:	2b00      	cmp	r3, #0
10003b60:	f000 80ae 	beq.w	10003cc0 <_etoa+0x548>
10003b64:	2302      	movs	r3, #2
10003b66:	9310      	str	r3, [sp, #64]	@ 0x40
10003b68:	2300      	movs	r3, #0
10003b6a:	930f      	str	r3, [sp, #60]	@ 0x3c
10003b6c:	e044      	b.n	10003bf8 <_etoa+0x480>
10003b6e:	bb22      	cbnz	r2, 10003bba <_etoa+0x442>
10003b70:	f1ba 0f05 	cmp.w	sl, #5
10003b74:	d94f      	bls.n	10003c16 <_etoa+0x49e>
10003b76:	f006 0302 	and.w	r3, r6, #2
10003b7a:	2b00      	cmp	r3, #0
10003b7c:	d149      	bne.n	10003c12 <_etoa+0x49a>
10003b7e:	2305      	movs	r3, #5
10003b80:	9312      	str	r3, [sp, #72]	@ 0x48
10003b82:	f1aa 0305 	sub.w	r3, sl, #5
10003b86:	930f      	str	r3, [sp, #60]	@ 0x3c
10003b88:	e03a      	b.n	10003c00 <_etoa+0x488>
10003b8a:	f105 4300 	add.w	r3, r5, #2147483648	@ 0x80000000
10003b8e:	940a      	str	r4, [sp, #40]	@ 0x28
10003b90:	930b      	str	r3, [sp, #44]	@ 0x2c
10003b92:	e627      	b.n	100037e4 <_etoa+0x6c>
10003b94:	f426 6600 	bic.w	r6, r6, #2048	@ 0x800
10003b98:	f446 6680 	orr.w	r6, r6, #1024	@ 0x400
10003b9c:	4638      	mov	r0, r7
10003b9e:	962c      	str	r6, [sp, #176]	@ 0xb0
10003ba0:	e9dd 670a 	ldrd	r6, r7, [sp, #40]	@ 0x28
10003ba4:	4634      	mov	r4, r6
10003ba6:	f107 4500 	add.w	r5, r7, #2147483648	@ 0x80000000
10003baa:	465a      	mov	r2, fp
10003bac:	e9cd 8a2a 	strd	r8, sl, [sp, #168]	@ 0xa8
10003bb0:	e9cd 4528 	strd	r4, r5, [sp, #160]	@ 0xa0
10003bb4:	9b09      	ldr	r3, [sp, #36]	@ 0x24
10003bb6:	9908      	ldr	r1, [sp, #32]
10003bb8:	e6bc      	b.n	10003934 <_etoa+0x1bc>
10003bba:	2205      	movs	r2, #5
10003bbc:	9212      	str	r2, [sp, #72]	@ 0x48
10003bbe:	e7ad      	b.n	10003b1c <_etoa+0x3a4>
10003bc0:	2300      	movs	r3, #0
10003bc2:	2202      	movs	r2, #2
10003bc4:	e9cd 320f 	strd	r3, r2, [sp, #60]	@ 0x3c
10003bc8:	2204      	movs	r2, #4
10003bca:	930c      	str	r3, [sp, #48]	@ 0x30
10003bcc:	9212      	str	r2, [sp, #72]	@ 0x48
10003bce:	e62c      	b.n	1000382a <_etoa+0xb2>
10003bd0:	f04f 0805 	mov.w	r8, #5
10003bd4:	e6c2      	b.n	1000395c <_etoa+0x1e4>
10003bd6:	f1ba 0f04 	cmp.w	sl, #4
10003bda:	d91f      	bls.n	10003c1c <_etoa+0x4a4>
10003bdc:	9b10      	ldr	r3, [sp, #64]	@ 0x40
10003bde:	2b00      	cmp	r3, #0
10003be0:	d178      	bne.n	10003cd4 <_etoa+0x55c>
10003be2:	2304      	movs	r3, #4
10003be4:	9312      	str	r3, [sp, #72]	@ 0x48
10003be6:	f1aa 0304 	sub.w	r3, sl, #4
10003bea:	930f      	str	r3, [sp, #60]	@ 0x3c
10003bec:	e004      	b.n	10003bf8 <_etoa+0x480>
10003bee:	9b12      	ldr	r3, [sp, #72]	@ 0x48
10003bf0:	459a      	cmp	sl, r3
10003bf2:	d831      	bhi.n	10003c58 <_etoa+0x4e0>
10003bf4:	9b0e      	ldr	r3, [sp, #56]	@ 0x38
10003bf6:	930f      	str	r3, [sp, #60]	@ 0x3c
10003bf8:	9b0c      	ldr	r3, [sp, #48]	@ 0x30
10003bfa:	2b00      	cmp	r3, #0
10003bfc:	f43f ae15 	beq.w	1000382a <_etoa+0xb2>
10003c00:	e9dd 010a 	ldrd	r0, r1, [sp, #40]	@ 0x28
10003c04:	4642      	mov	r2, r8
10003c06:	464b      	mov	r3, r9
10003c08:	f7ff f8f4 	bl	10002df4 <__wrap___aeabi_ddiv>
10003c0c:	e9cd 010a 	strd	r0, r1, [sp, #40]	@ 0x28
10003c10:	e60b      	b.n	1000382a <_etoa+0xb2>
10003c12:	2302      	movs	r3, #2
10003c14:	9310      	str	r3, [sp, #64]	@ 0x40
10003c16:	2305      	movs	r3, #5
10003c18:	9312      	str	r3, [sp, #72]	@ 0x48
10003c1a:	e7f1      	b.n	10003c00 <_etoa+0x488>
10003c1c:	2304      	movs	r3, #4
10003c1e:	9312      	str	r3, [sp, #72]	@ 0x48
10003c20:	e7ea      	b.n	10003bf8 <_etoa+0x480>
10003c22:	e9dd 450a 	ldrd	r4, r5, [sp, #40]	@ 0x28
10003c26:	46a0      	mov	r8, r4
10003c28:	9b0f      	ldr	r3, [sp, #60]	@ 0x3c
10003c2a:	f105 4900 	add.w	r9, r5, #2147483648	@ 0x80000000
10003c2e:	9303      	str	r3, [sp, #12]
10003c30:	9b0e      	ldr	r3, [sp, #56]	@ 0x38
10003c32:	465a      	mov	r2, fp
10003c34:	9302      	str	r3, [sp, #8]
10003c36:	f426 6300 	bic.w	r3, r6, #2048	@ 0x800
10003c3a:	9304      	str	r3, [sp, #16]
10003c3c:	4638      	mov	r0, r7
10003c3e:	e9cd 8900 	strd	r8, r9, [sp]
10003c42:	9b09      	ldr	r3, [sp, #36]	@ 0x24
10003c44:	9908      	ldr	r1, [sp, #32]
10003c46:	f7ff fb37 	bl	100032b8 <_ftoa>
10003c4a:	4602      	mov	r2, r0
10003c4c:	e608      	b.n	10003860 <_etoa+0xe8>
10003c4e:	9b12      	ldr	r3, [sp, #72]	@ 0x48
10003c50:	459a      	cmp	sl, r3
10003c52:	d844      	bhi.n	10003cde <_etoa+0x566>
10003c54:	920f      	str	r2, [sp, #60]	@ 0x3c
10003c56:	e7cf      	b.n	10003bf8 <_etoa+0x480>
10003c58:	9b10      	ldr	r3, [sp, #64]	@ 0x40
10003c5a:	b38b      	cbz	r3, 10003cc0 <_etoa+0x548>
10003c5c:	9b0e      	ldr	r3, [sp, #56]	@ 0x38
10003c5e:	930f      	str	r3, [sp, #60]	@ 0x3c
10003c60:	2302      	movs	r3, #2
10003c62:	9310      	str	r3, [sp, #64]	@ 0x40
10003c64:	e7c8      	b.n	10003bf8 <_etoa+0x480>
10003c66:	bf00      	nop
10003c68:	636f4361 	.word	0x636f4361
10003c6c:	3fd287a7 	.word	0x3fd287a7
10003c70:	0979a371 	.word	0x0979a371
10003c74:	400a934f 	.word	0x400a934f
10003c78:	bbb55516 	.word	0xbbb55516
10003c7c:	40026bb1 	.word	0x40026bb1
10003c80:	fefa39ef 	.word	0xfefa39ef
10003c84:	3fe62e42 	.word	0x3fe62e42
10003c88:	eb1c432d 	.word	0xeb1c432d
10003c8c:	3f1a36e2 	.word	0x3f1a36e2
10003c90:	00000000 	.word	0x00000000
10003c94:	412e8480 	.word	0x412e8480
10003c98:	3ff80000 	.word	0x3ff80000
10003c9c:	3fe00000 	.word	0x3fe00000
10003ca0:	402c0000 	.word	0x402c0000
10003ca4:	40240000 	.word	0x40240000
10003ca8:	40180000 	.word	0x40180000
10003cac:	3ff00000 	.word	0x3ff00000
10003cb0:	509f79fb 	.word	0x509f79fb
10003cb4:	3fd34413 	.word	0x3fd34413
10003cb8:	8b60c8b3 	.word	0x8b60c8b3
10003cbc:	3fc68a28 	.word	0x3fc68a28
10003cc0:	9b12      	ldr	r3, [sp, #72]	@ 0x48
10003cc2:	ebaa 0303 	sub.w	r3, sl, r3
10003cc6:	930f      	str	r3, [sp, #60]	@ 0x3c
10003cc8:	e796      	b.n	10003bf8 <_etoa+0x480>
10003cca:	eba3 0802 	sub.w	r8, r3, r2
10003cce:	f108 38ff 	add.w	r8, r8, #4294967295	@ 0xffffffff
10003cd2:	e643      	b.n	1000395c <_etoa+0x1e4>
10003cd4:	2304      	movs	r3, #4
10003cd6:	9312      	str	r3, [sp, #72]	@ 0x48
10003cd8:	2302      	movs	r3, #2
10003cda:	9310      	str	r3, [sp, #64]	@ 0x40
10003cdc:	e78c      	b.n	10003bf8 <_etoa+0x480>
10003cde:	9b10      	ldr	r3, [sp, #64]	@ 0x40
10003ce0:	2b00      	cmp	r3, #0
10003ce2:	d0ed      	beq.n	10003cc0 <_etoa+0x548>
10003ce4:	2302      	movs	r3, #2
10003ce6:	920f      	str	r2, [sp, #60]	@ 0x3c
10003ce8:	9310      	str	r3, [sp, #64]	@ 0x40
10003cea:	e785      	b.n	10003bf8 <_etoa+0x480>

10003cec <_vsnprintf>:
10003cec:	e92d 4ff0 	stmdb	sp!, {r4, r5, r6, r7, r8, r9, sl, fp, lr}
10003cf0:	b09b      	sub	sp, #108	@ 0x6c
10003cf2:	9c24      	ldr	r4, [sp, #144]	@ 0x90
10003cf4:	4d95      	ldr	r5, [pc, #596]	@ (10003f4c <_vsnprintf+0x260>)
10003cf6:	940a      	str	r4, [sp, #40]	@ 0x28
10003cf8:	4c95      	ldr	r4, [pc, #596]	@ (10003f50 <_vsnprintf+0x264>)
10003cfa:	f1b1 0a00 	subs.w	sl, r1, #0
10003cfe:	bf18      	it	ne
10003d00:	4683      	movne	fp, r0
10003d02:	6025      	str	r5, [r4, #0]
10003d04:	7818      	ldrb	r0, [r3, #0]
10003d06:	4c93      	ldr	r4, [pc, #588]	@ (10003f54 <_vsnprintf+0x268>)
10003d08:	4691      	mov	r9, r2
10003d0a:	bf08      	it	eq
10003d0c:	46a3      	moveq	fp, r4
10003d0e:	9309      	str	r3, [sp, #36]	@ 0x24
10003d10:	2800      	cmp	r0, #0
10003d12:	f000 8293 	beq.w	1000423c <_vsnprintf+0x550>
10003d16:	f04f 0800 	mov.w	r8, #0
10003d1a:	e00a      	b.n	10003d32 <_vsnprintf+0x46>
10003d1c:	4642      	mov	r2, r8
10003d1e:	464b      	mov	r3, r9
10003d20:	4651      	mov	r1, sl
10003d22:	f108 0801 	add.w	r8, r8, #1
10003d26:	47d8      	blx	fp
10003d28:	9b09      	ldr	r3, [sp, #36]	@ 0x24
10003d2a:	7818      	ldrb	r0, [r3, #0]
10003d2c:	2800      	cmp	r0, #0
10003d2e:	f000 80ce 	beq.w	10003ece <_vsnprintf+0x1e2>
10003d32:	9b09      	ldr	r3, [sp, #36]	@ 0x24
10003d34:	2825      	cmp	r0, #37	@ 0x25
10003d36:	f103 0301 	add.w	r3, r3, #1
10003d3a:	9309      	str	r3, [sp, #36]	@ 0x24
10003d3c:	d1ee      	bne.n	10003d1c <_vsnprintf+0x30>
10003d3e:	461c      	mov	r4, r3
10003d40:	2300      	movs	r3, #0
10003d42:	4622      	mov	r2, r4
10003d44:	f812 0b01 	ldrb.w	r0, [r2], #1
10003d48:	f1a0 0120 	sub.w	r1, r0, #32
10003d4c:	2910      	cmp	r1, #16
10003d4e:	d80a      	bhi.n	10003d66 <_vsnprintf+0x7a>
10003d50:	e8df f001 	tbb	[pc, r1]
10003d54:	3c090940 	.word	0x3c090940
10003d58:	09090909 	.word	0x09090909
10003d5c:	38090909 	.word	0x38090909
10003d60:	09093409 	.word	0x09093409
10003d64:	30          	.byte	0x30
10003d65:	00          	.byte	0x00
10003d66:	f1a0 0130 	sub.w	r1, r0, #48	@ 0x30
10003d6a:	2909      	cmp	r1, #9
10003d6c:	9409      	str	r4, [sp, #36]	@ 0x24
10003d6e:	f240 808a 	bls.w	10003e86 <_vsnprintf+0x19a>
10003d72:	282a      	cmp	r0, #42	@ 0x2a
10003d74:	f000 80f0 	beq.w	10003f58 <_vsnprintf+0x26c>
10003d78:	2500      	movs	r5, #0
10003d7a:	282e      	cmp	r0, #46	@ 0x2e
10003d7c:	f000 8096 	beq.w	10003eac <_vsnprintf+0x1c0>
10003d80:	2600      	movs	r6, #0
10003d82:	f1a0 0168 	sub.w	r1, r0, #104	@ 0x68
10003d86:	2912      	cmp	r1, #18
10003d88:	d82d      	bhi.n	10003de6 <_vsnprintf+0xfa>
10003d8a:	e8df f011 	tbh	[pc, r1, lsl #1]
10003d8e:	0149      	.short	0x0149
10003d90:	0143002c 	.word	0x0143002c
10003d94:	0138002c 	.word	0x0138002c
10003d98:	002c002c 	.word	0x002c002c
10003d9c:	002c002c 	.word	0x002c002c
10003da0:	002c002c 	.word	0x002c002c
10003da4:	0027002c 	.word	0x0027002c
10003da8:	002c002c 	.word	0x002c002c
10003dac:	002c002c 	.word	0x002c002c
10003db0:	0027002c 	.word	0x0027002c
10003db4:	4614      	mov	r4, r2
10003db6:	f043 0301 	orr.w	r3, r3, #1
10003dba:	e7c2      	b.n	10003d42 <_vsnprintf+0x56>
10003dbc:	4614      	mov	r4, r2
10003dbe:	f043 0302 	orr.w	r3, r3, #2
10003dc2:	e7be      	b.n	10003d42 <_vsnprintf+0x56>
10003dc4:	4614      	mov	r4, r2
10003dc6:	f043 0304 	orr.w	r3, r3, #4
10003dca:	e7ba      	b.n	10003d42 <_vsnprintf+0x56>
10003dcc:	4614      	mov	r4, r2
10003dce:	f043 0310 	orr.w	r3, r3, #16
10003dd2:	e7b6      	b.n	10003d42 <_vsnprintf+0x56>
10003dd4:	4614      	mov	r4, r2
10003dd6:	f043 0308 	orr.w	r3, r3, #8
10003dda:	e7b2      	b.n	10003d42 <_vsnprintf+0x56>
10003ddc:	9909      	ldr	r1, [sp, #36]	@ 0x24
10003dde:	7848      	ldrb	r0, [r1, #1]
10003de0:	f443 7380 	orr.w	r3, r3, #256	@ 0x100
10003de4:	3201      	adds	r2, #1
10003de6:	2867      	cmp	r0, #103	@ 0x67
10003de8:	9209      	str	r2, [sp, #36]	@ 0x24
10003dea:	d87e      	bhi.n	10003eea <_vsnprintf+0x1fe>
10003dec:	2824      	cmp	r0, #36	@ 0x24
10003dee:	f240 80c1 	bls.w	10003f74 <_vsnprintf+0x288>
10003df2:	f1a0 0225 	sub.w	r2, r0, #37	@ 0x25
10003df6:	2a42      	cmp	r2, #66	@ 0x42
10003df8:	f200 80bc 	bhi.w	10003f74 <_vsnprintf+0x288>
10003dfc:	e8df f012 	tbh	[pc, r2, lsl #1]
10003e00:	00ba0150 	.word	0x00ba0150
10003e04:	00ba00ba 	.word	0x00ba00ba
10003e08:	00ba00ba 	.word	0x00ba00ba
10003e0c:	00ba00ba 	.word	0x00ba00ba
10003e10:	00ba00ba 	.word	0x00ba00ba
10003e14:	00ba00ba 	.word	0x00ba00ba
10003e18:	00ba00ba 	.word	0x00ba00ba
10003e1c:	00ba00ba 	.word	0x00ba00ba
10003e20:	00ba00ba 	.word	0x00ba00ba
10003e24:	00ba00ba 	.word	0x00ba00ba
10003e28:	00ba00ba 	.word	0x00ba00ba
10003e2c:	00ba00ba 	.word	0x00ba00ba
10003e30:	00ba00ba 	.word	0x00ba00ba
10003e34:	00ba00ba 	.word	0x00ba00ba
10003e38:	00ba00ba 	.word	0x00ba00ba
10003e3c:	00ba00ba 	.word	0x00ba00ba
10003e40:	01370119 	.word	0x01370119
10003e44:	00ba0119 	.word	0x00ba0119
10003e48:	00ba00ba 	.word	0x00ba00ba
10003e4c:	00ba00ba 	.word	0x00ba00ba
10003e50:	00ba00ba 	.word	0x00ba00ba
10003e54:	00ba00ba 	.word	0x00ba00ba
10003e58:	00ba00ba 	.word	0x00ba00ba
10003e5c:	00ba00ba 	.word	0x00ba00ba
10003e60:	00ba00ba 	.word	0x00ba00ba
10003e64:	01bc00ba 	.word	0x01bc00ba
10003e68:	00ba00ba 	.word	0x00ba00ba
10003e6c:	00ba00ba 	.word	0x00ba00ba
10003e70:	00ba00ba 	.word	0x00ba00ba
10003e74:	00ba00ba 	.word	0x00ba00ba
10003e78:	01bc00ba 	.word	0x01bc00ba
10003e7c:	01bc0158 	.word	0x01bc0158
10003e80:	01370119 	.word	0x01370119
10003e84:	0119      	.short	0x0119
10003e86:	2500      	movs	r5, #0
10003e88:	e000      	b.n	10003e8c <_vsnprintf+0x1a0>
10003e8a:	3201      	adds	r2, #1
10003e8c:	eb05 0585 	add.w	r5, r5, r5, lsl #2
10003e90:	eb00 0545 	add.w	r5, r0, r5, lsl #1
10003e94:	7810      	ldrb	r0, [r2, #0]
10003e96:	3d30      	subs	r5, #48	@ 0x30
10003e98:	f1a0 0130 	sub.w	r1, r0, #48	@ 0x30
10003e9c:	2909      	cmp	r1, #9
10003e9e:	d9f4      	bls.n	10003e8a <_vsnprintf+0x19e>
10003ea0:	282e      	cmp	r0, #46	@ 0x2e
10003ea2:	9209      	str	r2, [sp, #36]	@ 0x24
10003ea4:	f102 0201 	add.w	r2, r2, #1
10003ea8:	f47f af6a 	bne.w	10003d80 <_vsnprintf+0x94>
10003eac:	9909      	ldr	r1, [sp, #36]	@ 0x24
10003eae:	f443 6380 	orr.w	r3, r3, #1024	@ 0x400
10003eb2:	7848      	ldrb	r0, [r1, #1]
10003eb4:	4611      	mov	r1, r2
10003eb6:	f1a0 0630 	sub.w	r6, r0, #48	@ 0x30
10003eba:	2e09      	cmp	r6, #9
10003ebc:	f240 8121 	bls.w	10004102 <_vsnprintf+0x416>
10003ec0:	282a      	cmp	r0, #42	@ 0x2a
10003ec2:	f000 812f 	beq.w	10004124 <_vsnprintf+0x438>
10003ec6:	9209      	str	r2, [sp, #36]	@ 0x24
10003ec8:	2600      	movs	r6, #0
10003eca:	3201      	adds	r2, #1
10003ecc:	e759      	b.n	10003d82 <_vsnprintf+0x96>
10003ece:	4644      	mov	r4, r8
10003ed0:	45c1      	cmp	r9, r8
10003ed2:	d801      	bhi.n	10003ed8 <_vsnprintf+0x1ec>
10003ed4:	f109 38ff 	add.w	r8, r9, #4294967295	@ 0xffffffff
10003ed8:	464b      	mov	r3, r9
10003eda:	4642      	mov	r2, r8
10003edc:	4651      	mov	r1, sl
10003ede:	2000      	movs	r0, #0
10003ee0:	47d8      	blx	fp
10003ee2:	4620      	mov	r0, r4
10003ee4:	b01b      	add	sp, #108	@ 0x6c
10003ee6:	e8bd 8ff0 	ldmia.w	sp!, {r4, r5, r6, r7, r8, r9, sl, fp, pc}
10003eea:	f1a0 0269 	sub.w	r2, r0, #105	@ 0x69
10003eee:	b2d2      	uxtb	r2, r2
10003ef0:	2a0f      	cmp	r2, #15
10003ef2:	d83f      	bhi.n	10003f74 <_vsnprintf+0x288>
10003ef4:	2101      	movs	r1, #1
10003ef6:	f249 0741 	movw	r7, #36929	@ 0x9041
10003efa:	4091      	lsls	r1, r2
10003efc:	4039      	ands	r1, r7
10003efe:	f040 80f3 	bne.w	100040e8 <_vsnprintf+0x3fc>
10003f02:	2a0a      	cmp	r2, #10
10003f04:	d03d      	beq.n	10003f82 <_vsnprintf+0x296>
10003f06:	2a07      	cmp	r2, #7
10003f08:	d134      	bne.n	10003f74 <_vsnprintf+0x288>
10003f0a:	9d0a      	ldr	r5, [sp, #40]	@ 0x28
10003f0c:	f855 2b04 	ldr.w	r2, [r5], #4
10003f10:	2a00      	cmp	r2, #0
10003f12:	f000 8113 	beq.w	1000413c <_vsnprintf+0x450>
10003f16:	f043 0021 	orr.w	r0, r3, #33	@ 0x21
10003f1a:	ab12      	add	r3, sp, #72	@ 0x48
10003f1c:	461f      	mov	r7, r3
10003f1e:	930b      	str	r3, [sp, #44]	@ 0x2c
10003f20:	e003      	b.n	10003f2a <_vsnprintf+0x23e>
10003f22:	2920      	cmp	r1, #32
10003f24:	f000 8114 	beq.w	10004150 <_vsnprintf+0x464>
10003f28:	461a      	mov	r2, r3
10003f2a:	f002 040f 	and.w	r4, r2, #15
10003f2e:	4623      	mov	r3, r4
10003f30:	2c09      	cmp	r4, #9
10003f32:	bf94      	ite	ls
10003f34:	3330      	addls	r3, #48	@ 0x30
10003f36:	3337      	addhi	r3, #55	@ 0x37
10003f38:	2a0f      	cmp	r2, #15
10003f3a:	f807 3b01 	strb.w	r3, [r7], #1
10003f3e:	f101 0101 	add.w	r1, r1, #1
10003f42:	ea4f 1312 	mov.w	r3, r2, lsr #4
10003f46:	d8ec      	bhi.n	10003f22 <_vsnprintf+0x236>
10003f48:	e102      	b.n	10004150 <_vsnprintf+0x464>
10003f4a:	bf00      	nop
10003f4c:	10003ced 	.word	0x10003ced
10003f50:	20001274 	.word	0x20001274
10003f54:	1000303d 	.word	0x1000303d
10003f58:	990a      	ldr	r1, [sp, #40]	@ 0x28
10003f5a:	9809      	ldr	r0, [sp, #36]	@ 0x24
10003f5c:	f851 5b04 	ldr.w	r5, [r1], #4
10003f60:	7840      	ldrb	r0, [r0, #1]
10003f62:	2d00      	cmp	r5, #0
10003f64:	e9cd 2109 	strd	r2, r1, [sp, #36]	@ 0x24
10003f68:	bfbc      	itt	lt
10003f6a:	f043 0302 	orrlt.w	r3, r3, #2
10003f6e:	426d      	neglt	r5, r5
10003f70:	3201      	adds	r2, #1
10003f72:	e702      	b.n	10003d7a <_vsnprintf+0x8e>
10003f74:	4642      	mov	r2, r8
10003f76:	464b      	mov	r3, r9
10003f78:	4651      	mov	r1, sl
10003f7a:	f108 0801 	add.w	r8, r8, #1
10003f7e:	47d8      	blx	fp
10003f80:	e6d2      	b.n	10003d28 <_vsnprintf+0x3c>
10003f82:	990a      	ldr	r1, [sp, #40]	@ 0x28
10003f84:	2e00      	cmp	r6, #0
10003f86:	f851 7b04 	ldr.w	r7, [r1], #4
10003f8a:	bf18      	it	ne
10003f8c:	4632      	movne	r2, r6
10003f8e:	7838      	ldrb	r0, [r7, #0]
10003f90:	bf08      	it	eq
10003f92:	f04f 32ff 	moveq.w	r2, #4294967295	@ 0xffffffff
10003f96:	2800      	cmp	r0, #0
10003f98:	f000 837b 	beq.w	10004692 <_vsnprintf+0x9a6>
10003f9c:	18bc      	adds	r4, r7, r2
10003f9e:	46a4      	mov	ip, r4
10003fa0:	463a      	mov	r2, r7
10003fa2:	e004      	b.n	10003fae <_vsnprintf+0x2c2>
10003fa4:	f812 4f01 	ldrb.w	r4, [r2, #1]!
10003fa8:	2c00      	cmp	r4, #0
10003faa:	f000 813f 	beq.w	1000422c <_vsnprintf+0x540>
10003fae:	4594      	cmp	ip, r2
10003fb0:	d1f8      	bne.n	10003fa4 <_vsnprintf+0x2b8>
10003fb2:	4664      	mov	r4, ip
10003fb4:	1be4      	subs	r4, r4, r7
10003fb6:	055a      	lsls	r2, r3, #21
10003fb8:	f140 8122 	bpl.w	10004200 <_vsnprintf+0x514>
10003fbc:	42b4      	cmp	r4, r6
10003fbe:	bf28      	it	cs
10003fc0:	4634      	movcs	r4, r6
10003fc2:	f013 0302 	ands.w	r3, r3, #2
10003fc6:	f000 8288 	beq.w	100044da <_vsnprintf+0x7ee>
10003fca:	2302      	movs	r3, #2
10003fcc:	e9cd 510a 	strd	r5, r1, [sp, #40]	@ 0x28
10003fd0:	4642      	mov	r2, r8
10003fd2:	461d      	mov	r5, r3
10003fd4:	4446      	add	r6, r8
10003fd6:	e008      	b.n	10003fea <_vsnprintf+0x2fe>
10003fd8:	464b      	mov	r3, r9
10003fda:	4651      	mov	r1, sl
10003fdc:	47d8      	blx	fp
10003fde:	f817 0f01 	ldrb.w	r0, [r7, #1]!
10003fe2:	f108 0801 	add.w	r8, r8, #1
10003fe6:	b110      	cbz	r0, 10003fee <_vsnprintf+0x302>
10003fe8:	4642      	mov	r2, r8
10003fea:	4546      	cmp	r6, r8
10003fec:	d1f4      	bne.n	10003fd8 <_vsnprintf+0x2ec>
10003fee:	462b      	mov	r3, r5
10003ff0:	990b      	ldr	r1, [sp, #44]	@ 0x2c
10003ff2:	9d0a      	ldr	r5, [sp, #40]	@ 0x28
10003ff4:	2b00      	cmp	r3, #0
10003ff6:	f040 8141 	bne.w	1000427c <_vsnprintf+0x590>
10003ffa:	910a      	str	r1, [sp, #40]	@ 0x28
10003ffc:	e694      	b.n	10003d28 <_vsnprintf+0x3c>
10003ffe:	9909      	ldr	r1, [sp, #36]	@ 0x24
10004000:	7848      	ldrb	r0, [r1, #1]
10004002:	286c      	cmp	r0, #108	@ 0x6c
10004004:	f47f aeec 	bne.w	10003de0 <_vsnprintf+0xf4>
10004008:	460a      	mov	r2, r1
1000400a:	7888      	ldrb	r0, [r1, #2]
1000400c:	f443 7340 	orr.w	r3, r3, #768	@ 0x300
10004010:	3203      	adds	r2, #3
10004012:	e6e8      	b.n	10003de6 <_vsnprintf+0xfa>
10004014:	9909      	ldr	r1, [sp, #36]	@ 0x24
10004016:	f443 7300 	orr.w	r3, r3, #512	@ 0x200
1000401a:	7848      	ldrb	r0, [r1, #1]
1000401c:	3201      	adds	r2, #1
1000401e:	e6e2      	b.n	10003de6 <_vsnprintf+0xfa>
10004020:	9909      	ldr	r1, [sp, #36]	@ 0x24
10004022:	7848      	ldrb	r0, [r1, #1]
10004024:	2868      	cmp	r0, #104	@ 0x68
10004026:	f000 8103 	beq.w	10004230 <_vsnprintf+0x544>
1000402a:	f043 0380 	orr.w	r3, r3, #128	@ 0x80
1000402e:	3201      	adds	r2, #1
10004030:	e6d9      	b.n	10003de6 <_vsnprintf+0xfa>
10004032:	2867      	cmp	r0, #103	@ 0x67
10004034:	f000 80d9 	beq.w	100041ea <_vsnprintf+0x4fe>
10004038:	2847      	cmp	r0, #71	@ 0x47
1000403a:	f000 80dc 	beq.w	100041f6 <_vsnprintf+0x50a>
1000403e:	2845      	cmp	r0, #69	@ 0x45
10004040:	f000 80db 	beq.w	100041fa <_vsnprintf+0x50e>
10004044:	e9cd 5303 	strd	r5, r3, [sp, #12]
10004048:	9b0a      	ldr	r3, [sp, #40]	@ 0x28
1000404a:	9602      	str	r6, [sp, #8]
1000404c:	3307      	adds	r3, #7
1000404e:	f023 0307 	bic.w	r3, r3, #7
10004052:	461c      	mov	r4, r3
10004054:	4642      	mov	r2, r8
10004056:	e8f4 6702 	ldrd	r6, r7, [r4], #8
1000405a:	464b      	mov	r3, r9
1000405c:	4651      	mov	r1, sl
1000405e:	4658      	mov	r0, fp
10004060:	e9cd 6700 	strd	r6, r7, [sp]
10004064:	940a      	str	r4, [sp, #40]	@ 0x28
10004066:	f7ff fb87 	bl	10003778 <_etoa>
1000406a:	4680      	mov	r8, r0
1000406c:	e65c      	b.n	10003d28 <_vsnprintf+0x3c>
1000406e:	2846      	cmp	r0, #70	@ 0x46
10004070:	bf08      	it	eq
10004072:	f043 0320 	orreq.w	r3, r3, #32
10004076:	e9cd 5303 	strd	r5, r3, [sp, #12]
1000407a:	9b0a      	ldr	r3, [sp, #40]	@ 0x28
1000407c:	9602      	str	r6, [sp, #8]
1000407e:	3307      	adds	r3, #7
10004080:	f023 0307 	bic.w	r3, r3, #7
10004084:	461c      	mov	r4, r3
10004086:	4642      	mov	r2, r8
10004088:	e8f4 6702 	ldrd	r6, r7, [r4], #8
1000408c:	464b      	mov	r3, r9
1000408e:	4651      	mov	r1, sl
10004090:	4658      	mov	r0, fp
10004092:	e9cd 6700 	strd	r6, r7, [sp]
10004096:	940a      	str	r4, [sp, #40]	@ 0x28
10004098:	f7ff f90e 	bl	100032b8 <_ftoa>
1000409c:	4680      	mov	r8, r0
1000409e:	e643      	b.n	10003d28 <_vsnprintf+0x3c>
100040a0:	4642      	mov	r2, r8
100040a2:	464b      	mov	r3, r9
100040a4:	4651      	mov	r1, sl
100040a6:	2025      	movs	r0, #37	@ 0x25
100040a8:	f108 0801 	add.w	r8, r8, #1
100040ac:	47d8      	blx	fp
100040ae:	e63b      	b.n	10003d28 <_vsnprintf+0x3c>
100040b0:	9a0a      	ldr	r2, [sp, #40]	@ 0x28
100040b2:	0799      	lsls	r1, r3, #30
100040b4:	f102 0404 	add.w	r4, r2, #4
100040b8:	f108 0601 	add.w	r6, r8, #1
100040bc:	f140 80c6 	bpl.w	1000424c <_vsnprintf+0x560>
100040c0:	7810      	ldrb	r0, [r2, #0]
100040c2:	464b      	mov	r3, r9
100040c4:	4642      	mov	r2, r8
100040c6:	4651      	mov	r1, sl
100040c8:	47d8      	blx	fp
100040ca:	2d01      	cmp	r5, #1
100040cc:	bf88      	it	hi
100040ce:	44a8      	addhi	r8, r5
100040d0:	f240 81bd 	bls.w	1000444e <_vsnprintf+0x762>
100040d4:	4632      	mov	r2, r6
100040d6:	464b      	mov	r3, r9
100040d8:	4651      	mov	r1, sl
100040da:	2020      	movs	r0, #32
100040dc:	3601      	adds	r6, #1
100040de:	47d8      	blx	fp
100040e0:	4546      	cmp	r6, r8
100040e2:	d1f7      	bne.n	100040d4 <_vsnprintf+0x3e8>
100040e4:	940a      	str	r4, [sp, #40]	@ 0x28
100040e6:	e61f      	b.n	10003d28 <_vsnprintf+0x3c>
100040e8:	286f      	cmp	r0, #111	@ 0x6f
100040ea:	f000 8081 	beq.w	100041f0 <_vsnprintf+0x504>
100040ee:	f240 8248 	bls.w	10004582 <_vsnprintf+0x896>
100040f2:	2878      	cmp	r0, #120	@ 0x78
100040f4:	f000 8190 	beq.w	10004418 <_vsnprintf+0x72c>
100040f8:	270a      	movs	r7, #10
100040fa:	f023 0310 	bic.w	r3, r3, #16
100040fe:	46bc      	mov	ip, r7
10004100:	e041      	b.n	10004186 <_vsnprintf+0x49a>
10004102:	2600      	movs	r6, #0
10004104:	eb06 0686 	add.w	r6, r6, r6, lsl #2
10004108:	eb00 0046 	add.w	r0, r0, r6, lsl #1
1000410c:	f1a0 0630 	sub.w	r6, r0, #48	@ 0x30
10004110:	f811 0f01 	ldrb.w	r0, [r1, #1]!
10004114:	f1a0 0230 	sub.w	r2, r0, #48	@ 0x30
10004118:	2a09      	cmp	r2, #9
1000411a:	d9f3      	bls.n	10004104 <_vsnprintf+0x418>
1000411c:	460a      	mov	r2, r1
1000411e:	9109      	str	r1, [sp, #36]	@ 0x24
10004120:	3201      	adds	r2, #1
10004122:	e62e      	b.n	10003d82 <_vsnprintf+0x96>
10004124:	e9dd 2109 	ldrd	r2, r1, [sp, #36]	@ 0x24
10004128:	f851 6b04 	ldr.w	r6, [r1], #4
1000412c:	7890      	ldrb	r0, [r2, #2]
1000412e:	3202      	adds	r2, #2
10004130:	9209      	str	r2, [sp, #36]	@ 0x24
10004132:	910a      	str	r1, [sp, #40]	@ 0x28
10004134:	3201      	adds	r2, #1
10004136:	ea26 76e6 	bic.w	r6, r6, r6, asr #31
1000413a:	e622      	b.n	10003d82 <_vsnprintf+0x96>
1000413c:	f023 0010 	bic.w	r0, r3, #16
10004140:	f413 6280 	ands.w	r2, r3, #1024	@ 0x400
10004144:	f040 0021 	orr.w	r0, r0, #33	@ 0x21
10004148:	f43f aee7 	beq.w	10003f1a <_vsnprintf+0x22e>
1000414c:	ab12      	add	r3, sp, #72	@ 0x48
1000414e:	930b      	str	r3, [sp, #44]	@ 0x2c
10004150:	9b0b      	ldr	r3, [sp, #44]	@ 0x2c
10004152:	9006      	str	r0, [sp, #24]
10004154:	9300      	str	r3, [sp, #0]
10004156:	2308      	movs	r3, #8
10004158:	2010      	movs	r0, #16
1000415a:	9305      	str	r3, [sp, #20]
1000415c:	2300      	movs	r3, #0
1000415e:	4642      	mov	r2, r8
10004160:	e9cd 3002 	strd	r3, r0, [sp, #8]
10004164:	9101      	str	r1, [sp, #4]
10004166:	464b      	mov	r3, r9
10004168:	4651      	mov	r1, sl
1000416a:	4658      	mov	r0, fp
1000416c:	9604      	str	r6, [sp, #16]
1000416e:	f7fe ffb5 	bl	100030dc <_ntoa_format>
10004172:	950a      	str	r5, [sp, #40]	@ 0x28
10004174:	4680      	mov	r8, r0
10004176:	e5d7      	b.n	10003d28 <_vsnprintf+0x3c>
10004178:	2858      	cmp	r0, #88	@ 0x58
1000417a:	d062      	beq.n	10004242 <_vsnprintf+0x556>
1000417c:	2862      	cmp	r0, #98	@ 0x62
1000417e:	f040 808f 	bne.w	100042a0 <_vsnprintf+0x5b4>
10004182:	2702      	movs	r7, #2
10004184:	46bc      	mov	ip, r7
10004186:	f413 6080 	ands.w	r0, r3, #1024	@ 0x400
1000418a:	f000 80dd 	beq.w	10004348 <_vsnprintf+0x65c>
1000418e:	f023 030d 	bic.w	r3, r3, #13
10004192:	f413 7200 	ands.w	r2, r3, #512	@ 0x200
10004196:	f040 8181 	bne.w	1000449c <_vsnprintf+0x7b0>
1000419a:	990a      	ldr	r1, [sp, #40]	@ 0x28
1000419c:	1d0f      	adds	r7, r1, #4
1000419e:	f413 7180 	ands.w	r1, r3, #256	@ 0x100
100041a2:	f040 8237 	bne.w	10004614 <_vsnprintf+0x928>
100041a6:	065c      	lsls	r4, r3, #25
100041a8:	9a0a      	ldr	r2, [sp, #40]	@ 0x28
100041aa:	f140 813b 	bpl.w	10004424 <_vsnprintf+0x738>
100041ae:	7812      	ldrb	r2, [r2, #0]
100041b0:	2a00      	cmp	r2, #0
100041b2:	f040 814e 	bne.w	10004452 <_vsnprintf+0x766>
100041b6:	f023 0310 	bic.w	r3, r3, #16
100041ba:	2800      	cmp	r0, #0
100041bc:	f000 8149 	beq.w	10004452 <_vsnprintf+0x766>
100041c0:	4611      	mov	r1, r2
100041c2:	aa12      	add	r2, sp, #72	@ 0x48
100041c4:	920b      	str	r2, [sp, #44]	@ 0x2c
100041c6:	e9cd 5305 	strd	r5, r3, [sp, #20]
100041ca:	e9cd c603 	strd	ip, r6, [sp, #12]
100041ce:	9101      	str	r1, [sp, #4]
100041d0:	9b0b      	ldr	r3, [sp, #44]	@ 0x2c
100041d2:	4642      	mov	r2, r8
100041d4:	9300      	str	r3, [sp, #0]
100041d6:	2300      	movs	r3, #0
100041d8:	4651      	mov	r1, sl
100041da:	9302      	str	r3, [sp, #8]
100041dc:	4658      	mov	r0, fp
100041de:	464b      	mov	r3, r9
100041e0:	f7fe ff7c 	bl	100030dc <_ntoa_format>
100041e4:	970a      	str	r7, [sp, #40]	@ 0x28
100041e6:	4680      	mov	r8, r0
100041e8:	e59e      	b.n	10003d28 <_vsnprintf+0x3c>
100041ea:	f443 6300 	orr.w	r3, r3, #2048	@ 0x800
100041ee:	e729      	b.n	10004044 <_vsnprintf+0x358>
100041f0:	2708      	movs	r7, #8
100041f2:	46bc      	mov	ip, r7
100041f4:	e7c7      	b.n	10004186 <_vsnprintf+0x49a>
100041f6:	f443 6300 	orr.w	r3, r3, #2048	@ 0x800
100041fa:	f043 0320 	orr.w	r3, r3, #32
100041fe:	e721      	b.n	10004044 <_vsnprintf+0x358>
10004200:	f013 0302 	ands.w	r3, r3, #2
10004204:	f000 818e 	beq.w	10004524 <_vsnprintf+0x838>
10004208:	2302      	movs	r3, #2
1000420a:	950a      	str	r5, [sp, #40]	@ 0x28
1000420c:	461e      	mov	r6, r3
1000420e:	460d      	mov	r5, r1
10004210:	4642      	mov	r2, r8
10004212:	464b      	mov	r3, r9
10004214:	4651      	mov	r1, sl
10004216:	47d8      	blx	fp
10004218:	f817 0f01 	ldrb.w	r0, [r7, #1]!
1000421c:	f108 0801 	add.w	r8, r8, #1
10004220:	2800      	cmp	r0, #0
10004222:	d1f5      	bne.n	10004210 <_vsnprintf+0x524>
10004224:	4629      	mov	r1, r5
10004226:	4633      	mov	r3, r6
10004228:	9d0a      	ldr	r5, [sp, #40]	@ 0x28
1000422a:	e6e3      	b.n	10003ff4 <_vsnprintf+0x308>
1000422c:	1bd4      	subs	r4, r2, r7
1000422e:	e6c2      	b.n	10003fb6 <_vsnprintf+0x2ca>
10004230:	460a      	mov	r2, r1
10004232:	7888      	ldrb	r0, [r1, #2]
10004234:	f043 03c0 	orr.w	r3, r3, #192	@ 0xc0
10004238:	3203      	adds	r2, #3
1000423a:	e5d4      	b.n	10003de6 <_vsnprintf+0xfa>
1000423c:	4604      	mov	r4, r0
1000423e:	4680      	mov	r8, r0
10004240:	e646      	b.n	10003ed0 <_vsnprintf+0x1e4>
10004242:	2710      	movs	r7, #16
10004244:	f043 0320 	orr.w	r3, r3, #32
10004248:	46bc      	mov	ip, r7
1000424a:	e79c      	b.n	10004186 <_vsnprintf+0x49a>
1000424c:	2d01      	cmp	r5, #1
1000424e:	f240 80f8 	bls.w	10004442 <_vsnprintf+0x756>
10004252:	4646      	mov	r6, r8
10004254:	f108 37ff 	add.w	r7, r8, #4294967295	@ 0xffffffff
10004258:	442f      	add	r7, r5
1000425a:	4632      	mov	r2, r6
1000425c:	464b      	mov	r3, r9
1000425e:	4651      	mov	r1, sl
10004260:	2020      	movs	r0, #32
10004262:	3601      	adds	r6, #1
10004264:	47d8      	blx	fp
10004266:	42be      	cmp	r6, r7
10004268:	d1f7      	bne.n	1000425a <_vsnprintf+0x56e>
1000426a:	9b0a      	ldr	r3, [sp, #40]	@ 0x28
1000426c:	4632      	mov	r2, r6
1000426e:	7818      	ldrb	r0, [r3, #0]
10004270:	4651      	mov	r1, sl
10004272:	464b      	mov	r3, r9
10004274:	47d8      	blx	fp
10004276:	44a8      	add	r8, r5
10004278:	940a      	str	r4, [sp, #40]	@ 0x28
1000427a:	e555      	b.n	10003d28 <_vsnprintf+0x3c>
1000427c:	4646      	mov	r6, r8
1000427e:	42a5      	cmp	r5, r4
10004280:	f67f aebb 	bls.w	10003ffa <_vsnprintf+0x30e>
10004284:	44a8      	add	r8, r5
10004286:	eba8 0804 	sub.w	r8, r8, r4
1000428a:	460c      	mov	r4, r1
1000428c:	4632      	mov	r2, r6
1000428e:	464b      	mov	r3, r9
10004290:	4651      	mov	r1, sl
10004292:	2020      	movs	r0, #32
10004294:	3601      	adds	r6, #1
10004296:	47d8      	blx	fp
10004298:	4546      	cmp	r6, r8
1000429a:	d1f7      	bne.n	1000428c <_vsnprintf+0x5a0>
1000429c:	4621      	mov	r1, r4
1000429e:	e6ac      	b.n	10003ffa <_vsnprintf+0x30e>
100042a0:	f413 6280 	ands.w	r2, r3, #1024	@ 0x400
100042a4:	f000 80bb 	beq.w	1000441e <_vsnprintf+0x732>
100042a8:	f44f 6280 	mov.w	r2, #1024	@ 0x400
100042ac:	f023 0c11 	bic.w	ip, r3, #17
100042b0:	f41c 7700 	ands.w	r7, ip, #512	@ 0x200
100042b4:	9b0a      	ldr	r3, [sp, #40]	@ 0x28
100042b6:	d14a      	bne.n	1000434e <_vsnprintf+0x662>
100042b8:	f41c 7080 	ands.w	r0, ip, #256	@ 0x100
100042bc:	f103 0404 	add.w	r4, r3, #4
100042c0:	f040 8134 	bne.w	1000452c <_vsnprintf+0x840>
100042c4:	f01c 0f40 	tst.w	ip, #64	@ 0x40
100042c8:	f040 80a3 	bne.w	10004412 <_vsnprintf+0x726>
100042cc:	f01c 0f80 	tst.w	ip, #128	@ 0x80
100042d0:	f000 81d3 	beq.w	1000467a <_vsnprintf+0x98e>
100042d4:	f9b3 1000 	ldrsh.w	r1, [r3]
100042d8:	ea81 77e1 	eor.w	r7, r1, r1, asr #31
100042dc:	eba7 77e1 	sub.w	r7, r7, r1, asr #31
100042e0:	b2bf      	uxth	r7, r7
100042e2:	0fcb      	lsrs	r3, r1, #31
100042e4:	2900      	cmp	r1, #0
100042e6:	f000 8156 	beq.w	10004596 <_vsnprintf+0x8aa>
100042ea:	463a      	mov	r2, r7
100042ec:	a912      	add	r1, sp, #72	@ 0x48
100042ee:	460f      	mov	r7, r1
100042f0:	f8df e3d8 	ldr.w	lr, [pc, #984]	@ 100046cc <_vsnprintf+0x9e0>
100042f4:	910b      	str	r1, [sp, #44]	@ 0x2c
100042f6:	930a      	str	r3, [sp, #40]	@ 0x28
100042f8:	950c      	str	r5, [sp, #48]	@ 0x30
100042fa:	e001      	b.n	10004300 <_vsnprintf+0x614>
100042fc:	2820      	cmp	r0, #32
100042fe:	d00f      	beq.n	10004320 <_vsnprintf+0x634>
10004300:	4615      	mov	r5, r2
10004302:	fbae 1302 	umull	r1, r3, lr, r2
10004306:	08db      	lsrs	r3, r3, #3
10004308:	eb03 0183 	add.w	r1, r3, r3, lsl #2
1000430c:	eba2 0141 	sub.w	r1, r2, r1, lsl #1
10004310:	3130      	adds	r1, #48	@ 0x30
10004312:	2d09      	cmp	r5, #9
10004314:	461a      	mov	r2, r3
10004316:	f100 0001 	add.w	r0, r0, #1
1000431a:	f807 1b01 	strb.w	r1, [r7], #1
1000431e:	d8ed      	bhi.n	100042fc <_vsnprintf+0x610>
10004320:	9b0a      	ldr	r3, [sp, #40]	@ 0x28
10004322:	9d0c      	ldr	r5, [sp, #48]	@ 0x30
10004324:	e9cd 5c05 	strd	r5, ip, [sp, #20]
10004328:	e9cd 0301 	strd	r0, r3, [sp, #4]
1000432c:	9604      	str	r6, [sp, #16]
1000432e:	9b0b      	ldr	r3, [sp, #44]	@ 0x2c
10004330:	4642      	mov	r2, r8
10004332:	9300      	str	r3, [sp, #0]
10004334:	230a      	movs	r3, #10
10004336:	4651      	mov	r1, sl
10004338:	9303      	str	r3, [sp, #12]
1000433a:	4658      	mov	r0, fp
1000433c:	464b      	mov	r3, r9
1000433e:	f7fe fecd 	bl	100030dc <_ntoa_format>
10004342:	940a      	str	r4, [sp, #40]	@ 0x28
10004344:	4680      	mov	r8, r0
10004346:	e4ef      	b.n	10003d28 <_vsnprintf+0x3c>
10004348:	f023 030c 	bic.w	r3, r3, #12
1000434c:	e721      	b.n	10004192 <_vsnprintf+0x4a6>
1000434e:	3307      	adds	r3, #7
10004350:	f023 0307 	bic.w	r3, r3, #7
10004354:	4619      	mov	r1, r3
10004356:	4608      	mov	r0, r1
10004358:	685b      	ldr	r3, [r3, #4]
1000435a:	f850 1b08 	ldr.w	r1, [r0], #8
1000435e:	0fdf      	lsrs	r7, r3, #31
10004360:	900a      	str	r0, [sp, #40]	@ 0x28
10004362:	ea51 0003 	orrs.w	r0, r1, r3
10004366:	d162      	bne.n	1000442e <_vsnprintf+0x742>
10004368:	2a00      	cmp	r2, #0
1000436a:	f040 819f 	bne.w	100046ac <_vsnprintf+0x9c0>
1000436e:	4613      	mov	r3, r2
10004370:	4611      	mov	r1, r2
10004372:	aa12      	add	r2, sp, #72	@ 0x48
10004374:	e9cd 750c 	strd	r7, r5, [sp, #48]	@ 0x30
10004378:	2000      	movs	r0, #0
1000437a:	4615      	mov	r5, r2
1000437c:	e9cd 680e 	strd	r6, r8, [sp, #56]	@ 0x38
10004380:	f8df e348 	ldr.w	lr, [pc, #840]	@ 100046cc <_vsnprintf+0x9e0>
10004384:	920b      	str	r2, [sp, #44]	@ 0x2c
10004386:	e001      	b.n	1000438c <_vsnprintf+0x6a0>
10004388:	2820      	cmp	r0, #32
1000438a:	d02d      	beq.n	100043e8 <_vsnprintf+0x6fc>
1000438c:	185a      	adds	r2, r3, r1
1000438e:	f142 0200 	adc.w	r2, r2, #0
10004392:	fbae 7802 	umull	r7, r8, lr, r2
10004396:	f028 0703 	bic.w	r7, r8, #3
1000439a:	eb07 0798 	add.w	r7, r7, r8, lsr #2
1000439e:	1bd2      	subs	r2, r2, r7
100043a0:	461e      	mov	r6, r3
100043a2:	1a9b      	subs	r3, r3, r2
100043a4:	f161 0700 	sbc.w	r7, r1, #0
100043a8:	460c      	mov	r4, r1
100043aa:	f04f 31cc 	mov.w	r1, #3435973836	@ 0xcccccccc
100043ae:	fb01 f103 	mul.w	r1, r1, r3
100043b2:	fb0e 1107 	mla	r1, lr, r7, r1
100043b6:	fba3 730e 	umull	r7, r3, r3, lr
100043ba:	4419      	add	r1, r3
100043bc:	2305      	movs	r3, #5
100043be:	f007 0801 	and.w	r8, r7, #1
100043c2:	fba8 3803 	umull	r3, r8, r8, r3
100043c6:	189b      	adds	r3, r3, r2
100043c8:	2e0a      	cmp	r6, #10
100043ca:	f103 0330 	add.w	r3, r3, #48	@ 0x30
100043ce:	ea4f 0757 	mov.w	r7, r7, lsr #1
100043d2:	f174 0400 	sbcs.w	r4, r4, #0
100043d6:	f805 3b01 	strb.w	r3, [r5], #1
100043da:	f100 0001 	add.w	r0, r0, #1
100043de:	ea47 73c1 	orr.w	r3, r7, r1, lsl #31
100043e2:	ea4f 0151 	mov.w	r1, r1, lsr #1
100043e6:	d2cf      	bcs.n	10004388 <_vsnprintf+0x69c>
100043e8:	e9dd 750c 	ldrd	r7, r5, [sp, #48]	@ 0x30
100043ec:	e9dd 680e 	ldrd	r6, r8, [sp, #56]	@ 0x38
100043f0:	9b0b      	ldr	r3, [sp, #44]	@ 0x2c
100043f2:	4642      	mov	r2, r8
100043f4:	9300      	str	r3, [sp, #0]
100043f6:	230a      	movs	r3, #10
100043f8:	e9cd 5c05 	strd	r5, ip, [sp, #20]
100043fc:	e9cd 0701 	strd	r0, r7, [sp, #4]
10004400:	9604      	str	r6, [sp, #16]
10004402:	9303      	str	r3, [sp, #12]
10004404:	464b      	mov	r3, r9
10004406:	4651      	mov	r1, sl
10004408:	4658      	mov	r0, fp
1000440a:	f7fe fe67 	bl	100030dc <_ntoa_format>
1000440e:	4680      	mov	r8, r0
10004410:	e48a      	b.n	10003d28 <_vsnprintf+0x3c>
10004412:	7819      	ldrb	r1, [r3, #0]
10004414:	460f      	mov	r7, r1
10004416:	e764      	b.n	100042e2 <_vsnprintf+0x5f6>
10004418:	2710      	movs	r7, #16
1000441a:	46bc      	mov	ip, r7
1000441c:	e6b3      	b.n	10004186 <_vsnprintf+0x49a>
1000441e:	f023 0c10 	bic.w	ip, r3, #16
10004422:	e745      	b.n	100042b0 <_vsnprintf+0x5c4>
10004424:	061c      	lsls	r4, r3, #24
10004426:	bf4c      	ite	mi
10004428:	8812      	ldrhmi	r2, [r2, #0]
1000442a:	6812      	ldrpl	r2, [r2, #0]
1000442c:	e6c0      	b.n	100041b0 <_vsnprintf+0x4c4>
1000442e:	460a      	mov	r2, r1
10004430:	1e19      	subs	r1, r3, #0
10004432:	db01      	blt.n	10004438 <_vsnprintf+0x74c>
10004434:	4613      	mov	r3, r2
10004436:	e79c      	b.n	10004372 <_vsnprintf+0x686>
10004438:	4252      	negs	r2, r2
1000443a:	4613      	mov	r3, r2
1000443c:	eb61 0141 	sbc.w	r1, r1, r1, lsl #1
10004440:	e797      	b.n	10004372 <_vsnprintf+0x686>
10004442:	4613      	mov	r3, r2
10004444:	4651      	mov	r1, sl
10004446:	7818      	ldrb	r0, [r3, #0]
10004448:	4642      	mov	r2, r8
1000444a:	464b      	mov	r3, r9
1000444c:	47d8      	blx	fp
1000444e:	46b0      	mov	r8, r6
10004450:	e648      	b.n	100040e4 <_vsnprintf+0x3f8>
10004452:	f013 0f20 	tst.w	r3, #32
10004456:	bf14      	ite	ne
10004458:	2041      	movne	r0, #65	@ 0x41
1000445a:	2061      	moveq	r0, #97	@ 0x61
1000445c:	ac12      	add	r4, sp, #72	@ 0x48
1000445e:	46a6      	mov	lr, r4
10004460:	940b      	str	r4, [sp, #44]	@ 0x2c
10004462:	930a      	str	r3, [sp, #40]	@ 0x28
10004464:	f1a0 040a 	sub.w	r4, r0, #10
10004468:	950c      	str	r5, [sp, #48]	@ 0x30
1000446a:	e002      	b.n	10004472 <_vsnprintf+0x786>
1000446c:	2920      	cmp	r1, #32
1000446e:	d012      	beq.n	10004496 <_vsnprintf+0x7aa>
10004470:	462a      	mov	r2, r5
10004472:	fbb2 f5fc 	udiv	r5, r2, ip
10004476:	fb0c 2015 	mls	r0, ip, r5, r2
1000447a:	b2c3      	uxtb	r3, r0
1000447c:	2809      	cmp	r0, #9
1000447e:	f103 0030 	add.w	r0, r3, #48	@ 0x30
10004482:	bf8a      	itet	hi
10004484:	191b      	addhi	r3, r3, r4
10004486:	b2c3      	uxtbls	r3, r0
10004488:	b2db      	uxtbhi	r3, r3
1000448a:	4562      	cmp	r2, ip
1000448c:	f80e 3b01 	strb.w	r3, [lr], #1
10004490:	f101 0101 	add.w	r1, r1, #1
10004494:	d2ea      	bcs.n	1000446c <_vsnprintf+0x780>
10004496:	9b0a      	ldr	r3, [sp, #40]	@ 0x28
10004498:	9d0c      	ldr	r5, [sp, #48]	@ 0x30
1000449a:	e694      	b.n	100041c6 <_vsnprintf+0x4da>
1000449c:	9a0a      	ldr	r2, [sp, #40]	@ 0x28
1000449e:	3207      	adds	r2, #7
100044a0:	f022 0207 	bic.w	r2, r2, #7
100044a4:	6851      	ldr	r1, [r2, #4]
100044a6:	f852 4b08 	ldr.w	r4, [r2], #8
100044aa:	468e      	mov	lr, r1
100044ac:	920a      	str	r2, [sp, #40]	@ 0x28
100044ae:	ea54 0201 	orrs.w	r2, r4, r1
100044b2:	d176      	bne.n	100045a2 <_vsnprintf+0x8b6>
100044b4:	f023 0310 	bic.w	r3, r3, #16
100044b8:	2800      	cmp	r0, #0
100044ba:	d072      	beq.n	100045a2 <_vsnprintf+0x8b6>
100044bc:	2200      	movs	r2, #0
100044be:	4611      	mov	r1, r2
100044c0:	aa12      	add	r2, sp, #72	@ 0x48
100044c2:	920b      	str	r2, [sp, #44]	@ 0x2c
100044c4:	e9cd 5305 	strd	r5, r3, [sp, #20]
100044c8:	9b0b      	ldr	r3, [sp, #44]	@ 0x2c
100044ca:	4642      	mov	r2, r8
100044cc:	9300      	str	r3, [sp, #0]
100044ce:	2300      	movs	r3, #0
100044d0:	e9cd c603 	strd	ip, r6, [sp, #12]
100044d4:	9101      	str	r1, [sp, #4]
100044d6:	9302      	str	r3, [sp, #8]
100044d8:	e794      	b.n	10004404 <_vsnprintf+0x718>
100044da:	42a5      	cmp	r5, r4
100044dc:	bf98      	it	ls
100044de:	3401      	addls	r4, #1
100044e0:	f67f ad74 	bls.w	10003fcc <_vsnprintf+0x2e0>
100044e4:	f44f 6380 	mov.w	r3, #1024	@ 0x400
100044e8:	e9cd 750a 	strd	r7, r5, [sp, #40]	@ 0x28
100044ec:	eb05 0208 	add.w	r2, r5, r8
100044f0:	461f      	mov	r7, r3
100044f2:	460d      	mov	r5, r1
100044f4:	1b14      	subs	r4, r2, r4
100044f6:	4642      	mov	r2, r8
100044f8:	464b      	mov	r3, r9
100044fa:	4651      	mov	r1, sl
100044fc:	2020      	movs	r0, #32
100044fe:	f108 0801 	add.w	r8, r8, #1
10004502:	47d8      	blx	fp
10004504:	45a0      	cmp	r8, r4
10004506:	d1f6      	bne.n	100044f6 <_vsnprintf+0x80a>
10004508:	463b      	mov	r3, r7
1000450a:	9f0a      	ldr	r7, [sp, #40]	@ 0x28
1000450c:	4629      	mov	r1, r5
1000450e:	7838      	ldrb	r0, [r7, #0]
10004510:	9d0b      	ldr	r5, [sp, #44]	@ 0x2c
10004512:	1c6c      	adds	r4, r5, #1
10004514:	2800      	cmp	r0, #0
10004516:	f43f ad70 	beq.w	10003ffa <_vsnprintf+0x30e>
1000451a:	2b00      	cmp	r3, #0
1000451c:	f43f ae75 	beq.w	1000420a <_vsnprintf+0x51e>
10004520:	2300      	movs	r3, #0
10004522:	e553      	b.n	10003fcc <_vsnprintf+0x2e0>
10004524:	42a5      	cmp	r5, r4
10004526:	d8df      	bhi.n	100044e8 <_vsnprintf+0x7fc>
10004528:	3401      	adds	r4, #1
1000452a:	e66e      	b.n	1000420a <_vsnprintf+0x51e>
1000452c:	6819      	ldr	r1, [r3, #0]
1000452e:	0fcb      	lsrs	r3, r1, #31
10004530:	2900      	cmp	r1, #0
10004532:	f000 80a8 	beq.w	10004686 <_vsnprintf+0x99a>
10004536:	ea81 72e1 	eor.w	r2, r1, r1, asr #31
1000453a:	eba2 72e1 	sub.w	r2, r2, r1, asr #31
1000453e:	a912      	add	r1, sp, #72	@ 0x48
10004540:	4608      	mov	r0, r1
10004542:	f8df e188 	ldr.w	lr, [pc, #392]	@ 100046cc <_vsnprintf+0x9e0>
10004546:	910b      	str	r1, [sp, #44]	@ 0x2c
10004548:	930a      	str	r3, [sp, #40]	@ 0x28
1000454a:	950c      	str	r5, [sp, #48]	@ 0x30
1000454c:	e001      	b.n	10004552 <_vsnprintf+0x866>
1000454e:	2f20      	cmp	r7, #32
10004550:	d00f      	beq.n	10004572 <_vsnprintf+0x886>
10004552:	4615      	mov	r5, r2
10004554:	fbae 1302 	umull	r1, r3, lr, r2
10004558:	08db      	lsrs	r3, r3, #3
1000455a:	eb03 0183 	add.w	r1, r3, r3, lsl #2
1000455e:	eba2 0141 	sub.w	r1, r2, r1, lsl #1
10004562:	3130      	adds	r1, #48	@ 0x30
10004564:	2d09      	cmp	r5, #9
10004566:	461a      	mov	r2, r3
10004568:	f107 0701 	add.w	r7, r7, #1
1000456c:	f800 1b01 	strb.w	r1, [r0], #1
10004570:	d8ed      	bhi.n	1000454e <_vsnprintf+0x862>
10004572:	9b0a      	ldr	r3, [sp, #40]	@ 0x28
10004574:	9d0c      	ldr	r5, [sp, #48]	@ 0x30
10004576:	e9cd 5c05 	strd	r5, ip, [sp, #20]
1000457a:	e9cd 7301 	strd	r7, r3, [sp, #4]
1000457e:	9604      	str	r6, [sp, #16]
10004580:	e6d5      	b.n	1000432e <_vsnprintf+0x642>
10004582:	2869      	cmp	r0, #105	@ 0x69
10004584:	f023 0c10 	bic.w	ip, r3, #16
10004588:	f040 808c 	bne.w	100046a4 <_vsnprintf+0x9b8>
1000458c:	f413 6280 	ands.w	r2, r3, #1024	@ 0x400
10004590:	f43f ae8e 	beq.w	100042b0 <_vsnprintf+0x5c4>
10004594:	e688      	b.n	100042a8 <_vsnprintf+0x5bc>
10004596:	2a00      	cmp	r2, #0
10004598:	f43f aea8 	beq.w	100042ec <_vsnprintf+0x600>
1000459c:	aa12      	add	r2, sp, #72	@ 0x48
1000459e:	920b      	str	r2, [sp, #44]	@ 0x2c
100045a0:	e6c0      	b.n	10004324 <_vsnprintf+0x638>
100045a2:	f013 0f20 	tst.w	r3, #32
100045a6:	bf14      	ite	ne
100045a8:	2241      	movne	r2, #65	@ 0x41
100045aa:	2261      	moveq	r2, #97	@ 0x61
100045ac:	2000      	movs	r0, #0
100045ae:	a912      	add	r1, sp, #72	@ 0x48
100045b0:	3a0a      	subs	r2, #10
100045b2:	e9cd 680e 	strd	r6, r8, [sp, #56]	@ 0x38
100045b6:	e9cd 350c 	strd	r3, r5, [sp, #48]	@ 0x30
100045ba:	f8cd b044 	str.w	fp, [sp, #68]	@ 0x44
100045be:	4606      	mov	r6, r0
100045c0:	4688      	mov	r8, r1
100045c2:	4675      	mov	r5, lr
100045c4:	4693      	mov	fp, r2
100045c6:	910b      	str	r1, [sp, #44]	@ 0x2c
100045c8:	f8cd c040 	str.w	ip, [sp, #64]	@ 0x40
100045cc:	e003      	b.n	100045d6 <_vsnprintf+0x8ea>
100045ce:	2e20      	cmp	r6, #32
100045d0:	d017      	beq.n	10004602 <_vsnprintf+0x916>
100045d2:	4604      	mov	r4, r0
100045d4:	460d      	mov	r5, r1
100045d6:	4629      	mov	r1, r5
100045d8:	463a      	mov	r2, r7
100045da:	2300      	movs	r3, #0
100045dc:	4620      	mov	r0, r4
100045de:	f001 f95b 	bl	10005898 <____aeabi_uldivmod_veneer>
100045e2:	b2d2      	uxtb	r2, r2
100045e4:	2a09      	cmp	r2, #9
100045e6:	f102 0330 	add.w	r3, r2, #48	@ 0x30
100045ea:	bf88      	it	hi
100045ec:	eb02 030b 	addhi.w	r3, r2, fp
100045f0:	42bc      	cmp	r4, r7
100045f2:	b2db      	uxtb	r3, r3
100045f4:	f175 0500 	sbcs.w	r5, r5, #0
100045f8:	f808 3b01 	strb.w	r3, [r8], #1
100045fc:	f106 0601 	add.w	r6, r6, #1
10004600:	d2e5      	bcs.n	100045ce <_vsnprintf+0x8e2>
10004602:	4631      	mov	r1, r6
10004604:	e9dd 350c 	ldrd	r3, r5, [sp, #48]	@ 0x30
10004608:	e9dd cb10 	ldrd	ip, fp, [sp, #64]	@ 0x40
1000460c:	f8dd 803c 	ldr.w	r8, [sp, #60]	@ 0x3c
10004610:	9e0e      	ldr	r6, [sp, #56]	@ 0x38
10004612:	e757      	b.n	100044c4 <_vsnprintf+0x7d8>
10004614:	990a      	ldr	r1, [sp, #40]	@ 0x28
10004616:	6809      	ldr	r1, [r1, #0]
10004618:	b951      	cbnz	r1, 10004630 <_vsnprintf+0x944>
1000461a:	f023 0310 	bic.w	r3, r3, #16
1000461e:	b138      	cbz	r0, 10004630 <_vsnprintf+0x944>
10004620:	a912      	add	r1, sp, #72	@ 0x48
10004622:	910b      	str	r1, [sp, #44]	@ 0x2c
10004624:	e9cd 5305 	strd	r5, r3, [sp, #20]
10004628:	e9cd c603 	strd	ip, r6, [sp, #12]
1000462c:	9201      	str	r2, [sp, #4]
1000462e:	e5cf      	b.n	100041d0 <_vsnprintf+0x4e4>
10004630:	f013 0f20 	tst.w	r3, #32
10004634:	bf14      	ite	ne
10004636:	2041      	movne	r0, #65	@ 0x41
10004638:	2061      	moveq	r0, #97	@ 0x61
1000463a:	ac12      	add	r4, sp, #72	@ 0x48
1000463c:	46a6      	mov	lr, r4
1000463e:	940b      	str	r4, [sp, #44]	@ 0x2c
10004640:	930a      	str	r3, [sp, #40]	@ 0x28
10004642:	f1a0 040a 	sub.w	r4, r0, #10
10004646:	950c      	str	r5, [sp, #48]	@ 0x30
10004648:	e002      	b.n	10004650 <_vsnprintf+0x964>
1000464a:	2a20      	cmp	r2, #32
1000464c:	d012      	beq.n	10004674 <_vsnprintf+0x988>
1000464e:	4629      	mov	r1, r5
10004650:	fbb1 f5fc 	udiv	r5, r1, ip
10004654:	fb0c 1015 	mls	r0, ip, r5, r1
10004658:	b2c3      	uxtb	r3, r0
1000465a:	2809      	cmp	r0, #9
1000465c:	f103 0030 	add.w	r0, r3, #48	@ 0x30
10004660:	bf8a      	itet	hi
10004662:	191b      	addhi	r3, r3, r4
10004664:	b2c3      	uxtbls	r3, r0
10004666:	b2db      	uxtbhi	r3, r3
10004668:	4561      	cmp	r1, ip
1000466a:	f80e 3b01 	strb.w	r3, [lr], #1
1000466e:	f102 0201 	add.w	r2, r2, #1
10004672:	d2ea      	bcs.n	1000464a <_vsnprintf+0x95e>
10004674:	9b0a      	ldr	r3, [sp, #40]	@ 0x28
10004676:	9d0c      	ldr	r5, [sp, #48]	@ 0x30
10004678:	e7d4      	b.n	10004624 <_vsnprintf+0x938>
1000467a:	6819      	ldr	r1, [r3, #0]
1000467c:	ea81 77e1 	eor.w	r7, r1, r1, asr #31
10004680:	eba7 77e1 	sub.w	r7, r7, r1, asr #31
10004684:	e62d      	b.n	100042e2 <_vsnprintf+0x5f6>
10004686:	2a00      	cmp	r2, #0
10004688:	f43f af59 	beq.w	1000453e <_vsnprintf+0x852>
1000468c:	aa12      	add	r2, sp, #72	@ 0x48
1000468e:	920b      	str	r2, [sp, #44]	@ 0x2c
10004690:	e771      	b.n	10004576 <_vsnprintf+0x88a>
10004692:	f413 6480 	ands.w	r4, r3, #1024	@ 0x400
10004696:	d00d      	beq.n	100046b4 <_vsnprintf+0x9c8>
10004698:	f013 0402 	ands.w	r4, r3, #2
1000469c:	d012      	beq.n	100046c4 <_vsnprintf+0x9d8>
1000469e:	4604      	mov	r4, r0
100046a0:	4646      	mov	r6, r8
100046a2:	e5ec      	b.n	1000427e <_vsnprintf+0x592>
100046a4:	270a      	movs	r7, #10
100046a6:	4663      	mov	r3, ip
100046a8:	46bc      	mov	ip, r7
100046aa:	e56c      	b.n	10004186 <_vsnprintf+0x49a>
100046ac:	ab12      	add	r3, sp, #72	@ 0x48
100046ae:	2000      	movs	r0, #0
100046b0:	930b      	str	r3, [sp, #44]	@ 0x2c
100046b2:	e69d      	b.n	100043f0 <_vsnprintf+0x704>
100046b4:	f013 0302 	ands.w	r3, r3, #2
100046b8:	f47f ade0 	bne.w	1000427c <_vsnprintf+0x590>
100046bc:	2d00      	cmp	r5, #0
100046be:	f47f af13 	bne.w	100044e8 <_vsnprintf+0x7fc>
100046c2:	e49a      	b.n	10003ffa <_vsnprintf+0x30e>
100046c4:	2d00      	cmp	r5, #0
100046c6:	f47f af0d 	bne.w	100044e4 <_vsnprintf+0x7f8>
100046ca:	e496      	b.n	10003ffa <_vsnprintf+0x30e>
100046cc:	cccccccd 	.word	0xcccccccd

100046d0 <__wrap_sprintf>:
100046d0:	b40e      	push	{r1, r2, r3}
100046d2:	b510      	push	{r4, lr}
100046d4:	b085      	sub	sp, #20
100046d6:	ac07      	add	r4, sp, #28
100046d8:	f854 3b04 	ldr.w	r3, [r4], #4
100046dc:	4601      	mov	r1, r0
100046de:	f04f 32ff 	mov.w	r2, #4294967295	@ 0xffffffff
100046e2:	9400      	str	r4, [sp, #0]
100046e4:	4804      	ldr	r0, [pc, #16]	@ (100046f8 <__wrap_sprintf+0x28>)
100046e6:	9403      	str	r4, [sp, #12]
100046e8:	f7ff fb00 	bl	10003cec <_vsnprintf>
100046ec:	b005      	add	sp, #20
100046ee:	e8bd 4010 	ldmia.w	sp!, {r4, lr}
100046f2:	b003      	add	sp, #12
100046f4:	4770      	bx	lr
100046f6:	bf00      	nop
100046f8:	10003035 	.word	0x10003035

100046fc <weak_raw_vprintf>:
100046fc:	b510      	push	{r4, lr}
100046fe:	4b09      	ldr	r3, [pc, #36]	@ (10004724 <weak_raw_vprintf+0x28>)
10004700:	b084      	sub	sp, #16
10004702:	681c      	ldr	r4, [r3, #0]
10004704:	b14c      	cbz	r4, 1000471a <weak_raw_vprintf+0x1e>
10004706:	4603      	mov	r3, r0
10004708:	9100      	str	r1, [sp, #0]
1000470a:	f04f 32ff 	mov.w	r2, #4294967295	@ 0xffffffff
1000470e:	a903      	add	r1, sp, #12
10004710:	4805      	ldr	r0, [pc, #20]	@ (10004728 <weak_raw_vprintf+0x2c>)
10004712:	47a0      	blx	r4
10004714:	2001      	movs	r0, #1
10004716:	b004      	add	sp, #16
10004718:	bd10      	pop	{r4, pc}
1000471a:	f000 f94b 	bl	100049b4 <__wrap_puts>
1000471e:	4620      	mov	r0, r4
10004720:	b004      	add	sp, #16
10004722:	bd10      	pop	{r4, pc}
10004724:	20001274 	.word	0x20001274
10004728:	100032b1 	.word	0x100032b1

1000472c <_exit>:
1000472c:	be00      	bkpt	0x0000
1000472e:	e7fd      	b.n	1000472c <_exit>

10004730 <_sbrk>:
10004730:	4a07      	ldr	r2, [pc, #28]	@ (10004750 <_sbrk+0x20>)
10004732:	4603      	mov	r3, r0
10004734:	6810      	ldr	r0, [r2, #0]
10004736:	b138      	cbz	r0, 10004748 <_sbrk+0x18>
10004738:	4906      	ldr	r1, [pc, #24]	@ (10004754 <_sbrk+0x24>)
1000473a:	4403      	add	r3, r0
1000473c:	428b      	cmp	r3, r1
1000473e:	bf8c      	ite	hi
10004740:	f04f 30ff 	movhi.w	r0, #4294967295	@ 0xffffffff
10004744:	6013      	strls	r3, [r2, #0]
10004746:	4770      	bx	lr
10004748:	4903      	ldr	r1, [pc, #12]	@ (10004758 <_sbrk+0x28>)
1000474a:	4608      	mov	r0, r1
1000474c:	6011      	str	r1, [r2, #0]
1000474e:	e7f3      	b.n	10004738 <_sbrk+0x8>
10004750:	2000126c 	.word	0x2000126c
10004754:	20080000 	.word	0x20080000
10004758:	20026ae0 	.word	0x20026ae0

1000475c <exit>:
1000475c:	b508      	push	{r3, lr}
1000475e:	f7ff ffe5 	bl	1000472c <_exit>
10004762:	bf00      	nop

10004764 <runtime_init>:
10004764:	b538      	push	{r3, r4, r5, lr}
10004766:	4c06      	ldr	r4, [pc, #24]	@ (10004780 <runtime_init+0x1c>)
10004768:	4d06      	ldr	r5, [pc, #24]	@ (10004784 <runtime_init+0x20>)
1000476a:	f7fe f9b5 	bl	10002ad8 <runtime_run_initializers>
1000476e:	42ac      	cmp	r4, r5
10004770:	d204      	bcs.n	1000477c <runtime_init+0x18>
10004772:	f854 3b04 	ldr.w	r3, [r4], #4
10004776:	4798      	blx	r3
10004778:	42ac      	cmp	r4, r5
1000477a:	d3fa      	bcc.n	10004772 <runtime_init+0xe>
1000477c:	bd38      	pop	{r3, r4, r5, pc}
1000477e:	bf00      	nop
10004780:	100058f8 	.word	0x100058f8
10004784:	100058fc 	.word	0x100058fc

10004788 <stdio_out_chars_no_crlf>:
10004788:	6803      	ldr	r3, [r0, #0]
1000478a:	4608      	mov	r0, r1
1000478c:	4611      	mov	r1, r2
1000478e:	4718      	bx	r3

10004790 <stdio_out_chars_crlf>:
10004790:	e92d 41f0 	stmdb	sp!, {r4, r5, r6, r7, r8, lr}
10004794:	4615      	mov	r5, r2
10004796:	7d42      	ldrb	r2, [r0, #21]
10004798:	4607      	mov	r7, r0
1000479a:	4688      	mov	r8, r1
1000479c:	2a00      	cmp	r2, #0
1000479e:	d046      	beq.n	1000482e <stdio_out_chars_crlf+0x9e>
100047a0:	2d00      	cmp	r5, #0
100047a2:	dd1d      	ble.n	100047e0 <stdio_out_chars_crlf+0x50>
100047a4:	780b      	ldrb	r3, [r1, #0]
100047a6:	2b0a      	cmp	r3, #10
100047a8:	d023      	beq.n	100047f2 <stdio_out_chars_crlf+0x62>
100047aa:	2d01      	cmp	r5, #1
100047ac:	f04f 0c00 	mov.w	ip, #0
100047b0:	d018      	beq.n	100047e4 <stdio_out_chars_crlf+0x54>
100047b2:	4646      	mov	r6, r8
100047b4:	2401      	movs	r4, #1
100047b6:	f816 2f01 	ldrb.w	r2, [r6, #1]!
100047ba:	4621      	mov	r1, r4
100047bc:	2a0a      	cmp	r2, #10
100047be:	f104 0401 	add.w	r4, r4, #1
100047c2:	d022      	beq.n	1000480a <stdio_out_chars_crlf+0x7a>
100047c4:	42a5      	cmp	r5, r4
100047c6:	d1f6      	bne.n	100047b6 <stdio_out_chars_crlf+0x26>
100047c8:	4565      	cmp	r5, ip
100047ca:	dc0b      	bgt.n	100047e4 <stdio_out_chars_crlf+0x54>
100047cc:	eb08 0305 	add.w	r3, r8, r5
100047d0:	f813 3c01 	ldrb.w	r3, [r3, #-1]
100047d4:	f1a3 030d 	sub.w	r3, r3, #13
100047d8:	fab3 f383 	clz	r3, r3
100047dc:	095b      	lsrs	r3, r3, #5
100047de:	753b      	strb	r3, [r7, #20]
100047e0:	e8bd 81f0 	ldmia.w	sp!, {r4, r5, r6, r7, r8, pc}
100047e4:	683b      	ldr	r3, [r7, #0]
100047e6:	eba5 010c 	sub.w	r1, r5, ip
100047ea:	eb08 000c 	add.w	r0, r8, ip
100047ee:	4798      	blx	r3
100047f0:	e7ec      	b.n	100047cc <stdio_out_chars_crlf+0x3c>
100047f2:	7d03      	ldrb	r3, [r0, #20]
100047f4:	2b00      	cmp	r3, #0
100047f6:	d1d8      	bne.n	100047aa <stdio_out_chars_crlf+0x1a>
100047f8:	6803      	ldr	r3, [r0, #0]
100047fa:	2102      	movs	r1, #2
100047fc:	480f      	ldr	r0, [pc, #60]	@ (1000483c <stdio_out_chars_crlf+0xac>)
100047fe:	4798      	blx	r3
10004800:	2d01      	cmp	r5, #1
10004802:	d0e3      	beq.n	100047cc <stdio_out_chars_crlf+0x3c>
10004804:	f04f 0c01 	mov.w	ip, #1
10004808:	e7d3      	b.n	100047b2 <stdio_out_chars_crlf+0x22>
1000480a:	f816 3c01 	ldrb.w	r3, [r6, #-1]
1000480e:	2b0d      	cmp	r3, #13
10004810:	d0d8      	beq.n	100047c4 <stdio_out_chars_crlf+0x34>
10004812:	458c      	cmp	ip, r1
10004814:	eb08 000c 	add.w	r0, r8, ip
10004818:	eba1 010c 	sub.w	r1, r1, ip
1000481c:	da01      	bge.n	10004822 <stdio_out_chars_crlf+0x92>
1000481e:	683b      	ldr	r3, [r7, #0]
10004820:	4798      	blx	r3
10004822:	2102      	movs	r1, #2
10004824:	4805      	ldr	r0, [pc, #20]	@ (1000483c <stdio_out_chars_crlf+0xac>)
10004826:	683b      	ldr	r3, [r7, #0]
10004828:	4798      	blx	r3
1000482a:	46a4      	mov	ip, r4
1000482c:	e7ca      	b.n	100047c4 <stdio_out_chars_crlf+0x34>
1000482e:	4629      	mov	r1, r5
10004830:	4640      	mov	r0, r8
10004832:	683b      	ldr	r3, [r7, #0]
10004834:	e8bd 41f0 	ldmia.w	sp!, {r4, r5, r6, r7, r8, lr}
10004838:	4718      	bx	r3
1000483a:	bf00      	nop
1000483c:	10008a38 	.word	0x10008a38

10004840 <stdio_put_string>:
10004840:	e92d 47f0 	stmdb	sp!, {r4, r5, r6, r7, r8, r9, sl, lr}
10004844:	b082      	sub	sp, #8
10004846:	460d      	mov	r5, r1
10004848:	4691      	mov	r9, r2
1000484a:	461c      	mov	r4, r3
1000484c:	4606      	mov	r6, r0
1000484e:	f7fd fea5 	bl	1000259c <time_us_64>
10004852:	f04f 3cff 	mov.w	ip, #4294967295	@ 0xffffffff
10004856:	f06f 4700 	mvn.w	r7, #2147483648	@ 0x80000000
1000485a:	4a2e      	ldr	r2, [pc, #184]	@ (10004914 <stdio_put_string+0xd4>)
1000485c:	1882      	adds	r2, r0, r2
1000485e:	f141 0300 	adc.w	r3, r1, #0
10004862:	4594      	cmp	ip, r2
10004864:	eb77 0103 	sbcs.w	r1, r7, r3
10004868:	bf3c      	itt	cc
1000486a:	4662      	movcc	r2, ip
1000486c:	463b      	movcc	r3, r7
1000486e:	482a      	ldr	r0, [pc, #168]	@ (10004918 <stdio_put_string+0xd8>)
10004870:	f001 f81e 	bl	100058b0 <__mutex_try_enter_block_until_veneer>
10004874:	1c6b      	adds	r3, r5, #1
10004876:	4680      	mov	r8, r0
10004878:	d040      	beq.n	100048fc <stdio_put_string+0xbc>
1000487a:	b30c      	cbz	r4, 100048c0 <stdio_put_string+0x80>
1000487c:	4f27      	ldr	r7, [pc, #156]	@ (1000491c <stdio_put_string+0xdc>)
1000487e:	4b28      	ldr	r3, [pc, #160]	@ (10004920 <stdio_put_string+0xe0>)
10004880:	681c      	ldr	r4, [r3, #0]
10004882:	b1b4      	cbz	r4, 100048b2 <stdio_put_string+0x72>
10004884:	f1b9 0f00 	cmp.w	r9, #0
10004888:	d11c      	bne.n	100048c4 <stdio_put_string+0x84>
1000488a:	f8df 909c 	ldr.w	r9, [pc, #156]	@ 10004928 <stdio_put_string+0xe8>
1000488e:	e001      	b.n	10004894 <stdio_put_string+0x54>
10004890:	6924      	ldr	r4, [r4, #16]
10004892:	b174      	cbz	r4, 100048b2 <stdio_put_string+0x72>
10004894:	6823      	ldr	r3, [r4, #0]
10004896:	2b00      	cmp	r3, #0
10004898:	d0fa      	beq.n	10004890 <stdio_put_string+0x50>
1000489a:	f8d9 3000 	ldr.w	r3, [r9]
1000489e:	b10b      	cbz	r3, 100048a4 <stdio_put_string+0x64>
100048a0:	429c      	cmp	r4, r3
100048a2:	d1f5      	bne.n	10004890 <stdio_put_string+0x50>
100048a4:	4620      	mov	r0, r4
100048a6:	462a      	mov	r2, r5
100048a8:	4631      	mov	r1, r6
100048aa:	47b8      	blx	r7
100048ac:	6924      	ldr	r4, [r4, #16]
100048ae:	2c00      	cmp	r4, #0
100048b0:	d1f0      	bne.n	10004894 <stdio_put_string+0x54>
100048b2:	f1b8 0f00 	cmp.w	r8, #0
100048b6:	d126      	bne.n	10004906 <stdio_put_string+0xc6>
100048b8:	4628      	mov	r0, r5
100048ba:	b002      	add	sp, #8
100048bc:	e8bd 87f0 	ldmia.w	sp!, {r4, r5, r6, r7, r8, r9, sl, pc}
100048c0:	4f18      	ldr	r7, [pc, #96]	@ (10004924 <stdio_put_string+0xe4>)
100048c2:	e7dc      	b.n	1000487e <stdio_put_string+0x3e>
100048c4:	f04f 0a0a 	mov.w	sl, #10
100048c8:	f8df 905c 	ldr.w	r9, [pc, #92]	@ 10004928 <stdio_put_string+0xe8>
100048cc:	e002      	b.n	100048d4 <stdio_put_string+0x94>
100048ce:	6924      	ldr	r4, [r4, #16]
100048d0:	2c00      	cmp	r4, #0
100048d2:	d0ee      	beq.n	100048b2 <stdio_put_string+0x72>
100048d4:	6823      	ldr	r3, [r4, #0]
100048d6:	2b00      	cmp	r3, #0
100048d8:	d0f9      	beq.n	100048ce <stdio_put_string+0x8e>
100048da:	f8d9 3000 	ldr.w	r3, [r9]
100048de:	b10b      	cbz	r3, 100048e4 <stdio_put_string+0xa4>
100048e0:	42a3      	cmp	r3, r4
100048e2:	d1f4      	bne.n	100048ce <stdio_put_string+0x8e>
100048e4:	462a      	mov	r2, r5
100048e6:	4631      	mov	r1, r6
100048e8:	4620      	mov	r0, r4
100048ea:	47b8      	blx	r7
100048ec:	2201      	movs	r2, #1
100048ee:	4620      	mov	r0, r4
100048f0:	f10d 0107 	add.w	r1, sp, #7
100048f4:	f88d a007 	strb.w	sl, [sp, #7]
100048f8:	47b8      	blx	r7
100048fa:	e7e8      	b.n	100048ce <stdio_put_string+0x8e>
100048fc:	4630      	mov	r0, r6
100048fe:	f000 fe45 	bl	1000558c <strlen>
10004902:	4605      	mov	r5, r0
10004904:	e7b9      	b.n	1000487a <stdio_put_string+0x3a>
10004906:	4804      	ldr	r0, [pc, #16]	@ (10004918 <stdio_put_string+0xd8>)
10004908:	f000 ffca 	bl	100058a0 <__mutex_exit_veneer>
1000490c:	4628      	mov	r0, r5
1000490e:	b002      	add	sp, #8
10004910:	e8bd 87f0 	ldmia.w	sp!, {r4, r5, r6, r7, r8, r9, sl, pc}
10004914:	000f4240 	.word	0x000f4240
10004918:	20000de8 	.word	0x20000de8
1000491c:	10004791 	.word	0x10004791
10004920:	2000125c 	.word	0x2000125c
10004924:	10004789 	.word	0x10004789
10004928:	20001264 	.word	0x20001264

1000492c <stdio_init_all>:
1000492c:	2000      	movs	r0, #0
1000492e:	4770      	bx	lr

10004930 <__wrap_putchar>:
10004930:	b5f0      	push	{r4, r5, r6, r7, lr}
10004932:	b083      	sub	sp, #12
10004934:	4606      	mov	r6, r0
10004936:	f88d 0007 	strb.w	r0, [sp, #7]
1000493a:	f7fd fe2f 	bl	1000259c <time_us_64>
1000493e:	f04f 35ff 	mov.w	r5, #4294967295	@ 0xffffffff
10004942:	f06f 4400 	mvn.w	r4, #2147483648	@ 0x80000000
10004946:	4a17      	ldr	r2, [pc, #92]	@ (100049a4 <__wrap_putchar+0x74>)
10004948:	1882      	adds	r2, r0, r2
1000494a:	f141 0300 	adc.w	r3, r1, #0
1000494e:	4295      	cmp	r5, r2
10004950:	eb74 0103 	sbcs.w	r1, r4, r3
10004954:	bf3c      	itt	cc
10004956:	4623      	movcc	r3, r4
10004958:	462a      	movcc	r2, r5
1000495a:	4813      	ldr	r0, [pc, #76]	@ (100049a8 <__wrap_putchar+0x78>)
1000495c:	f000 ffa8 	bl	100058b0 <__mutex_try_enter_block_until_veneer>
10004960:	4b12      	ldr	r3, [pc, #72]	@ (100049ac <__wrap_putchar+0x7c>)
10004962:	4607      	mov	r7, r0
10004964:	681c      	ldr	r4, [r3, #0]
10004966:	b19c      	cbz	r4, 10004990 <__wrap_putchar+0x60>
10004968:	4d11      	ldr	r5, [pc, #68]	@ (100049b0 <__wrap_putchar+0x80>)
1000496a:	e001      	b.n	10004970 <__wrap_putchar+0x40>
1000496c:	6924      	ldr	r4, [r4, #16]
1000496e:	b17c      	cbz	r4, 10004990 <__wrap_putchar+0x60>
10004970:	6823      	ldr	r3, [r4, #0]
10004972:	2b00      	cmp	r3, #0
10004974:	d0fa      	beq.n	1000496c <__wrap_putchar+0x3c>
10004976:	682b      	ldr	r3, [r5, #0]
10004978:	b10b      	cbz	r3, 1000497e <__wrap_putchar+0x4e>
1000497a:	429c      	cmp	r4, r3
1000497c:	d1f6      	bne.n	1000496c <__wrap_putchar+0x3c>
1000497e:	4620      	mov	r0, r4
10004980:	2201      	movs	r2, #1
10004982:	f10d 0107 	add.w	r1, sp, #7
10004986:	f7ff ff03 	bl	10004790 <stdio_out_chars_crlf>
1000498a:	6924      	ldr	r4, [r4, #16]
1000498c:	2c00      	cmp	r4, #0
1000498e:	d1ef      	bne.n	10004970 <__wrap_putchar+0x40>
10004990:	b917      	cbnz	r7, 10004998 <__wrap_putchar+0x68>
10004992:	4630      	mov	r0, r6
10004994:	b003      	add	sp, #12
10004996:	bdf0      	pop	{r4, r5, r6, r7, pc}
10004998:	4803      	ldr	r0, [pc, #12]	@ (100049a8 <__wrap_putchar+0x78>)
1000499a:	f000 ff81 	bl	100058a0 <__mutex_exit_veneer>
1000499e:	4630      	mov	r0, r6
100049a0:	b003      	add	sp, #12
100049a2:	bdf0      	pop	{r4, r5, r6, r7, pc}
100049a4:	000f4240 	.word	0x000f4240
100049a8:	20000de8 	.word	0x20000de8
100049ac:	2000125c 	.word	0x2000125c
100049b0:	20001264 	.word	0x20001264

100049b4 <__wrap_puts>:
100049b4:	b538      	push	{r3, r4, r5, lr}
100049b6:	4604      	mov	r4, r0
100049b8:	f000 fde8 	bl	1000558c <strlen>
100049bc:	2301      	movs	r3, #1
100049be:	4605      	mov	r5, r0
100049c0:	461a      	mov	r2, r3
100049c2:	4620      	mov	r0, r4
100049c4:	4629      	mov	r1, r5
100049c6:	f7ff ff3b 	bl	10004840 <stdio_put_string>
100049ca:	4b08      	ldr	r3, [pc, #32]	@ (100049ec <__wrap_puts+0x38>)
100049cc:	681c      	ldr	r4, [r3, #0]
100049ce:	b12c      	cbz	r4, 100049dc <__wrap_puts+0x28>
100049d0:	6863      	ldr	r3, [r4, #4]
100049d2:	b12b      	cbz	r3, 100049e0 <__wrap_puts+0x2c>
100049d4:	4798      	blx	r3
100049d6:	6924      	ldr	r4, [r4, #16]
100049d8:	2c00      	cmp	r4, #0
100049da:	d1f9      	bne.n	100049d0 <__wrap_puts+0x1c>
100049dc:	4628      	mov	r0, r5
100049de:	bd38      	pop	{r3, r4, r5, pc}
100049e0:	6924      	ldr	r4, [r4, #16]
100049e2:	2c00      	cmp	r4, #0
100049e4:	d1f4      	bne.n	100049d0 <__wrap_puts+0x1c>
100049e6:	4628      	mov	r0, r5
100049e8:	bd38      	pop	{r3, r4, r5, pc}
100049ea:	bf00      	nop
100049ec:	2000125c 	.word	0x2000125c

100049f0 <pio_sm_claim>:
100049f0:	f100 402f 	add.w	r0, r0, #2936012800	@ 0xaf000000
100049f4:	f500 0060 	add.w	r0, r0, #14680064	@ 0xe00000
100049f8:	0d03      	lsrs	r3, r0, #20
100049fa:	2b02      	cmp	r3, #2
100049fc:	d00d      	beq.n	10004a1a <pio_sm_claim+0x2a>
100049fe:	2b01      	cmp	r3, #1
10004a00:	d005      	beq.n	10004a0e <pio_sm_claim+0x1e>
10004a02:	4a09      	ldr	r2, [pc, #36]	@ (10004a28 <pio_sm_claim+0x38>)
10004a04:	4809      	ldr	r0, [pc, #36]	@ (10004a2c <pio_sm_claim+0x3c>)
10004a06:	eb01 0183 	add.w	r1, r1, r3, lsl #2
10004a0a:	f7fd b863 	b.w	10001ad4 <hw_claim_or_assert>
10004a0e:	4a08      	ldr	r2, [pc, #32]	@ (10004a30 <pio_sm_claim+0x40>)
10004a10:	4806      	ldr	r0, [pc, #24]	@ (10004a2c <pio_sm_claim+0x3c>)
10004a12:	eb01 0183 	add.w	r1, r1, r3, lsl #2
10004a16:	f7fd b85d 	b.w	10001ad4 <hw_claim_or_assert>
10004a1a:	4a06      	ldr	r2, [pc, #24]	@ (10004a34 <pio_sm_claim+0x44>)
10004a1c:	4803      	ldr	r0, [pc, #12]	@ (10004a2c <pio_sm_claim+0x3c>)
10004a1e:	eb01 0183 	add.w	r1, r1, r3, lsl #2
10004a22:	f7fd b857 	b.w	10001ad4 <hw_claim_or_assert>
10004a26:	bf00      	nop
10004a28:	10005ae4 	.word	0x10005ae4
10004a2c:	2000122c 	.word	0x2000122c
10004a30:	10005b24 	.word	0x10005b24
10004a34:	10005b00 	.word	0x10005b00

10004a38 <pio_add_program>:
10004a38:	e92d 47f0 	stmdb	sp!, {r4, r5, r6, r7, r8, r9, sl, lr}
10004a3c:	460f      	mov	r7, r1
10004a3e:	4605      	mov	r5, r0
10004a40:	f7fd f82c 	bl	10001a9c <hw_claim_lock>
10004a44:	2201      	movs	r2, #1
10004a46:	f897 a004 	ldrb.w	sl, [r7, #4]
10004a4a:	f997 c005 	ldrsb.w	ip, [r7, #5]
10004a4e:	f105 4e2f 	add.w	lr, r5, #2936012800	@ 0xaf000000
10004a52:	f8df 80d4 	ldr.w	r8, [pc, #212]	@ 10004b28 <pio_add_program+0xf0>
10004a56:	f50e 0e60 	add.w	lr, lr, #14680064	@ 0xe00000
10004a5a:	fa02 f20a 	lsl.w	r2, r2, sl
10004a5e:	ea4f 5e1e 	mov.w	lr, lr, lsr #20
10004a62:	f1bc 0f00 	cmp.w	ip, #0
10004a66:	f858 602e 	ldr.w	r6, [r8, lr, lsl #2]
10004a6a:	f102 32ff 	add.w	r2, r2, #4294967295	@ 0xffffffff
10004a6e:	f1ca 0420 	rsb	r4, sl, #32
10004a72:	db35      	blt.n	10004ae0 <pio_add_program+0xa8>
10004a74:	45a4      	cmp	ip, r4
10004a76:	dc03      	bgt.n	10004a80 <pio_add_program+0x48>
10004a78:	fa02 f30c 	lsl.w	r3, r2, ip
10004a7c:	4233      	tst	r3, r6
10004a7e:	d006      	beq.n	10004a8e <pio_add_program+0x56>
10004a80:	f04f 34ff 	mov.w	r4, #4294967295	@ 0xffffffff
10004a84:	f7fd f81c 	bl	10001ac0 <hw_claim_unlock>
10004a88:	4620      	mov	r0, r4
10004a8a:	e8bd 87f0 	ldmia.w	sp!, {r4, r5, r6, r7, r8, r9, sl, pc}
10004a8e:	f8d5 3168 	ldr.w	r3, [r5, #360]	@ 0x168
10004a92:	79f9      	ldrb	r1, [r7, #7]
10004a94:	2b00      	cmp	r3, #0
10004a96:	d141      	bne.n	10004b1c <pio_add_program+0xe4>
10004a98:	074b      	lsls	r3, r1, #29
10004a9a:	d431      	bmi.n	10004b00 <pio_add_program+0xc8>
10004a9c:	4664      	mov	r4, ip
10004a9e:	fa02 f20c 	lsl.w	r2, r2, ip
10004aa2:	4216      	tst	r6, r2
10004aa4:	d133      	bne.n	10004b0e <pio_add_program+0xd6>
10004aa6:	6839      	ldr	r1, [r7, #0]
10004aa8:	f1ba 0f00 	cmp.w	sl, #0
10004aac:	d010      	beq.n	10004ad0 <pio_add_program+0x98>
10004aae:	4667      	mov	r7, ip
10004ab0:	eb01 0a4a 	add.w	sl, r1, sl, lsl #1
10004ab4:	f831 3b02 	ldrh.w	r3, [r1], #2
10004ab8:	f107 0912 	add.w	r9, r7, #18
10004abc:	f5b3 5f00 	cmp.w	r3, #8192	@ 0x2000
10004ac0:	bf38      	it	cc
10004ac2:	4463      	addcc	r3, ip
10004ac4:	4551      	cmp	r1, sl
10004ac6:	f107 0701 	add.w	r7, r7, #1
10004aca:	f845 3029 	str.w	r3, [r5, r9, lsl #2]
10004ace:	d1f1      	bne.n	10004ab4 <pio_add_program+0x7c>
10004ad0:	4332      	orrs	r2, r6
10004ad2:	f848 202e 	str.w	r2, [r8, lr, lsl #2]
10004ad6:	f7fc fff3 	bl	10001ac0 <hw_claim_unlock>
10004ada:	4620      	mov	r0, r4
10004adc:	e8bd 87f0 	ldmia.w	sp!, {r4, r5, r6, r7, r8, r9, sl, pc}
10004ae0:	2c00      	cmp	r4, #0
10004ae2:	da02      	bge.n	10004aea <pio_add_program+0xb2>
10004ae4:	e013      	b.n	10004b0e <pio_add_program+0xd6>
10004ae6:	3c01      	subs	r4, #1
10004ae8:	d311      	bcc.n	10004b0e <pio_add_program+0xd6>
10004aea:	fa02 f304 	lsl.w	r3, r2, r4
10004aee:	4233      	tst	r3, r6
10004af0:	46a4      	mov	ip, r4
10004af2:	d1f8      	bne.n	10004ae6 <pio_add_program+0xae>
10004af4:	f8d5 1168 	ldr.w	r1, [r5, #360]	@ 0x168
10004af8:	79fb      	ldrb	r3, [r7, #7]
10004afa:	b991      	cbnz	r1, 10004b22 <pio_add_program+0xea>
10004afc:	075b      	lsls	r3, r3, #29
10004afe:	d5ce      	bpl.n	10004a9e <pio_add_program+0x66>
10004b00:	f06f 040a 	mvn.w	r4, #10
10004b04:	f7fc ffdc 	bl	10001ac0 <hw_claim_unlock>
10004b08:	4620      	mov	r0, r4
10004b0a:	e8bd 87f0 	ldmia.w	sp!, {r4, r5, r6, r7, r8, r9, sl, pc}
10004b0e:	f06f 0408 	mvn.w	r4, #8
10004b12:	f7fc ffd5 	bl	10001ac0 <hw_claim_unlock>
10004b16:	4620      	mov	r0, r4
10004b18:	e8bd 87f0 	ldmia.w	sp!, {r4, r5, r6, r7, r8, r9, sl, pc}
10004b1c:	07c9      	lsls	r1, r1, #31
10004b1e:	d5bd      	bpl.n	10004a9c <pio_add_program+0x64>
10004b20:	e7ee      	b.n	10004b00 <pio_add_program+0xc8>
10004b22:	07d9      	lsls	r1, r3, #31
10004b24:	d5bb      	bpl.n	10004a9e <pio_add_program+0x66>
10004b26:	e7eb      	b.n	10004b00 <pio_add_program+0xc8>
10004b28:	20001118 	.word	0x20001118

10004b2c <pio_clear_instruction_memory>:
10004b2c:	b510      	push	{r4, lr}
10004b2e:	4604      	mov	r4, r0
10004b30:	f7fc ffb4 	bl	10001a9c <hw_claim_lock>
10004b34:	2300      	movs	r3, #0
10004b36:	f104 422f 	add.w	r2, r4, #2936012800	@ 0xaf000000
10004b3a:	4908      	ldr	r1, [pc, #32]	@ (10004b5c <pio_clear_instruction_memory+0x30>)
10004b3c:	f502 0260 	add.w	r2, r2, #14680064	@ 0xe00000
10004b40:	0d12      	lsrs	r2, r2, #20
10004b42:	f841 3022 	str.w	r3, [r1, r2, lsl #2]
10004b46:	f103 0212 	add.w	r2, r3, #18
10004b4a:	f844 3022 	str.w	r3, [r4, r2, lsl #2]
10004b4e:	3301      	adds	r3, #1
10004b50:	2b20      	cmp	r3, #32
10004b52:	d1f8      	bne.n	10004b46 <pio_clear_instruction_memory+0x1a>
10004b54:	e8bd 4010 	ldmia.w	sp!, {r4, lr}
10004b58:	f7fc bfb2 	b.w	10001ac0 <hw_claim_unlock>
10004b5c:	20001118 	.word	0x20001118

10004b60 <pio_sm_set_pindirs_with_mask>:
10004b60:	e92d 47f0 	stmdb	sp!, {r4, r5, r6, r7, r8, r9, sl, lr}
10004b64:	f44f 3500 	mov.w	r5, #131072	@ 0x20000
10004b68:	eb01 0641 	add.w	r6, r1, r1, lsl #1
10004b6c:	eb00 04c6 	add.w	r4, r0, r6, lsl #3
10004b70:	f504 5443 	add.w	r4, r4, #12480	@ 0x30c0
10004b74:	eb00 06c6 	add.w	r6, r0, r6, lsl #3
10004b78:	f8d6 a0dc 	ldr.w	sl, [r6, #220]	@ 0xdc
10004b7c:	ea4f 0841 	mov.w	r8, r1, lsl #1
10004b80:	f8d6 90cc 	ldr.w	r9, [r6, #204]	@ 0xcc
10004b84:	60e5      	str	r5, [r4, #12]
10004b86:	b1bb      	cbz	r3, 10004bb8 <pio_sm_set_pindirs_with_mask+0x58>
10004b88:	f24e 0780 	movw	r7, #57472	@ 0xe080
10004b8c:	fa93 fca3 	rbit	ip, r3
10004b90:	fabc fc8c 	clz	ip, ip
10004b94:	fa22 f50c 	lsr.w	r5, r2, ip
10004b98:	f103 3eff 	add.w	lr, r3, #4294967295	@ 0xffffffff
10004b9c:	ea4f 1c4c 	mov.w	ip, ip, lsl #5
10004ba0:	f005 0501 	and.w	r5, r5, #1
10004ba4:	f04c 6480 	orr.w	r4, ip, #67108864	@ 0x4000000
10004ba8:	433d      	orrs	r5, r7
10004baa:	ea13 030e 	ands.w	r3, r3, lr
10004bae:	f8c6 40dc 	str.w	r4, [r6, #220]	@ 0xdc
10004bb2:	f8c6 50d8 	str.w	r5, [r6, #216]	@ 0xd8
10004bb6:	d1e9      	bne.n	10004b8c <pio_sm_set_pindirs_with_mask+0x2c>
10004bb8:	4488      	add	r8, r1
10004bba:	eb00 00c8 	add.w	r0, r0, r8, lsl #3
10004bbe:	f8c0 a0dc 	str.w	sl, [r0, #220]	@ 0xdc
10004bc2:	f8c0 90cc 	str.w	r9, [r0, #204]	@ 0xcc
10004bc6:	e8bd 87f0 	ldmia.w	sp!, {r4, r5, r6, r7, r8, r9, sl, pc}
10004bca:	bf00      	nop

10004bcc <pio_sm_set_consecutive_pindirs>:
10004bcc:	e92d 41f0 	stmdb	sp!, {r4, r5, r6, r7, r8, lr}
10004bd0:	f8d0 4168 	ldr.w	r4, [r0, #360]	@ 0x168
10004bd4:	f89d 6018 	ldrb.w	r6, [sp, #24]
10004bd8:	1b12      	subs	r2, r2, r4
10004bda:	2a1f      	cmp	r2, #31
10004bdc:	d838      	bhi.n	10004c50 <pio_sm_set_consecutive_pindirs+0x84>
10004bde:	f24e 049f 	movw	r4, #57503	@ 0xe09f
10004be2:	f24e 0580 	movw	r5, #57472	@ 0xe080
10004be6:	f44f 3800 	mov.w	r8, #131072	@ 0x20000
10004bea:	eb01 0c41 	add.w	ip, r1, r1, lsl #1
10004bee:	2e00      	cmp	r6, #0
10004bf0:	bf18      	it	ne
10004bf2:	4625      	movne	r5, r4
10004bf4:	eb00 04cc 	add.w	r4, r0, ip, lsl #3
10004bf8:	f504 5443 	add.w	r4, r4, #12480	@ 0x30c0
10004bfc:	eb00 0ccc 	add.w	ip, r0, ip, lsl #3
10004c00:	2b05      	cmp	r3, #5
10004c02:	f8dc 70dc 	ldr.w	r7, [ip, #220]	@ 0xdc
10004c06:	ea4f 0e41 	mov.w	lr, r1, lsl #1
10004c0a:	f8dc 60cc 	ldr.w	r6, [ip, #204]	@ 0xcc
10004c0e:	f8c4 800c 	str.w	r8, [r4, #12]
10004c12:	d90c      	bls.n	10004c2e <pio_sm_set_consecutive_pindirs+0x62>
10004c14:	0154      	lsls	r4, r2, #5
10004c16:	3b05      	subs	r3, #5
10004c18:	f044 54a0 	orr.w	r4, r4, #335544320	@ 0x14000000
10004c1c:	3205      	adds	r2, #5
10004c1e:	2b05      	cmp	r3, #5
10004c20:	f8cc 40dc 	str.w	r4, [ip, #220]	@ 0xdc
10004c24:	f002 021f 	and.w	r2, r2, #31
10004c28:	f8cc 50d8 	str.w	r5, [ip, #216]	@ 0xd8
10004c2c:	d8f2      	bhi.n	10004c14 <pio_sm_set_consecutive_pindirs+0x48>
10004c2e:	4471      	add	r1, lr
10004c30:	eb00 01c1 	add.w	r1, r0, r1, lsl #3
10004c34:	2000      	movs	r0, #0
10004c36:	0152      	lsls	r2, r2, #5
10004c38:	ea42 6383 	orr.w	r3, r2, r3, lsl #26
10004c3c:	f8c1 30dc 	str.w	r3, [r1, #220]	@ 0xdc
10004c40:	f8c1 50d8 	str.w	r5, [r1, #216]	@ 0xd8
10004c44:	f8c1 70dc 	str.w	r7, [r1, #220]	@ 0xdc
10004c48:	f8c1 60cc 	str.w	r6, [r1, #204]	@ 0xcc
10004c4c:	e8bd 81f0 	ldmia.w	sp!, {r4, r5, r6, r7, r8, pc}
10004c50:	f06f 0004 	mvn.w	r0, #4
10004c54:	e7fa      	b.n	10004c4c <pio_sm_set_consecutive_pindirs+0x80>
10004c56:	bf00      	nop

10004c58 <pio_sm_init>:
10004c58:	b5f0      	push	{r4, r5, r6, r7, lr}
10004c5a:	2501      	movs	r5, #1
10004c5c:	6804      	ldr	r4, [r0, #0]
10004c5e:	408d      	lsls	r5, r1
10004c60:	ea24 0405 	bic.w	r4, r4, r5
10004c64:	6004      	str	r4, [r0, #0]
10004c66:	b3b3      	cbz	r3, 10004cd6 <pio_sm_init+0x7e>
10004c68:	e9d3 5601 	ldrd	r5, r6, [r3, #4]
10004c6c:	681f      	ldr	r7, [r3, #0]
10004c6e:	68dc      	ldr	r4, [r3, #12]
10004c70:	eb01 0341 	add.w	r3, r1, r1, lsl #1
10004c74:	eb00 03c3 	add.w	r3, r0, r3, lsl #3
10004c78:	f8c3 70c8 	str.w	r7, [r3, #200]	@ 0xc8
10004c7c:	ea4f 0c41 	mov.w	ip, r1, lsl #1
10004c80:	f8c3 60d0 	str.w	r6, [r3, #208]	@ 0xd0
10004c84:	f8c3 50cc 	str.w	r5, [r3, #204]	@ 0xcc
10004c88:	f8c3 40dc 	str.w	r4, [r3, #220]	@ 0xdc
10004c8c:	eb0c 0301 	add.w	r3, ip, r1
10004c90:	f04f 3501 	mov.w	r5, #16843009	@ 0x1010101
10004c94:	eb00 0cc3 	add.w	ip, r0, r3, lsl #3
10004c98:	f04f 4600 	mov.w	r6, #2147483648	@ 0x80000000
10004c9c:	eb00 0ec3 	add.w	lr, r0, r3, lsl #3
10004ca0:	2301      	movs	r3, #1
10004ca2:	f50e 5e86 	add.w	lr, lr, #4288	@ 0x10c0
10004ca6:	1d0c      	adds	r4, r1, #4
10004ca8:	f101 0708 	add.w	r7, r1, #8
10004cac:	408d      	lsls	r5, r1
10004cae:	f8ce 6010 	str.w	r6, [lr, #16]
10004cb2:	fa03 f404 	lsl.w	r4, r3, r4
10004cb6:	f8ce 6010 	str.w	r6, [lr, #16]
10004cba:	f002 021f 	and.w	r2, r2, #31
10004cbe:	6085      	str	r5, [r0, #8]
10004cc0:	40bb      	lsls	r3, r7
10004cc2:	f500 5000 	add.w	r0, r0, #8192	@ 0x2000
10004cc6:	6004      	str	r4, [r0, #0]
10004cc8:	f10e 0e10 	add.w	lr, lr, #16
10004ccc:	6003      	str	r3, [r0, #0]
10004cce:	2000      	movs	r0, #0
10004cd0:	f8cc 20d8 	str.w	r2, [ip, #216]	@ 0xd8
10004cd4:	bdf0      	pop	{r4, r5, r6, r7, pc}
10004cd6:	f44f 3780 	mov.w	r7, #65536	@ 0x10000
10004cda:	f44f 2640 	mov.w	r6, #786432	@ 0xc0000
10004cde:	f44f 35f8 	mov.w	r5, #126976	@ 0x1f000
10004ce2:	eb01 0441 	add.w	r4, r1, r1, lsl #1
10004ce6:	eb00 04c4 	add.w	r4, r0, r4, lsl #3
10004cea:	f8c4 70c8 	str.w	r7, [r4, #200]	@ 0xc8
10004cee:	ea4f 0c41 	mov.w	ip, r1, lsl #1
10004cf2:	f8c4 60d0 	str.w	r6, [r4, #208]	@ 0xd0
10004cf6:	f8c4 50cc 	str.w	r5, [r4, #204]	@ 0xcc
10004cfa:	f8c4 30dc 	str.w	r3, [r4, #220]	@ 0xdc
10004cfe:	e7c5      	b.n	10004c8c <pio_sm_init+0x34>

10004d00 <dma_claim_unused_channel>:
10004d00:	b510      	push	{r4, lr}
10004d02:	4c05      	ldr	r4, [pc, #20]	@ (10004d18 <dma_claim_unused_channel+0x18>)
10004d04:	b082      	sub	sp, #8
10004d06:	4601      	mov	r1, r0
10004d08:	230f      	movs	r3, #15
10004d0a:	2200      	movs	r2, #0
10004d0c:	9400      	str	r4, [sp, #0]
10004d0e:	4803      	ldr	r0, [pc, #12]	@ (10004d1c <dma_claim_unused_channel+0x1c>)
10004d10:	f7fc ff0c 	bl	10001b2c <hw_claim_unused_from_range>
10004d14:	b002      	add	sp, #8
10004d16:	bd10      	pop	{r4, pc}
10004d18:	10005b48 	.word	0x10005b48
10004d1c:	20026ad4 	.word	0x20026ad4

10004d20 <core1_trampoline>:
10004d20:	bd03      	pop	{r0, r1, pc}
10004d22:	bf00      	nop

10004d24 <core1_wrapper>:
10004d24:	b510      	push	{r4, lr}
10004d26:	4604      	mov	r4, r0
10004d28:	f7fd fee6 	bl	10002af8 <runtime_run_per_core_initializers>
10004d2c:	4623      	mov	r3, r4
10004d2e:	e8bd 4010 	ldmia.w	sp!, {r4, lr}
10004d32:	4718      	bx	r3

10004d34 <multicore_launch_core1_raw>:
10004d34:	b5f0      	push	{r4, r5, r6, r7, lr}
10004d36:	4605      	mov	r5, r0
10004d38:	b087      	sub	sp, #28
10004d3a:	2019      	movs	r0, #25
10004d3c:	4617      	mov	r7, r2
10004d3e:	460e      	mov	r6, r1
10004d40:	f7fc ff8a 	bl	10001c58 <irq_is_enabled>
10004d44:	2100      	movs	r1, #0
10004d46:	4604      	mov	r4, r0
10004d48:	2019      	movs	r0, #25
10004d4a:	f7fc ff6f 	bl	10001c2c <irq_set_enabled>
10004d4e:	2100      	movs	r1, #0
10004d50:	e9cd 6504 	strd	r6, r5, [sp, #16]
10004d54:	9703      	str	r7, [sp, #12]
10004d56:	2600      	movs	r6, #0
10004d58:	2700      	movs	r7, #0
10004d5a:	2201      	movs	r2, #1
10004d5c:	f04f 4350 	mov.w	r3, #3489660928	@ 0xd0000000
10004d60:	468c      	mov	ip, r1
10004d62:	e9cd 6700 	strd	r6, r7, [sp]
10004d66:	9202      	str	r2, [sp, #8]
10004d68:	b1a9      	cbz	r1, 10004d96 <multicore_launch_core1_raw+0x62>
10004d6a:	6d1a      	ldr	r2, [r3, #80]	@ 0x50
10004d6c:	0795      	lsls	r5, r2, #30
10004d6e:	d5fc      	bpl.n	10004d6a <multicore_launch_core1_raw+0x36>
10004d70:	6559      	str	r1, [r3, #84]	@ 0x54
10004d72:	bf40      	sev
10004d74:	6d1a      	ldr	r2, [r3, #80]	@ 0x50
10004d76:	07d0      	lsls	r0, r2, #31
10004d78:	d403      	bmi.n	10004d82 <multicore_launch_core1_raw+0x4e>
10004d7a:	bf20      	wfe
10004d7c:	6d1a      	ldr	r2, [r3, #80]	@ 0x50
10004d7e:	07d2      	lsls	r2, r2, #31
10004d80:	d5fb      	bpl.n	10004d7a <multicore_launch_core1_raw+0x46>
10004d82:	6d9a      	ldr	r2, [r3, #88]	@ 0x58
10004d84:	428a      	cmp	r2, r1
10004d86:	d00b      	beq.n	10004da0 <multicore_launch_core1_raw+0x6c>
10004d88:	f04f 0c00 	mov.w	ip, #0
10004d8c:	eb0d 028c 	add.w	r2, sp, ip, lsl #2
10004d90:	6811      	ldr	r1, [r2, #0]
10004d92:	e7e9      	b.n	10004d68 <multicore_launch_core1_raw+0x34>
10004d94:	6d9a      	ldr	r2, [r3, #88]	@ 0x58
10004d96:	6d1a      	ldr	r2, [r3, #80]	@ 0x50
10004d98:	07d6      	lsls	r6, r2, #31
10004d9a:	d4fb      	bmi.n	10004d94 <multicore_launch_core1_raw+0x60>
10004d9c:	bf40      	sev
10004d9e:	e7e4      	b.n	10004d6a <multicore_launch_core1_raw+0x36>
10004da0:	f10c 0c01 	add.w	ip, ip, #1
10004da4:	f1bc 0f06 	cmp.w	ip, #6
10004da8:	d1f0      	bne.n	10004d8c <multicore_launch_core1_raw+0x58>
10004daa:	4621      	mov	r1, r4
10004dac:	2019      	movs	r0, #25
10004dae:	b007      	add	sp, #28
10004db0:	e8bd 40f0 	ldmia.w	sp!, {r4, r5, r6, r7, lr}
10004db4:	f7fc bf3a 	b.w	10001c2c <irq_set_enabled>

10004db8 <multicore_launch_core1>:
10004db8:	4b0c      	ldr	r3, [pc, #48]	@ (10004dec <multicore_launch_core1+0x34>)
10004dba:	4a0d      	ldr	r2, [pc, #52]	@ (10004df0 <multicore_launch_core1+0x38>)
10004dbc:	4293      	cmp	r3, r2
10004dbe:	d30e      	bcc.n	10004dde <multicore_launch_core1+0x26>
10004dc0:	469c      	mov	ip, r3
10004dc2:	f203 71f4 	addw	r1, r3, #2036	@ 0x7f4
10004dc6:	4a0b      	ldr	r2, [pc, #44]	@ (10004df4 <multicore_launch_core1+0x3c>)
10004dc8:	6892      	ldr	r2, [r2, #8]
10004dca:	f8cc 07f4 	str.w	r0, [ip, #2036]	@ 0x7f4
10004dce:	480a      	ldr	r0, [pc, #40]	@ (10004df8 <multicore_launch_core1+0x40>)
10004dd0:	f8cc 37f8 	str.w	r3, [ip, #2040]	@ 0x7f8
10004dd4:	f8cc 07fc 	str.w	r0, [ip, #2044]	@ 0x7fc
10004dd8:	4808      	ldr	r0, [pc, #32]	@ (10004dfc <multicore_launch_core1+0x44>)
10004dda:	f7ff bfab 	b.w	10004d34 <multicore_launch_core1_raw>
10004dde:	f04f 33ff 	mov.w	r3, #4294967295	@ 0xffffffff
10004de2:	f240 71f3 	movw	r1, #2035	@ 0x7f3
10004de6:	469c      	mov	ip, r3
10004de8:	e7ed      	b.n	10004dc6 <multicore_launch_core1+0xe>
10004dea:	bf00      	nop
10004dec:	20080800 	.word	0x20080800
10004df0:	20080000 	.word	0x20080000
10004df4:	e000ed00 	.word	0xe000ed00
10004df8:	10004d25 	.word	0x10004d25
10004dfc:	10004d21 	.word	0x10004d21

10004e00 <malloc>:
10004e00:	4b02      	ldr	r3, [pc, #8]	@ (10004e0c <malloc+0xc>)
10004e02:	4601      	mov	r1, r0
10004e04:	6818      	ldr	r0, [r3, #0]
10004e06:	f000 b80b 	b.w	10004e20 <_malloc_r>
10004e0a:	bf00      	nop
10004e0c:	20000c98 	.word	0x20000c98

10004e10 <free>:
10004e10:	4b02      	ldr	r3, [pc, #8]	@ (10004e1c <free+0xc>)
10004e12:	4601      	mov	r1, r0
10004e14:	6818      	ldr	r0, [r3, #0]
10004e16:	f000 bc43 	b.w	100056a0 <_free_r>
10004e1a:	bf00      	nop
10004e1c:	20000c98 	.word	0x20000c98

10004e20 <_malloc_r>:
10004e20:	f101 030b 	add.w	r3, r1, #11
10004e24:	2b16      	cmp	r3, #22
10004e26:	e92d 4ff0 	stmdb	sp!, {r4, r5, r6, r7, r8, r9, sl, fp, lr}
10004e2a:	4607      	mov	r7, r0
10004e2c:	b083      	sub	sp, #12
10004e2e:	d823      	bhi.n	10004e78 <_malloc_r+0x58>
10004e30:	2910      	cmp	r1, #16
10004e32:	f200 80af 	bhi.w	10004f94 <_malloc_r+0x174>
10004e36:	f000 faaf 	bl	10005398 <__malloc_lock>
10004e3a:	2510      	movs	r5, #16
10004e3c:	2318      	movs	r3, #24
10004e3e:	2002      	movs	r0, #2
10004e40:	4eba      	ldr	r6, [pc, #744]	@ (1000512c <_malloc_r+0x30c>)
10004e42:	4433      	add	r3, r6
10004e44:	685c      	ldr	r4, [r3, #4]
10004e46:	f1a3 0208 	sub.w	r2, r3, #8
10004e4a:	4294      	cmp	r4, r2
10004e4c:	f000 8156 	beq.w	100050fc <_malloc_r+0x2dc>
10004e50:	6863      	ldr	r3, [r4, #4]
10004e52:	4638      	mov	r0, r7
10004e54:	f023 0303 	bic.w	r3, r3, #3
10004e58:	e9d4 1202 	ldrd	r1, r2, [r4, #8]
10004e5c:	4423      	add	r3, r4
10004e5e:	60ca      	str	r2, [r1, #12]
10004e60:	6091      	str	r1, [r2, #8]
10004e62:	685a      	ldr	r2, [r3, #4]
10004e64:	3408      	adds	r4, #8
10004e66:	f042 0201 	orr.w	r2, r2, #1
10004e6a:	605a      	str	r2, [r3, #4]
10004e6c:	f000 fa9a 	bl	100053a4 <__malloc_unlock>
10004e70:	4620      	mov	r0, r4
10004e72:	b003      	add	sp, #12
10004e74:	e8bd 8ff0 	ldmia.w	sp!, {r4, r5, r6, r7, r8, r9, sl, fp, pc}
10004e78:	2b00      	cmp	r3, #0
10004e7a:	f023 0507 	bic.w	r5, r3, #7
10004e7e:	f2c0 8089 	blt.w	10004f94 <_malloc_r+0x174>
10004e82:	42a9      	cmp	r1, r5
10004e84:	f200 8086 	bhi.w	10004f94 <_malloc_r+0x174>
10004e88:	f000 fa86 	bl	10005398 <__malloc_lock>
10004e8c:	f5b5 7ffc 	cmp.w	r5, #504	@ 0x1f8
10004e90:	f0c0 827b 	bcc.w	1000538a <_malloc_r+0x56a>
10004e94:	0a6b      	lsrs	r3, r5, #9
10004e96:	f000 8084 	beq.w	10004fa2 <_malloc_r+0x182>
10004e9a:	2b04      	cmp	r3, #4
10004e9c:	f200 8162 	bhi.w	10005164 <_malloc_r+0x344>
10004ea0:	09ab      	lsrs	r3, r5, #6
10004ea2:	f103 0039 	add.w	r0, r3, #57	@ 0x39
10004ea6:	f103 0e38 	add.w	lr, r3, #56	@ 0x38
10004eaa:	00c3      	lsls	r3, r0, #3
10004eac:	4e9f      	ldr	r6, [pc, #636]	@ (1000512c <_malloc_r+0x30c>)
10004eae:	4433      	add	r3, r6
10004eb0:	f1a3 0c08 	sub.w	ip, r3, #8
10004eb4:	685c      	ldr	r4, [r3, #4]
10004eb6:	45a4      	cmp	ip, r4
10004eb8:	d107      	bne.n	10004eca <_malloc_r+0xaa>
10004eba:	e00d      	b.n	10004ed8 <_malloc_r+0xb8>
10004ebc:	2a00      	cmp	r2, #0
10004ebe:	68e1      	ldr	r1, [r4, #12]
10004ec0:	f280 8116 	bge.w	100050f0 <_malloc_r+0x2d0>
10004ec4:	458c      	cmp	ip, r1
10004ec6:	460c      	mov	r4, r1
10004ec8:	d006      	beq.n	10004ed8 <_malloc_r+0xb8>
10004eca:	6863      	ldr	r3, [r4, #4]
10004ecc:	f023 0303 	bic.w	r3, r3, #3
10004ed0:	1b5a      	subs	r2, r3, r5
10004ed2:	2a0f      	cmp	r2, #15
10004ed4:	ddf2      	ble.n	10004ebc <_malloc_r+0x9c>
10004ed6:	4670      	mov	r0, lr
10004ed8:	f8df 8268 	ldr.w	r8, [pc, #616]	@ 10005144 <_malloc_r+0x324>
10004edc:	6934      	ldr	r4, [r6, #16]
10004ede:	4544      	cmp	r4, r8
10004ee0:	f000 80f2 	beq.w	100050c8 <_malloc_r+0x2a8>
10004ee4:	6863      	ldr	r3, [r4, #4]
10004ee6:	f023 0c03 	bic.w	ip, r3, #3
10004eea:	ebac 0305 	sub.w	r3, ip, r5
10004eee:	2b0f      	cmp	r3, #15
10004ef0:	f300 8174 	bgt.w	100051dc <_malloc_r+0x3bc>
10004ef4:	2b00      	cmp	r3, #0
10004ef6:	e9c6 8804 	strd	r8, r8, [r6, #16]
10004efa:	f280 8163 	bge.w	100051c4 <_malloc_r+0x3a4>
10004efe:	f5bc 7f00 	cmp.w	ip, #512	@ 0x200
10004f02:	f8d6 e004 	ldr.w	lr, [r6, #4]
10004f06:	f080 80ff 	bcs.w	10005108 <_malloc_r+0x2e8>
10004f0a:	ea4f 03dc 	mov.w	r3, ip, lsr #3
10004f0e:	2201      	movs	r2, #1
10004f10:	ea4f 1c5c 	mov.w	ip, ip, lsr #5
10004f14:	3301      	adds	r3, #1
10004f16:	fa02 f20c 	lsl.w	r2, r2, ip
10004f1a:	f856 1033 	ldr.w	r1, [r6, r3, lsl #3]
10004f1e:	ea4e 0e02 	orr.w	lr, lr, r2
10004f22:	eb06 02c3 	add.w	r2, r6, r3, lsl #3
10004f26:	3a08      	subs	r2, #8
10004f28:	f8c6 e004 	str.w	lr, [r6, #4]
10004f2c:	e9c4 1202 	strd	r1, r2, [r4, #8]
10004f30:	f846 4033 	str.w	r4, [r6, r3, lsl #3]
10004f34:	60cc      	str	r4, [r1, #12]
10004f36:	1083      	asrs	r3, r0, #2
10004f38:	f04f 0c01 	mov.w	ip, #1
10004f3c:	fa0c fc03 	lsl.w	ip, ip, r3
10004f40:	45f4      	cmp	ip, lr
10004f42:	d834      	bhi.n	10004fae <_malloc_r+0x18e>
10004f44:	ea1c 0f0e 	tst.w	ip, lr
10004f48:	d107      	bne.n	10004f5a <_malloc_r+0x13a>
10004f4a:	f020 0003 	bic.w	r0, r0, #3
10004f4e:	ea4f 0c4c 	mov.w	ip, ip, lsl #1
10004f52:	3004      	adds	r0, #4
10004f54:	ea1c 0f0e 	tst.w	ip, lr
10004f58:	d0f9      	beq.n	10004f4e <_malloc_r+0x12e>
10004f5a:	eb06 0ac0 	add.w	sl, r6, r0, lsl #3
10004f5e:	4681      	mov	r9, r0
10004f60:	46d6      	mov	lr, sl
10004f62:	f8de 300c 	ldr.w	r3, [lr, #12]
10004f66:	e00b      	b.n	10004f80 <_malloc_r+0x160>
10004f68:	685a      	ldr	r2, [r3, #4]
10004f6a:	461c      	mov	r4, r3
10004f6c:	68db      	ldr	r3, [r3, #12]
10004f6e:	f022 0203 	bic.w	r2, r2, #3
10004f72:	1b51      	subs	r1, r2, r5
10004f74:	290f      	cmp	r1, #15
10004f76:	f300 8101 	bgt.w	1000517c <_malloc_r+0x35c>
10004f7a:	2900      	cmp	r1, #0
10004f7c:	f280 8115 	bge.w	100051aa <_malloc_r+0x38a>
10004f80:	459e      	cmp	lr, r3
10004f82:	d1f1      	bne.n	10004f68 <_malloc_r+0x148>
10004f84:	f109 0901 	add.w	r9, r9, #1
10004f88:	f10e 0e08 	add.w	lr, lr, #8
10004f8c:	f019 0f03 	tst.w	r9, #3
10004f90:	d1e7      	bne.n	10004f62 <_malloc_r+0x142>
10004f92:	e158      	b.n	10005246 <_malloc_r+0x426>
10004f94:	230c      	movs	r3, #12
10004f96:	603b      	str	r3, [r7, #0]
10004f98:	2400      	movs	r4, #0
10004f9a:	4620      	mov	r0, r4
10004f9c:	b003      	add	sp, #12
10004f9e:	e8bd 8ff0 	ldmia.w	sp!, {r4, r5, r6, r7, r8, r9, sl, fp, pc}
10004fa2:	f44f 7300 	mov.w	r3, #512	@ 0x200
10004fa6:	2040      	movs	r0, #64	@ 0x40
10004fa8:	f04f 0e3f 	mov.w	lr, #63	@ 0x3f
10004fac:	e77e      	b.n	10004eac <_malloc_r+0x8c>
10004fae:	68b4      	ldr	r4, [r6, #8]
10004fb0:	6863      	ldr	r3, [r4, #4]
10004fb2:	f023 0903 	bic.w	r9, r3, #3
10004fb6:	45a9      	cmp	r9, r5
10004fb8:	eba9 0305 	sub.w	r3, r9, r5
10004fbc:	d302      	bcc.n	10004fc4 <_malloc_r+0x1a4>
10004fbe:	2b0f      	cmp	r3, #15
10004fc0:	f300 8085 	bgt.w	100050ce <_malloc_r+0x2ae>
10004fc4:	4b5a      	ldr	r3, [pc, #360]	@ (10005130 <_malloc_r+0x310>)
10004fc6:	2008      	movs	r0, #8
10004fc8:	681b      	ldr	r3, [r3, #0]
10004fca:	f103 0810 	add.w	r8, r3, #16
10004fce:	eb04 0309 	add.w	r3, r4, r9
10004fd2:	9300      	str	r3, [sp, #0]
10004fd4:	f000 fa56 	bl	10005484 <sysconf>
10004fd8:	4a56      	ldr	r2, [pc, #344]	@ (10005134 <_malloc_r+0x314>)
10004fda:	44a8      	add	r8, r5
10004fdc:	4683      	mov	fp, r0
10004fde:	6813      	ldr	r3, [r2, #0]
10004fe0:	3301      	adds	r3, #1
10004fe2:	d005      	beq.n	10004ff0 <_malloc_r+0x1d0>
10004fe4:	f108 38ff 	add.w	r8, r8, #4294967295	@ 0xffffffff
10004fe8:	4243      	negs	r3, r0
10004fea:	4480      	add	r8, r0
10004fec:	ea03 0808 	and.w	r8, r3, r8
10004ff0:	4641      	mov	r1, r8
10004ff2:	4638      	mov	r0, r7
10004ff4:	f000 fa2a 	bl	1000544c <_sbrk_r>
10004ff8:	f1b0 3fff 	cmp.w	r0, #4294967295	@ 0xffffffff
10004ffc:	4682      	mov	sl, r0
10004ffe:	4a4d      	ldr	r2, [pc, #308]	@ (10005134 <_malloc_r+0x314>)
10005000:	f000 8107 	beq.w	10005212 <_malloc_r+0x3f2>
10005004:	eb04 0309 	add.w	r3, r4, r9
10005008:	4283      	cmp	r3, r0
1000500a:	f200 8100 	bhi.w	1000520e <_malloc_r+0x3ee>
1000500e:	4b4a      	ldr	r3, [pc, #296]	@ (10005138 <_malloc_r+0x318>)
10005010:	f10b 3cff 	add.w	ip, fp, #4294967295	@ 0xffffffff
10005014:	6818      	ldr	r0, [r3, #0]
10005016:	4440      	add	r0, r8
10005018:	6018      	str	r0, [r3, #0]
1000501a:	f000 8164 	beq.w	100052e6 <_malloc_r+0x4c6>
1000501e:	6811      	ldr	r1, [r2, #0]
10005020:	3101      	adds	r1, #1
10005022:	f000 816c 	beq.w	100052fe <_malloc_r+0x4de>
10005026:	eb04 0209 	add.w	r2, r4, r9
1000502a:	ebaa 0202 	sub.w	r2, sl, r2
1000502e:	4402      	add	r2, r0
10005030:	601a      	str	r2, [r3, #0]
10005032:	f01a 0207 	ands.w	r2, sl, #7
10005036:	e9cd 2300 	strd	r2, r3, [sp]
1000503a:	f000 8127 	beq.w	1000528c <_malloc_r+0x46c>
1000503e:	f1c2 0208 	rsb	r2, r2, #8
10005042:	4638      	mov	r0, r7
10005044:	4492      	add	sl, r2
10005046:	445a      	add	r2, fp
10005048:	44d0      	add	r8, sl
1000504a:	ea08 010c 	and.w	r1, r8, ip
1000504e:	1a52      	subs	r2, r2, r1
10005050:	ea02 0b0c 	and.w	fp, r2, ip
10005054:	4659      	mov	r1, fp
10005056:	f000 f9f9 	bl	1000544c <_sbrk_r>
1000505a:	1c42      	adds	r2, r0, #1
1000505c:	9b01      	ldr	r3, [sp, #4]
1000505e:	f000 816a 	beq.w	10005336 <_malloc_r+0x516>
10005062:	eba0 000a 	sub.w	r0, r0, sl
10005066:	eb00 080b 	add.w	r8, r0, fp
1000506a:	6818      	ldr	r0, [r3, #0]
1000506c:	f048 0201 	orr.w	r2, r8, #1
10005070:	42b4      	cmp	r4, r6
10005072:	f8c6 a008 	str.w	sl, [r6, #8]
10005076:	4458      	add	r0, fp
10005078:	f8ca 2004 	str.w	r2, [sl, #4]
1000507c:	6018      	str	r0, [r3, #0]
1000507e:	d017      	beq.n	100050b0 <_malloc_r+0x290>
10005080:	f1b9 0f0f 	cmp.w	r9, #15
10005084:	f240 813e 	bls.w	10005304 <_malloc_r+0x4e4>
10005088:	6861      	ldr	r1, [r4, #4]
1000508a:	f1a9 020c 	sub.w	r2, r9, #12
1000508e:	f04f 0c05 	mov.w	ip, #5
10005092:	f022 0207 	bic.w	r2, r2, #7
10005096:	f001 0101 	and.w	r1, r1, #1
1000509a:	4311      	orrs	r1, r2
1000509c:	2a0f      	cmp	r2, #15
1000509e:	6061      	str	r1, [r4, #4]
100050a0:	eb04 0102 	add.w	r1, r4, r2
100050a4:	e9c1 cc01 	strd	ip, ip, [r1, #4]
100050a8:	f200 814d 	bhi.w	10005346 <_malloc_r+0x526>
100050ac:	f8da 2004 	ldr.w	r2, [sl, #4]
100050b0:	4b22      	ldr	r3, [pc, #136]	@ (1000513c <_malloc_r+0x31c>)
100050b2:	4654      	mov	r4, sl
100050b4:	6819      	ldr	r1, [r3, #0]
100050b6:	4281      	cmp	r1, r0
100050b8:	bf38      	it	cc
100050ba:	6018      	strcc	r0, [r3, #0]
100050bc:	4b20      	ldr	r3, [pc, #128]	@ (10005140 <_malloc_r+0x320>)
100050be:	6819      	ldr	r1, [r3, #0]
100050c0:	4281      	cmp	r1, r0
100050c2:	bf38      	it	cc
100050c4:	6018      	strcc	r0, [r3, #0]
100050c6:	e0a6      	b.n	10005216 <_malloc_r+0x3f6>
100050c8:	f8d6 e004 	ldr.w	lr, [r6, #4]
100050cc:	e733      	b.n	10004f36 <_malloc_r+0x116>
100050ce:	1962      	adds	r2, r4, r5
100050d0:	f045 0501 	orr.w	r5, r5, #1
100050d4:	f043 0301 	orr.w	r3, r3, #1
100050d8:	3408      	adds	r4, #8
100050da:	f844 5c04 	str.w	r5, [r4, #-4]
100050de:	4638      	mov	r0, r7
100050e0:	60b2      	str	r2, [r6, #8]
100050e2:	6053      	str	r3, [r2, #4]
100050e4:	f000 f95e 	bl	100053a4 <__malloc_unlock>
100050e8:	4620      	mov	r0, r4
100050ea:	b003      	add	sp, #12
100050ec:	e8bd 8ff0 	ldmia.w	sp!, {r4, r5, r6, r7, r8, r9, sl, fp, pc}
100050f0:	68a2      	ldr	r2, [r4, #8]
100050f2:	4423      	add	r3, r4
100050f4:	4638      	mov	r0, r7
100050f6:	60d1      	str	r1, [r2, #12]
100050f8:	608a      	str	r2, [r1, #8]
100050fa:	e6b2      	b.n	10004e62 <_malloc_r+0x42>
100050fc:	68dc      	ldr	r4, [r3, #12]
100050fe:	42a3      	cmp	r3, r4
10005100:	f47f aea6 	bne.w	10004e50 <_malloc_r+0x30>
10005104:	3002      	adds	r0, #2
10005106:	e6e7      	b.n	10004ed8 <_malloc_r+0xb8>
10005108:	f5bc 6f20 	cmp.w	ip, #2560	@ 0xa00
1000510c:	ea4f 225c 	mov.w	r2, ip, lsr #9
10005110:	d376      	bcc.n	10005200 <_malloc_r+0x3e0>
10005112:	2a14      	cmp	r2, #20
10005114:	f200 80cd 	bhi.w	100052b2 <_malloc_r+0x492>
10005118:	f102 035c 	add.w	r3, r2, #92	@ 0x5c
1000511c:	325b      	adds	r2, #91	@ 0x5b
1000511e:	00db      	lsls	r3, r3, #3
10005120:	18f1      	adds	r1, r6, r3
10005122:	58f3      	ldr	r3, [r6, r3]
10005124:	3908      	subs	r1, #8
10005126:	4299      	cmp	r1, r3
10005128:	d111      	bne.n	1000514e <_malloc_r+0x32e>
1000512a:	e0a5      	b.n	10005278 <_malloc_r+0x458>
1000512c:	20000890 	.word	0x20000890
10005130:	20000fbc 	.word	0x20000fbc
10005134:	20000884 	.word	0x20000884
10005138:	20000f8c 	.word	0x20000f8c
1000513c:	20000fb4 	.word	0x20000fb4
10005140:	20000fb8 	.word	0x20000fb8
10005144:	20000898 	.word	0x20000898
10005148:	689b      	ldr	r3, [r3, #8]
1000514a:	4299      	cmp	r1, r3
1000514c:	d004      	beq.n	10005158 <_malloc_r+0x338>
1000514e:	685a      	ldr	r2, [r3, #4]
10005150:	f022 0203 	bic.w	r2, r2, #3
10005154:	4562      	cmp	r2, ip
10005156:	d8f7      	bhi.n	10005148 <_malloc_r+0x328>
10005158:	68d9      	ldr	r1, [r3, #12]
1000515a:	e9c4 3102 	strd	r3, r1, [r4, #8]
1000515e:	608c      	str	r4, [r1, #8]
10005160:	60dc      	str	r4, [r3, #12]
10005162:	e6e8      	b.n	10004f36 <_malloc_r+0x116>
10005164:	2b14      	cmp	r3, #20
10005166:	d963      	bls.n	10005230 <_malloc_r+0x410>
10005168:	2b54      	cmp	r3, #84	@ 0x54
1000516a:	f200 80ab 	bhi.w	100052c4 <_malloc_r+0x4a4>
1000516e:	0b2b      	lsrs	r3, r5, #12
10005170:	f103 006f 	add.w	r0, r3, #111	@ 0x6f
10005174:	f103 0e6e 	add.w	lr, r3, #110	@ 0x6e
10005178:	00c3      	lsls	r3, r0, #3
1000517a:	e697      	b.n	10004eac <_malloc_r+0x8c>
1000517c:	f8d4 c008 	ldr.w	ip, [r4, #8]
10005180:	4638      	mov	r0, r7
10005182:	1967      	adds	r7, r4, r5
10005184:	f045 0501 	orr.w	r5, r5, #1
10005188:	6065      	str	r5, [r4, #4]
1000518a:	f8cc 300c 	str.w	r3, [ip, #12]
1000518e:	f8c3 c008 	str.w	ip, [r3, #8]
10005192:	f041 0301 	orr.w	r3, r1, #1
10005196:	e9c6 7704 	strd	r7, r7, [r6, #16]
1000519a:	e9c7 8802 	strd	r8, r8, [r7, #8]
1000519e:	607b      	str	r3, [r7, #4]
100051a0:	50a1      	str	r1, [r4, r2]
100051a2:	3408      	adds	r4, #8
100051a4:	f000 f8fe 	bl	100053a4 <__malloc_unlock>
100051a8:	e6f7      	b.n	10004f9a <_malloc_r+0x17a>
100051aa:	4422      	add	r2, r4
100051ac:	4638      	mov	r0, r7
100051ae:	6851      	ldr	r1, [r2, #4]
100051b0:	f041 0101 	orr.w	r1, r1, #1
100051b4:	6051      	str	r1, [r2, #4]
100051b6:	f854 2f08 	ldr.w	r2, [r4, #8]!
100051ba:	60d3      	str	r3, [r2, #12]
100051bc:	609a      	str	r2, [r3, #8]
100051be:	f000 f8f1 	bl	100053a4 <__malloc_unlock>
100051c2:	e6ea      	b.n	10004f9a <_malloc_r+0x17a>
100051c4:	44a4      	add	ip, r4
100051c6:	4638      	mov	r0, r7
100051c8:	3408      	adds	r4, #8
100051ca:	f8dc 3004 	ldr.w	r3, [ip, #4]
100051ce:	f043 0301 	orr.w	r3, r3, #1
100051d2:	f8cc 3004 	str.w	r3, [ip, #4]
100051d6:	f000 f8e5 	bl	100053a4 <__malloc_unlock>
100051da:	e6de      	b.n	10004f9a <_malloc_r+0x17a>
100051dc:	1962      	adds	r2, r4, r5
100051de:	f043 0101 	orr.w	r1, r3, #1
100051e2:	f045 0501 	orr.w	r5, r5, #1
100051e6:	4638      	mov	r0, r7
100051e8:	6065      	str	r5, [r4, #4]
100051ea:	e9c6 2204 	strd	r2, r2, [r6, #16]
100051ee:	e9c2 8802 	strd	r8, r8, [r2, #8]
100051f2:	6051      	str	r1, [r2, #4]
100051f4:	f844 300c 	str.w	r3, [r4, ip]
100051f8:	3408      	adds	r4, #8
100051fa:	f000 f8d3 	bl	100053a4 <__malloc_unlock>
100051fe:	e6cc      	b.n	10004f9a <_malloc_r+0x17a>
10005200:	ea4f 129c 	mov.w	r2, ip, lsr #6
10005204:	f102 0339 	add.w	r3, r2, #57	@ 0x39
10005208:	3238      	adds	r2, #56	@ 0x38
1000520a:	00db      	lsls	r3, r3, #3
1000520c:	e788      	b.n	10005120 <_malloc_r+0x300>
1000520e:	42b4      	cmp	r4, r6
10005210:	d062      	beq.n	100052d8 <_malloc_r+0x4b8>
10005212:	68b4      	ldr	r4, [r6, #8]
10005214:	6862      	ldr	r2, [r4, #4]
10005216:	f022 0803 	bic.w	r8, r2, #3
1000521a:	45a8      	cmp	r8, r5
1000521c:	eba8 0305 	sub.w	r3, r8, r5
10005220:	d302      	bcc.n	10005228 <_malloc_r+0x408>
10005222:	2b0f      	cmp	r3, #15
10005224:	f73f af53 	bgt.w	100050ce <_malloc_r+0x2ae>
10005228:	4638      	mov	r0, r7
1000522a:	f000 f8bb 	bl	100053a4 <__malloc_unlock>
1000522e:	e6b3      	b.n	10004f98 <_malloc_r+0x178>
10005230:	f103 005c 	add.w	r0, r3, #92	@ 0x5c
10005234:	f103 0e5b 	add.w	lr, r3, #91	@ 0x5b
10005238:	00c3      	lsls	r3, r0, #3
1000523a:	e637      	b.n	10004eac <_malloc_r+0x8c>
1000523c:	f85a 3908 	ldr.w	r3, [sl], #-8
10005240:	4553      	cmp	r3, sl
10005242:	f040 80a0 	bne.w	10005386 <_malloc_r+0x566>
10005246:	f010 0f03 	tst.w	r0, #3
1000524a:	f100 30ff 	add.w	r0, r0, #4294967295	@ 0xffffffff
1000524e:	d1f5      	bne.n	1000523c <_malloc_r+0x41c>
10005250:	6873      	ldr	r3, [r6, #4]
10005252:	ea23 030c 	bic.w	r3, r3, ip
10005256:	6073      	str	r3, [r6, #4]
10005258:	ea4f 0c4c 	mov.w	ip, ip, lsl #1
1000525c:	f10c 32ff 	add.w	r2, ip, #4294967295	@ 0xffffffff
10005260:	429a      	cmp	r2, r3
10005262:	d304      	bcc.n	1000526e <_malloc_r+0x44e>
10005264:	e6a3      	b.n	10004fae <_malloc_r+0x18e>
10005266:	ea4f 0c4c 	mov.w	ip, ip, lsl #1
1000526a:	f109 0904 	add.w	r9, r9, #4
1000526e:	ea1c 0f03 	tst.w	ip, r3
10005272:	d0f8      	beq.n	10005266 <_malloc_r+0x446>
10005274:	4648      	mov	r0, r9
10005276:	e670      	b.n	10004f5a <_malloc_r+0x13a>
10005278:	1092      	asrs	r2, r2, #2
1000527a:	f04f 0c01 	mov.w	ip, #1
1000527e:	fa0c f202 	lsl.w	r2, ip, r2
10005282:	ea4e 0e02 	orr.w	lr, lr, r2
10005286:	f8c6 e004 	str.w	lr, [r6, #4]
1000528a:	e766      	b.n	1000515a <_malloc_r+0x33a>
1000528c:	eb0a 0208 	add.w	r2, sl, r8
10005290:	4638      	mov	r0, r7
10005292:	ea02 020c 	and.w	r2, r2, ip
10005296:	ebab 0b02 	sub.w	fp, fp, r2
1000529a:	ea0b 0b0c 	and.w	fp, fp, ip
1000529e:	4659      	mov	r1, fp
100052a0:	f000 f8d4 	bl	1000544c <_sbrk_r>
100052a4:	1c43      	adds	r3, r0, #1
100052a6:	9b01      	ldr	r3, [sp, #4]
100052a8:	f47f aedb 	bne.w	10005062 <_malloc_r+0x242>
100052ac:	f8dd b000 	ldr.w	fp, [sp]
100052b0:	e6db      	b.n	1000506a <_malloc_r+0x24a>
100052b2:	2a54      	cmp	r2, #84	@ 0x54
100052b4:	d82a      	bhi.n	1000530c <_malloc_r+0x4ec>
100052b6:	ea4f 321c 	mov.w	r2, ip, lsr #12
100052ba:	f102 036f 	add.w	r3, r2, #111	@ 0x6f
100052be:	326e      	adds	r2, #110	@ 0x6e
100052c0:	00db      	lsls	r3, r3, #3
100052c2:	e72d      	b.n	10005120 <_malloc_r+0x300>
100052c4:	f5b3 7faa 	cmp.w	r3, #340	@ 0x154
100052c8:	d82a      	bhi.n	10005320 <_malloc_r+0x500>
100052ca:	0beb      	lsrs	r3, r5, #15
100052cc:	f103 0078 	add.w	r0, r3, #120	@ 0x78
100052d0:	f103 0e77 	add.w	lr, r3, #119	@ 0x77
100052d4:	00c3      	lsls	r3, r0, #3
100052d6:	e5e9      	b.n	10004eac <_malloc_r+0x8c>
100052d8:	4b2e      	ldr	r3, [pc, #184]	@ (10005394 <_malloc_r+0x574>)
100052da:	f10b 3cff 	add.w	ip, fp, #4294967295	@ 0xffffffff
100052de:	6818      	ldr	r0, [r3, #0]
100052e0:	4440      	add	r0, r8
100052e2:	6018      	str	r0, [r3, #0]
100052e4:	e69b      	b.n	1000501e <_malloc_r+0x1fe>
100052e6:	ea1a 0f0c 	tst.w	sl, ip
100052ea:	f47f ae98 	bne.w	1000501e <_malloc_r+0x1fe>
100052ee:	44c8      	add	r8, r9
100052f0:	f8d6 a008 	ldr.w	sl, [r6, #8]
100052f4:	f048 0201 	orr.w	r2, r8, #1
100052f8:	f8ca 2004 	str.w	r2, [sl, #4]
100052fc:	e6d8      	b.n	100050b0 <_malloc_r+0x290>
100052fe:	f8c2 a000 	str.w	sl, [r2]
10005302:	e696      	b.n	10005032 <_malloc_r+0x212>
10005304:	2301      	movs	r3, #1
10005306:	f8ca 3004 	str.w	r3, [sl, #4]
1000530a:	e78d      	b.n	10005228 <_malloc_r+0x408>
1000530c:	f5b2 7faa 	cmp.w	r2, #340	@ 0x154
10005310:	d824      	bhi.n	1000535c <_malloc_r+0x53c>
10005312:	ea4f 32dc 	mov.w	r2, ip, lsr #15
10005316:	f102 0378 	add.w	r3, r2, #120	@ 0x78
1000531a:	3277      	adds	r2, #119	@ 0x77
1000531c:	00db      	lsls	r3, r3, #3
1000531e:	e6ff      	b.n	10005120 <_malloc_r+0x300>
10005320:	f240 5254 	movw	r2, #1364	@ 0x554
10005324:	4293      	cmp	r3, r2
10005326:	d824      	bhi.n	10005372 <_malloc_r+0x552>
10005328:	0cab      	lsrs	r3, r5, #18
1000532a:	f103 007d 	add.w	r0, r3, #125	@ 0x7d
1000532e:	f103 0e7c 	add.w	lr, r3, #124	@ 0x7c
10005332:	00c3      	lsls	r3, r0, #3
10005334:	e5ba      	b.n	10004eac <_malloc_r+0x8c>
10005336:	9a00      	ldr	r2, [sp, #0]
10005338:	f04f 0b00 	mov.w	fp, #0
1000533c:	3a08      	subs	r2, #8
1000533e:	4490      	add	r8, r2
10005340:	eba8 080a 	sub.w	r8, r8, sl
10005344:	e691      	b.n	1000506a <_malloc_r+0x24a>
10005346:	4638      	mov	r0, r7
10005348:	f104 0108 	add.w	r1, r4, #8
1000534c:	9300      	str	r3, [sp, #0]
1000534e:	f000 f9a7 	bl	100056a0 <_free_r>
10005352:	9b00      	ldr	r3, [sp, #0]
10005354:	f8d6 a008 	ldr.w	sl, [r6, #8]
10005358:	6818      	ldr	r0, [r3, #0]
1000535a:	e6a7      	b.n	100050ac <_malloc_r+0x28c>
1000535c:	f240 5354 	movw	r3, #1364	@ 0x554
10005360:	429a      	cmp	r2, r3
10005362:	d80c      	bhi.n	1000537e <_malloc_r+0x55e>
10005364:	ea4f 429c 	mov.w	r2, ip, lsr #18
10005368:	f102 037d 	add.w	r3, r2, #125	@ 0x7d
1000536c:	327c      	adds	r2, #124	@ 0x7c
1000536e:	00db      	lsls	r3, r3, #3
10005370:	e6d6      	b.n	10005120 <_malloc_r+0x300>
10005372:	f44f 737e 	mov.w	r3, #1016	@ 0x3f8
10005376:	207f      	movs	r0, #127	@ 0x7f
10005378:	f04f 0e7e 	mov.w	lr, #126	@ 0x7e
1000537c:	e596      	b.n	10004eac <_malloc_r+0x8c>
1000537e:	f44f 737e 	mov.w	r3, #1016	@ 0x3f8
10005382:	227e      	movs	r2, #126	@ 0x7e
10005384:	e6cc      	b.n	10005120 <_malloc_r+0x300>
10005386:	6873      	ldr	r3, [r6, #4]
10005388:	e766      	b.n	10005258 <_malloc_r+0x438>
1000538a:	08e8      	lsrs	r0, r5, #3
1000538c:	f105 0308 	add.w	r3, r5, #8
10005390:	e556      	b.n	10004e40 <_malloc_r+0x20>
10005392:	bf00      	nop
10005394:	20000f8c 	.word	0x20000f8c

10005398 <__malloc_lock>:
10005398:	4801      	ldr	r0, [pc, #4]	@ (100053a0 <__malloc_lock+0x8>)
1000539a:	f000 b86f 	b.w	1000547c <__retarget_lock_acquire_recursive>
1000539e:	bf00      	nop
100053a0:	20000f88 	.word	0x20000f88

100053a4 <__malloc_unlock>:
100053a4:	4801      	ldr	r0, [pc, #4]	@ (100053ac <__malloc_unlock+0x8>)
100053a6:	f000 b86b 	b.w	10005480 <__retarget_lock_release_recursive>
100053aa:	bf00      	nop
100053ac:	20000f88 	.word	0x20000f88

100053b0 <memset>:
100053b0:	0783      	lsls	r3, r0, #30
100053b2:	b530      	push	{r4, r5, lr}
100053b4:	d046      	beq.n	10005444 <memset+0x94>
100053b6:	1884      	adds	r4, r0, r2
100053b8:	4684      	mov	ip, r0
100053ba:	e004      	b.n	100053c6 <memset+0x16>
100053bc:	f803 1b01 	strb.w	r1, [r3], #1
100053c0:	079d      	lsls	r5, r3, #30
100053c2:	d004      	beq.n	100053ce <memset+0x1e>
100053c4:	469c      	mov	ip, r3
100053c6:	45a4      	cmp	ip, r4
100053c8:	4663      	mov	r3, ip
100053ca:	d1f7      	bne.n	100053bc <memset+0xc>
100053cc:	bd30      	pop	{r4, r5, pc}
100053ce:	3a01      	subs	r2, #1
100053d0:	4402      	add	r2, r0
100053d2:	eba2 020c 	sub.w	r2, r2, ip
100053d6:	2a03      	cmp	r2, #3
100053d8:	d929      	bls.n	1000542e <memset+0x7e>
100053da:	b2cc      	uxtb	r4, r1
100053dc:	2a0f      	cmp	r2, #15
100053de:	eb04 2404 	add.w	r4, r4, r4, lsl #8
100053e2:	eb04 4404 	add.w	r4, r4, r4, lsl #16
100053e6:	d92f      	bls.n	10005448 <memset+0x98>
100053e8:	f1a2 0c10 	sub.w	ip, r2, #16
100053ec:	f103 0510 	add.w	r5, r3, #16
100053f0:	f02c 0c0f 	bic.w	ip, ip, #15
100053f4:	44ac      	add	ip, r5
100053f6:	e9c3 4400 	strd	r4, r4, [r3]
100053fa:	e9c3 4402 	strd	r4, r4, [r3, #8]
100053fe:	3310      	adds	r3, #16
10005400:	4563      	cmp	r3, ip
10005402:	d1f8      	bne.n	100053f6 <memset+0x46>
10005404:	f012 0f0c 	tst.w	r2, #12
10005408:	f002 0e0f 	and.w	lr, r2, #15
1000540c:	d018      	beq.n	10005440 <memset+0x90>
1000540e:	f02e 0c03 	bic.w	ip, lr, #3
10005412:	f1ae 0504 	sub.w	r5, lr, #4
10005416:	461a      	mov	r2, r3
10005418:	449c      	add	ip, r3
1000541a:	f842 4b04 	str.w	r4, [r2], #4
1000541e:	4562      	cmp	r2, ip
10005420:	d1fb      	bne.n	1000541a <memset+0x6a>
10005422:	f025 0403 	bic.w	r4, r5, #3
10005426:	3304      	adds	r3, #4
10005428:	f00e 0203 	and.w	r2, lr, #3
1000542c:	4423      	add	r3, r4
1000542e:	2a00      	cmp	r2, #0
10005430:	d0cc      	beq.n	100053cc <memset+0x1c>
10005432:	b2c9      	uxtb	r1, r1
10005434:	441a      	add	r2, r3
10005436:	f803 1b01 	strb.w	r1, [r3], #1
1000543a:	4293      	cmp	r3, r2
1000543c:	d1fb      	bne.n	10005436 <memset+0x86>
1000543e:	bd30      	pop	{r4, r5, pc}
10005440:	4672      	mov	r2, lr
10005442:	e7f4      	b.n	1000542e <memset+0x7e>
10005444:	4603      	mov	r3, r0
10005446:	e7c6      	b.n	100053d6 <memset+0x26>
10005448:	4696      	mov	lr, r2
1000544a:	e7e0      	b.n	1000540e <memset+0x5e>

1000544c <_sbrk_r>:
1000544c:	b538      	push	{r3, r4, r5, lr}
1000544e:	2200      	movs	r2, #0
10005450:	4d06      	ldr	r5, [pc, #24]	@ (1000546c <_sbrk_r+0x20>)
10005452:	4604      	mov	r4, r0
10005454:	4608      	mov	r0, r1
10005456:	602a      	str	r2, [r5, #0]
10005458:	f7ff f96a 	bl	10004730 <_sbrk>
1000545c:	1c43      	adds	r3, r0, #1
1000545e:	d000      	beq.n	10005462 <_sbrk_r+0x16>
10005460:	bd38      	pop	{r3, r4, r5, pc}
10005462:	682b      	ldr	r3, [r5, #0]
10005464:	2b00      	cmp	r3, #0
10005466:	d0fb      	beq.n	10005460 <_sbrk_r+0x14>
10005468:	6023      	str	r3, [r4, #0]
1000546a:	bd38      	pop	{r3, r4, r5, pc}
1000546c:	20001260 	.word	0x20001260

10005470 <__errno>:
10005470:	4b01      	ldr	r3, [pc, #4]	@ (10005478 <__errno+0x8>)
10005472:	6818      	ldr	r0, [r3, #0]
10005474:	4770      	bx	lr
10005476:	bf00      	nop
10005478:	20000c98 	.word	0x20000c98

1000547c <__retarget_lock_acquire_recursive>:
1000547c:	4770      	bx	lr
1000547e:	bf00      	nop

10005480 <__retarget_lock_release_recursive>:
10005480:	4770      	bx	lr
10005482:	bf00      	nop

10005484 <sysconf>:
10005484:	2808      	cmp	r0, #8
10005486:	d102      	bne.n	1000548e <sysconf+0xa>
10005488:	f44f 5080 	mov.w	r0, #4096	@ 0x1000
1000548c:	4770      	bx	lr
1000548e:	b508      	push	{r3, lr}
10005490:	f7ff ffee 	bl	10005470 <__errno>
10005494:	2216      	movs	r2, #22
10005496:	4603      	mov	r3, r0
10005498:	f04f 30ff 	mov.w	r0, #4294967295	@ 0xffffffff
1000549c:	601a      	str	r2, [r3, #0]
1000549e:	bd08      	pop	{r3, pc}

100054a0 <memcpy>:
100054a0:	4684      	mov	ip, r0
100054a2:	ea41 0300 	orr.w	r3, r1, r0
100054a6:	f013 0303 	ands.w	r3, r3, #3
100054aa:	d149      	bne.n	10005540 <memcpy+0xa0>
100054ac:	3a40      	subs	r2, #64	@ 0x40
100054ae:	d323      	bcc.n	100054f8 <memcpy+0x58>
100054b0:	680b      	ldr	r3, [r1, #0]
100054b2:	6003      	str	r3, [r0, #0]
100054b4:	684b      	ldr	r3, [r1, #4]
100054b6:	6043      	str	r3, [r0, #4]
100054b8:	688b      	ldr	r3, [r1, #8]
100054ba:	6083      	str	r3, [r0, #8]
100054bc:	68cb      	ldr	r3, [r1, #12]
100054be:	60c3      	str	r3, [r0, #12]
100054c0:	690b      	ldr	r3, [r1, #16]
100054c2:	6103      	str	r3, [r0, #16]
100054c4:	694b      	ldr	r3, [r1, #20]
100054c6:	6143      	str	r3, [r0, #20]
100054c8:	698b      	ldr	r3, [r1, #24]
100054ca:	6183      	str	r3, [r0, #24]
100054cc:	69cb      	ldr	r3, [r1, #28]
100054ce:	61c3      	str	r3, [r0, #28]
100054d0:	6a0b      	ldr	r3, [r1, #32]
100054d2:	6203      	str	r3, [r0, #32]
100054d4:	6a4b      	ldr	r3, [r1, #36]	@ 0x24
100054d6:	6243      	str	r3, [r0, #36]	@ 0x24
100054d8:	6a8b      	ldr	r3, [r1, #40]	@ 0x28
100054da:	6283      	str	r3, [r0, #40]	@ 0x28
100054dc:	6acb      	ldr	r3, [r1, #44]	@ 0x2c
100054de:	62c3      	str	r3, [r0, #44]	@ 0x2c
100054e0:	6b0b      	ldr	r3, [r1, #48]	@ 0x30
100054e2:	6303      	str	r3, [r0, #48]	@ 0x30
100054e4:	6b4b      	ldr	r3, [r1, #52]	@ 0x34
100054e6:	6343      	str	r3, [r0, #52]	@ 0x34
100054e8:	6b8b      	ldr	r3, [r1, #56]	@ 0x38
100054ea:	6383      	str	r3, [r0, #56]	@ 0x38
100054ec:	6bcb      	ldr	r3, [r1, #60]	@ 0x3c
100054ee:	63c3      	str	r3, [r0, #60]	@ 0x3c
100054f0:	3040      	adds	r0, #64	@ 0x40
100054f2:	3140      	adds	r1, #64	@ 0x40
100054f4:	3a40      	subs	r2, #64	@ 0x40
100054f6:	d2db      	bcs.n	100054b0 <memcpy+0x10>
100054f8:	3230      	adds	r2, #48	@ 0x30
100054fa:	d30b      	bcc.n	10005514 <memcpy+0x74>
100054fc:	680b      	ldr	r3, [r1, #0]
100054fe:	6003      	str	r3, [r0, #0]
10005500:	684b      	ldr	r3, [r1, #4]
10005502:	6043      	str	r3, [r0, #4]
10005504:	688b      	ldr	r3, [r1, #8]
10005506:	6083      	str	r3, [r0, #8]
10005508:	68cb      	ldr	r3, [r1, #12]
1000550a:	60c3      	str	r3, [r0, #12]
1000550c:	3010      	adds	r0, #16
1000550e:	3110      	adds	r1, #16
10005510:	3a10      	subs	r2, #16
10005512:	d2f3      	bcs.n	100054fc <memcpy+0x5c>
10005514:	320c      	adds	r2, #12
10005516:	d305      	bcc.n	10005524 <memcpy+0x84>
10005518:	f851 3b04 	ldr.w	r3, [r1], #4
1000551c:	f840 3b04 	str.w	r3, [r0], #4
10005520:	3a04      	subs	r2, #4
10005522:	d2f9      	bcs.n	10005518 <memcpy+0x78>
10005524:	3204      	adds	r2, #4
10005526:	d008      	beq.n	1000553a <memcpy+0x9a>
10005528:	07d2      	lsls	r2, r2, #31
1000552a:	bf1c      	itt	ne
1000552c:	f811 3b01 	ldrbne.w	r3, [r1], #1
10005530:	f800 3b01 	strbne.w	r3, [r0], #1
10005534:	d301      	bcc.n	1000553a <memcpy+0x9a>
10005536:	880b      	ldrh	r3, [r1, #0]
10005538:	8003      	strh	r3, [r0, #0]
1000553a:	4660      	mov	r0, ip
1000553c:	4770      	bx	lr
1000553e:	bf00      	nop
10005540:	2a08      	cmp	r2, #8
10005542:	d313      	bcc.n	1000556c <memcpy+0xcc>
10005544:	078b      	lsls	r3, r1, #30
10005546:	d0b1      	beq.n	100054ac <memcpy+0xc>
10005548:	f010 0303 	ands.w	r3, r0, #3
1000554c:	d0ae      	beq.n	100054ac <memcpy+0xc>
1000554e:	f1c3 0304 	rsb	r3, r3, #4
10005552:	1ad2      	subs	r2, r2, r3
10005554:	07db      	lsls	r3, r3, #31
10005556:	bf1c      	itt	ne
10005558:	f811 3b01 	ldrbne.w	r3, [r1], #1
1000555c:	f800 3b01 	strbne.w	r3, [r0], #1
10005560:	d3a4      	bcc.n	100054ac <memcpy+0xc>
10005562:	f831 3b02 	ldrh.w	r3, [r1], #2
10005566:	f820 3b02 	strh.w	r3, [r0], #2
1000556a:	e79f      	b.n	100054ac <memcpy+0xc>
1000556c:	3a04      	subs	r2, #4
1000556e:	d3d9      	bcc.n	10005524 <memcpy+0x84>
10005570:	3a01      	subs	r2, #1
10005572:	f811 3b01 	ldrb.w	r3, [r1], #1
10005576:	f800 3b01 	strb.w	r3, [r0], #1
1000557a:	d2f9      	bcs.n	10005570 <memcpy+0xd0>
1000557c:	780b      	ldrb	r3, [r1, #0]
1000557e:	7003      	strb	r3, [r0, #0]
10005580:	784b      	ldrb	r3, [r1, #1]
10005582:	7043      	strb	r3, [r0, #1]
10005584:	788b      	ldrb	r3, [r1, #2]
10005586:	7083      	strb	r3, [r0, #2]
10005588:	4660      	mov	r0, ip
1000558a:	4770      	bx	lr

1000558c <strlen>:
1000558c:	f020 0103 	bic.w	r1, r0, #3
10005590:	f010 0003 	ands.w	r0, r0, #3
10005594:	f1c0 0000 	rsb	r0, r0, #0
10005598:	f851 3b04 	ldr.w	r3, [r1], #4
1000559c:	f100 0c04 	add.w	ip, r0, #4
100055a0:	ea4f 0ccc 	mov.w	ip, ip, lsl #3
100055a4:	f06f 0200 	mvn.w	r2, #0
100055a8:	bf1c      	itt	ne
100055aa:	fa22 f20c 	lsrne.w	r2, r2, ip
100055ae:	4313      	orrne	r3, r2
100055b0:	f04f 0c01 	mov.w	ip, #1
100055b4:	ea4c 2c0c 	orr.w	ip, ip, ip, lsl #8
100055b8:	ea4c 4c0c 	orr.w	ip, ip, ip, lsl #16
100055bc:	eba3 020c 	sub.w	r2, r3, ip
100055c0:	ea22 0203 	bic.w	r2, r2, r3
100055c4:	ea12 12cc 	ands.w	r2, r2, ip, lsl #7
100055c8:	bf04      	itt	eq
100055ca:	f851 3b04 	ldreq.w	r3, [r1], #4
100055ce:	3004      	addeq	r0, #4
100055d0:	d0f4      	beq.n	100055bc <strlen+0x30>
100055d2:	f1c2 0100 	rsb	r1, r2, #0
100055d6:	ea02 0201 	and.w	r2, r2, r1
100055da:	fab2 f282 	clz	r2, r2
100055de:	f1c2 021f 	rsb	r2, r2, #31
100055e2:	eb00 00d2 	add.w	r0, r0, r2, lsr #3
100055e6:	4770      	bx	lr

100055e8 <_malloc_trim_r>:
100055e8:	e92d 43f8 	stmdb	sp!, {r3, r4, r5, r6, r7, r8, r9, lr}
100055ec:	4606      	mov	r6, r0
100055ee:	f8df 80ac 	ldr.w	r8, [pc, #172]	@ 1000569c <_malloc_trim_r+0xb4>
100055f2:	2008      	movs	r0, #8
100055f4:	4689      	mov	r9, r1
100055f6:	f7ff ff45 	bl	10005484 <sysconf>
100055fa:	4605      	mov	r5, r0
100055fc:	4630      	mov	r0, r6
100055fe:	f7ff fecb 	bl	10005398 <__malloc_lock>
10005602:	f8d8 3008 	ldr.w	r3, [r8, #8]
10005606:	685f      	ldr	r7, [r3, #4]
10005608:	f027 0703 	bic.w	r7, r7, #3
1000560c:	f1a7 0411 	sub.w	r4, r7, #17
10005610:	eba4 0409 	sub.w	r4, r4, r9
10005614:	442c      	add	r4, r5
10005616:	fbb4 f4f5 	udiv	r4, r4, r5
1000561a:	3c01      	subs	r4, #1
1000561c:	fb05 f404 	mul.w	r4, r5, r4
10005620:	42a5      	cmp	r5, r4
10005622:	dc08      	bgt.n	10005636 <_malloc_trim_r+0x4e>
10005624:	2100      	movs	r1, #0
10005626:	4630      	mov	r0, r6
10005628:	f7ff ff10 	bl	1000544c <_sbrk_r>
1000562c:	f8d8 3008 	ldr.w	r3, [r8, #8]
10005630:	443b      	add	r3, r7
10005632:	4298      	cmp	r0, r3
10005634:	d005      	beq.n	10005642 <_malloc_trim_r+0x5a>
10005636:	4630      	mov	r0, r6
10005638:	f7ff feb4 	bl	100053a4 <__malloc_unlock>
1000563c:	2000      	movs	r0, #0
1000563e:	e8bd 83f8 	ldmia.w	sp!, {r3, r4, r5, r6, r7, r8, r9, pc}
10005642:	4261      	negs	r1, r4
10005644:	4630      	mov	r0, r6
10005646:	f7ff ff01 	bl	1000544c <_sbrk_r>
1000564a:	3001      	adds	r0, #1
1000564c:	d00f      	beq.n	1000566e <_malloc_trim_r+0x86>
1000564e:	1b3f      	subs	r7, r7, r4
10005650:	4a10      	ldr	r2, [pc, #64]	@ (10005694 <_malloc_trim_r+0xac>)
10005652:	f8d8 3008 	ldr.w	r3, [r8, #8]
10005656:	4630      	mov	r0, r6
10005658:	f047 0701 	orr.w	r7, r7, #1
1000565c:	605f      	str	r7, [r3, #4]
1000565e:	6813      	ldr	r3, [r2, #0]
10005660:	1b1b      	subs	r3, r3, r4
10005662:	6013      	str	r3, [r2, #0]
10005664:	f7ff fe9e 	bl	100053a4 <__malloc_unlock>
10005668:	2001      	movs	r0, #1
1000566a:	e8bd 83f8 	ldmia.w	sp!, {r3, r4, r5, r6, r7, r8, r9, pc}
1000566e:	2100      	movs	r1, #0
10005670:	4630      	mov	r0, r6
10005672:	f7ff feeb 	bl	1000544c <_sbrk_r>
10005676:	f8d8 2008 	ldr.w	r2, [r8, #8]
1000567a:	1a83      	subs	r3, r0, r2
1000567c:	2b0f      	cmp	r3, #15
1000567e:	ddda      	ble.n	10005636 <_malloc_trim_r+0x4e>
10005680:	f043 0301 	orr.w	r3, r3, #1
10005684:	4903      	ldr	r1, [pc, #12]	@ (10005694 <_malloc_trim_r+0xac>)
10005686:	6053      	str	r3, [r2, #4]
10005688:	4b03      	ldr	r3, [pc, #12]	@ (10005698 <_malloc_trim_r+0xb0>)
1000568a:	681b      	ldr	r3, [r3, #0]
1000568c:	1ac0      	subs	r0, r0, r3
1000568e:	6008      	str	r0, [r1, #0]
10005690:	e7d1      	b.n	10005636 <_malloc_trim_r+0x4e>
10005692:	bf00      	nop
10005694:	20000f8c 	.word	0x20000f8c
10005698:	20000884 	.word	0x20000884
1000569c:	20000890 	.word	0x20000890

100056a0 <_free_r>:
100056a0:	2900      	cmp	r1, #0
100056a2:	d05a      	beq.n	1000575a <_free_r+0xba>
100056a4:	b5f8      	push	{r3, r4, r5, r6, r7, lr}
100056a6:	460c      	mov	r4, r1
100056a8:	4607      	mov	r7, r0
100056aa:	f7ff fe75 	bl	10005398 <__malloc_lock>
100056ae:	4d73      	ldr	r5, [pc, #460]	@ (1000587c <_free_r+0x1dc>)
100056b0:	f854 cc04 	ldr.w	ip, [r4, #-4]
100056b4:	f1a4 0208 	sub.w	r2, r4, #8
100056b8:	68a8      	ldr	r0, [r5, #8]
100056ba:	f02c 0301 	bic.w	r3, ip, #1
100056be:	f00c 0e01 	and.w	lr, ip, #1
100056c2:	18d1      	adds	r1, r2, r3
100056c4:	684e      	ldr	r6, [r1, #4]
100056c6:	4288      	cmp	r0, r1
100056c8:	f026 0603 	bic.w	r6, r6, #3
100056cc:	d07c      	beq.n	100057c8 <_free_r+0x128>
100056ce:	1988      	adds	r0, r1, r6
100056d0:	604e      	str	r6, [r1, #4]
100056d2:	6840      	ldr	r0, [r0, #4]
100056d4:	f000 0001 	and.w	r0, r0, #1
100056d8:	f1be 0f00 	cmp.w	lr, #0
100056dc:	d12e      	bne.n	1000573c <_free_r+0x9c>
100056de:	f854 4c08 	ldr.w	r4, [r4, #-8]
100056e2:	f105 0c08 	add.w	ip, r5, #8
100056e6:	1b12      	subs	r2, r2, r4
100056e8:	4423      	add	r3, r4
100056ea:	6894      	ldr	r4, [r2, #8]
100056ec:	4564      	cmp	r4, ip
100056ee:	d060      	beq.n	100057b2 <_free_r+0x112>
100056f0:	f8d2 e00c 	ldr.w	lr, [r2, #12]
100056f4:	f8c4 e00c 	str.w	lr, [r4, #12]
100056f8:	f8ce 4008 	str.w	r4, [lr, #8]
100056fc:	2800      	cmp	r0, #0
100056fe:	d07d      	beq.n	100057fc <_free_r+0x15c>
10005700:	f043 0001 	orr.w	r0, r3, #1
10005704:	6050      	str	r0, [r2, #4]
10005706:	600b      	str	r3, [r1, #0]
10005708:	f5b3 7f00 	cmp.w	r3, #512	@ 0x200
1000570c:	d22e      	bcs.n	1000576c <_free_r+0xcc>
1000570e:	0958      	lsrs	r0, r3, #5
10005710:	08d9      	lsrs	r1, r3, #3
10005712:	2301      	movs	r3, #1
10005714:	4083      	lsls	r3, r0
10005716:	6868      	ldr	r0, [r5, #4]
10005718:	3101      	adds	r1, #1
1000571a:	4303      	orrs	r3, r0
1000571c:	f855 0031 	ldr.w	r0, [r5, r1, lsl #3]
10005720:	606b      	str	r3, [r5, #4]
10005722:	eb05 03c1 	add.w	r3, r5, r1, lsl #3
10005726:	3b08      	subs	r3, #8
10005728:	e9c2 0302 	strd	r0, r3, [r2, #8]
1000572c:	f845 2031 	str.w	r2, [r5, r1, lsl #3]
10005730:	60c2      	str	r2, [r0, #12]
10005732:	4638      	mov	r0, r7
10005734:	e8bd 40f8 	ldmia.w	sp!, {r3, r4, r5, r6, r7, lr}
10005738:	f7ff be34 	b.w	100053a4 <__malloc_unlock>
1000573c:	b970      	cbnz	r0, 1000575c <_free_r+0xbc>
1000573e:	4433      	add	r3, r6
10005740:	f105 0c08 	add.w	ip, r5, #8
10005744:	6888      	ldr	r0, [r1, #8]
10005746:	f043 0401 	orr.w	r4, r3, #1
1000574a:	4560      	cmp	r0, ip
1000574c:	d06e      	beq.n	1000582c <_free_r+0x18c>
1000574e:	68c9      	ldr	r1, [r1, #12]
10005750:	60c1      	str	r1, [r0, #12]
10005752:	6088      	str	r0, [r1, #8]
10005754:	6054      	str	r4, [r2, #4]
10005756:	50d3      	str	r3, [r2, r3]
10005758:	e7d6      	b.n	10005708 <_free_r+0x68>
1000575a:	4770      	bx	lr
1000575c:	f04c 0101 	orr.w	r1, ip, #1
10005760:	f5b3 7f00 	cmp.w	r3, #512	@ 0x200
10005764:	f844 1c04 	str.w	r1, [r4, #-4]
10005768:	50d3      	str	r3, [r2, r3]
1000576a:	d3d0      	bcc.n	1000570e <_free_r+0x6e>
1000576c:	f5b3 6f20 	cmp.w	r3, #2560	@ 0xa00
10005770:	ea4f 2153 	mov.w	r1, r3, lsr #9
10005774:	d244      	bcs.n	10005800 <_free_r+0x160>
10005776:	0999      	lsrs	r1, r3, #6
10005778:	f101 0039 	add.w	r0, r1, #57	@ 0x39
1000577c:	f101 0438 	add.w	r4, r1, #56	@ 0x38
10005780:	00c1      	lsls	r1, r0, #3
10005782:	1868      	adds	r0, r5, r1
10005784:	5869      	ldr	r1, [r5, r1]
10005786:	3808      	subs	r0, #8
10005788:	4288      	cmp	r0, r1
1000578a:	d103      	bne.n	10005794 <_free_r+0xf4>
1000578c:	e055      	b.n	1000583a <_free_r+0x19a>
1000578e:	6889      	ldr	r1, [r1, #8]
10005790:	4288      	cmp	r0, r1
10005792:	d004      	beq.n	1000579e <_free_r+0xfe>
10005794:	684c      	ldr	r4, [r1, #4]
10005796:	f024 0403 	bic.w	r4, r4, #3
1000579a:	429c      	cmp	r4, r3
1000579c:	d8f7      	bhi.n	1000578e <_free_r+0xee>
1000579e:	68c8      	ldr	r0, [r1, #12]
100057a0:	e9c2 1002 	strd	r1, r0, [r2, #8]
100057a4:	6082      	str	r2, [r0, #8]
100057a6:	4638      	mov	r0, r7
100057a8:	60ca      	str	r2, [r1, #12]
100057aa:	e8bd 40f8 	ldmia.w	sp!, {r3, r4, r5, r6, r7, lr}
100057ae:	f7ff bdf9 	b.w	100053a4 <__malloc_unlock>
100057b2:	bb80      	cbnz	r0, 10005816 <_free_r+0x176>
100057b4:	441e      	add	r6, r3
100057b6:	e9d1 1302 	ldrd	r1, r3, [r1, #8]
100057ba:	60cb      	str	r3, [r1, #12]
100057bc:	6099      	str	r1, [r3, #8]
100057be:	f046 0301 	orr.w	r3, r6, #1
100057c2:	6053      	str	r3, [r2, #4]
100057c4:	5196      	str	r6, [r2, r6]
100057c6:	e7b4      	b.n	10005732 <_free_r+0x92>
100057c8:	441e      	add	r6, r3
100057ca:	f1be 0f00 	cmp.w	lr, #0
100057ce:	d107      	bne.n	100057e0 <_free_r+0x140>
100057d0:	f854 3c08 	ldr.w	r3, [r4, #-8]
100057d4:	1ad2      	subs	r2, r2, r3
100057d6:	441e      	add	r6, r3
100057d8:	e9d2 1302 	ldrd	r1, r3, [r2, #8]
100057dc:	60cb      	str	r3, [r1, #12]
100057de:	6099      	str	r1, [r3, #8]
100057e0:	f046 0301 	orr.w	r3, r6, #1
100057e4:	6053      	str	r3, [r2, #4]
100057e6:	4b26      	ldr	r3, [pc, #152]	@ (10005880 <_free_r+0x1e0>)
100057e8:	60aa      	str	r2, [r5, #8]
100057ea:	681b      	ldr	r3, [r3, #0]
100057ec:	42b3      	cmp	r3, r6
100057ee:	d8a0      	bhi.n	10005732 <_free_r+0x92>
100057f0:	4b24      	ldr	r3, [pc, #144]	@ (10005884 <_free_r+0x1e4>)
100057f2:	4638      	mov	r0, r7
100057f4:	6819      	ldr	r1, [r3, #0]
100057f6:	f7ff fef7 	bl	100055e8 <_malloc_trim_r>
100057fa:	e79a      	b.n	10005732 <_free_r+0x92>
100057fc:	4433      	add	r3, r6
100057fe:	e7a1      	b.n	10005744 <_free_r+0xa4>
10005800:	2914      	cmp	r1, #20
10005802:	d90d      	bls.n	10005820 <_free_r+0x180>
10005804:	2954      	cmp	r1, #84	@ 0x54
10005806:	d81f      	bhi.n	10005848 <_free_r+0x1a8>
10005808:	0b19      	lsrs	r1, r3, #12
1000580a:	f101 006f 	add.w	r0, r1, #111	@ 0x6f
1000580e:	f101 046e 	add.w	r4, r1, #110	@ 0x6e
10005812:	00c1      	lsls	r1, r0, #3
10005814:	e7b5      	b.n	10005782 <_free_r+0xe2>
10005816:	f043 0001 	orr.w	r0, r3, #1
1000581a:	6050      	str	r0, [r2, #4]
1000581c:	600b      	str	r3, [r1, #0]
1000581e:	e788      	b.n	10005732 <_free_r+0x92>
10005820:	f101 005c 	add.w	r0, r1, #92	@ 0x5c
10005824:	f101 045b 	add.w	r4, r1, #91	@ 0x5b
10005828:	00c1      	lsls	r1, r0, #3
1000582a:	e7aa      	b.n	10005782 <_free_r+0xe2>
1000582c:	e9c5 2204 	strd	r2, r2, [r5, #16]
10005830:	e9c2 cc02 	strd	ip, ip, [r2, #8]
10005834:	6054      	str	r4, [r2, #4]
10005836:	50d3      	str	r3, [r2, r3]
10005838:	e77b      	b.n	10005732 <_free_r+0x92>
1000583a:	10a4      	asrs	r4, r4, #2
1000583c:	2301      	movs	r3, #1
1000583e:	40a3      	lsls	r3, r4
10005840:	686c      	ldr	r4, [r5, #4]
10005842:	4323      	orrs	r3, r4
10005844:	606b      	str	r3, [r5, #4]
10005846:	e7ab      	b.n	100057a0 <_free_r+0x100>
10005848:	f5b1 7faa 	cmp.w	r1, #340	@ 0x154
1000584c:	d806      	bhi.n	1000585c <_free_r+0x1bc>
1000584e:	0bd9      	lsrs	r1, r3, #15
10005850:	f101 0078 	add.w	r0, r1, #120	@ 0x78
10005854:	f101 0477 	add.w	r4, r1, #119	@ 0x77
10005858:	00c1      	lsls	r1, r0, #3
1000585a:	e792      	b.n	10005782 <_free_r+0xe2>
1000585c:	f240 5054 	movw	r0, #1364	@ 0x554
10005860:	4281      	cmp	r1, r0
10005862:	d806      	bhi.n	10005872 <_free_r+0x1d2>
10005864:	0c99      	lsrs	r1, r3, #18
10005866:	f101 007d 	add.w	r0, r1, #125	@ 0x7d
1000586a:	f101 047c 	add.w	r4, r1, #124	@ 0x7c
1000586e:	00c1      	lsls	r1, r0, #3
10005870:	e787      	b.n	10005782 <_free_r+0xe2>
10005872:	f44f 717e 	mov.w	r1, #1016	@ 0x3f8
10005876:	247e      	movs	r4, #126	@ 0x7e
10005878:	e783      	b.n	10005782 <_free_r+0xe2>
1000587a:	bf00      	nop
1000587c:	20000890 	.word	0x20000890
10005880:	20000888 	.word	0x20000888
10005884:	20000fbc 	.word	0x20000fbc

10005888 <_fini>:
10005888:	b5f8      	push	{r3, r4, r5, r6, r7, lr}
1000588a:	bf00      	nop
1000588c:	0000      	movs	r0, r0
	...

10005890 <__gerenciar_barramento_m68k_veneer>:
10005890:	f85f f000 	ldr.w	pc, [pc]	@ 10005894 <__gerenciar_barramento_m68k_veneer+0x4>
10005894:	20000169 	.word	0x20000169

10005898 <____aeabi_uldivmod_veneer>:
10005898:	f85f f000 	ldr.w	pc, [pc]	@ 1000589c <____aeabi_uldivmod_veneer+0x4>
1000589c:	20000489 	.word	0x20000489

100058a0 <__mutex_exit_veneer>:
100058a0:	f85f f000 	ldr.w	pc, [pc]	@ 100058a4 <__mutex_exit_veneer+0x4>
100058a4:	2000044d 	.word	0x2000044d

100058a8 <__mutex_enter_blocking_veneer>:
100058a8:	f85f f000 	ldr.w	pc, [pc]	@ 100058ac <__mutex_enter_blocking_veneer+0x4>
100058ac:	200002f9 	.word	0x200002f9

100058b0 <__mutex_try_enter_block_until_veneer>:
100058b0:	f85f f000 	ldr.w	pc, [pc]	@ 100058b4 <__mutex_try_enter_block_until_veneer+0x4>
100058b4:	200003e5 	.word	0x200003e5

100058b8 <__pre_init_runtime_init_bootrom_reset>:
100058b8:	10002ba5                                .+..

100058bc <__pre_init_runtime_init_early_resets>:
100058bc:	10002b19                                .+..

100058c0 <__pre_init_runtime_init_usb_power_down>:
100058c0:	10002b4d                                M+..

100058c4 <__pre_init_runtime_init_clocks>:
100058c4:	10002c39                                9,..

100058c8 <__pre_init_runtime_init_post_clock_resets>:
100058c8:	10002b85                                .+..

100058cc <__pre_init_runtime_init_boot_locks_reset>:
100058cc:	10002a7d                                }*..

100058d0 <__pre_init_runtime_init_spin_locks_reset>:
100058d0:	10002bcd                                .+..

100058d4 <__pre_init_runtime_init_bootrom_locking_enable>:
100058d4:	10002a69                                i*..

100058d8 <__pre_init_runtime_init_mutex>:
100058d8:	10001d0d                                ....

100058dc <__pre_init_runtime_init_install_ram_vector_table>:
100058dc:	10002bd1                                .+..

100058e0 <__pre_init_runtime_init_default_alarm_pool>:
100058e0:	10002089                                . ..

100058e4 <__pre_init_first_per_core_initializer>:
100058e4:	10002ac9                                .*..

100058e8 <__pre_init_runtime_init_per_core_bootrom_reset>:
100058e8:	10002bb9                                .+..

100058ec <__pre_init_runtime_init_per_core_enable_coprocessors>:
100058ec:	10002b69                                i+..

100058f0 <__pre_init_spinlock_set_extexclall>:
100058f0:	10001bc5                                ....

100058f4 <__pre_init_runtime_init_per_core_irq_priorities>:
100058f4:	10001bed                                ....

100058f8 <__frame_dummy_init_array_entry>:
100058f8:	10000211                                ....

Disassembly of section .data:

20000110 <vga_line_handler>:
20000110:	2002      	movs	r0, #2
20000112:	b430      	push	{r4, r5}
20000114:	4a0f      	ldr	r2, [pc, #60]	@ (20000154 <vga_line_handler+0x44>)
20000116:	4d10      	ldr	r5, [pc, #64]	@ (20000158 <vga_line_handler+0x48>)
20000118:	4b10      	ldr	r3, [pc, #64]	@ (2000015c <vga_line_handler+0x4c>)
2000011a:	4911      	ldr	r1, [pc, #68]	@ (20000160 <vga_line_handler+0x50>)
2000011c:	4c11      	ldr	r4, [pc, #68]	@ (20000164 <vga_line_handler+0x54>)
2000011e:	6310      	str	r0, [r2, #48]	@ 0x30
20000120:	681b      	ldr	r3, [r3, #0]
20000122:	682a      	ldr	r2, [r5, #0]
20000124:	6808      	ldr	r0, [r1, #0]
20000126:	6821      	ldr	r1, [r4, #0]
20000128:	eb02 0c82 	add.w	ip, r2, r2, lsl #2
2000012c:	019b      	lsls	r3, r3, #6
2000012e:	f103 43a0 	add.w	r3, r3, #1342177280	@ 0x50000000
20000132:	3101      	adds	r1, #1
20000134:	eb00 104c 	add.w	r0, r0, ip, lsl #5
20000138:	63d8      	str	r0, [r3, #60]	@ 0x3c
2000013a:	07cb      	lsls	r3, r1, #31
2000013c:	bf5c      	itt	pl
2000013e:	3201      	addpl	r2, #1
20000140:	602a      	strpl	r2, [r5, #0]
20000142:	2aef      	cmp	r2, #239	@ 0xef
20000144:	6021      	str	r1, [r4, #0]
20000146:	dd02      	ble.n	2000014e <vga_line_handler+0x3e>
20000148:	2300      	movs	r3, #0
2000014a:	602b      	str	r3, [r5, #0]
2000014c:	6023      	str	r3, [r4, #0]
2000014e:	bc30      	pop	{r4, r5}
20000150:	4770      	bx	lr
20000152:	bf00      	nop
20000154:	50200000 	.word	0x50200000
20000158:	20001258 	.word	0x20001258
2000015c:	200012b8 	.word	0x200012b8
20000160:	200012d0 	.word	0x200012d0
20000164:	20001294 	.word	0x20001294

20000168 <gerenciar_barramento_m68k>:
20000168:	2201      	movs	r2, #1
2000016a:	e92d 41f0 	stmdb	sp!, {r4, r5, r6, r7, r8, lr}
2000016e:	6843      	ldr	r3, [r0, #4]
20000170:	f101 0408 	add.w	r4, r1, #8
20000174:	40a2      	lsls	r2, r4
20000176:	4213      	tst	r3, r2
20000178:	d001      	beq.n	2000017e <gerenciar_barramento_m68k+0x16>
2000017a:	e8bd 81f0 	ldmia.w	sp!, {r4, r5, r6, r7, r8, pc}
2000017e:	6844      	ldr	r4, [r0, #4]
20000180:	4014      	ands	r4, r2
20000182:	d1fc      	bne.n	2000017e <gerenciar_barramento_m68k+0x16>
20000184:	eb00 0681 	add.w	r6, r0, r1, lsl #2
20000188:	eb01 0141 	add.w	r1, r1, r1, lsl #1
2000018c:	eb00 00c1 	add.w	r0, r0, r1, lsl #3
20000190:	f04f 4100 	mov.w	r1, #2147483648	@ 0x80000000
20000194:	6a35      	ldr	r5, [r6, #32]
20000196:	f500 5086 	add.w	r0, r0, #4288	@ 0x10c0
2000019a:	f3c5 2205 	ubfx	r2, r5, #8, #6
2000019e:	3010      	adds	r0, #16
200001a0:	f3c5 3781 	ubfx	r7, r5, #14, #2
200001a4:	6001      	str	r1, [r0, #0]
200001a6:	b2ed      	uxtb	r5, r5
200001a8:	6001      	str	r1, [r0, #0]
200001aa:	2a1e      	cmp	r2, #30
200001ac:	d811      	bhi.n	200001d2 <gerenciar_barramento_m68k+0x6a>
200001ae:	e8df f002 	tbb	[pc, r2]
200001b2:	1028      	.short	0x1028
200001b4:	10101010 	.word	0x10101010
200001b8:	10101010 	.word	0x10101010
200001bc:	10101010 	.word	0x10101010
200001c0:	10101010 	.word	0x10101010
200001c4:	10471010 	.word	0x10471010
200001c8:	69625b55 	.word	0x69625b55
200001cc:	10101010 	.word	0x10101010
200001d0:	18          	.byte	0x18
200001d1:	00          	.byte	0x00
200001d2:	24ff      	movs	r4, #255	@ 0xff
200001d4:	2f01      	cmp	r7, #1
200001d6:	bf16      	itet	ne
200001d8:	23a5      	movne	r3, #165	@ 0xa5
200001da:	6134      	streq	r4, [r6, #16]
200001dc:	6133      	strne	r3, [r6, #16]
200001de:	e8bd 81f0 	ldmia.w	sp!, {r4, r5, r6, r7, r8, pc}
200001e2:	2da3      	cmp	r5, #163	@ 0xa3
200001e4:	d05a      	beq.n	2000029c <gerenciar_barramento_m68k+0x134>
200001e6:	2da4      	cmp	r5, #164	@ 0xa4
200001e8:	d063      	beq.n	200002b2 <gerenciar_barramento_m68k+0x14a>
200001ea:	2da1      	cmp	r5, #161	@ 0xa1
200001ec:	d1f2      	bne.n	200001d4 <gerenciar_barramento_m68k+0x6c>
200001ee:	2300      	movs	r3, #0
200001f0:	4a3a      	ldr	r2, [pc, #232]	@ (200002dc <gerenciar_barramento_m68k+0x174>)
200001f2:	483b      	ldr	r0, [pc, #236]	@ (200002e0 <gerenciar_barramento_m68k+0x178>)
200001f4:	493b      	ldr	r1, [pc, #236]	@ (200002e4 <gerenciar_barramento_m68k+0x17c>)
200001f6:	6812      	ldr	r2, [r2, #0]
200001f8:	8003      	strh	r3, [r0, #0]
200001fa:	6a52      	ldr	r2, [r2, #36]	@ 0x24
200001fc:	800b      	strh	r3, [r1, #0]
200001fe:	4790      	blx	r2
20000200:	e7e8      	b.n	200001d4 <gerenciar_barramento_m68k+0x6c>
20000202:	f8df 80d8 	ldr.w	r8, [pc, #216]	@ 200002dc <gerenciar_barramento_m68k+0x174>
20000206:	2000      	movs	r0, #0
20000208:	f000 fb02 	bl	20000810 <__put_cursor_veneer>
2000020c:	f8d8 3000 	ldr.w	r3, [r8]
20000210:	2000      	movs	r0, #0
20000212:	699b      	ldr	r3, [r3, #24]
20000214:	4798      	blx	r3
20000216:	2000      	movs	r0, #0
20000218:	f000 fafa 	bl	20000810 <__put_cursor_veneer>
2000021c:	2d08      	cmp	r5, #8
2000021e:	d038      	beq.n	20000292 <gerenciar_barramento_m68k+0x12a>
20000220:	2d80      	cmp	r5, #128	@ 0x80
20000222:	d850      	bhi.n	200002c6 <gerenciar_barramento_m68k+0x15e>
20000224:	f8d8 3000 	ldr.w	r3, [r8]
20000228:	4628      	mov	r0, r5
2000022a:	6b9b      	ldr	r3, [r3, #56]	@ 0x38
2000022c:	4798      	blx	r3
2000022e:	f8d8 3000 	ldr.w	r3, [r8]
20000232:	2001      	movs	r0, #1
20000234:	699b      	ldr	r3, [r3, #24]
20000236:	4798      	blx	r3
20000238:	2001      	movs	r0, #1
2000023a:	f000 fae9 	bl	20000810 <__put_cursor_veneer>
2000023e:	e7c9      	b.n	200001d4 <gerenciar_barramento_m68k+0x6c>
20000240:	4a29      	ldr	r2, [pc, #164]	@ (200002e8 <gerenciar_barramento_m68k+0x180>)
20000242:	f005 010f 	and.w	r1, r5, #15
20000246:	7011      	strb	r1, [r2, #0]
20000248:	4928      	ldr	r1, [pc, #160]	@ (200002ec <gerenciar_barramento_m68k+0x184>)
2000024a:	092b      	lsrs	r3, r5, #4
2000024c:	700b      	strb	r3, [r1, #0]
2000024e:	4b23      	ldr	r3, [pc, #140]	@ (200002dc <gerenciar_barramento_m68k+0x174>)
20000250:	7808      	ldrb	r0, [r1, #0]
20000252:	681b      	ldr	r3, [r3, #0]
20000254:	7811      	ldrb	r1, [r2, #0]
20000256:	68db      	ldr	r3, [r3, #12]
20000258:	4798      	blx	r3
2000025a:	e7bb      	b.n	200001d4 <gerenciar_barramento_m68k+0x6c>
2000025c:	4a21      	ldr	r2, [pc, #132]	@ (200002e4 <gerenciar_barramento_m68k+0x17c>)
2000025e:	8813      	ldrh	r3, [r2, #0]
20000260:	b2db      	uxtb	r3, r3
20000262:	432b      	orrs	r3, r5
20000264:	8013      	strh	r3, [r2, #0]
20000266:	e7b5      	b.n	200001d4 <gerenciar_barramento_m68k+0x6c>
20000268:	4a1e      	ldr	r2, [pc, #120]	@ (200002e4 <gerenciar_barramento_m68k+0x17c>)
2000026a:	8813      	ldrh	r3, [r2, #0]
2000026c:	f403 437f 	and.w	r3, r3, #65280	@ 0xff00
20000270:	432b      	orrs	r3, r5
20000272:	8013      	strh	r3, [r2, #0]
20000274:	e7ae      	b.n	200001d4 <gerenciar_barramento_m68k+0x6c>
20000276:	4a1a      	ldr	r2, [pc, #104]	@ (200002e0 <gerenciar_barramento_m68k+0x178>)
20000278:	8813      	ldrh	r3, [r2, #0]
2000027a:	b2db      	uxtb	r3, r3
2000027c:	ea43 2305 	orr.w	r3, r3, r5, lsl #8
20000280:	8013      	strh	r3, [r2, #0]
20000282:	e7a7      	b.n	200001d4 <gerenciar_barramento_m68k+0x6c>
20000284:	4a16      	ldr	r2, [pc, #88]	@ (200002e0 <gerenciar_barramento_m68k+0x178>)
20000286:	8813      	ldrh	r3, [r2, #0]
20000288:	f403 437f 	and.w	r3, r3, #65280	@ 0xff00
2000028c:	432b      	orrs	r3, r5
2000028e:	8013      	strh	r3, [r2, #0]
20000290:	e7a0      	b.n	200001d4 <gerenciar_barramento_m68k+0x6c>
20000292:	f8d8 3000 	ldr.w	r3, [r8]
20000296:	6d1b      	ldr	r3, [r3, #80]	@ 0x50
20000298:	4798      	blx	r3
2000029a:	e7c8      	b.n	2000022e <gerenciar_barramento_m68k+0xc6>
2000029c:	4a11      	ldr	r2, [pc, #68]	@ (200002e4 <gerenciar_barramento_m68k+0x17c>)
2000029e:	4b10      	ldr	r3, [pc, #64]	@ (200002e0 <gerenciar_barramento_m68k+0x178>)
200002a0:	8810      	ldrh	r0, [r2, #0]
200002a2:	8819      	ldrh	r1, [r3, #0]
200002a4:	4b0d      	ldr	r3, [pc, #52]	@ (200002dc <gerenciar_barramento_m68k+0x174>)
200002a6:	b280      	uxth	r0, r0
200002a8:	681b      	ldr	r3, [r3, #0]
200002aa:	b289      	uxth	r1, r1
200002ac:	691b      	ldr	r3, [r3, #16]
200002ae:	4798      	blx	r3
200002b0:	e790      	b.n	200001d4 <gerenciar_barramento_m68k+0x6c>
200002b2:	4b0a      	ldr	r3, [pc, #40]	@ (200002dc <gerenciar_barramento_m68k+0x174>)
200002b4:	681b      	ldr	r3, [r3, #0]
200002b6:	6bdb      	ldr	r3, [r3, #60]	@ 0x3c
200002b8:	4798      	blx	r3
200002ba:	2300      	movs	r3, #0
200002bc:	4908      	ldr	r1, [pc, #32]	@ (200002e0 <gerenciar_barramento_m68k+0x178>)
200002be:	4a09      	ldr	r2, [pc, #36]	@ (200002e4 <gerenciar_barramento_m68k+0x17c>)
200002c0:	800b      	strh	r3, [r1, #0]
200002c2:	8013      	strh	r3, [r2, #0]
200002c4:	e786      	b.n	200001d4 <gerenciar_barramento_m68k+0x6c>
200002c6:	462a      	mov	r2, r5
200002c8:	4909      	ldr	r1, [pc, #36]	@ (200002f0 <gerenciar_barramento_m68k+0x188>)
200002ca:	480a      	ldr	r0, [pc, #40]	@ (200002f4 <gerenciar_barramento_m68k+0x18c>)
200002cc:	f000 faa4 	bl	20000818 <____wrap_sprintf_veneer>
200002d0:	f8d8 3000 	ldr.w	r3, [r8]
200002d4:	4807      	ldr	r0, [pc, #28]	@ (200002f4 <gerenciar_barramento_m68k+0x18c>)
200002d6:	6adb      	ldr	r3, [r3, #44]	@ 0x2c
200002d8:	4798      	blx	r3
200002da:	e7a8      	b.n	2000022e <gerenciar_barramento_m68k+0xc6>
200002dc:	200012c8 	.word	0x200012c8
200002e0:	20026ad8 	.word	0x20026ad8
200002e4:	20026ad6 	.word	0x20026ad6
200002e8:	20026ada 	.word	0x20026ada
200002ec:	20026adb 	.word	0x20026adb
200002f0:	10005a00 	.word	0x10005a00
200002f4:	20001124 	.word	0x20001124

200002f8 <mutex_enter_blocking>:
200002f8:	f04f 4350 	mov.w	r3, #3489660928	@ 0xd0000000
200002fc:	b510      	push	{r4, lr}
200002fe:	6802      	ldr	r2, [r0, #0]
20000300:	f993 4000 	ldrsb.w	r4, [r3]
20000304:	f3ef 8310 	mrs	r3, PRIMASK
20000308:	b672      	cpsid	i
2000030a:	e8d2 cfcf 	ldaexb	ip, [r2]
2000030e:	2101      	movs	r1, #1
20000310:	f1bc 0f00 	cmp.w	ip, #0
20000314:	d1f9      	bne.n	2000030a <mutex_enter_blocking+0x12>
20000316:	e8c2 1f4c 	strexb	ip, r1, [r2]
2000031a:	f1bc 0f00 	cmp.w	ip, #0
2000031e:	d1f4      	bne.n	2000030a <mutex_enter_blocking+0x12>
20000320:	f3bf 8f5f 	dmb	sy
20000324:	f990 2004 	ldrsb.w	r2, [r0, #4]
20000328:	2a00      	cmp	r2, #0
2000032a:	db1c      	blt.n	20000366 <mutex_enter_blocking+0x6e>
2000032c:	2100      	movs	r1, #0
2000032e:	6802      	ldr	r2, [r0, #0]
20000330:	e8c2 1f8f 	stlb	r1, [r2]
20000334:	f383 8810 	msr	PRIMASK, r3
20000338:	bf20      	wfe
2000033a:	6802      	ldr	r2, [r0, #0]
2000033c:	f3ef 8310 	mrs	r3, PRIMASK
20000340:	b672      	cpsid	i
20000342:	e8d2 efcf 	ldaexb	lr, [r2]
20000346:	f05f 0c01 	movs.w	ip, #1
2000034a:	f1be 0f00 	cmp.w	lr, #0
2000034e:	d1f8      	bne.n	20000342 <mutex_enter_blocking+0x4a>
20000350:	e8c2 cf4e 	strexb	lr, ip, [r2]
20000354:	f1be 0f00 	cmp.w	lr, #0
20000358:	d1f3      	bne.n	20000342 <mutex_enter_blocking+0x4a>
2000035a:	f3bf 8f5f 	dmb	sy
2000035e:	f990 2004 	ldrsb.w	r2, [r0, #4]
20000362:	2a00      	cmp	r2, #0
20000364:	dae3      	bge.n	2000032e <mutex_enter_blocking+0x36>
20000366:	2200      	movs	r2, #0
20000368:	6801      	ldr	r1, [r0, #0]
2000036a:	7104      	strb	r4, [r0, #4]
2000036c:	e8c1 2f8f 	stlb	r2, [r1]
20000370:	f383 8810 	msr	PRIMASK, r3
20000374:	bd10      	pop	{r4, pc}
20000376:	bf00      	nop

20000378 <mutex_enter_block_until>:
20000378:	f04f 4150 	mov.w	r1, #3489660928	@ 0xd0000000
2000037c:	e92d 41f0 	stmdb	sp!, {r4, r5, r6, r7, r8, lr}
20000380:	2700      	movs	r7, #0
20000382:	4604      	mov	r4, r0
20000384:	4616      	mov	r6, r2
20000386:	461d      	mov	r5, r3
20000388:	f8d1 8000 	ldr.w	r8, [r1]
2000038c:	e008      	b.n	200003a0 <mutex_enter_block_until+0x28>
2000038e:	e8c1 7f8f 	stlb	r7, [r1]
20000392:	f38c 8810 	msr	PRIMASK, ip
20000396:	4630      	mov	r0, r6
20000398:	4629      	mov	r1, r5
2000039a:	f000 fa35 	bl	20000808 <__best_effort_wfe_or_timeout_veneer>
2000039e:	b9e8      	cbnz	r0, 200003dc <mutex_enter_block_until+0x64>
200003a0:	6821      	ldr	r1, [r4, #0]
200003a2:	f3ef 8c10 	mrs	ip, PRIMASK
200003a6:	b672      	cpsid	i
200003a8:	e8d1 2fcf 	ldaexb	r2, [r1]
200003ac:	2301      	movs	r3, #1
200003ae:	2a00      	cmp	r2, #0
200003b0:	d1fa      	bne.n	200003a8 <mutex_enter_block_until+0x30>
200003b2:	e8c1 3f42 	strexb	r2, r3, [r1]
200003b6:	2a00      	cmp	r2, #0
200003b8:	d1f6      	bne.n	200003a8 <mutex_enter_block_until+0x30>
200003ba:	f3bf 8f5f 	dmb	sy
200003be:	f994 3004 	ldrsb.w	r3, [r4, #4]
200003c2:	6821      	ldr	r1, [r4, #0]
200003c4:	2b00      	cmp	r3, #0
200003c6:	dae2      	bge.n	2000038e <mutex_enter_block_until+0x16>
200003c8:	2300      	movs	r3, #0
200003ca:	f884 8004 	strb.w	r8, [r4, #4]
200003ce:	e8c1 3f8f 	stlb	r3, [r1]
200003d2:	f38c 8810 	msr	PRIMASK, ip
200003d6:	2001      	movs	r0, #1
200003d8:	e8bd 81f0 	ldmia.w	sp!, {r4, r5, r6, r7, r8, pc}
200003dc:	2000      	movs	r0, #0
200003de:	e8bd 81f0 	ldmia.w	sp!, {r4, r5, r6, r7, r8, pc}
200003e2:	bf00      	nop

200003e4 <mutex_try_enter_block_until>:
200003e4:	b530      	push	{r4, r5, lr}
200003e6:	6804      	ldr	r4, [r0, #0]
200003e8:	f3ef 8c10 	mrs	ip, PRIMASK
200003ec:	b672      	cpsid	i
200003ee:	e8d4 efcf 	ldaexb	lr, [r4]
200003f2:	2501      	movs	r5, #1
200003f4:	f1be 0f00 	cmp.w	lr, #0
200003f8:	d1f9      	bne.n	200003ee <mutex_try_enter_block_until+0xa>
200003fa:	e8c4 5f4e 	strexb	lr, r5, [r4]
200003fe:	f1be 0f00 	cmp.w	lr, #0
20000402:	d1f4      	bne.n	200003ee <mutex_try_enter_block_until+0xa>
20000404:	f3bf 8f5f 	dmb	sy
20000408:	f990 4004 	ldrsb.w	r4, [r0, #4]
2000040c:	6805      	ldr	r5, [r0, #0]
2000040e:	2c00      	cmp	r4, #0
20000410:	db10      	blt.n	20000434 <mutex_try_enter_block_until+0x50>
20000412:	2100      	movs	r1, #0
20000414:	e8c5 1f8f 	stlb	r1, [r5]
20000418:	f38c 8810 	msr	PRIMASK, ip
2000041c:	f04f 4550 	mov.w	r5, #3489660928	@ 0xd0000000
20000420:	f995 5000 	ldrsb.w	r5, [r5]
20000424:	42a5      	cmp	r5, r4
20000426:	d101      	bne.n	2000042c <mutex_try_enter_block_until+0x48>
20000428:	4608      	mov	r0, r1
2000042a:	bd30      	pop	{r4, r5, pc}
2000042c:	e8bd 4030 	ldmia.w	sp!, {r4, r5, lr}
20000430:	f7ff bfa2 	b.w	20000378 <mutex_enter_block_until>
20000434:	f04f 4250 	mov.w	r2, #3489660928	@ 0xd0000000
20000438:	6812      	ldr	r2, [r2, #0]
2000043a:	2300      	movs	r3, #0
2000043c:	7102      	strb	r2, [r0, #4]
2000043e:	e8c5 3f8f 	stlb	r3, [r5]
20000442:	f38c 8810 	msr	PRIMASK, ip
20000446:	2001      	movs	r0, #1
20000448:	bd30      	pop	{r4, r5, pc}
2000044a:	bf00      	nop

2000044c <mutex_exit>:
2000044c:	6803      	ldr	r3, [r0, #0]
2000044e:	f3ef 8210 	mrs	r2, PRIMASK
20000452:	b672      	cpsid	i
20000454:	e8d3 cfcf 	ldaexb	ip, [r3]
20000458:	2101      	movs	r1, #1
2000045a:	f1bc 0f00 	cmp.w	ip, #0
2000045e:	d1f9      	bne.n	20000454 <mutex_exit+0x8>
20000460:	e8c3 1f4c 	strexb	ip, r1, [r3]
20000464:	f1bc 0f00 	cmp.w	ip, #0
20000468:	d1f4      	bne.n	20000454 <mutex_exit+0x8>
2000046a:	f3bf 8f5f 	dmb	sy
2000046e:	f04f 0cff 	mov.w	ip, #255	@ 0xff
20000472:	2300      	movs	r3, #0
20000474:	6801      	ldr	r1, [r0, #0]
20000476:	f880 c004 	strb.w	ip, [r0, #4]
2000047a:	e8c1 3f8f 	stlb	r3, [r1]
2000047e:	f382 8810 	msr	PRIMASK, r2
20000482:	bf40      	sev
20000484:	4770      	bx	lr
20000486:	bf00      	nop

20000488 <__aeabi_uldivmod>:
20000488:	b953      	cbnz	r3, 200004a0 <__aeabi_uldivmod+0x18>
2000048a:	b94a      	cbnz	r2, 200004a0 <__aeabi_uldivmod+0x18>
2000048c:	2900      	cmp	r1, #0
2000048e:	bf08      	it	eq
20000490:	2800      	cmpeq	r0, #0
20000492:	bf1c      	itt	ne
20000494:	f04f 31ff 	movne.w	r1, #4294967295	@ 0xffffffff
20000498:	f04f 30ff 	movne.w	r0, #4294967295	@ 0xffffffff
2000049c:	f000 b9b2 	b.w	20000804 <__aeabi_idiv0>
200004a0:	f1ad 0c08 	sub.w	ip, sp, #8
200004a4:	e96d ce04 	strd	ip, lr, [sp, #-16]!
200004a8:	f000 f806 	bl	200004b8 <__udivmoddi4>
200004ac:	f8dd e004 	ldr.w	lr, [sp, #4]
200004b0:	e9dd 2302 	ldrd	r2, r3, [sp, #8]
200004b4:	b004      	add	sp, #16
200004b6:	4770      	bx	lr

200004b8 <__udivmoddi4>:
200004b8:	e92d 4ff0 	stmdb	sp!, {r4, r5, r6, r7, r8, r9, sl, fp, lr}
200004bc:	468c      	mov	ip, r1
200004be:	9e09      	ldr	r6, [sp, #36]	@ 0x24
200004c0:	4604      	mov	r4, r0
200004c2:	460f      	mov	r7, r1
200004c4:	2b00      	cmp	r3, #0
200004c6:	d148      	bne.n	2000055a <__udivmoddi4+0xa2>
200004c8:	428a      	cmp	r2, r1
200004ca:	4615      	mov	r5, r2
200004cc:	d95e      	bls.n	2000058c <__udivmoddi4+0xd4>
200004ce:	fab2 f382 	clz	r3, r2
200004d2:	b13b      	cbz	r3, 200004e4 <__udivmoddi4+0x2c>
200004d4:	f1c3 0220 	rsb	r2, r3, #32
200004d8:	409f      	lsls	r7, r3
200004da:	409d      	lsls	r5, r3
200004dc:	409c      	lsls	r4, r3
200004de:	fa20 f202 	lsr.w	r2, r0, r2
200004e2:	4317      	orrs	r7, r2
200004e4:	ea4f 4e15 	mov.w	lr, r5, lsr #16
200004e8:	fa1f fc85 	uxth.w	ip, r5
200004ec:	0c22      	lsrs	r2, r4, #16
200004ee:	fbb7 f1fe 	udiv	r1, r7, lr
200004f2:	fb0e 7711 	mls	r7, lr, r1, r7
200004f6:	fb01 f00c 	mul.w	r0, r1, ip
200004fa:	ea42 4207 	orr.w	r2, r2, r7, lsl #16
200004fe:	4290      	cmp	r0, r2
20000500:	d907      	bls.n	20000512 <__udivmoddi4+0x5a>
20000502:	18aa      	adds	r2, r5, r2
20000504:	f101 37ff 	add.w	r7, r1, #4294967295	@ 0xffffffff
20000508:	d202      	bcs.n	20000510 <__udivmoddi4+0x58>
2000050a:	4290      	cmp	r0, r2
2000050c:	f200 8158 	bhi.w	200007c0 <__udivmoddi4+0x308>
20000510:	4639      	mov	r1, r7
20000512:	1a12      	subs	r2, r2, r0
20000514:	b2a4      	uxth	r4, r4
20000516:	fbb2 f0fe 	udiv	r0, r2, lr
2000051a:	fb0e 2210 	mls	r2, lr, r0, r2
2000051e:	fb00 fc0c 	mul.w	ip, r0, ip
20000522:	ea44 4402 	orr.w	r4, r4, r2, lsl #16
20000526:	45a4      	cmp	ip, r4
20000528:	d90b      	bls.n	20000542 <__udivmoddi4+0x8a>
2000052a:	192c      	adds	r4, r5, r4
2000052c:	f100 32ff 	add.w	r2, r0, #4294967295	@ 0xffffffff
20000530:	bf2c      	ite	cs
20000532:	2701      	movcs	r7, #1
20000534:	2700      	movcc	r7, #0
20000536:	45a4      	cmp	ip, r4
20000538:	d902      	bls.n	20000540 <__udivmoddi4+0x88>
2000053a:	2f00      	cmp	r7, #0
2000053c:	f000 8143 	beq.w	200007c6 <__udivmoddi4+0x30e>
20000540:	4610      	mov	r0, r2
20000542:	ea40 4001 	orr.w	r0, r0, r1, lsl #16
20000546:	eba4 040c 	sub.w	r4, r4, ip
2000054a:	2100      	movs	r1, #0
2000054c:	b11e      	cbz	r6, 20000556 <__udivmoddi4+0x9e>
2000054e:	40dc      	lsrs	r4, r3
20000550:	2300      	movs	r3, #0
20000552:	e9c6 4300 	strd	r4, r3, [r6]
20000556:	e8bd 8ff0 	ldmia.w	sp!, {r4, r5, r6, r7, r8, r9, sl, fp, pc}
2000055a:	428b      	cmp	r3, r1
2000055c:	d906      	bls.n	2000056c <__udivmoddi4+0xb4>
2000055e:	b10e      	cbz	r6, 20000564 <__udivmoddi4+0xac>
20000560:	e9c6 0100 	strd	r0, r1, [r6]
20000564:	2100      	movs	r1, #0
20000566:	4608      	mov	r0, r1
20000568:	e8bd 8ff0 	ldmia.w	sp!, {r4, r5, r6, r7, r8, r9, sl, fp, pc}
2000056c:	fab3 f183 	clz	r1, r3
20000570:	2900      	cmp	r1, #0
20000572:	d151      	bne.n	20000618 <__udivmoddi4+0x160>
20000574:	4563      	cmp	r3, ip
20000576:	f0c0 8116 	bcc.w	200007a6 <__udivmoddi4+0x2ee>
2000057a:	4282      	cmp	r2, r0
2000057c:	f240 8113 	bls.w	200007a6 <__udivmoddi4+0x2ee>
20000580:	4608      	mov	r0, r1
20000582:	2e00      	cmp	r6, #0
20000584:	d0e7      	beq.n	20000556 <__udivmoddi4+0x9e>
20000586:	e9c6 4700 	strd	r4, r7, [r6]
2000058a:	e7e4      	b.n	20000556 <__udivmoddi4+0x9e>
2000058c:	2a00      	cmp	r2, #0
2000058e:	f000 80af 	beq.w	200006f0 <__udivmoddi4+0x238>
20000592:	fab2 f382 	clz	r3, r2
20000596:	2b00      	cmp	r3, #0
20000598:	f040 80c2 	bne.w	20000720 <__udivmoddi4+0x268>
2000059c:	1a8a      	subs	r2, r1, r2
2000059e:	ea4f 4e15 	mov.w	lr, r5, lsr #16
200005a2:	b2af      	uxth	r7, r5
200005a4:	2101      	movs	r1, #1
200005a6:	0c20      	lsrs	r0, r4, #16
200005a8:	fbb2 fcfe 	udiv	ip, r2, lr
200005ac:	fb0e 221c 	mls	r2, lr, ip, r2
200005b0:	ea40 4202 	orr.w	r2, r0, r2, lsl #16
200005b4:	fb07 f00c 	mul.w	r0, r7, ip
200005b8:	4290      	cmp	r0, r2
200005ba:	d90e      	bls.n	200005da <__udivmoddi4+0x122>
200005bc:	18aa      	adds	r2, r5, r2
200005be:	f10c 38ff 	add.w	r8, ip, #4294967295	@ 0xffffffff
200005c2:	bf2c      	ite	cs
200005c4:	f04f 0901 	movcs.w	r9, #1
200005c8:	f04f 0900 	movcc.w	r9, #0
200005cc:	4290      	cmp	r0, r2
200005ce:	d903      	bls.n	200005d8 <__udivmoddi4+0x120>
200005d0:	f1b9 0f00 	cmp.w	r9, #0
200005d4:	f000 80f0 	beq.w	200007b8 <__udivmoddi4+0x300>
200005d8:	46c4      	mov	ip, r8
200005da:	1a12      	subs	r2, r2, r0
200005dc:	b2a4      	uxth	r4, r4
200005de:	fbb2 f0fe 	udiv	r0, r2, lr
200005e2:	fb0e 2210 	mls	r2, lr, r0, r2
200005e6:	fb00 f707 	mul.w	r7, r0, r7
200005ea:	ea44 4402 	orr.w	r4, r4, r2, lsl #16
200005ee:	42a7      	cmp	r7, r4
200005f0:	d90e      	bls.n	20000610 <__udivmoddi4+0x158>
200005f2:	192c      	adds	r4, r5, r4
200005f4:	f100 32ff 	add.w	r2, r0, #4294967295	@ 0xffffffff
200005f8:	bf2c      	ite	cs
200005fa:	f04f 0e01 	movcs.w	lr, #1
200005fe:	f04f 0e00 	movcc.w	lr, #0
20000602:	42a7      	cmp	r7, r4
20000604:	d903      	bls.n	2000060e <__udivmoddi4+0x156>
20000606:	f1be 0f00 	cmp.w	lr, #0
2000060a:	f000 80d2 	beq.w	200007b2 <__udivmoddi4+0x2fa>
2000060e:	4610      	mov	r0, r2
20000610:	1be4      	subs	r4, r4, r7
20000612:	ea40 400c 	orr.w	r0, r0, ip, lsl #16
20000616:	e799      	b.n	2000054c <__udivmoddi4+0x94>
20000618:	f1c1 0520 	rsb	r5, r1, #32
2000061c:	408b      	lsls	r3, r1
2000061e:	fa0c f401 	lsl.w	r4, ip, r1
20000622:	fa00 f901 	lsl.w	r9, r0, r1
20000626:	fa22 f705 	lsr.w	r7, r2, r5
2000062a:	fa2c fc05 	lsr.w	ip, ip, r5
2000062e:	408a      	lsls	r2, r1
20000630:	431f      	orrs	r7, r3
20000632:	fa20 f305 	lsr.w	r3, r0, r5
20000636:	0c38      	lsrs	r0, r7, #16
20000638:	4323      	orrs	r3, r4
2000063a:	fa1f fe87 	uxth.w	lr, r7
2000063e:	0c1c      	lsrs	r4, r3, #16
20000640:	fbbc f8f0 	udiv	r8, ip, r0
20000644:	fb00 cc18 	mls	ip, r0, r8, ip
20000648:	ea44 440c 	orr.w	r4, r4, ip, lsl #16
2000064c:	fb08 fc0e 	mul.w	ip, r8, lr
20000650:	45a4      	cmp	ip, r4
20000652:	d90e      	bls.n	20000672 <__udivmoddi4+0x1ba>
20000654:	193c      	adds	r4, r7, r4
20000656:	f108 3aff 	add.w	sl, r8, #4294967295	@ 0xffffffff
2000065a:	bf2c      	ite	cs
2000065c:	f04f 0b01 	movcs.w	fp, #1
20000660:	f04f 0b00 	movcc.w	fp, #0
20000664:	45a4      	cmp	ip, r4
20000666:	d903      	bls.n	20000670 <__udivmoddi4+0x1b8>
20000668:	f1bb 0f00 	cmp.w	fp, #0
2000066c:	f000 80b8 	beq.w	200007e0 <__udivmoddi4+0x328>
20000670:	46d0      	mov	r8, sl
20000672:	eba4 040c 	sub.w	r4, r4, ip
20000676:	fa1f fc83 	uxth.w	ip, r3
2000067a:	fbb4 f3f0 	udiv	r3, r4, r0
2000067e:	fb00 4413 	mls	r4, r0, r3, r4
20000682:	fb03 fe0e 	mul.w	lr, r3, lr
20000686:	ea4c 4404 	orr.w	r4, ip, r4, lsl #16
2000068a:	45a6      	cmp	lr, r4
2000068c:	d90e      	bls.n	200006ac <__udivmoddi4+0x1f4>
2000068e:	193c      	adds	r4, r7, r4
20000690:	f103 30ff 	add.w	r0, r3, #4294967295	@ 0xffffffff
20000694:	bf2c      	ite	cs
20000696:	f04f 0c01 	movcs.w	ip, #1
2000069a:	f04f 0c00 	movcc.w	ip, #0
2000069e:	45a6      	cmp	lr, r4
200006a0:	d903      	bls.n	200006aa <__udivmoddi4+0x1f2>
200006a2:	f1bc 0f00 	cmp.w	ip, #0
200006a6:	f000 809f 	beq.w	200007e8 <__udivmoddi4+0x330>
200006aa:	4603      	mov	r3, r0
200006ac:	ea43 4008 	orr.w	r0, r3, r8, lsl #16
200006b0:	eba4 040e 	sub.w	r4, r4, lr
200006b4:	fba0 ec02 	umull	lr, ip, r0, r2
200006b8:	4564      	cmp	r4, ip
200006ba:	4673      	mov	r3, lr
200006bc:	46e0      	mov	r8, ip
200006be:	d302      	bcc.n	200006c6 <__udivmoddi4+0x20e>
200006c0:	d107      	bne.n	200006d2 <__udivmoddi4+0x21a>
200006c2:	45f1      	cmp	r9, lr
200006c4:	d205      	bcs.n	200006d2 <__udivmoddi4+0x21a>
200006c6:	ebbe 0302 	subs.w	r3, lr, r2
200006ca:	eb6c 0c07 	sbc.w	ip, ip, r7
200006ce:	3801      	subs	r0, #1
200006d0:	46e0      	mov	r8, ip
200006d2:	b15e      	cbz	r6, 200006ec <__udivmoddi4+0x234>
200006d4:	ebb9 0203 	subs.w	r2, r9, r3
200006d8:	eb64 0408 	sbc.w	r4, r4, r8
200006dc:	fa04 f505 	lsl.w	r5, r4, r5
200006e0:	fa22 f301 	lsr.w	r3, r2, r1
200006e4:	40cc      	lsrs	r4, r1
200006e6:	431d      	orrs	r5, r3
200006e8:	e9c6 5400 	strd	r5, r4, [r6]
200006ec:	2100      	movs	r1, #0
200006ee:	e732      	b.n	20000556 <__udivmoddi4+0x9e>
200006f0:	0842      	lsrs	r2, r0, #1
200006f2:	462f      	mov	r7, r5
200006f4:	084b      	lsrs	r3, r1, #1
200006f6:	46ac      	mov	ip, r5
200006f8:	ea42 72c1 	orr.w	r2, r2, r1, lsl #31
200006fc:	46ae      	mov	lr, r5
200006fe:	07c4      	lsls	r4, r0, #31
20000700:	0c11      	lsrs	r1, r2, #16
20000702:	b292      	uxth	r2, r2
20000704:	ea41 4103 	orr.w	r1, r1, r3, lsl #16
20000708:	ea42 4201 	orr.w	r2, r2, r1, lsl #16
2000070c:	fbb1 f1f5 	udiv	r1, r1, r5
20000710:	fbb3 f0f5 	udiv	r0, r3, r5
20000714:	231f      	movs	r3, #31
20000716:	eba2 020c 	sub.w	r2, r2, ip
2000071a:	ea41 4100 	orr.w	r1, r1, r0, lsl #16
2000071e:	e742      	b.n	200005a6 <__udivmoddi4+0xee>
20000720:	409d      	lsls	r5, r3
20000722:	f1c3 0220 	rsb	r2, r3, #32
20000726:	4099      	lsls	r1, r3
20000728:	409c      	lsls	r4, r3
2000072a:	fa2c fc02 	lsr.w	ip, ip, r2
2000072e:	ea4f 4e15 	mov.w	lr, r5, lsr #16
20000732:	fa20 f202 	lsr.w	r2, r0, r2
20000736:	b2af      	uxth	r7, r5
20000738:	fbbc f8fe 	udiv	r8, ip, lr
2000073c:	430a      	orrs	r2, r1
2000073e:	fb0e cc18 	mls	ip, lr, r8, ip
20000742:	0c11      	lsrs	r1, r2, #16
20000744:	ea41 410c 	orr.w	r1, r1, ip, lsl #16
20000748:	fb08 fc07 	mul.w	ip, r8, r7
2000074c:	458c      	cmp	ip, r1
2000074e:	d950      	bls.n	200007f2 <__udivmoddi4+0x33a>
20000750:	1869      	adds	r1, r5, r1
20000752:	f108 30ff 	add.w	r0, r8, #4294967295	@ 0xffffffff
20000756:	bf2c      	ite	cs
20000758:	f04f 0901 	movcs.w	r9, #1
2000075c:	f04f 0900 	movcc.w	r9, #0
20000760:	458c      	cmp	ip, r1
20000762:	d902      	bls.n	2000076a <__udivmoddi4+0x2b2>
20000764:	f1b9 0f00 	cmp.w	r9, #0
20000768:	d030      	beq.n	200007cc <__udivmoddi4+0x314>
2000076a:	eba1 010c 	sub.w	r1, r1, ip
2000076e:	fbb1 f8fe 	udiv	r8, r1, lr
20000772:	fb08 fc07 	mul.w	ip, r8, r7
20000776:	fb0e 1118 	mls	r1, lr, r8, r1
2000077a:	b292      	uxth	r2, r2
2000077c:	ea42 4201 	orr.w	r2, r2, r1, lsl #16
20000780:	4562      	cmp	r2, ip
20000782:	d234      	bcs.n	200007ee <__udivmoddi4+0x336>
20000784:	18aa      	adds	r2, r5, r2
20000786:	f108 31ff 	add.w	r1, r8, #4294967295	@ 0xffffffff
2000078a:	bf2c      	ite	cs
2000078c:	f04f 0901 	movcs.w	r9, #1
20000790:	f04f 0900 	movcc.w	r9, #0
20000794:	4562      	cmp	r2, ip
20000796:	d2be      	bcs.n	20000716 <__udivmoddi4+0x25e>
20000798:	f1b9 0f00 	cmp.w	r9, #0
2000079c:	d1bb      	bne.n	20000716 <__udivmoddi4+0x25e>
2000079e:	f1a8 0102 	sub.w	r1, r8, #2
200007a2:	442a      	add	r2, r5
200007a4:	e7b7      	b.n	20000716 <__udivmoddi4+0x25e>
200007a6:	1a84      	subs	r4, r0, r2
200007a8:	eb6c 0203 	sbc.w	r2, ip, r3
200007ac:	2001      	movs	r0, #1
200007ae:	4617      	mov	r7, r2
200007b0:	e6e7      	b.n	20000582 <__udivmoddi4+0xca>
200007b2:	442c      	add	r4, r5
200007b4:	3802      	subs	r0, #2
200007b6:	e72b      	b.n	20000610 <__udivmoddi4+0x158>
200007b8:	f1ac 0c02 	sub.w	ip, ip, #2
200007bc:	442a      	add	r2, r5
200007be:	e70c      	b.n	200005da <__udivmoddi4+0x122>
200007c0:	3902      	subs	r1, #2
200007c2:	442a      	add	r2, r5
200007c4:	e6a5      	b.n	20000512 <__udivmoddi4+0x5a>
200007c6:	442c      	add	r4, r5
200007c8:	3802      	subs	r0, #2
200007ca:	e6ba      	b.n	20000542 <__udivmoddi4+0x8a>
200007cc:	eba5 0c0c 	sub.w	ip, r5, ip
200007d0:	f1a8 0002 	sub.w	r0, r8, #2
200007d4:	4461      	add	r1, ip
200007d6:	fbb1 f8fe 	udiv	r8, r1, lr
200007da:	fb08 fc07 	mul.w	ip, r8, r7
200007de:	e7ca      	b.n	20000776 <__udivmoddi4+0x2be>
200007e0:	f1a8 0802 	sub.w	r8, r8, #2
200007e4:	443c      	add	r4, r7
200007e6:	e744      	b.n	20000672 <__udivmoddi4+0x1ba>
200007e8:	3b02      	subs	r3, #2
200007ea:	443c      	add	r4, r7
200007ec:	e75e      	b.n	200006ac <__udivmoddi4+0x1f4>
200007ee:	4641      	mov	r1, r8
200007f0:	e791      	b.n	20000716 <__udivmoddi4+0x25e>
200007f2:	eba1 010c 	sub.w	r1, r1, ip
200007f6:	4640      	mov	r0, r8
200007f8:	fbb1 f8fe 	udiv	r8, r1, lr
200007fc:	fb08 fc07 	mul.w	ip, r8, r7
20000800:	e7b9      	b.n	20000776 <__udivmoddi4+0x2be>
20000802:	bf00      	nop

20000804 <__aeabi_idiv0>:
20000804:	4770      	bx	lr
20000806:	bf00      	nop

20000808 <__best_effort_wfe_or_timeout_veneer>:
20000808:	f85f f000 	ldr.w	pc, [pc]	@ 2000080c <__best_effort_wfe_or_timeout_veneer+0x4>
2000080c:	100022d9 	.word	0x100022d9

20000810 <__put_cursor_veneer>:
20000810:	f85f f000 	ldr.w	pc, [pc]	@ 20000814 <__put_cursor_veneer+0x4>
20000814:	100016ed 	.word	0x100016ed

20000818 <____wrap_sprintf_veneer>:
20000818:	f85f f000 	ldr.w	pc, [pc]	@ 2000081c <____wrap_sprintf_veneer+0x4>
2000081c:	100046d1 	.word	0x100046d1

20000820 <last_toggle_time>:
20000820:	00000001                                ....

20000824 <rgb_sm>:
20000824:	00000002                                ....

20000828 <vsync_sm>:
20000828:	00000001                                ....

2000082c <bus_pio1>:
2000082c:	50300000                                ..0P

20000830 <bus_pio0>:
20000830:	50200000                                .. P

20000834 <active_buffer>:
20000834:	200012d4                                ... 

20000838 <font_8x18_info>:
20000838:	10005a04 00011208 10007984              .Z.......y..

20000844 <font_8x16_info>:
20000844:	10005a10 00011008 10007164              .Z......dq..

20000850 <font_8x14_info>:
20000850:	10005a1c 00010e08 10006964              .Z......di..

2000085c <font_8x12_info>:
2000085c:	10005a28 00010c08 10006164              (Z......da..

20000868 <striped_spin_lock_num>:
20000868:	00000010                                ....

2000086c <default_alarm_pool>:
	...
20000880:	20000df0                                ... 

20000884 <__malloc_sbrk_base>:
20000884:	ffffffff                                ....

20000888 <__malloc_trim_threshold>:
20000888:	00020000 00000000                       ........

20000890 <__malloc_av_>:
	...
20000898:	20000890 20000890 20000898 20000898     ... ... ... ... 
200008a8:	200008a0 200008a0 200008a8 200008a8     ... ... ... ... 
200008b8:	200008b0 200008b0 200008b8 200008b8     ... ... ... ... 
200008c8:	200008c0 200008c0 200008c8 200008c8     ... ... ... ... 
200008d8:	200008d0 200008d0 200008d8 200008d8     ... ... ... ... 
200008e8:	200008e0 200008e0 200008e8 200008e8     ... ... ... ... 
200008f8:	200008f0 200008f0 200008f8 200008f8     ... ... ... ... 
20000908:	20000900 20000900 20000908 20000908     ... ... ... ... 
20000918:	20000910 20000910 20000918 20000918     ... ... ... ... 
20000928:	20000920 20000920 20000928 20000928      ..  .. (.. (.. 
20000938:	20000930 20000930 20000938 20000938     0.. 0.. 8.. 8.. 
20000948:	20000940 20000940 20000948 20000948     @.. @.. H.. H.. 
20000958:	20000950 20000950 20000958 20000958     P.. P.. X.. X.. 
20000968:	20000960 20000960 20000968 20000968     `.. `.. h.. h.. 
20000978:	20000970 20000970 20000978 20000978     p.. p.. x.. x.. 
20000988:	20000980 20000980 20000988 20000988     ... ... ... ... 
20000998:	20000990 20000990 20000998 20000998     ... ... ... ... 
200009a8:	200009a0 200009a0 200009a8 200009a8     ... ... ... ... 
200009b8:	200009b0 200009b0 200009b8 200009b8     ... ... ... ... 
200009c8:	200009c0 200009c0 200009c8 200009c8     ... ... ... ... 
200009d8:	200009d0 200009d0 200009d8 200009d8     ... ... ... ... 
200009e8:	200009e0 200009e0 200009e8 200009e8     ... ... ... ... 
200009f8:	200009f0 200009f0 200009f8 200009f8     ... ... ... ... 
20000a08:	20000a00 20000a00 20000a08 20000a08     ... ... ... ... 
20000a18:	20000a10 20000a10 20000a18 20000a18     ... ... ... ... 
20000a28:	20000a20 20000a20 20000a28 20000a28      ..  .. (.. (.. 
20000a38:	20000a30 20000a30 20000a38 20000a38     0.. 0.. 8.. 8.. 
20000a48:	20000a40 20000a40 20000a48 20000a48     @.. @.. H.. H.. 
20000a58:	20000a50 20000a50 20000a58 20000a58     P.. P.. X.. X.. 
20000a68:	20000a60 20000a60 20000a68 20000a68     `.. `.. h.. h.. 
20000a78:	20000a70 20000a70 20000a78 20000a78     p.. p.. x.. x.. 
20000a88:	20000a80 20000a80 20000a88 20000a88     ... ... ... ... 
20000a98:	20000a90 20000a90 20000a98 20000a98     ... ... ... ... 
20000aa8:	20000aa0 20000aa0 20000aa8 20000aa8     ... ... ... ... 
20000ab8:	20000ab0 20000ab0 20000ab8 20000ab8     ... ... ... ... 
20000ac8:	20000ac0 20000ac0 20000ac8 20000ac8     ... ... ... ... 
20000ad8:	20000ad0 20000ad0 20000ad8 20000ad8     ... ... ... ... 
20000ae8:	20000ae0 20000ae0 20000ae8 20000ae8     ... ... ... ... 
20000af8:	20000af0 20000af0 20000af8 20000af8     ... ... ... ... 
20000b08:	20000b00 20000b00 20000b08 20000b08     ... ... ... ... 
20000b18:	20000b10 20000b10 20000b18 20000b18     ... ... ... ... 
20000b28:	20000b20 20000b20 20000b28 20000b28      ..  .. (.. (.. 
20000b38:	20000b30 20000b30 20000b38 20000b38     0.. 0.. 8.. 8.. 
20000b48:	20000b40 20000b40 20000b48 20000b48     @.. @.. H.. H.. 
20000b58:	20000b50 20000b50 20000b58 20000b58     P.. P.. X.. X.. 
20000b68:	20000b60 20000b60 20000b68 20000b68     `.. `.. h.. h.. 
20000b78:	20000b70 20000b70 20000b78 20000b78     p.. p.. x.. x.. 
20000b88:	20000b80 20000b80 20000b88 20000b88     ... ... ... ... 
20000b98:	20000b90 20000b90 20000b98 20000b98     ... ... ... ... 
20000ba8:	20000ba0 20000ba0 20000ba8 20000ba8     ... ... ... ... 
20000bb8:	20000bb0 20000bb0 20000bb8 20000bb8     ... ... ... ... 
20000bc8:	20000bc0 20000bc0 20000bc8 20000bc8     ... ... ... ... 
20000bd8:	20000bd0 20000bd0 20000bd8 20000bd8     ... ... ... ... 
20000be8:	20000be0 20000be0 20000be8 20000be8     ... ... ... ... 
20000bf8:	20000bf0 20000bf0 20000bf8 20000bf8     ... ... ... ... 
20000c08:	20000c00 20000c00 20000c08 20000c08     ... ... ... ... 
20000c18:	20000c10 20000c10 20000c18 20000c18     ... ... ... ... 
20000c28:	20000c20 20000c20 20000c28 20000c28      ..  .. (.. (.. 
20000c38:	20000c30 20000c30 20000c38 20000c38     0.. 0.. 8.. 8.. 
20000c48:	20000c40 20000c40 20000c48 20000c48     @.. @.. H.. H.. 
20000c58:	20000c50 20000c50 20000c58 20000c58     P.. P.. X.. X.. 
20000c68:	20000c60 20000c60 20000c68 20000c68     `.. `.. h.. h.. 
20000c78:	20000c70 20000c70 20000c78 20000c78     p.. p.. x.. x.. 
20000c88:	20000c80 20000c80 20000c88 20000c88     ... ... ... ... 

20000c98 <_impure_ptr>:
20000c98:	20000ca0 00000000                       ... ....

20000ca0 <_impure_data>:
20000ca0:	00000000 20000fc0 20001028 20001090     ....... (.. ... 
	...
20000d38:	00000001 00000000 abcd330e e66d1234     .........3..4.m.
20000d48:	0005deec 0000000b 00000000 00000000     ................
	...

20000de0 <malloc_mutex>:
	...

20000de8 <print_mutex>:
	...
