:020000041000EA
:10000000002008205D0100101B0100101D010010E0
:100010001101001011010010110100101101001058
:100020001901001019010010190100101F01001022
:10003000110100101901001021010010230100100E
:100040001101001011010010110100101101001028
:100050001101001011010010110100101101001018
:100060001101001011010010110100101101001008
:1000700011010010110100101101001011010010F8
:1000800011010010110100101101001011010010E8
:1000900011010010110100101101001011010010D8
:1000A00011010010110100101101001011010010C8
:1000B00011010010110100101101001011010010B8
:1000C00011010010110100101101001011010010A8
:1000D0001101001011010010110100101101001098
:1000E0001101001011010010110100101101001088
:1000F0001101001011010010110100101101001078
:100100001101001011010010110100101101001067
:10011000EFF30580103800BE00BE00BE00BE00BE7A
:1001200000BE00BEF2EB887154C4001078C4001009
:10013000A001001090A31AE7D3DEFFFF42012110B7
:10014000FF010000A0E70000793512AB4FF000007E
:100150001E49086006C881F3088810474FF05040D8
:10016000006810B14FF00000F2E70DA40ECC00299A
:1001700002D000F012F8F9E71549164A002000E015
:1001800001C19142FCD11449884714498847144958
:10019000884700BEFDE701C901C29A42FBD3704700
:1001A00078C400101001002070250020D8E800104D
:1001B0000000082000000820D8E8001000100820E7
:1001C00000100820000000007047000008ED00E06B
:1001D00070250020808B0220315E00108903001002
:1001E000295E0010F8B500BF064B0749C91A8910EF
:1001F00048BF0131491003D0044B0BB101481847E7
:10020000704700BF7025002070250020000000000E
:1002100008B5054B1BB105490548AFF30080BDE8A3
:100220000840FFF7E1BF00BF00000000D832002007
:100230005898001008B5034D034C2968206809F050
:10024000B7FAFAE7442E00202C1F002010B5084C06
:100250002068012806D0002000F024FE01230120A0
:10026000236010BD00F01EFE00230120236010BD9E
:10027000201F0020002110B5264C084623681B696A
:100280009847236800210420DB68984723682248A8
:10029000DB6A9847236800210620DB6898472368BB
:1002A0001E48DB6A9847236803200021DB689847D3
:1002B0001B4B1A782368012A94BF1A481A48DB6A34
:1002C0009847236800210220DB68984703234FF4F6
:1002D00020723021002001F0F1F903234FF4207245
:1002E0003121002001F0EAF903234FF4207232217A
:1002F000002001F0E3F90323332100204FF42072A2
:1003000001F0DCF923680421BDE8104000201B69DE
:10031000184700BF4C3300205898001084980010F4
:100320007F8B02209C980010DC98001000B51020F4
:1003300085B003F051FE0A2003F01EFA0E4803AB0D
:1003400002AA01A903F034FD18B90B490B4802F0C9
:10035000CBFBDDE90212019803F068FC012108489B
:1003600005F052FF052003F05BFC0146054805B08F
:100370005DF804EB05F048BFE093040054990010C9
:10038000209900103C99001000B585B005F078FE6A
:10039000FFF7CCFF00F094F8022001F0A1F8022250
:1003A000174B184C184D1A702060FFF763FF284652
:1003B00003F04AFB23689B689847044603F0C4F89F
:1003C00000214FF47A72114BCDE90115009323B24D
:1003D00083FB022303F0A8FA0D4808F07FFC0121FB
:1003E0000C4A0D4B10681B6808305A6881400A425D
:1003F00004D153F820205A680A42FAD0FEE700BF21
:100400007F8B02204C330020F82600204D02001084
:1004100035020010442E00202C1F0020244870B408
:100420000468A10101F1A0431A69520117D44FF4E5
:10043000113C204B204803F5A05200EA44309D07B0
:1004400012D012F8011BBCF1010C03F8011BF6D10C
:100450004FF4A05270BC0021184808F03BBF1A6945
:100460005601FCD40468E2E75FEA9C060CF0030541
:1004700011D040F4FC00A10101F1A04140F059006D
:100480000A604B608E60C86008694001FCD42CF0A3
:10049000030C63446244002DDAD01178012D1970E9
:1004A000D6D05178022D59701CBF92789A70CFE740
:1004B000D03200205C330020FDFF7FFC5C770220FF
:1004C000F0B5474989B0474808F048FA0024464B40
:1004D0000646214643481C6008F01CFA4FF4803061
:1004E0004FF4F8314FF440234FF4000E6D46CDE940
:1004F0000001039402930DF1100C06F11703F701AC
:1005000047EA03379DE80F008CE80F0005979CE849
:100510000F008DE80F00CDF80CE0204607210134D4
:1005200002F0B0FA0E2CF8D1039B072123F0E05320
:1005300023F4787343F0806343F4E073204603931D
:100540000F2702F09FFA4FF0000343EC447015248C
:1005500043EC444000223846012102F0B1FA002267
:100560002046012102F0ACFA3846072102F08AFA4F
:100570002046072102F086FADDE901746FF31D447D
:1005800027F0F85744F0847444F480344FF48042E8
:100590000021164B134847F070670294019708F04A
:1005A00071FA104C616811F48031FBD144F2FF0CF8
:1005B000324648F2A0074AF247062B464FF48035F0
:1005C000C4F810C00748C4F8D870C4F8D8600095C3
:1005D00008F0D4FA236843F00103236009B0F0BDAA
:1005E000D89B001000003050442E0020FFFF200058
:1005F0002DE9F8430124DFF89890DFF89880214E28
:10060000D9F80030D8F800101F48326804FA01F118
:1006100004FA03F3056804FA02F21C4F0B43134378
:1006200025EA03033D46036008F012FA38464FF00E
:100630000041D9F80020DFF860C0131D04FA03F36D
:10064000CCF8003002EB4202D8F80030D200174458
:100650001A1D04FA02F2CCF8002003EB43033268BF
:10066000DB001D4402EB4203DB00043218449440DB
:10067000CCF8004039603960296029600160016070
:10068000BDE8F883241F002000002050D010205027
:10069000C42E0020281F0020002020500000000051
:1006A0002DE9F04F2DED028B14468FB0029004918E
:1006B000FFF79EFF052C00F23381DFE814F00600FF
:1006C00006005D015D0106005D019D499D4808F041
:1006D00045F99D4981469B4808F040F99B49804671
:1006E000984808F03BF99FED928B994BDFF878A280
:1006F00019680746DFF874B2924808F00BF9914880
:10070000DAF8001008F006F98E48DBF8001008F05F
:1007100001F94FF4402200218DED068B09F1060608
:1007200009F10103360346EAC316894BCDE90821D6
:10073000186806AC0AAD4FF4A80C039094E80F00BB
:1007400085E80F000B96012695E80F00DFF820E200
:1007500084E80F0006211020CDF824E0CDF818C061
:1007600002F090F93346102203990096754808F07C
:10077000BFF923464A460399724808F0FFF94FF43F
:1007800040334FF440220A9308F10D030C921B03EF
:1007900008EB060243EAC21323F0C04343F0804350
:1007A000DAF800900B936B4B062111200D9302F0A9
:1007B00069F93346112249460096624808F098F9D3
:1007C00042462B4649465F4808F0D8F94FF440228C
:1007D00000218DED068B4FF4102E9FED577BCDE958
:1007E000082107F1080CBB1C4FEA0C3C4CEAC31C67
:1007F00094E80F0085E80F00CDF82CC095E80F00B5
:1008000084E80F00062112208DED087BCDF818E05A
:10081000DBF8008002F036F90621132002F032F9ED
:100820000621142002F02EF90323122241460096DD
:10083000444808F05DF9234641463A46414808F0ED
:100840009DF9434B3F4C196801F110039E406368CA
:100850003342FCD140F247150122DAF800000B1DAB
:1008600044F8235000F11003364D9A406B68134250
:10087000FCD140F2DF160122DBF80040031D45F8F1
:100880002360DFF8C08004F110039A40D8F80430E8
:100890001342FBD101259F23029E05FA00F0D6F8F2
:1008A00000C0261D48F8263005FA01F3034305FA77
:1008B00004F10B43190201F47061DFF8B8E003F0B2
:1008C0000F030B43244A254FCEF800302846C7F8C3
:1008D00000C0176808F0A6F94FF0A041204B8540F2
:1008E000820118600A44C1F86454D3685B01FCD4E7
:1008F000C1F80C54A021029B07EB8606136007F198
:100900002F4303F560031B0D04EBC304154B566026
:1009100003EA403343EA444343F011039160136117
:100920000FB0BDEC028BBDE8F08F00BFAFF30080CD
:100930000000010000F0010000000C405202300CE9
:10094000A89C001000002050849C0010689C00109F
:10095000C42E002020460044301F002058330020C1
:1009600020330020FDFF01FC281F0020241F002051
:100970000002000400202050B149B24807F0EEFF09
:10098000B1498046AF4807F0E9FFB0490746AD4896
:1009900007F0E4FF03469FEDA68BAD4ADFF8D0A237
:1009A0001168A848DFF8CCB2039307F0B3FFA5485D
:1009B000DAF8001007F0AEFFA248DBF8001007F0ED
:1009C000A9FF4FF4402900218DED068BA04ACDE907
:1009D000089108F10606106808F10103360306AC19
:1009E0000AAD46EAC316059094E80F0085E80F00AB
:1009F0000B96012695E80F00DFF87CE2DFF87CC259
:100A000084E80F0006211020CDF824E0CDF818C0AE
:100A100002F038F83346102205990096894808F00C
:100A200067F8234642460599864808F0A7F84FF430
:100A300080330A9307F10D03BA191B0343EAC2136B
:100A400023F0C04343F08043DAF800800B93814BDE
:100A500006211120CDF830900D9302F013F83346A3
:100A6000414611220096774808F042F83A4641463E
:100A70002B46744808F082F800218DED068B4FF468
:100A8000003E039BCDE908910FF2AC19D9E900892A
:100A900003F1080C4FEA0C3C02334CEAC31C94E807
:100AA0000F0085E80F00CDF82CC095E80F0084E812
:100AB0000F0006211220CDF818E0DBF80070CDE918
:100AC000088901F0DFFF0621132001F0DBFF06217A
:100AD000142001F0D7FF032312223946009659480B
:100AE00008F006F82346039A3946564808F046F8B7
:100AF000574A544C126802F110039E406368334217
:100B0000FCD140F247150121DAF80000131D44F82A
:100B1000235000F110034B4C994063680B42FCD109
:100B200040F2DF160121DBF80050031D44F823607A
:100B3000444F05F1100399407B680B42FCD101231F
:100B400040F23F1E4FF0A04103FA00F003FA02F218
:100B500005F1040C024303FA05F52A43100200F4E0
:100B600070603D4E3D4C02F00F02024347F82CE00E
:100B70003260226803FA02F0394B92011D680A4480
:100B8000C1F86404D3685E01FCD4C1F80C040120F0
:100B90004FF0A046334F3B689A0198403244C1F869
:100BA0006404D3685B01FCD4C6F80C04012008F08F
:100BB00039F82060012008F035F80121D4F800C090
:100BC000DBF80040284A04F1040E05EB8E04029D78
:100BD000386002EA4C322F684FEA8C1505F1A045C7
:100BE00042EA4032214B2F6042F480226C60049C28
:100BF00003EA403342F01102AC6043EA4C332A610D
:100C00008001029A00F1A04043F4FC03026043F02B
:100C1000090301FA0CF2456081600361C6F85024B3
:100C20000FB0BDEC028BBDE8F08F00BFAFF30080CA
:100C30000000010000F0010000000C405202300CE6
:100C4000509C0010000020502C9C0010109C0010A4
:100C5000C42E0020204600440020205020330020D5
:100C6000301F002024330020FD1F00FCFD1F7EFCF0
:100C7000281F0020241F00200002000400CD1700C0
:100C8000054B1B685B6D5A68197C13885B1A1BB295
:100C900023EAE3731380704750330020054B1B6831
:100CA0005B6D5A68597C53885B1A1BB223EAE37365
:100CB00053807047503300200B4B1B68596D4A68B6
:100CC0000B7C108803441BB24F2B01DC1380704750
:100CD00000201080B2F802C04B7C63441BB21E2B74
:100CE000D4BF53805080704750330020064B1B68A0
:100CF0005B6D5A685B7C51880B441BB21F2BA8BFED
:100D000000235380704700BF50330020024B1B6804
:100D10005B6D9862704700BF50330020002110B512
:100D2000064C084623685A6D1B6952681171984732
:100D3000012223685B6D5B681A7110BD503300207F
:100D40000A4B1B685B6D187205280AD8DFE800F0B3
:100D5000060603030603064A1A607047054A1A602E
:100D60007047022202491A721960704750330020FE
:100D70008002E0014001F0000F4B1B685B6DB3F88F
:100D800000C0844517D900B5B3F802E08E4510D9EC
:100D90001A7C12FB00F258685B7C92B213FB01F3E1
:100DA0009BB2944598BF00229E4598BF00230280C5
:100DB00043805DF804FB704750330020024B1B68F2
:100DC0005B6D987C704700BF50330020024B1B685E
:100DD0005B6D5B68D880704750330020024B1B6806
:100DE0005B6D5B68D888704750330020024B1B68EE
:100DF0005B6D5B681871704750330020024B1B68B5
:100E00005B6D5B685871704750330020024B1B6864
:100E10005B6D18765976704750330020024B1B6883
:100E20005B6D187E704700BF50330020064B10B535
:100E30001B6800215C6DE269A06A08F04BFA002291
:100E400063681A6010BD00BF50330020014B186862
:100E5000704700BF50330020114B30B51B685C6DEC
:100E600040EA0103B4F802E0DB0F8E45D8BF43F03F
:100E70000103B4F800C06BB984450BDD01FB0C0025
:100E8000A56A4110C0076B5C05D5208C034043EA7E
:100E900002126A5430BD608C03401A436A5430BD5C
:100EA000503300207A4B2DE9F04F1B6885B0D3F802
:100EB0005490D9F8043099F818701D7999F8196090
:100EC000B3F90040B3F902A0002D75D05D79002D73
:100ED0003AD08046002800F0A5801D7A51461023A4
:100EE00008222046009601F095FC99F8113015FB78
:100EF00003F133B30022674BCDF808901944CDF8C5
:100F00000CA091468A4607344FF0070B039B1AF852
:100F1000018F03EB09052DB248FA0BF3DB07A4EBB5
:100F20000B004CBF3A463246294600B2FFF794FF09
:100F3000BBF1010BF0D2029B09F101095B7C9945E1
:100F4000E2DB05B0BDE8F08F93F80880514610232E
:100F500008222046009601F05DFC99F8113018FB3C
:100F600003F1002BEDD04B4BCDF808901944CDF890
:100F70000CA0A9468A4607344FF0070B039B1AF8CA
:100F8000018F03EB09052DB248FA0BF3DA07A4EB46
:100F90000B004CBF3A463246294600B2FFF75CFFD1
:100FA000BBF1010BF0D2029B09F101095B7C994571
:100FB000E2DB05B0BDE8F08F102351460822204641
:100FC000009601F027FC99F811305901002BB8D098
:100FD000314BCDF808901944CDF80CA02A4689462B
:100FE000AA4607344FF0070B039B19F8018B0AEB55
:100FF00003052DB248FA0BF3DB07A4EB0B004CBF43
:101000003A463246294600B2FFF726FFBBF1010BF4
:10101000F0D2029B0AF1010A5B7C9A45E2DB05B043
:10102000BDE8F08F1023514608222046009601F0BB
:10103000F1FB99F811305901002B82D0164BCDF8F5
:1010400008901944CDF80CA04246C1468A460734A0
:101050004FF0070B039B1AF8018B09EB03052DB228
:1010600048FA0BF3D907A4EB0B004CBF3A463246C3
:10107000294600B2FFF7F0FEBBF1010BF0D2029B54
:1010800009F101095B7C9945E2DB05B0BDE8F08F11
:1010900050330020B7050020B80500202DE9F04F9F
:1010A000AC4D89B02B685C6DA0F10803052B3CD8D2
:1010B000DFE803F01BB3123B3B036368002201200F
:1010C0001A80FFF7EFFE62686388B2F902709F42F0
:1010D0001FDA09B0BDE8F08F0020FFF7E3FE636878
:1010E000627C59880A445A80E8E70020FFF7DAFE5C
:1010F0006268217C138801205B1A1BB223EAE37328
:101100001380FFF7CFFE62686388B2F902709F42D6
:10111000DFDBFFF783F9002263681A80617C5A885D
:10112000521A5A8009B0BDE8F08F237E626804939A
:10113000A37C0646022B94F819B0B2F90090B2F9DC
:10114000027078D01023484608223946CDF800B006
:1011500001F060FB637C16FB03F0002B00F0D780EE
:101160001FFA89F319464FF000097B4AD5F8008031
:1011700010444FEA0B120592049ABDB21201CDE958
:1011800006240A46072610F801AF0FFA85FECDF8AF
:101190000C9017E083B909FB0E49BC6A4FEA690C51
:1011A00019F0010F14F80C3000F0C6803F8C1F407E
:1011B000069B1F4304F80C70013E0132731C92B26F
:1011C00000F09980D8F8547045EA02047B88B7F89B
:1011D00000909E45B4BF002301234AFA06FC43EA6F
:1011E000D43314B2A145D8BF43F001031CF0010F62
:1011F000D0D1002BE0D109FB0E44D7F828904FEA5C
:10120000640CE40719F80C3040F19D803C8C1C40C4
:10121000059B1C4309F80C40CEE7616894F8240054
:10122000B1F90020238802449342B1F90270638827
:10123000C8BF0A804BE72088638848456EDD9F421F
:101240006CDA19F10B0F69DB17F10F0FC0F2888010
:1012500000230093102339461A46484601F0DAFA73
:10126000049B1FFA89F55B4506EB86063B4BBAB239
:101270007DD033441F4605F10A0102F110090394A1
:10128000049C89B21FFA89F917F8018B0FFA85FAC5
:10129000CDE90427069516465D460F469346022380
:1012A00018F0010F31B206F1020614BF0094009548
:1012B00050461A46B6B201F0ADFA4E454FEA58080C
:1012C000EDD139465A46AB46069D049B0235ADB278
:1012D0008D42059FD8D11F465E46039C2DB2022346
:1012E00039B2023728461A460096BFB201F092FA88
:1012F0004F45F4D10BE0079BDDF80C905B7C09F1C6
:10130000010901359945ADB2FFF63BAF079C626814
:101310002088B2F90090B2F902706388217C4944B8
:1013200009B281421180FFF6D2AE0020617C1080AC
:1013300039440FB25780CAE67F8C3B40049F3B4341
:1013400004F80C3038E77C8C23404BEA030309F89F
:101350000C3031E750330020B7050020D49C00103A
:10136000217C494409B288421180DEDDB1E6039454
:10137000144605F10A0702F1100906EB030BBFB290
:101380001FFA89F926460FFA85FA5446B2461BF829
:10139000018B18F0010F07D00223049A2046009217
:1013A00031B21A4601F036FA0236B6B24E454FEA6D
:1013B0005808EED10235ADB2AF425446E2D1039C9B
:1013C000A5E700BF30B5044600780D4685B028B1CA
:1013D000FFF764FE14F8010F0028F9D100240D4B2B
:1013E000C5F3031205F00F05985C5B5D8DF80400F2
:1013F0008DF805308DF806408DF80C4040B1013471
:10140000E4B2FFF74BFE0DEB040318790028F6D188
:1014100005B030BDC09C001070B50446094D0020D9
:101420002B689B699847207828B1FFF737FE14F89E
:10143000010F0028F9D12B680120BDE870409B699D
:10144000184700BF5033002030B5044600780D46E1
:1014500085B028B1FFF722FE14F8010F0028F9D15A
:1014600000241D4BC5F3031205F00F05985C5B5D6E
:101470008DF804008DF805308DF806408DF80C408D
:1014800040B10134E4B2FFF709FE0DEB0403187913
:101490000028F6D10025114B00201B685C6DFFF77A
:1014A00001FD6368627C59881D800A445A800120CE
:1014B000FFF7F8FC62686388B2F902209A4201DA09
:1014C00005B030BDFEF7AAFF63681D80617C5A88B5
:1014D000521A5A8005B030BDC09C00105033002015
:1014E0002DE9F84F0646582003F0DEF805463F4F39
:1014F0002C203D6003F0D8F80446002D6DD0002864
:101500006BD0012007F08EFB0246394B0C201A608D
:1015100001F0ACFA0346374DDFF8188132464FF43C
:1015200016312846C8F80030FFF7BAF83B68DFF8F4
:1015300008B15C6501F05CFA0722D5F800C04FF4F1
:1015400016310425D8F8003022831A686060E26002
:1015500030469E88DFF8E4A026829B796261A374FE
:10156000254BC4F828C0C4E9071384F82450FFF7BA
:10157000E7FB3B682149224A2248C3E90912224A73
:10158000224958611A622248224A9863C3E90C1220
:101590002148224ADFF8A8E0C3E91102DFF8A4C01D
:1015A0001F49204ADFF8A090DFF8A0801E4E1F4D93
:1015B0001F4CC3E90098C3E90665C3E91312C3F8D9
:1015C0002CB0C3F80CA0C3F810E0C3F83CC09C607A
:1015D00000F03EF83868BDE8F88F284603F080F840
:1015E000204603F07DF80020F5E700BF50330020CF
:1015F000D0320020341F00200F00F0001D0D00101D
:10160000410D0010CD0D00100D0D001049140010FB
:101610009D100010C5130010ED0C0010B90C001047
:101620009D0C0010810C0010ED0D0010FD0D001040
:10163000DD0D0010BC2E0020191400100D0E00103E
:10164000790D00102D0E00101D0E0010BD0D0010A4
:1016500070B5C0B0FFF7FAFB6C460D4B0D4DC66A76
:1016600018600FCD0FC495E8030044F8040B2170F7
:101670006846B04714242046052201340A21FFF7AA
:10168000EBFBA3B2292B24B2F5D140B070BD00BF53
:101690005433002088990010F8B55518A9420BDA88
:1016A0000C4607461E46214601343246384624B2CF
:1016B000FFF7D2FBAC42F6DBF8BD00BF2DE9F041ED
:1016C000214C2468D4F85480B8F800C0844519DD52
:1016D0001F46B8F802300E468B4213DD83189C4536
:1016E000B8BFACEB000C1446B8BF0CF1FF34C20716
:1016F000054620D4E30715D46210002A02DDB6F5B2
:10170000F07F01DBBDE8F081D8F8280006EB860603
:101710006D1005EB861547EA07112844BDE8F04136
:1017200007F0D8BD281901383A4600B231B2FFF7A8
:1017300093FB013CE0E73A4609B200B2FFF78CFBAD
:101740000135013CD6E700BF543300202DE9F84FA6
:10175000A3EB010A06468346101A0C461F468C4628
:101760008AEAEA7380EAE071A3EBEA73A1EBE07125
:101770008B429DF8289033DCB24271DAA6EB020A64
:10178000A4EB0708CAF3C035B8F1000F05FA8AF5D3
:10179000B8BFC8F10008A7421FFA8AFA4FEA6505E8
:1017A00070DA304614463E464FF0010B07468B4236
:1017B0001FFA88F83FDD21464A463046FFF74CFBCA
:1017C000A5EB08031DB20134002D24B29BB203DA4D
:1017D0005E44534436B21DB2BC42ECDDBDE8F88F26
:1017E000A74217DAA4EB070AA6EB0208CAF3C03532
:1017F000B8F1000F05FA8AF5B8BFC8F10008B24287
:101800001FFA8AFA4FEA650549DA964626463A46AD
:101810007746C6E7CAF3C03505FA8AF5B24288466C
:101820001FFA8AFA4FEA65053FDC8B424FF6FF7BD1
:101830001FFA88F8BFDC20464A463146FFF70CFB0A
:10184000A5EB08031DB20134002D24B29BB203DACC
:101850005E44534436B21DB2BC42ECDDBDE8F88FA5
:10186000C0F3C035A74205FA80F5344617466646F0
:101870001FFA80FA4FEA65050DDC4FF6FF7B1FFA71
:1018800083F8D8E73E4614465F464FF6FF7BA742F3
:101890008DDABDE8F88F98464FF0010BF7E73C462C
:1018A000164667464FF6FF7B81E74FF0010B7EE758
:1018B0002DE9F04F1F4682460E46904694B21FFA1D
:1018C00081FBC4EBC43385B05B0004EB0B011BB29E
:1018D000029209B23A460393FFF7BEFAABEB04015A
:1018E00050463A4609B21FFA8AFAFFF7B5FA04EBF6
:1018F0000A003A46314600B2FFF7AEFAAAEB0400FE
:1019000031463A4600B2FFF7A7FA4346002B68DD9E
:10191000C4F101052DB22B464FF00008554601E0F9
:101920009CB2019B08F101081FFA88F605EB060A34
:101930000FFA8AFA002B3A4650460FFA88F899B205
:101940000ADB039B023311FA83F11BB20393631E7C
:101950009CB21BB289B2029301EB460101310BB27A
:10196000A5EB06090BEB040109B20FFA89F9019303
:101970000091FFF771FA48463A460099FFF76CFA72
:10198000ABEB0401504609B23A4600910BEB060A54
:10199000FFF762FA484605EB04093A4600990FFA48
:1019A00089F90FFA8AFA2C1BFFF756FA24B23A4645
:1019B00051464846ABEB0606FFF74EFA36B23A46BA
:1019C00051462046FFF748FA3A4631464846FFF767
:1019D00043FA3A4631462046FFF73EFA029B43451A
:1019E0009EDC05B0BDE8F08F2DE9F04F154689B0BB
:1019F0001FFA82F9002D9DF848B0C9EBC93262DDAB
:101A000052000FFA82FE03F00202C9F1010403F052
:101A1000040C029203F0080213F0010324B20192B5
:101A200054D1BCF1000F40F0C580E146F24687B2C8
:101A30008EB204E0019B002B30D14D4543DD09F10E
:101A40000109002C1FFA89F8A3B208DB0AF1020A87
:101A500013FA8AF3013D2DB29BB20FFA8AFA03EB17
:101A6000480301331CB2029B0FFA89F9002BE1D025
:101A7000ABB2F11A07EB08005A4609B200B2039361
:101A8000FFF7EAF9039BA6EB0801F8185A4600B2E3
:101A900009B2FFF7E1F9019B002BCED0ABB2F81AE7
:101AA00006EB08015A4609B200B20393FFF7D4F9D6
:101AB000039BA7EB080099195A4609B200B2FFF739
:101AC000CBF94D45BBDC09B0BDE8F08F4FF0000805
:101AD000F246CDE9034C87B28EB217E0029B002B91
:101AE00044D1019B002B54D1311BA7EB09005A466E
:101AF00009B200B2FFF7B0F9381BA6EB09015A464C
:101B000000B209B2FFF7A8F94545DCDD039B08F1F7
:101B10000108002B1FFA88F49AB20ADB0AF1020AC4
:101B2000013D12FA8AF21FFA85F992B22DB20FFA2C
:101B30008AFA02EB4402013213B20393049B0FFAB8
:101B400088F8002BCAD006EB090138195A4609B2A9
:101B500000B2FFF781F9311907EB09005A4609B2C3
:101B600000B2FFF779F9029B002BBAD0A6EB09016E
:101B700038195A4609B200B2FFF76EF9311B07EB6C
:101B800009005A4609B200B2FFF766F9019B002B23
:101B9000AAD03119A7EB09005A4609B200B2FFF7E3
:101BA0005BF909EB0601381B5A4609B200B2FFF790
:101BB00053F999E7CDE903B587B29B468EB2CDF8CC
:101BC0001CE006E0019B002B49D1049B9B45BFF61E
:101BD0007AAF0BF10103002C9DB20FFA83FBA3B285
:101BE0000CDB079A04990232013913FA82F31FFAC7
:101BF00081F912B209B29BB20491079203EB45033B
:101C000001331CB206EB09027B191BB212B207EBBF
:101C1000090A06EB05081846114606920FFA8AFAD9
:101C2000039A0FFA88F80593FFF716F9039A4146CD
:101C30005046FFF711F9029A059B002AC2D0A6EB85
:101C400009011846039A09B2FFF706F9711B5046BD
:101C5000039A09B2FFF700F9019B002BB5D041466A
:101C6000DDF80C80A7EB0900424600B2FFF7F4F85C
:101C7000781B4246069900B2FFF7EEF8A5E700BFD1
:101C8000914244DB2DE9F04F9B465318B3F5F07FAA
:101C900083B036DA002A34DB0D46002602FB022729
:101CA00002F101094FEA4108019016FB06F3FB1A05
:101CB000B3F1804F4FF0804203D292089342FCD39D
:101CC00012B30020811899424FEA50009CBF80183F
:101CD0005B1A9208F6D14FEA400A019BA8EB050176
:101CE0001C1A52465B462046FFF7E8FC013629469F
:101CF0005B4652462046FFF7E1FC4E4505F1FF35B5
:101D0000D3D103B0BDE8F08F92461046E5E77047A7
:101D10002DE9F04F002A89B095B21646BDF948402A
:101D20009DF84C90C5EBC53C40F3B680A4B289B297
:101D3000029104F1030B611C1FFA8BFB059103F068
:101D4000010103F002034FF0000A03935B46C5F163
:101D500001054FEA4C0C2DB20FFA8CF280B2D3463B
:101D60000190AA4604911D46009207E0039B002BB8
:101D70005BD1AB1C5E459DB240F38E80BAF1000F83
:101D80001FFA8AF20ADB009B711E03F1020812FAA5
:101D900088F20FFA88F30EB2009392B20BF1010BA6
:101DA0001FFA8BF402EB4402049B01320FFA8BFB07
:101DB0000FFA82FA002BD9D0029AB3B2D71A059A39
:101DC0003FB202EB430E019A07FA8EF8101947450D
:101DD00000B20FDACDE906343C464746804621463C
:101DE0004A464046FFF738F8611C0CB2BC42F6DBAD
:101DF000DDE90634019A1A44029B12B21F1B3FB25E
:101E000007FA85F84745B1DA06943C4647469046BE
:101E100021464A464046FFF71FF8611C0CB2BC42FF
:101E2000F6DB039B069C002BA3D0029BB2B29F1A49
:101E3000059B3FB203EB420E019B07FA8EF8181B7D
:101E4000474500B20FDACDE906243C4647468046B6
:101E500021464A464046FEF7FFFF611C0CB2BC42D9
:101E6000F6DBDDE90624029B1C1B24B2019B04FA6D
:101E700085F89A1A444517B2BFF67BAF2146013464
:101E80004A46384624B2FEF7E7FF4445F6DBAB1C72
:101E90005E459DB23FF772AF09B0BDE8F08F00BF5D
:101EA0002DE9F04F92461C460F4606468BB0BDF911
:101EB00050309DF854500493049A2B4600EB0208CE
:101EC000AAEB42094A464046FFF7F8FBE1194A46A9
:101ED00040462B460139FFF7F1FBBDF810C0BBB2FD
:101EE0004FEA4C0703EB0C09A1B2BFB20FFA89FB12
:101EF000CC1B1FFA86F80BFA84F4C24406935C45A7
:101F00001FFA8AF307911FFA89F902931BDD0197E3
:101F1000E2465F4639462A463046FEF79DFF791C69
:101F20000FB2A742F6DB029B019F5E1E36B25946F6
:101F30000BF1010B2A4630460FFA8BFBFEF78CFFA4
:101F4000A345F4DBD4467F423BB20393CCF10103BB
:101F50001BB20593049BE044002B1FFA88F840F362
:101F6000F780DDF80CB0059CCDF804B00027A3463F
:101F70001C46CDF820C001371FFA87FAA9EB0A01E9
:101F8000BBF1000F2A4609B23FB2A6B21FFA8BF08E
:101F90000BDB019B741E03F1020B10FA8BF00FFA9E
:101FA0008BF3A6B280B224B2019300EB4A03A8EBF4
:101FB0000600013300B20FFA83FBFEF74DFFA9EBD9
:101FC0000601A8EB0A002A4609B200B2FEF744FF58
:101FD000A742D0DBDDF820C0029B0026A3EB0C0358
:101FE0009BB21A460293DDE903B39A46013A92B2D4
:101FF000059C0192CDF82080CDF824C0029BB6B29A
:10200000721C002C1E441FFA82F830B21FFA8AF7A5
:1020100016B2A2B20CDB0BF1020B07F1FF3A12FA77
:102020008BF21FFA8AF792B20FFA8AFA0FFA8BFB39
:1020300002EB4802A9EB0701531C09B22A461CB265
:10204000FEF70AFF019BA9EB0801D8192A4609B23D
:1020500000B2FEF701FF5645D0DBDDE9088C079B97
:10206000069A013B1A440026DDE903B39946A2EB28
:102070000C0A059C1FFA8AFACDF81880CDF81CC00E
:10208000029BB6B2721C002C1E441FFA82F830B2BA
:102090001FFA89F716B2A2B20CDB0BF1020B07F1A3
:1020A000FF3912FA8BF21FFA89F792B20FFA89F907
:1020B0000FFA8BFB02EB48020AEB0701531C09B233
:1020C0002A461CB2FEF7C8FE019B0AEB0801D8198C
:1020D0002A4609B200B2FEF7BFFE4E45D0DBDDE96D
:1020E000068CDDE9049B0024664601E01FFA89F6B0
:1020F0000134A7B20AEB0701BBF1000F2A4609B26F
:1021000024B21FFA8BF00EDB039B06F1FF3903F1BB
:10211000020B10FA8BF00FFA8BF31FFA89F680B2DC
:1021200003930FFA89F900EB470001300FFA80FBA7
:10213000A8EB060000B2FEF78FFE0AEB0601A8EB43
:1021400007002A4609B200B2FEF786FE4C45CDDBF9
:102150000BB0BDE8F08F00BF2DE9F04F06468DB003
:10216000BDF95800DFF8A8861FFA80FE0490D8F861
:1021700000004FEA4E04476D91469AB29DF85C30DC
:10218000B7F800C0A0B28CB2009304EB0E031BB2F0
:102190006645029341DA1D467B8801959D423CDAF3
:1021A000131A1BB2002B03EB050A36DDF30700F10F
:1021B000DE81B5F5F07FC0F24381CDE905E2019DF6
:1021C0003A4606EB090B0746039401910AE04C4698
:1021D000E00713D4D8F80020526DB2F800C00135E2
:1021E000AA4513DD6645FADA51888D42F7DADC45F7
:1021F000EDDAACEB0604013CE007EBD5701E2044A1
:10220000009A00B229B2FEF727FEE3E73846039CA6
:102210001746DDF814E0069A0199B3B203937344AC
:10222000A4EB0E041DB2224465451FFA89F49BB24B
:102230000FFA82F942DA221A12B201927A880E4615
:10224000914262DA049A002A02EB010A36DD03F0B9
:102250000102D907059200F1C081B6F5F07FC0F206
:102260003881019ACDE906E905EB020BA1461C462F
:102270000BE0019FFB0714D4D8F80020576DB7F886
:1022800000C00136B24540F389806545F9DA7A88A5
:10229000B242F6DDE345ECDDACEB0507013FFB07A1
:1022A000EAD5601E3844009A00B231B2FEF7D4FD80
:1022B000E2E75C46DDF814E0DDF81890039E009F2D
:1022C0002644DDF80880A6EB0E060EF1FF3E0FFA5D
:1022D0008EF436B23B46224641463046FFF7D0FCEC
:1022E0003B46224641462846FFF7CAFC3B4622466B
:1022F00049463046FFF7C4FC3B462246494628463D
:102300000DB0BDE8F04FFFF7BBBC91454E46D5DAA6
:10231000049A002A02EB090AD0DD03F001020592BB
:10232000059A002A4CD0019BCDE904E405EB030B90
:102330006B1C3C460793CDF818900FE05210002A12
:1023400003DDB6F5F07FC0F28D810136564580F28F
:102350007681D8F80020546DB4F800C06545F4DAF1
:102360006288B242F1DDDC45B4BFACEB0507019FEA
:102370000FFA86F9B8BF07F1FF37009A4946284699
:10238000FEF76AFDFB0707F1FF32D7D42A4410B2EB
:102390004946009AFEF760FDBA1ECFE72346DDF8F6
:1023A00018E04C46DDF81C90654587DA7A884E4681
:1023B0004A4583DD049A4A449246059A002AB2D1DE
:1023C000013B0493019BCDE905E905EB030BD946DD
:1023D000A3463C46374611E0019EF2071AD472101C
:1023E000002A02DDB7F5F07F1DDB01375745BFF648
:1023F00060AFD8F80020546DB4F800C06545F4DA39
:1024000062889742F1DAE145E6DDACEB0506013E74
:10241000F207E4D5049B009A981900B239B2FEF78E
:102420001BFD013EDBE707EB8701A06A009B8901EA
:1024300001EB6501084443EA031106F04BFFD4E7C2
:1024400040F2DF130AF1FF3B9B45A8BF9B46009B70
:10245000CDE9054E43EA0313CDE907200393099123
:1024600018E04C46E30723D46210002A2BDDB86A3B
:1024700005EB8504711001EB84110844039906F003
:1024800029FFD8F80020576DB7F800C001355D4529
:1024900000F30181B445F9DD7A88AA42F6DD06EB46
:1024A00009029445DDDAACEB0604013CE307DBD519
:1024B000701E2044009A00B229B2013CFEF7CCFC09
:1024C0006210002AD3DCD8F80020576DB7F800C09E
:1024D000DCE740F2DF120AF1FF3B9345A8BF9346C9
:1024E000009ACDE9084A42EA0212DA46CDF828906D
:1024F0009B46CDE9062EDDF8049018E04C46E20735
:1025000023D46210002A2CDD06EB8601B86A89010B
:1025100001EB65010844069906F0DCFED8F80020BE
:10252000576DB7F800C00136564500F3A9806545E0
:10253000F9DA7A88B242F6DD05EB09026245DDDDA3
:10254000ACEB0504013CE207DBD50BF1FF30204486
:10255000009A00B231B2013CFEF77EFC6210002A04
:10256000D2DCD8F80020576DB7F800C0DBE7B5F52E
:10257000F07FC0F29A8093463A465746CDE9054E21
:1025800006EB0903019D03930790019166451ADA52
:1025900051888D4217DA039B0FFA85FA9C45AEBF2E
:1025A0004C46ACEB060404F1FF3430465146009A29
:1025B000FEF752FCE30704F1FF304CD5D8F80020B9
:1025C000526DB2F800C00135AF42DFDCDDE9054EE7
:1025D000174607985A4601991FE6B6F5F07FC0F2F4
:1025E000B5800794F34654469A46019ACDF8209058
:1025F000AA18069265451ADA7A88964217DA069B77
:102600000FFA86F99C45B6BFACEB0507019F07F1B1
:10261000FF3749462846009AFEF71EFCF90707F1E6
:10262000FF3011D5D8F80020576DB7F800C001363B
:10263000B442DFDCDDE90749DE465346B4E6DDF8A7
:102640001890DDE904E439E628444946009A00B2CE
:10265000FEF702FCE6E730445146009A00B2FEF76E
:10266000FBFBABE7079BA06A591006EB8604009BB7
:1026700001EB8411084443EA031106F02BFE64E6E3
:10268000DDE9084AB2455B46DDF81CE0DDF828903C
:102690003FF7E7AD88E6AA4509990195DDE9054EC2
:1026A000DDE907203FF789ADB7E540F2DF130AF116
:1026B000FF359D42A8BF1D462B46009DCDF824A0A6
:1026C00045EA051503959A46CDE9054ECDE9072063
:1026D000019D0A9114E05210002A09DD05EB8501E5
:1026E000B86A5B1003EB81131844039906F0F2FDFE
:1026F000D8F800305F6DB7F800C00135554571DC82
:102700006645FADA7B88AB42F7DD06EB09039C45A8
:10271000ACBF4C46ACEB06040FFA85FBB8BF04F126
:10272000FF345946009A3046FEF796FBE10706F162
:10273000010304F1FF32CED4324410B25946009A5C
:102740000193FEF789FB019BA21EC4E740F2DF1252
:102750000AF1FF319142A8BF11460A4600999346FB
:1027600041EA0111CDE9061ECDE90834CDE90AA9F7
:1027700015E05210002A0ADD06EB8601B86A4FEA1E
:102780006A0303EB81131844069906F0A3FDD8F8F9
:1027900000305F6DB7F800C001365E452EDC654540
:1027A000FADA7B88B342F7DD019B0FFA86F9EB1862
:1027B0009C45B6BFACEB0504019C04F1FF342846F0
:1027C000009A4946FEF748FBE00705F1010A04F1CB
:1027D000FF32CED42A4410B24946009AFEF73CFBA1
:1027E000A21EC6E7DDF824A00A9955450195DDE94A
:1027F000054EDDE90720FFF6BEAE0EE5DDE9094A2C
:102800005645DDF82C90DDE907E3FFF6EAAECBE5AF
:10281000543300202DE9F04F494F9E463B6885B068
:102820005B6D9DF838A01D88A84237DA90465A881B
:102830000C46914232DABEF1000F0EEB01092DDD9C
:10284000C1073AD4421ECDE9018200EB080B1E46B7
:1028500080460EE0019DEA0717D46A10002A02DDC7
:10286000B4F5F07F1DDB0134A14517DD3A68566DE4
:102870003588A845F7DA7288A242F4DDAB45E9DD78
:10288000A5EB0805013DEA07E7D5029B524658191A
:1028900000B221B2FEF7E0FA013DDEE705B0BDE887
:1028A000F08F04EB8401B06A890101EB68010844F0
:1028B0004AEA0A1106F00EFDD5E700EB0802019284
:1028C000421C83461E460392CDF808800BE052104E
:1028D000002A02DDB4F5F07F25DB01344C45DDDA5A
:1028E0003A68566D3588AB45F7DA7288A242F4DD56
:1028F000019B0FFA84F89D42B6BFA5EB0B05029D24
:1029000005F1FF35524641465846FEF7A5FAEB075A
:1029100005F1FF32DBD45A4410B241465246FEF76D
:102920009BFAAA1ED3E7039BB06A04EB84055910F7
:1029300001EB851108444AEA0A1106F0CBFCCCE70A
:1029400054330020704700BFB0F5207F02D2024B05
:102950001B681880704700BF34330020B0F5F07F4B
:1029600002D2024B1B685880704700BF34330020EE
:10297000B0F5207F02D2054B1B681880B1F5F07FBF
:1029800002D2024B1B685980704700BF34330020CD
:10299000014B1B681871704734330020014B1B68D2
:1029A0005871704734330020014B1B68D880704742
:1029B00034330020014B1B68D88870473433002023
:1029C000014B1B681872704734330020014B1B68A1
:1029D0001888704734330020014B1B6858887047B3
:1029E00034330020014B1B681879704734330020C2
:1029F00010B5382001F058FEE8B1002280230E4CBB
:102A00000E49206041600E4C0E490260C0E903414E
:102A10000D4C0E490372C0E905410D4C0D49C0E94A
:102A200007410D4C0D49446341620D4C0D49C0E90D
:102A30000A410D49016310BD3433002001019600A5
:102A4000492900105D2900107129001091290010FA
:102A50009D290010A9290010B5290010C1290010D6
:102A6000CD290010D9290010E52900100A38C0B27C
:102A700003289ABF024B53F820000020704700BF84
:102A8000D0A1001010B44FF480740C4B53F82020E8
:102A900003EB8003C00082F0400200F1804003F5A8
:102AA000805C02F0C00200F5203003F54053CCF802
:102AB000002041601C605DF8044B704704800340B7
:102AC00010B4084CC90041EA820154F8202004EBFC
:102AD0008003514003F5805301F00C015DF8044B75
:102AE00019607047048003400FB400B583B0049CA4
:102AF000074803F009FB3CB105A92046019103F00A
:102B000063F9044803F000FB012003F075F900BFEE
:102B1000D0990010E0990010EFF3108072B6064BC8
:102B2000D3E8CF1F01220029FAD1C3E8412F0029A1
:102B3000F6D1BFF35F8F70472F2A00200023034A8E
:102B4000C2E88F3F80F31088704700BF2F2A002013
:102B500070B58646EFF3108572B6124CD4E8CF6F8D
:102B60000120002EFAD1C4E8460F002EF6D1BFF3A3
:102B70005F8F4FF0010CC80801F007030CFA03F354
:102B80001EF800C01CEA030608D14CEA030C0EF83C
:102B900000C0C4E88F6F85F3108870BD1046FFF742
:102BA000A3FF00BF2F2A0020F8B5EFF3108772B6FD
:102BB0001C4ED6E8CF5F0124002DFAD1C6E8454F60
:102BC000002DF6D1BFF35F8F9A421BD8012502E09A
:102BD0000132934222D3D40810F804E002F0070C2B
:102BE00005FA0CFC1EEA0C0FF2D14EEA0C0E00F8AE
:102BF00004E010460023C6E88F3F87F31088984210
:102C000007DBF8BD0023C6E88F3F87F310884FF03D
:102C1000FF300029F5D00698FFF766FF4FF0FF3030
:102C2000E8E700BF2F2A0020044A1078431CDBB2DB
:102C3000182B28BF10231370704700BF681F002097
:102C400010B5054C82B001461F231822009403489A
:102C5000FFF7AAFF02B010BDE4990010502E00202B
:102C60004FF0E022936843F000539360704700BF39
:102C70000021044B03F12002C3E88F1F013393426C
:102C8000FAD17047242A00204FF0E0234FF0803221
:102C9000C3F80024C3F80424C3F80824C3F80C24A0
:102CA000C3F81024C3F81424C3F81824C3F81C2450
:102CB000C3F82024C3F82424C3F82824C3F82C2400
:102CC000C3F8302462B67047012300F01F0293401E
:102CD000400941B1800000F1604000F56140C0F85A
:102CE000803103607047024A203042F8203070473C
:102CF00000E100E00123064A410952F8212000F0DA
:102D00001F0003FA00F01040003818BF0120704780
:102D100000E100E001224309034900F01F00824066
:102D2000403341F82320704700E100E0054A1030AD
:102D30009268054B52F82000C01A2F288CBF002043
:102D40000120704700ED00E06C1F0020F8B50D4633
:102D5000EFF3108772B6124ED6E8CF2F0123002A68
:102D6000FAD1C6E8423F002AF6D1BFF35F8F0D4B80
:102D700000F110049B680C4A53F82430934203D0AE
:102D8000994201D001F008FA064B9B6843F82450A1
:102D9000BFF35F8F0023C6E88F3F87F31088F8BD2D
:102DA0002D2A002000ED00E0110100102DE9F04F68
:102DB00081468B46164683B0EFF3108372B6DFF878
:102DC000D0A10093DAE8CF1F01230029FAD1CAE885
:102DD000413F0029F6D1BFF35F8F664B93F9004066
:102DE000002CC0F2A080644D04EB440705EB87087B
:102DF00098F8061009F110091970604BBF009B6824
:102E000053F829006300411B2F292FD95C498842C0
:102E100040F0A4801C445B4B02372F44043BDB1B77
:102E2000C3F34A036FEAC3434FF421416FEAD3432C
:102E300025F8241005EB840463804BF60153A3802E
:102E4000FF2348F00100E671C4F808B0A3714B4BB2
:102E50009B6843F82900BFF35F8F0023CAE88F3FC8
:102E6000009B83F3108803B0BDE8F08F20F0010EC3
:102E70009EF80710B1422ED84FF42143EB53414B3B
:102E8000B91C2944043B04375B1A2F44AEF10401FA
:102E9000C91BC1F34A043C49C3F34A030B43214312
:102EA000A8F804103949A8F802304AF6AA20734657
:102EB0005B1B5B415843000D88F8076088F80600EB
:102EC000C8F808B048F00100CEF80010BFE7D1798B
:102ED000B1422ED996469EF906C00CEB4C02BCF1CD
:102EE000000F05EB8202F2DA4BF601510EF10402FB
:102EF000A8F10407BF1AC7F34A076FEAC7476FEA8A
:102F0000D7478EF8064003EB0408204C05EB8803F6
:102F1000AEF8047045F82840998083F806C0DE7149
:102F2000C3F808B093E701F037F9124B93F900406A
:102F300059E7724632F8041F490514D44915023185
:102F400002EB410101916FF00701C91B019F491B71
:102F50003944C1F34A0141F46041C9E7019301F0EA
:102F60001BF9019B56E701F5FF1101F5FF511F31D8
:102F7000E4E700BF788B02206C1F002000ED00E02A
:102F8000110100109C1F002000E0FFFF0148804756
:102F90002D2A0020F0B5EFF30585EDB2EFF3108C8C
:102FA00072B62649D1E8CF2F0123002AFAD1C1E811
:102FB000423F002AF6D1BFF35F8F214E40F0010E51
:102FC000B4684AF6AA2354F825701E4A0446A41A87
:102FD000644163431B0D77455BB21BD092F90640F9
:102FE0009C421CD092F912409C4223D092F91E4080
:102FF0009C4221D092F92A409C4208BF03240FD062
:10300000114A0024157813708571C1E88F4F8CF335
:103010001088F0BDB2680D4C42F82540F0E700245E
:1030200004EB440402EB8402FF2494714BF6015438
:103030009480E5E70124F3E70224F1E72D2A00203C
:1030400000ED00E06C1F0020788B022011010010C1
:1030500010B5074C82B001460523002200940548B4
:10306000FFF7A2FD0028A8BFC0F1330002B010BDD9
:10307000009A00107E8B0220014B0B4403607047C6
:10308000242A002070B5104C104DAC420ED2FF2601
:10309000236863B1FFF7C8FD01462046FFF7ECFF48
:1030A000A680BFF35F8F0834AC42F1D370BDFFF749
:1030B000BBFD01462046FFF7DFFF2671BFF35F8FA0
:1030C0000834AC42E4D370BD602500207025002098
:1030D00010B50446FFF7A8FD01462046FFF7CCFFD8
:1030E000FF232371BFF35F8F10BD00BF10B50446EF
:1030F0000120FFF7A5FD034B03442360BFF35F8F5F
:1031000010BD00BF242A0020024B0B440360BFF314
:103110005F8F7047242A00200D4B1A68EFF310814F
:1031200072B6D2E8CFCF0120BCF1000FF9D1C2E8CE
:103130004C0FBCF1000FF4D1BFF35F8F00221B686E
:10314000C3E88F2F81F3108840BF00200021704713
:1031500028330020000000002DE9F04F2DED028BF8
:1031600085B0EFF30583DBB2103B9A0818BF01224C
:103170004FF0010103F0030B18BFAF4DAF4B08BF79
:10318000AF4D0BEB820253F8226001FA0BF205F50A
:1031900041539FEDA78B01925A602FE0B3881C0426
:1031A00040F19380B379002B40F0DD80B6F9082020
:1031B000002AC0F21E81736902EB420203EBC203D4
:1031C000D3E90247B7F1FF3F08BFB4F1FF3F0ED08C
:1031D00005EB8B01AB6A0A69D21AE31A934205D355
:1031E00001232A6A03FA0BF3134200D10C6128462B
:1031F00000F08AFCA042B941C0F2FB80B6F9083069
:10320000019A002B0093EA63C8DBD6F8148003EB25
:103210004309284608EBC907D7E9024A00F074FCC5
:10322000A04271EB0A01B9DBBAF1000FC0F2C38012
:10323000D7E90431834A934200F0ED807A88B6F9E9
:10324000080092B242EA0040984702460B4652EA12
:10325000030100F0B080002B80F2D180B4EB020EAD
:103260006AEB030A38F93930C7E902EA002B95DB2B
:10327000716903EB430201EBC202D2E90270BE4561
:103280007AEB000C4FEA430288DBB4462CF8083F87
:1032900006E003EB430001EBC0005A00D0E90270E6
:1032A000BE451A447AEB000001EBC20404DB31F99D
:1032B0003230A446002BECDA28F83930009BACF809
:1032C0000030B3881C043FF56DAF3369EFF3108213
:1032D00072B6D3E8CF0F01210028FAD1C3E8401F0E
:1032E0000028F6D1BFF35F8F4FF6FF74B08800233C
:1032F000316900B2B480C1E88F3F82F310889842F0
:10330000FFF650AF0746A946746906F1080807EBB7
:10331000470E04EBCE03D3E90250B6F90830C44699
:10332000002B13DBB246009704E034F936309446A4
:10333000002B09DB03EB430604EBC602D2E9027162
:10334000BD4270EB0101F0DA5646009FACF8007008
:1033500034F93E7024F83E30002FD8DAB3794D4668
:10336000002B3FF423AF0023B371B6F9083006F108
:103370000808581C3DD01A46776903E08046591C5E
:103380003FF416AF03EB430107EBC100B0F802C0F6
:103390001C461CF4004F9E4637F93130EED0944263
:1033A00080ED028B05D0A8F80030328927F8312053
:1033B00034817246E3E738F8393033813369EFF30B
:1033C000108272B6D3E8CF0F01210028FAD1C3E8EA
:1033D000401F0028F6D1BFF35F8F7388316928F84A
:1033E0003930009B73800023C1E88F3F82F310883F
:1033F000D4E640BF05B0BDEC028BBDE8F08F284697
:10340000CDE9022300F080FB029A039B10EB020E31
:1034100043EB010A26E708460B690291984700280A
:10342000C9D00299D1E9002311E700BFAFF30080B2
:10343000FFFFFFFFFFFFFFFF00800B40F83200207F
:1034400000000B40593100102DE9F84F364C25692A
:103450002DB1BDE8F84F0A213448FFF70DBEDFF863
:10346000E4800321404600F03DFB0326C4F80C80B5
:10347000FFF7DAFB4FF0504C2D4B267003442361CD
:10348000DCF800300F216370636961801D834FF0A9
:103490000405A3F878504FF00505A3F890504FF0BD
:1034A0000605A3F8A8504FF007050E214FF6FF724E
:1034B00008274FF00A0EA3F8C0504FF001094FF053
:1034C0000C0C4FF0020B4FF0090A0D204FF00B05CA
:1034D000A3F868111749A280A3F808E1A160A3F836
:1034E00048B0A3F8F0A0A3F82051A3F838C1A3F87E
:1034F0005001A3F83090A3F86060A3F8D8701A8048
:103500000D4B3046C8F820700C49DC60FFF71EFCFC
:1035100049463046FFF7D8FB094B0A211F64034890
:10352000BDE8F84FFFF7A8BDB41F002028330020E6
:10353000242A0020FFFF1000F8320020593100102B
:1035400000200B4000000B4000487047B41F0020D3
:10355000F8B59DF82050044617461E4635B900F0D0
:10356000DBFA874266EB010100295CDB2169EFF39E
:10357000108372B6D1E8CF0F01220028FAD1C1E83A
:10358000402F0028F6D1BFF35F8FB4F902206569A0
:1035900002EB4201002A4FEAC10C206905EBC10190
:1035A00039DB35F80CE0A4F802E04FF0000EC0E87B
:1035B0008FEF83F310884888069B0130C0F30E001C
:1035C000012838BF01200B61079B48804B61C1E98E
:1035D000027640EA02402369EFF3108172B6D3E825
:1035E000CF7F0126002FFAD1C3E8476F002FF6D115
:1035F000BFF35F8FA38825F80C30A2802369C3E84E
:103600008FEF81F310880122E368217803F50153DD
:103610008A405A60F8BD0022C0E88F2F83F31088DB
:103620004FF0FF30F8BD2846F8BD00BF0146F0B5A9
:103630000069EFF3108772B6D0E8CF5F0124002D48
:10364000FAD1C0E8454F002DF6D1BFF35F8FB1F935
:1036500002E04C690EEB4E0CBEF1000F4FEACC05B8
:10366000086904EBCC0C3CDB665B4E800026C0E8AE
:103670008F6F87F31088BCF80200CCE90223013079
:10368000C0F30E00012838BF0120059BACF80200F2
:10369000CCF81030069B40EA0E40CCF814300B6991
:1036A000EFF3108272B6D3E8CFCF0127BCF1000F41
:1036B000F9D1C3E84C7FBCF1000FF4D1BFF35F8FA9
:1036C0008B886353A1F804E00B69C3E88F6F82F322
:1036D00010880122CB68097803F501538A405A60AB
:1036E000F0BD0023C0E88F3F87F310884FF0FF3014
:1036F000F0BD00BF03464089B0EB214F37DD58696C
:103700000A1402EB420210B500EBC2001C69EFF391
:10371000108C72B6D4E8CFEF0122BEF1000FF9D1C0
:10372000C4E84E2FBEF1000FF4D1BFF35F8F428883
:1037300089B292B28A4207D000221B69C3E88F2F58
:103740008CF31088002010BD42F400424280012119
:10375000002218699971C0E88F2F8CF310881C78AB
:10376000DA68084602F50153A140596010BD0020F7
:10377000704700BF407870472DE9F04182B006469F
:1037800000F0CAF94FF47A7304464FF0FF306FF03F
:103790000042E6FB0341A04272EB01033ABF04463C
:1037A00015460D46A61F45F1FF37B44275EB0703DA
:1037B0003CBF0026374600F0AFF9301A67EB010135
:1037C000012871F1000106DA2046294602B0BDE861
:1037D000F04100F0ABB900F09FF9864267EB0101C0
:1037E00000290ADB0021174B3246009316483B465E
:1037F0000191FFF71BFF0130E6D04FF0000C134A98
:103800001349536A9F4204D8906AB042DCD29F4267
:10381000DAD10B68EFF3108072B6D3E8CF8F5FF088
:10382000010EB8F1000FF8D1C3E848EFB8F1000F6E
:10383000F3D1BFF35F8F0B68C3E88FCF80F310889D
:1038400020BFDEE719310010B41F002000000B403C
:10385000283300202DE9F04306460D4683B0EFF3F0
:103860000584E4B23CB12D4B5A6AAA421CD2002016
:1038700003B0BDE8F0832A4FD7F80C9097F800808A
:10388000484600F041F908F1040859F828301B1A9D
:10389000301A65EB0101984271F1000110DB20BF85
:1038A0001E4B5A6AAA42E2D314BF012400249B6A29
:1038B000B34234BF204644F0010003B0BDE8F083BA
:1038C00000F02AF9864265EB0101002914DB154B53
:1038D0003846CDE9003432462B46FFF7A7FE011EDD
:1038E0000ADD0E4B5A6AAA4216D39B6AB34211D321
:1038F0000B48FFF7FFFEB6E7084B5C6AAC42B6D355
:10390000641B18BF01249B6AB34234BF204644F0B5
:103910000100ADE7AA42EBD120BFE9E700000B4070
:10392000B41F0020193100102DE9F0410446DDE9F3
:10393000071552EA030072D0002B16461F4673DBB0
:103940000698C5E900232861AC60696100F0E4F8DD
:103950004FF0FF326FF00043801947EB01078242BE
:1039600073EB07013CBF1F4610462369EFF310823B
:1039700072B6D3E8CF6F0121002EFAD1C3E8461FFB
:10398000002EF6D1BFF35F8FB4F90210666901EB28
:10399000410300294FEAC30CD4F8108006EBC3039F
:1039A00046DB36F80CE0A4F802E04FF0000EC8E861
:1039B0008FEF82F310885A88C3E902070132C2F3FD
:1039C0000E02012A38BF01221E485A805D6118612B
:1039D00042EA01422369EFF3108072B6D3E8CF8F39
:1039E0000127B8F1000FF9D1C3E8487FB8F1000F03
:1039F000F4D1BFF35F8FA38826F80C30A180236930
:103A0000C3E88FEF80F3108801202178E36800FA83
:103A100001F103F501535960EA60BDE8F081012628
:103A2000002732463B468BE7564263EB430787E766
:103A30000020C8E88F0F82F310884FF0FF32EA6051
:103A4000BDE8F081593100100246C06800B97047E6
:103A500091680314B1F80AC0BCEB204F3DDD30B5CE
:103A60004C6903EB430304EBC30C0B69EFF3108EBB
:103A700072B6D3E8CF5F0124002DFAD1C3E8454FD9
:103A8000002DF6D1BFF35F8F83B2BCF8020080B285
:103A9000834209D000230969C1E88F3F8EF3108863
:103AA00000230020D36030BD43F40043ACF8023063
:103AB0004FF0010C0023086981F806C0C0E88F3F71
:103AC0008EF31088CB68097803F501530CFA01F1E5
:103AD000596000236046D36030BD00230020D360CE
:103AE000704700BF10B4054B054C064AA04214BFF6
:103AF0001846581C5DF8044BFFF72AB8542E0020D6
:103B000000800B401C9A00100346416A0A46986ADE
:103B1000596A8A42FAD17047034B596A0A46986A31
:103B2000596A9142FAD1704700000B40074A536A24
:103B30009942FCD8994207D1044B02E05A6A91425B
:103B400002D19A6A9042F9D8704700BF00000B403A
:103B500000EB400C4FEA8C0C0CF1804C0CF5803CD7
:103B6000F0B51646DCF80420051FB2F5803F38BFDB
:103B70004FF48032EDB238BFCCF80420012D2AD9A1
:103B80004FF40067254C0CF54052176054F8202084
:103B9000B2B9DCF80020012D82EA461202F0E00200
:103BA0000CF5805632602AD94FF4006144F8203079
:103BB0004FF480330CF500521160CCF80430F0BDA6
:103BC0006769B7FBF2FE0EF1010E0EEB4E0EBEF171
:103BD000030EFCD2DDE70129D2D103240CF54052BB
:103BE0001460DCF80820D207FBD5DCF800200B4C71
:103BF00082EA461202F0E0020CF5805632600122A1
:103C0000DCF800504D4005F00305356002FA01F183
:103C1000DCF808200A42FBD0C6E700BF5C2E00207B
:103C2000014B53F8200070475C2E0020584B2DE9C3
:103C3000F0431C6C1746B4F5803F38BF4FF4803218
:103C400083B038BF1A64032280460E46514B504D54
:103C5000DA636C6CE307FCD5EB6B4F4A83F020030F
:103C600003F0E003D363EB6B494D83F0010303F0F2
:103C70000303D3636C6CA407FCD54FF400624FF4CC
:103C80008039464B464CDA63464B4246636101211C
:103C90003346C5F840904448009700F057F94FF478
:103CA00000616B6B07FB06F64B4538BFC5F83490D7
:103CB000384B2269B8FBF6F619633AB16369B3FB76
:103CC000F2F3013303EB4303033BFDD23049324AA5
:103CD0000B6B03F0E00313630B6B83F0020303F041
:103CE000030313638B6B5807FCD54FF400654FF447
:103CF00080332A4A15632D4A4B6322610A6C9A422B
:103D00004FF0030238BF0B64224B2149DA634B6C3E
:103D1000DA07FCD5CB6B204A03F0E003D363CB6B0F
:103D20001B4983F0010303F00303D3634B6C9B0730
:103D3000FCD54FF480334FF40065184A6661D563B3
:103D40000B64CA6C9A4238BFCB644FF40061114BCC
:103D5000A26999643AB16369B3FBF2F3013303EBEF
:103D60004303033BFDD24FF400604FF48031084A17
:103D7000094D936C83F0400303F0E003AB64074B01
:103D8000084DA5619864D16403B0BDE8F08300BF1D
:103D900000000140003001400010014000200140BF
:103DA0005C2E0020006CDC0200000540001BB70008
:103DB0002DE9F04F4FF4A078994685B0CDE9021275
:103DC0005F4CDFF884A154450AD908F1FF38A4F507
:103DD0003B54B8F10F0FA4F12004F4D1002069E0A6
:103DE000072304F53722019403FB03F402F5D8728C
:103DF000B2FBF4FE70454FF0010C4FF002074FF09C
:103E000003064FF004054FF005013FD0B3F1010E5A
:103E100000F094800EFB03F4B2FBF4FB58454CD049
:103E200019B301FB03F4B2FBF4FB58454FD0E5B1E5
:103E300005FB03F4B2FBF4FB584553D0AEB106FBCF
:103E400003F4B2FBF4FB584557D077B107FB03F4FA
:103E5000B2FBF4FB58455BD0BCF1000F05D00CFB66
:103E600003F4B2FBF4FB83455DD0734603FB03F41C
:103E7000B2FBF4FE704501F1FF3105F1FF3506F1AB
:103E8000FF3607F1FF370CF1FF3CBFD104FB1024D4
:103E9000002CBBD19E464A46DDF808B0DDF80C90F8
:103EA0000120284901FB08F1CBF80010C9F80030C7
:103EB000C2F800E005B0BDE8F08F04FB1024002C30
:103EC000AED14A46DDF808B0DDF80C90E8E704FB17
:103ED0001024002CABD14A468E46DDF808B0DDF840
:103EE0000C90DDE704FB1024002CA7D14A46AE4617
:103EF000DDF808B0DDF80C90D2E704FB1024002CAC
:103F0000A3D14A46B646DDF808B0DDF80C90C7E705
:103F100004FB1024002C9FD14A46BE46DDF808B0B1
:103F2000DDF80C90BCE704FB1024002C9DD14A4620
:103F3000E646DDF808B0DDF80C90B1E7019C44E7F7
:103F400050262F00001BB70050F80C0070B4039DE2
:103F500004682D0345EA03451B4B002CB3FBF1F32A
:103F6000B2FBF3F61FDB194A194B904214BF4FF412
:103F700080424FF40042174C1A6003F580531A60D8
:103F8000A36832EA0303FBD1212200F54053043336
:103F9000016086601A600268002AFCDA0822C560A7
:103FA0001A6070BC7047036803F03F038B42DAD19C
:103FB0008368C3F30B03B342D5D1C36803F4EE2384
:103FC000AB42D0D1EDE700BF001BB7000080054039
:103FD00000200240000002400A4B0B490B4A596086
:103FE000D3681904FCD40A4BD26843EA0013094988
:103FF000534009481940054AC160D3681B04FCD4EA
:10400000704700BF002010400020FE5A0000104002
:104010000000FE5AF001FE5A0010104030B44FF07C
:1040200080441C4B1C60E0B11B4CA3F54053DC6189
:104030001A4C40F0010044401C62596298624FF0F3
:1040400080454FF0E061134B1548164C1D608460AD
:1040500019604AB930BC4FF00042A3F580531A6092
:104060007047114BD861EAE74FF47A7303FB02F211
:10407000B2F1807F2ABF6FF07F4313461A464FF09C
:1040800080410A4C08482360094B426030BC1960EB
:10409000704700BF00B00D40D3C007B02D3FF84FB0
:1040A00000A00140F3FFFF0100800D40CC32002052
:1040B00000A00D40012300EB4000800000F1804093
:1040C00000F5841041600360704700BF002370B5A5
:1040D000DB8A04460D46002242E800F2520254BF39
:1040E0001021042144F25220984786462B4622464E
:1040F000F446BDE870400A214FF48170604700BF6C
:104100000023DB8A002242E800F2520201D410218F
:1041100018470421184700BF08B503460846191E72
:1041200002DB1AB140F03000FFF7D0FF40F0200072
:10413000FAE700BF034AD2F82838002BFBD0BFF3C0
:104140005F8F704700000E400021044B044ABFF30C
:104150005F8F43F8041B9342F9D170470C080E405F
:104160002C080E4010B44FF48D704FF42A64064AA8
:10417000064B07491460D06019605368002BFCDAC5
:104180005DF8044B704700BF0080044000A004406D
:1041900000B0FA00704700BF08B50148FEF7A4FC64
:1041A000409A001038B5054C054DAC4204D254F885
:1041B000043B9847AC42FAD338BD00BF10980010BA
:1041C0005098001038B5054C054DAC4204D254F857
:1041D000043B9847AC42FAD338BD00BF3C9800106E
:1041E0005098001010B40748074C084B084A09497A
:1041F00004601A608B6832EA0303FBD15DF8044B5C
:10420000704700BF002002407F3BEFEF00300240CC
:10421000F6FFF30300000240044BDB6CB3F5004FE4
:1042200003D14FF48022024BDA6470470000115032
:10423000002011504FF0E022044BD2F8881D0B43B0
:10424000C2F8883D10EE3004704700BF0303300011
:104250006FF06041044B054A19609368DB4333F00B
:104260006043FAD1704700BF0030024000000240B6
:1042700010B545F25320FFF743FFBDE81040034659
:104280000420184710B545F25320FFF739FFBDE869
:104290001040034601201847FEF7EABC1449154BAD
:1042A00070B55C1AA610442E324628BF4422124D27
:1042B0009200284605F086F8B4F5867F13D80F4A99
:1042C000C6F1440012D02B19410803EBC101C3E928
:1042D000002208338B42FAD1C30704D520F0010035
:1042E000304445F82020064B9D6070BD4320F8E720
:1042F000000000101001001000000020110100104B
:1043000000ED00E0002370B52B4C82B0C4F884307F
:10431000FFF728FF0122294BDA63636C012BFCD1E4
:104320000321264A244B11639C6B012CFCD10226ED
:10433000052521460523224A22480096FFF706FE5E
:1043400021462B46204A21480095FFF7FFFD002219
:10435000042031461E4BFFF7FBFB21462846002276
:104360001C4BFFF7F5FB0022082011461A4BFFF704
:10437000EFFB002209201146174BFFF7E9FB002253
:1043800006201146134BFFF7E3FB0022114B0720D9
:104390001146FFF7DDFB0420FFF742FC00240F4B22
:1043A000A3FB0035AD0CE0B229460134FFF782FED5
:1043B000062CF8D102B070BD000001400030014071
:1043C000002F685900000540008C8647008005409A
:1043D000001BB70080D1F008006CDC0283DE1B43B9
:1043E00086B003B451FC0804CDE9020151FC090474
:1043F000CDE9040151EC0A04CDE9060103BCF04704
:10440000BDE800504EEC00C4BDE800504EEC01C4C5
:10441000BDE800504EEC02C400BD000000B5FFF73F
:10442000DFFF02E010FE30F4F8D441EC100443EC5E
:10443000112400EE010410EE010480EE200451EC82
:104440001004704700B5FFF7CBFF02E010FE30F418
:10445000F8D441EC100443EC112400EE010410EEFA
:10446000210480EE200451EC3004704700B5FFF7C2
:10447000B7FF02E010FE30F4F8D410B541EC1004A0
:1044800043EC112451EC040453EC0524A0FB024C32
:104490005FF0000EE0FB03CEE1FB02CE4CEC2044CB
:1044A0000024E1FB03E444EC30E480EE200451EC12
:1044B0005004BDE81040704700B5FFF791FF02E0DF
:1044C00010FE30F4F8D441EC100443EC112451EC0C
:1044D0002104A0FB01126FEA820252FB100052FB82
:1044E00012F252FB1000A0EBD07C53EC04245CFBD6
:1044F00013F153EC1524A1FB022001FB030053EC44
:104500004424A2EB000050FB1CF24FEA111312EB03
:10451000017043EBE27140EA515020EA915020F0E3
:10452000070053EC7524A0FB023C53EC752400FB00
:1045300003CC01FB02CC53EC0424ACEB824C40EAEC
:104540005C70A0F1010041EC400480EE200451ECCD
:104550007004704700B5FFF743FF02E010FE30F42F
:10456000F8D440EC700400EE010410EE210480EE5B
:10457000200451EC3004704700B5FFF731FF02E032
:1045800010FE30F4F8D440EC600400EE010410EEAC
:10459000210480EE200451EC3004704700B5FFF791
:1045A0001FFF02E010FE30F4F8D441EC800400EE6E
:1045B000010410EE010480EE400410EE1304704775
:1045C00000B5FFF70DFF02E010FE30F4F8D441EC27
:1045D000800400EE010410EE010480EE400410EEB1
:1045E0003304704700B5FFF7FBFE02E010FE30F425
:1045F000F8D441EC100443EC112400EE010410EE59
:104600003004C0F30070704700B5FFF7E9FE02E028
:1046100010FE30F4F8D443EC102441EC110400EE09
:10462000010410EE30F48CBF01200020704700BF61
:1046300000B5FFF7D5FE02E010FE30F4F8D443ECED
:10464000102441EC110400EE010410EE30F42CBFF4
:1046500001200020704700BF00B5FFF7C1FE02E057
:1046600010FE30F4F8D441EC100443EC112400EEB9
:10467000010410EE30F42CBF01200020704700BF71
:1046800000B5FFF7ADFE02E010FE30F4F8D441ECC7
:10469000100443EC112400EE010410EE30F48CBF42
:1046A00001200020704700BF38B50446094805F0D6
:1046B00097F8204604F036FB0546064805F08CF8CE
:1046C0002DB1054B2C449C4201D8284638BD0348E7
:1046D000FEF70AFA60250020000008204C9A00101E
:1046E00010B50446054805F07BF8204604F022FB8F
:1046F000BDE81040014805F06FB800BF60250020FC
:10470000704700BF2DE9F04F83B09946DDE90DAB4E
:104710000F9B884611469A07074616D1DA453AD2CA
:104720000C460D46ABEB0A060E4422464B4641466C
:1047300020200134B847B442F7D12946BAF1000F1E
:1047400008D1204603B0BDE8F08F0C46BAF1000F47
:1047500010D00E4655460C9B2E449A440191721B74
:104760004B46013D41461AF8010D3446B847002D2D
:10477000F5D101990F9B9B07E3D5651AAB45E0D9AD
:1047800022464B46414620200135B8475D4504F19D
:104790000104F5D3D5E70C46BAF1000FD9D1D0E723
:1047A0002DE9F04F0F9FDDF8248017F0020F0A9CCF
:1047B0009DF82CA00E9DDDE90C9644D1F5BBB442CA
:1047C00041D207F0010B04F1FF3C4FF0300EC4441E
:1047D00004E00134A6420CF801EF01D9202CF8D1F5
:1047E000BBF1000F00F08880A5422CD904F1FF3CFA
:1047F0004FF0300EC44404E00134AC420CF801EF39
:1048000021D0202CF8D117F0100F0ED017F4806FA4
:1048100054D1A64263D0A54261D0B9F1100F50D057
:10482000B9F1020F56D0202C29D12024CDE90B5705
:10483000CDE90984BDE8F04FFFF764BF17F0010B25
:1048400034D1B442BFD317F0100F1ED017F4806FCD
:10485000E3D1002CDDD1B9F1100F63D0B9F1020F13
:1048600077D0302488F800400124BAF1000F11D12C
:104870007E0748D52B2608F804600134D6E7264683
:1048800001344FF0300C08F806C0202CCDD0BAF11E
:10489000000FEDD02D2608F804600134CDE90B5748
:1048A000CDE90984BDE8F04FFFF72CBFBAF1000F46
:1048B00030D0B44205F1FF3585D395E7B9F1100F3B
:1048C000B3D1BE063BD5202CAFD0582608F80460E3
:1048D0000134A8E7202CA8D02646013407E0661E44
:1048E000B9D0B9F1100F36D0B9F1020FC9D14FF0DC
:1048F000620C08F806C096E717F0100FC5D017F441
:10490000806F86D089E73E0790D5202608F804609E
:1049100001348BE717F00C0F00D0013DB442FFF4D7
:1049200052AF61E7BC0612D4782488F800403024E6
:1049300088F801400224BAF1000F99D0AAE7202C90
:104940003FF473AF782608F8046001346BE758240D
:10495000EBE76224E9E717F0200FA4F1020C04D082
:104960004FF0580E08F80CE08BE74FF0780E08F87F
:104970000CE086E700B9704701F084BB10B1D1E9C3
:1049800000311847704700BF2DE9F04F97B09DEDFB
:10499000207BDDE9225B0746884651EC170B249CFF
:1049A00099460C920B4602468DED047B0794FFF767
:1049B0001DFE002840F0F481DDE904014FF0FF32D4
:1049C0006FF48013FFF724FE002840F01B81DDE91F
:1049D00004014FF0FF32AC4BFFF756FE002840F0C9
:1049E000EE80DDE90401A4A3D3E90023FFF74CFE28
:1049F000002840F0D380DDE90401A1A3D3E900231E
:104A0000FFF706FE002840F0C980DDE9040100221E
:104A10000023FFF7FDFD002840F0E88023460D90BD
:104A200013F4806F08BF062530212B460EAAA5F18E
:104A3000200605E0013BB34202F8011B00F0938120
:104A4000092BF7D81E46ED1ADDE90401FFF7AAFD90
:104A50008E4B044603EBC60393ED007B8DED087B84
:104A6000FFF77CFD02460B46DDE90401FFF7EEFC93
:104A7000DDE90823FFF7FEFC02460B46CDE90A23D9
:104A8000FFF7A2FD8246FFF77BFD02460B46DDE9FC
:104A90000A01FFF7DBFC02460B46CDE90A230022A0
:104AA0007B4BFFF7F1FD002800F0FE800AF1010AC0
:104AB0005046FFF765FD02460B46DDE90801FFF7AA
:104AC000BBFD10B14FF0000A0134002E00F0FD8054
:104AD000681E0EABDFF8CCC118440FE0ACFB0A2116
:104AE000C90801EB8102AAEB42023032BAF1090F88
:104AF00000F8012F40F21C818A461D46202D05F149
:104B0000010306F1FF36E9D12025691E0EAB61488D
:104B1000194410E080FB0462C3EBA20303EB8302A1
:104B2000A4EB420404F1300201351C4601F8012FC8
:104B3000002B00F0EB80202D4FEAE473EAD1079BB5
:104B400003F00303012B18D1BBF1000F15D00D9B0F
:104B5000002B00F00A810BF1FF3BBBF1200F0CD9B9
:104B60006B1E0EA930220B4405E001355D4503F8AC
:104B7000012F80F0D180202DF7D1079B0EACCDE91D
:104B800002B341464B4638460C9A01950094FFF714
:104B9000B9FD8246504617B0BDE8F08F079B9DEDEA
:104BA000047BCDE923B341464B4638460C9A8DED44
:104BB000207B229517B0BDE8F04F00F045B96107A2
:104BC00023464CBF042303234146219338464B46DA
:104BD000079A48BF304CCDE922B258BF2F4C0C9AEF
:104BE000209417B0BDE8F04FFFF78CBDDDE904233A
:104BF00000200021FFF72AFC0123CDE904010D93D9
:104C000023460DE723469C0740F0AA80BBF1040F22
:104C100040F2A6800C9B1D461C1F04EB0B0A2A4683
:104C20004B46414620200135B847AA45F7D15546A5
:104C30001B4C261F14F8010D2A464B464146B84727
:104C4000B44205F10105F5D1079B0AF1040A980762
:104C5000A0D50C9CAAEB04039B459BD952464B461E
:104C6000414620200AF1010AB847AAEB04035B453C
:104C7000F4D38FE7AFF300800000000065CDCD4195
:104C80000000000065CDCDC1FFFFEF7F40C20010E6
:104C90000000E03F67666666A09A0010A89A0010C0
:104CA000B49A0010CDCCCCCC0022DDE90A01634BD4
:104CB000FFF7AEFC00287FF408AFBAF1000F6AD10D
:104CC0000AF1010A002E7FF403AF2046FFF746FCED
:104CD00002460B46DDE90401FFF7B8FB02460B462E
:104CE000CDE904230022554BFFF792FC00287FF406
:104CF0000CAFDDE904010022504BFFF7C5FC002892
:104D00007FF403AF013424F00104FEE6079B03F0B7
:104D10000303012B00F08280202D3FF42EAF0D9B6A
:104D20007BB32D220DEB050383F83820013524E7F2
:104D3000202B3FF4E9AE0EAA15441E44302204E0B5
:104D4000202B05F8012F3FF4DFAE9E4203F1010353
:104D5000F6D12E220DEB060383F83820751CD4E61D
:104D6000DDF830A063E720256EE6079B13F00C0FFB
:104D700050D00BF1FF3BAB453FF6F2AE202D3FF498
:104D8000FCAE079B5A0701D52B22CBE71B077FF50B
:104D9000F4AE2022C6E71AF0010F3FF496AE8FE77B
:104DA000A60734D1BBF1030F31D90C9B1D46DC1E85
:104DB00004EB0B0A2A464B46414620200135B847F2
:104DC0005545F7D155461E4CE61E14F8010D2A46EE
:104DD0004B464146B847A64205F10105F5D1079B70
:104DE0000AF1030A9D077FF5D5AE0C9CAAEB0403DC
:104DF0009B457FF6CFAE52464B46414620200AF1F6
:104E0000010AB847AAEB04039B45F4D8C2E6DDF8D3
:104E100030A0D7E7AB453FF6A3AEAEE6BBF1000F3F
:104E20003FF47AAF0D9B002B9FD00BF1FF3B5D450C
:104E3000FFF496AE202D7FF474AF9EE60000E03FB5
:104E4000AF9A0010000000002DE9F04F9FB02A9E9D
:104E5000DDE92845074693460891099322462B46EB
:104E6000204629460E96DDE92BA6FFF7BFFB00285A
:104E700040F0BE80204629464FF0FF32784BFFF7C6
:104E800003FC002840F0B480204629464FF0FF3252
:104E90006FF48013FFF7BCFB002840F0A980204688
:104EA000294600220023FFF7B3FB002840F0D581FC
:104EB000CDE90A45DDE90A239046994606F40062E9
:104EC00016F480630F92139340F0A18058EA09030F
:104ED00040F0CA80002A40F0E38106230E9316F0CA
:104EE0000202109240F0D4815346042B38BF0423B1
:104EF0000C920422043B12920F9320462946002272
:104F00000023FFF785FB002840F0F3819DED0A7B2D
:104F10000F9B5A4603930E9B8DED007B029326F464
:104F2000006304933846099B0899FFF72DFD02465C
:104F300016F0200F099B08990CBF6520452002F14F
:104F40000108B8470C9A129B16AC5D1E82EAE27308
:104F5000A3EBE273D10F002622469946DFF804C185
:104F600001E0202E10D0CE46ACFB0930C00800EB8B
:104F70008003A9EB43033033BEF1090F814606F1EC
:104F8000010602F8013BECD80523002006930A2312
:104F900005950094099D089C4246CDE90330CDE972
:104FA00001612B4621463846FFF7FAFB109A8046EE
:104FB000D2B1A0EB0B06B24516D90BEB06022B467D
:104FC000214620200136B847B245F6D80BF1FF3311
:104FD0005344CBF10102A3EB08034244924538BF8E
:104FE000002308F10108984440461FB0BDE8F08F47
:104FF0005A463846CDE92845CDE92BA60E9C099B9B
:1050000008992A941FB0BDE8F04FFFF7BDBC58EADD
:1050100009032BD1002A3FF462AF00230C930E9BAF
:105020000C9A934200F3B9814FF0000820462946BC
:1050300000220023FFF7ECFA002840F013819DEDD9
:105040000A7B26F4006646F480668DED287B5A467E
:105050003846CDE92A8A099B08992C96D2E700BFE9
:10506000FFFFEF7FCDCCCCCC06230E93C9F30A50C3
:10507000A0F2FF30FFF772FAC1A3D3E90023FFF7D4
:10508000F9F9C1A3D3E90023FFF7CCF9C9F3130958
:10509000CDE90C0149F07F5140460022B24B41F46A
:1050A0004011FFF7D3F9A4A3D3E90023FFF7E2F9F6
:1050B00002460B46DDE90C01FFF7B4F9FFF772FA7F
:1050C0000C90FFF74BFA9EA3D3E900238046894654
:1050D000FFF7D0F90022A54BFFF7A4F9FFF762FA1A
:1050E000034649464046129397A3D3E90023FFF7AE
:1050F000C1F9804612988946FFF730FA94A3D3E9A4
:105100000023FFF7B7F902460B4640464946FFF732
:105110009DF902460B4680468946FFF7ABF94246A9
:105120004B46CDE9100140464946FFF77BF9002286
:10513000CDE91401DDE910018D4BFFF7C1F9002223
:105140008C4BFFF76FF902460B46DDE91001FFF7C4
:10515000B7F90022884BFFF765F902460B46DDE9F7
:105160001001FFF7ADF942464B46804689460020C4
:105170004FF08041FFF76AF902460B464046494628
:10518000FFF750F902460B46DDE91401FFF798F9E5
:1051900000227A4BFFF746F9129B002203F2FF3CF4
:1051A0004FEA0C53FFF766F980468946DDE90A01AC
:1051B00042464B46FFF72CFA50B10C9B4046013B50
:1051C00049460C9300226B4BFFF77AF980468946DB
:1051D0000C9A43466332C62A06F0020210924946F0
:1051E0000F9A2CD8002A5ED0042212920B433FF46F
:1051F00016AFDDE90A0158A3D3E90023FFF730FA1F
:1052000048B1DDE90A0156A3D3E90023FFF700FA0C
:1052100000287FF404AF0E9B002B50D0139A002A75
:105220007DD0013B0E93129B9A4505D9109B002B14
:1052300000F0AE800223109300230F9344E022BBC2
:10524000BAF1050F4FD906F00203002B49D105230F
:105250001293AAF105030F933AE005F100430A9473
:105260000B9327E626F4006646F4806638462C96B3
:10527000DDE90A67344607F100455A46CDE92A8A36
:10528000CDE92845099B0899BCE605221292ADE7B5
:1052900000230222CDE90F3204220C9312922CE655
:1052A0004FF00508C2E6BAF1040F1FD9109B002B7E
:1052B00078D104231293AAF104030F9304E0129B04
:1052C0009A4531D80E9B0F930C9B002B3FF415AEE3
:1052D000DDE90A0142464B46FFF7F2F8CDE90A0143
:1052E0000BE60223109305231293F1E70423129394
:1052F000EAE7DDE90A45A0460F9B05F10049039363
:105300000E9B5A46029326F4006304933846CDE977
:105310000089099B0899FFF737FB024608E6129BB4
:105320009A4544D80F92CFE7109B8BB30E9B0F93F7
:1053300002231093C8E700BF61436F63A787D23F82
:1053400071A379094F930A401655B5BBB16B024062
:10535000EF39FAFE422EE63F2D431CEBE2361A3FB0
:105360000000000080842E410000F83F0000E03F74
:1053700000002C4000002440000018400000F03FD6
:10538000FB799F501344D33FB3C8608B288AC63F34
:10539000129BAAEB03030F9396E7A3EB020808F115
:1053A000FF3843E604231293022310938CE7109BEB
:1053B000002BEDD002230F92109385E72DE9F04FDB
:1053C0009BB0249C954D0A94954CB1F1000A18BFEE
:1053D000834625601878934C914608BFA3460993ED
:1053E000002800F093824FF000080AE042464B4646
:1053F000514608F10108D847099B1878002800F0A9
:10540000CE80099B252803F101030993EED11C46A8
:105410000023224612F8010BA0F1200110290AD81E
:10542000DFE801F04009093C0909090909090938BF
:10543000093409093000A0F130010929099440F22A
:105440008A802A2800F0F08000252E2800F096801F
:105450000026A0F1680112292DD8DFE811F04901DA
:105460002C0043012C0038012C002C002C002C00B7
:105470002C002C002C0027002C002C002C002C00D1
:105480002C002700144643F00103C2E7144643F002
:105490000203BEE7144643F00403BAE7144643F0A0
:1054A0001003B6E7144643F00803B2E709994878B9
:1054B00043F480730132672809927ED8242840F291
:1054C000C180A0F12502422A00F2BC80DFE812F080
:1054D0005001BA00BA00BA00BA00BA00BA00BA0065
:1054E000BA00BA00BA00BA00BA00BA00BA00BA00EC
:1054F000BA00BA00BA00BA00BA00BA00BA00BA00DC
:10550000BA00BA00BA00BA00BA00BA00BA00BA00CB
:10551000190137011901BA00BA00BA00BA00BA007D
:10552000BA00BA00BA00BA00BA00BA00BA00BA00AB
:10553000BA00BA00BA00BC01BA00BA00BA00BA0098
:10554000BA00BA00BA00BA00BA00BC015801BC01E6
:10555000190137011901002500E0013205EB85052D
:1055600000EB45051078303DA0F130010929F4D950
:105570002E28099202F101027FF46AAF099943F4DF
:10558000806348781146A0F13006092E40F221814F
:105590002A2800F02F8109920026013259E744465B
:1055A000C14501D809F1FF384B464246514600201B
:1055B000D84720461BB0BDE8F08FA0F16902D2B2F7
:1055C0000F2A3FD8012149F241079140394040F06C
:1055D000F3800A2A3DD0072A34D10A9D55F8042BBE
:1055E000002A00F0138143F0210012AB1F460B93F9
:1055F00003E0202900F014811A4602F00F0423462C
:10560000092C94BF303337330F2A07F8013B01F1DF
:1056100001014FEA1213ECD802E100BFBD530010A4
:10562000C8320020014700100A99099851F8045B1C
:105630004078002DCDE90921BCBF43F002036D4243
:10564000013202E742464B46514608F10108D8476D
:10565000D2E60A99002E51F8047B18BF32463878FA
:1056600008BF4FF0FF32002800F07B83BC18A4462F
:105670003A4604E012F8014F002C00F03F819445B7
:10568000F8D16446E41B5A0540F12281B44228BF98
:10569000344613F0020300F088820223CDE90A5158
:1056A00042461D46464408E04B465146D84717F847
:1056B000010F08F1010810B142464645F4D12B46CE
:1056C0000B990A9D002B40F041810A9194E60999BB
:1056D00048786C287FF4ECAE0A46887843F440732F
:1056E0000332E8E6099943F4007348780132E2E6B0
:1056F00009994878682800F0038143F0800301325B
:10570000D9E6672800F0D980472800F0DC804528DA
:1057100000F0DB80CDE903530A9B0296073323F0A8
:1057200007031C464246F4E802674B46514658467A
:10573000CDE900670A94FFF787FB80465CE64628C0
:1057400008BF43F02003CDE903530A9B02960733B9
:1057500023F007031C464246F4E802674B465146D5
:105760005846CDE900670A94FFF70EF9804643E6F4
:1057700042464B465146252008F10108D8473BE6F2
:105780000A9A990702F1040408F1010640F1C68063
:1057900010784B4642465146D847012D88BFA84451
:1057A00040F2BD8132464B46514620200136D84753
:1057B0004645F7D10A941FE66F2800F0818040F239
:1057C0004882782800F090810A2723F01003BC4615
:1057D00041E0002606EB860600EB4600A0F130060D
:1057E00011F8010FA0F13002092AF3D90A460991F4
:1057F00001322EE6DDE9092151F8046B907802327E
:1058000009920A91013226EAE67622E623F0100098
:1058100013F4806240F021003FF4E7AE12AB0B932B
:105820000B9B06900093082310200593002342460B
:10583000CDE9023001914B46514658460496FEF799
:10584000AFFF0A958046D7E5582862D0622840F01D
:105850008F800227BC4613F4806000F0DD8023F0C7
:105860000D0313F4007240F081810A990F1D13F4A7
:10587000807140F037825C060A9A40F13B811278D1
:10588000002A40F04E8123F01003002800F04981E7
:10589000114612AA0B92CDE90553CDE903C6019139
:1058A0000B9B4246009300235146029358464B46B9
:1058B000FEF776FF0A9780469EE543F4006329E7EA
:1058C0000827BC46C7E743F4006343F0200321E701
:1058D00013F0020300F08E8102230A951E460D4646
:1058E00042464B465146D84717F8010F08F10108C8
:1058F0000028F5D1294633460A9DE3E6D41BC2E6CB
:105900000A46887843F0C0030332D4E50446804653
:1059100046E6102743F02003BC469CE7012D40F2E9
:10592000F880464608F1FF372F4432464B46514631
:1059300020200136D847BE42F7D10A9B324618785C
:1059400051464B46D847A8440A9455E54646A542D9
:105950007FF6BBAEA844A8EB04080C4632464B4683
:10596000514620200136D8474645F7D12146ACE6BE
:1059700013F4806200F0BB804FF4806223F0110CBE
:105980001CF400770A9B4AD11CF4807003F10404D4
:1059900040F034811CF0400F40F0A3801CF0800FD9
:1059A00000F0D381B3F9001081EAE177A7EBE1774A
:1059B000BFB2CB0F002900F056813A4612A90F461C
:1059C000DFF8D8E30B910A930C9501E020280FD063
:1059D0001546AEFB0213DB0803EB8301A2EB41018A
:1059E0003031092D1A4600F1010007F8011BEDD8EE
:1059F0000A9B0C9DCDE9055CCDE9010304960B9B48
:105A0000424600930A235146039358464B46FEF7FD
:105A1000C7FE0A948046EFE423F00C0321E7073326
:105A200023F00703194608465B6850F8081BDF0F90
:105A30000A9051EA030062D1002A40F09F81134688
:105A4000114612AACDE90C7500201546CDE90E6865
:105A5000DFF848E30B9201E020282DD05A1842F1DC
:105A60000002AEFB027828F0030707EB9807D21B71
:105A70001E469B1A61F100070C464FF0CC3101FB2A
:105A800003F10EFB0711A3FB0E731944052307F066
:105A90000108A8FB03389B180A2E03F130034FEAD4
:105AA000570774F1000405F8013B00F1010047EAD3
:105AB000C1734FEA5101CFD2DDE90C75DDE90E6803
:105AC0000B9B424600930A23CDE9055CCDE9010713
:105AD000049603934B4651465846FEF761FE8046B6
:105AE0008AE419780F4664E71027BC46B3E623F032
:105AF000100C45E71C064CBF12881268C0E60A4627
:105B0000191E01DB13469CE75242134661EB41012B
:105B100097E713465146187842464B46D847B04659
:105B200048E613F0200F14BF4120612012ACA646B6
:105B30000B940A93A0F10A040C9502E0202912D0DC
:105B40002A46B2FBFCF50CFB1520C3B2092803F171
:105B500030008ABF1B19C3B2DBB262450EF8013BAD
:105B600001F10101EAD20A9B0C9D94E60A9A0732E0
:105B700022F00702516852F8084B8E460A9254EA06
:105B8000010276D123F01003002872D000221146C2
:105B900012AA0B92CDE905530B9B424600930023BA
:105BA000CDE903C60191029394E7A54298BF013461
:105BB0007FF674AD4FF48063CDE90A7505EB0802FA
:105BC0001F460D46141B42464B465146202008F105
:105BD0000108D847A045F6D13B460A9F29463878A8
:105BE0000B9D6C1C00283FF470AD002B3FF475AE8C
:105BF000002353E5A542DFD801346EE61968CB0FC8
:105C0000002900F0A88081EAE172A2EBE17212A9FA
:105C10000846DFF888E10B910A930C9501E0202FEC
:105C20000FD01546AEFB0213DB0803EB8301A2EB9A
:105C300041013031092D1A4607F1010700F8011B17
:105C4000EDD80A9B0C9DCDE9055CCDE90173049666
:105C5000D5E6692823F0100C40F08C8013F48062A4
:105C60003FF48EAE88E6002A3FF4A8AE12AA0B924B
:105C7000C0E613F0200F14BF41226122002012A9B8
:105C80000A3ACDE90E68CDE90C35CDF844B00646A8
:105C90008846754693460B91CDF840C003E0202E10
:105CA00017D004460D4629463A460023204603F005
:105CB0008FFDD2B2092A02F1300388BF02EB0B0339
:105CC000BC42DBB275F1000508F8013B06F10106A4
:105CD000E5D23146DDE90C35DDE910CBDDF83C805D
:105CE0000E9E57E70A99096851B923F0100338B19D
:105CF00012A90B91CDE90553CDE903C60192CFE579
:105D000013F0200F14BF4120612012ACA6460B9463
:105D10000A93A0F10A040C9502E0202A12D0294629
:105D2000B1FBFCF50CFB1510C3B2092803F13000E0
:105D30008ABF1B19C3B2DBB261450EF8013B02F109
:105D40000102EAD20A9B0C9DD4E7196881EAE17747
:105D5000A7EBE1772DE6002A3FF459AF12AA0B9288
:105D600071E713F480640DD013F0020412D00446DE
:105D70004646ECE50A276346BC466CE512AB0020BC
:105D80000B939DE613F002037FF4E0AD002D7FF44A
:105D900013AF9AE4002D7FF40DAF96E4CDCCCCCCBC
:105DA00070B594461E4605460C4684B04FF0FF324F
:105DB000634602A900960348CDE90254FFF7FEFAB4
:105DC00004B070BD7D49001010B5094B84B01C684B
:105DD0004CB1034600914FF0FF3203A90548A0479C
:105DE000012004B010BD00F08FF9204604B010BDB2
:105DF000C83200207549001000BEFDE7074A03467F
:105E0000106838B1064903448B428CBF4FF0FF3015
:105E100013607047034908461160F3E7C02E002065
:105E200000000820808B022008B5FFF7E5FF00BFC7
:105E300038B5064C064DFEF7B5F9AC4204D254F81D
:105E4000043B9847AC42FAD338BD00BF50980010CD
:105E50005898001003680846114618472DE9F0418C
:105E60001546427D07468846002A46D0002D1DDD96
:105E70000B780A2B23D0012D4FF0000C18D046468A
:105E8000012416F8012F21460A2A04F1010422D028
:105E9000A542F6D165450BDC08EB050313F8013C80
:105EA000A3F10D03B3FA83F35B093B75BDE8F08101
:105EB0003B68A5EB0C0108EB0C009847ECE7037D71
:105EC000002BD8D1036802210F489847012DE3D059
:105ED0004FF0010CD3E716F8013C0D2BD8D08C45C0
:105EE00008EB0C00A1EB0C0101DA3B68984702219A
:105EF00005483B689847A446CAE7294640463B68A0
:105F0000BDE8F041184700BF90C200100B682DE9B2
:105F1000F041802B0D46064605D05A1C2B442A60C2
:105F20001E71BDE8F0810F4B1C68A4B10E4F01F14A
:105F3000040801E0246974B12368002BFAD03B689F
:105F40000BB1A342F6D1204641462A68FFF786FFEF
:105F50002469002CF0D1002301222B442A601E71F9
:105F6000BDE8F081AC2E0020B82E00202DE9F047CE
:105F700082B00D4691461C460646FDF7CDFD4FF01A
:105F8000FF3C6FF000472E4A821841F10003944510
:105F900077EB03013CBF62463B462A4803F02CFCEA
:105FA0006B1C804640D00CB3274F284B1C68B4B103
:105FB000B9F1000F1CD1DFF89C9001E0246974B1A5
:105FC0002368002BFAD0D9F800300BB19C42F5D1F0
:105FD00020462A463146B8472469002CF0D1B8F152
:105FE000000F26D1284602B0BDE8F087184FDCE745
:105FF0004FF00A0ADFF85C9002E02469002CEED032
:106000002368002BF9D0D9F800300BB1A342F4D1AA
:106010002A4631462046B847012220460DF10701A5
:106020008DF807A0B847E8E7304603F041FA054687
:10603000B9E7044803F0D0FB284602B0BDE8F0877A
:1060400040420F00682500205D5E0010AC2E00204D
:10605000555E0010B82E0020084A136823B90AE0E4
:1060600003F110021B6933B18342F9D129B91869D0
:1060700010601961704701B110607047AC2E0020AC
:1060800000F0DEBAF0B583B006468DF80700FDF7E4
:1060900043FD4FF0FF356FF00044174A821841F17D
:1060A0000003954274EB03013CBF23462A46134884
:1060B00003F0A2FB124B07461C689CB1114D01E096
:1060C00024697CB12368002BFAD02B680BB19C4269
:1060D000F6D1204601220DF10701FFF7BFFE24692A
:1060E000002CEFD117B9304603B0F0BD034803F0E0
:1060F00073FB304603B0F0BD40420F00682500201E
:10610000AC2E0020B82E002038B5044603F0D0F99C
:10611000012305461A4620462946FFF727FF084B6C
:106120001C682CB163682BB198472469002CF9D105
:10613000284638BD2469002CF4D1284638BD00BF5C
:10614000AC2E00202DE9F041A2B004460D46FDF72B
:10615000E3FC4FF0FF376FF00046264ADFF8A480DB
:10616000821841F10003974276EB03013CBF3A46A7
:106170003346214803F040FB00272B4622460646C3
:1061800001A91E480197FFF70BFE019B0546D8F8B1
:106190000040C3B1002C2BD0194F01E0246974B129
:1061A0002368002BFAD03B680BB1A342F6D12046FE
:1061B000019A02A9FFF752FE2469002CF0D10023B6
:1061C000D8F8004001932CB1636843B19847246923
:1061D000002CF9D12EB9284622B0BDE8F0812469FF
:1061E000F1E7054803F0F8FA284622B0BDE8F0814F
:1061F0000194EFE740420F00682500200D5F00107A
:10620000B82E0020AC2E00200FB400B583B004A936
:1062100051F8040B0191FFF795FF03B05DF804EB13
:1062200004B07047704700BF0022014B1A707047DE
:10623000798B02204B79FF2B0BD1887948B9CB7928
:10624000012B07D1082A05D9034B8A7809201A7037
:1062500070470020704700BF798B022001207047F3
:10626000012901D00120704708B5104B91881B7897
:10627000994201D0002008BD5378012B08D0022B91
:10628000F8D1002164220846FDF7C8FE012008BDB0
:106290005188CB0548BF480AC1F3402258BF4FF090
:1062A000FF3001F07F01FDF737FF00BF798B02203F
:1062B000004870475CC30010012907D15378012BB7
:1062C00002D19388072B03D000207047012070472C
:1062D0001146A623014A01F039BA00BFB4C200102A
:1062E0000346012201481A70704700BF94C2001093
:1062F00008B50B68B3F5966F00D008BD00224FF0CB
:10630000FF301146FDF708FF024A034B1060196089
:10631000704700BF482E00204C2E0020184B70B54F
:106320001A68002A28D0EFF3108172B6D2E8CF4F56
:106330000120002CFAD1C2E8440F002CF6D1BFF3A3
:106340005F8F00220F4C186859602270C0E88F2FB1
:1063500081F31088002400250B4E3078FCF7CAFC2E
:1063600020B9002400252046294670BD3078FCF76E
:10637000D1FC2046294670BD4FF47A740025EBE726
:10638000F03200207B8B02207A8B0220014B1878A0
:10639000FCF7C0BC7A8B022038B5044600200D46BD
:1063A00001F004FBA8B3002001F016FB88B3FDF751
:1063B000B3FB4FF0FF3E6FF0004C174A821841F1DB
:1063C000000396457CEB03013CBF724663461348CD
:1063D00003F012FAE8B1002001F0E8FA58B9002100
:1063E0004FF0FF3000F00AFD6FF002040B4803F09D
:1063F000F3F9204638BD002001F0EEFA0028EED077
:1064000021462A46002001F0F1FA04460028EDD189
:10641000EAE76FF00204ECE740420F002C33002063
:1064200008B5FDF779FB4FF0FF3E6FF0004C0F4AC7
:10643000821841F1000396457CEB03013CBF724694
:1064400063460B4803F0D8F970B14FF0FF300021DC
:1064500000F0D4FC002001F011FB0028F5D1BDE8CC
:106460000840034803F0B8B908BD00BF40420F0020
:106470002C3300202DE9F84380460F46FDF74CFBF6
:106480004FF0FF356FF00044334A821841F10003AA
:10649000954274EB03013CBF2A4623462F4803F084
:1064A000ABF908B9BDE8F883002001F07FFA0028B5
:1064B00047D0002F40DD0025DFF8A890284E13E0DC
:1064C0002246002001F020FB002104464FF0FF305F
:1064D00000F094FC002001F0D1FAFDF71DFBC9E9A2
:1064E00000012544AF4227DD002001F02DFB7C1B7D
:1064F0008442A8BF044608EB0501002CE0D12146E8
:106500004FF0FF3000F07AFC204601F0B7FA204649
:1065100001F04CFA80B1204601F016FB0028E1D1D1
:10652000FDF7FAFAD9F80030D9F804209B1942F1A6
:10653000000283428A41D5D20848BDE8F84303F0FF
:106540004BB900200021074BC3E90001BDE8F84327
:10655000024803F041B900BF40420F002C33002035
:1065600020A10700F026002030B5002185B02E487C
:1065700003F046F9F0B92D4B1A68CAB1EFF3108158
:1065800072B6D2E8CF5F0124002DFAD1C2E8454FA0
:10659000002DF6D1BFF35F8F254C1D68227859601E
:1065A000D3B201222270C5E88F0F81F31088CBB1DE
:1065B00005B030BD00214FF0FF3000F01FFC00207F
:1065C00001F00AFA0446184803F006F9002CEFD04F
:1065D000184B1B68002BEBD0174A106805B0BDE8BC
:1065E00030401847FCF7B0FF0446FDF795FA4FF02E
:1065F000FF3C6FF0004510F57A7241F100039445BD
:1066000075EB030138BF2B464FF000014FF0010539
:1066100020460A4C38BF6246CDE901150094FCF7CC
:1066200097FF05B030BD00BF2C330020F0320020B2
:106630007B8B0220482E00204C2E00201D63001072
:106640004FF0504330B585B01C68FCF77DFFFDF777
:1066500091F8A04202D0002005B030BD00212A4BA5
:1066600008461B7801F038FD28480368002B47D006
:106670000120FCF7EDFC0346254C2649C0B22370EF
:10668000FCF764FB20780121FCF71EFB0E20FCF7D1
:106690004DFB40BB204B0125C3E90000FCF754FF34
:1066A0000446FDF739FA4FF0FF3E6FF0004C10F54D
:1066B0007A7241F1000396457CEB03014FF0000133
:1066C0002046164C3CBF72466346CDE90115009446
:1066D000FCF73EFF0028BEDB01211148FFF7BCFCA0
:1066E000012005B030BD0120FCF7AAFA01460A4896
:1066F000FCF70AFD00220E200A49FCF757FBEBE7E6
:10670000FCF7E6FCB4E700BF74C400102C33002093
:106710007A8B022069650010F03200201D630010A2
:10672000CC1F00208D63001000487047F8C3001094
:1067300000487047A4C3001038B5184B04461A78B7
:106740000AB344B940F209424FF44173144D6A80D0
:1067500013482B8038BD052C1DD8124B104D53F813
:10676000241028460023013903E0132B20F8022FC0
:106770000ED011F8012F0133DBB2002AF5D15B00F6
:1067800043F44073E4E71121184600F025F8D8E7F8
:106790004FF44A73DCE7002038BD00BF38330020D7
:1067A000842E00208CC3001000B545F247308BB01A
:1067B000FDF7A6FC01220346092101A89847DDE95F
:1067C0000332044912BA1BBAC1E900230BB05DF8C9
:1067D00004FB00BF18330020012901F1FF3300F052
:1067E000B3805D490A784FEA121C9F2A8CBF0CF1D6
:1067F000370C0CF1300C012B80F800C000F0A780A2
:1068000002F00F02092A8CBF37323032022B42705D
:1068100000F09D804A784FEA121C9F2A8CBF0CF131
:10682000370C0CF1300C032B80F802C000F08F8085
:1068300002F00F02092A8CBF37323032042BC270AB
:1068400000F085808A784FEA121C9F2A8CBF0CF1D9
:10685000370C0CF1300C052B80F804C077D002F017
:106860000F02092A8CBF37323032062B42716ED0AC
:10687000CA784FEA121C9F2A8CBF0CF1370C0CF11E
:10688000300C072B80F806C061D002F00F02092AF5
:106890008CBF37323032082BC27158D00A794FEA98
:1068A000121C9F2A8CBF0CF1370C0CF1300C092BF9
:1068B00080F808C04BD002F00F02092A8CBF373293
:1068C00030320A2B427242D04A794FEA121C9F2A78
:1068D0008CBF0CF1370C0CF1300C0B2B80F80AC07C
:1068E00035D002F00F02092A8CBF373230320C2B20
:1068F000C2722CD08A794FEA121C9F2A8CBF0CF1ED
:10690000370C0CF1300C0D2B80F80CC01FD002F0AE
:106910000F02092A8CBF373230320E2B427316D049
:10692000CA7911099F2A8CBF373130310F2B8173FF
:106930000DD002F00F02092A94BF30323732102BEB
:10694000C27318BF103002D0002303707047184480
:1069500000230370704700BF1833002070B500F0AB
:106960002DF90C234026194CFF22A3670E2018494D
:10697000FCF71CFA32460021164802F0ABFC012558
:10698000002380211348144A4184457006830687FA
:1069900082604360136042F8043C80F8213080F844
:1069A0003B3043620D4B4FF00056C360C362803BE7
:1069B000836202F009FF4FF480320949094B2564D4
:1069C0002846E664C4F89010DA6470BD00001150E7
:1069D000E5100020C82E0020840010500001105047
:1069E00010D001000020115001210E20FCF76CB9DD
:1069F00000220248114600F001B900BFE82E002035
:106A0000044B197021B14FF40032034BC3F89020AE
:106A1000704700BF758B0220002011500B785B0679
:106A200002D14B78052B00D070474B88014ADBB26E
:106A30001360704700001150CB782DE9F04103F04E
:106A4000030EBEF1010FC3F301005BD0002791F8E4
:106A500002C0344C0CF07F025600898806EBDC1330
:106A600004EB43134FEADC15D876C1F30A0185F035
:106A7000010083F802C019835870DF70D3008DBB0A
:106A80002948043304EB821C03EB0008CCF808808F
:106A90001F5082B3254BD2001344CCF80430244B52
:106AA0003F311A6821F03F01BEF1020F08BF4900D3
:106AB000114419601F4B771904EB47179942FA608C
:106AC0002BD82E4404EB4613D97E82F0A04282F4E8
:106AD00080125B6842EA816242F000421A60012043
:106AE000BDE8F081104804EB821C0344CCF8283048
:106AF00040F832704AB900220F4904EB4513D960BF
:106B00005A60ECE70020BDE8F081D20002F1A0421B
:106B100002F58012CCF82420C1E7FDF73DFBFA68AE
:106B2000CFE700BFC82E0020800010500400105096
:106B3000D4320020FF0F10500001105002F044BE6C
:106B40008C4608B5114607481A460CF07F034FEAF9
:106B5000DC1C0CEB430C00EB4C1000F04FF8012058
:106B600008BD00BFC82E002011F07F0205D100290A
:106B70000CBF02200120064B9866C909054B01EBAA
:106B8000420003EB40104FF40062002102F030BEDF
:106B900000201150C82E002011F07F0300D1704753
:106BA000002205485B0003EBD11300EB43106FF4A8
:106BB0000061C27002F01CBEC82E00204FF080524F
:106BC00009480A4908B50A4B02600A609968C94336
:106BD00011F08051FAD14FF48052064802F07AFB4E
:106BE0000922054B5A6708BD0020024000300240D0
:106BF00000000240000010500000115000234FF030
:106C0000010C10B580F81AC08282C382016104466B
:106C100002F0EAFD20B14FF40032074BC3F8902098
:106C2000204602F0F1FD10B10123237710BD20466C
:106C3000BDE8104002F0C4BD002011502DE9F04124
:106C400000241D4E054623463278DFF878801B4F1E
:106C50000DE03B6813EB441324D0DB6828469847CB
:106C600032780134E4B2511CA142234606DBA24231
:106C7000A3EB0203EDD808EB4313EEE75422002107
:106C80000F4802F027FB4FF0FF330D482022041D70
:106C90004360C4E90133E360FF21BDE8F0411430F3
:106CA00002F018BB4FF0E023D3F8F03DDB0700D52E
:106CB00000BEBDE8F08100BF748B02208028002058
:106CC000502A00200CC40010704700BF704700BF5E
:106CD0000020704700207047704700BF704700BF1A
:106CE000704700BF704700BF024B5878003818BF8C
:106CF00001207047502A0020024B1878C0F3800012
:106D0000704700BF502A00202DE9F047DFF8E4A0CB
:106D10009AF80030FF2B56D10E4600293ED00021B4
:106D200054220746294802F0D5FA0022284C294B64
:106D300020461A70FCF7CCF9274B28481C60284CD9
:106D4000FCF7D4F9204601F0ABFD264A264B14602F
:106D500023B12648FFF7C4FA254B18600024234DC1
:106D600023462A78DFF89090DFF884800EE0D8F888
:106D7000003013EB441311D05B687BB198472A783D
:106D80000134E4B2511CA142234611DBA242EED8E9
:106D90009B1A09EB43135B68002BEFD14FF0E02304
:106DA000D3F8F03DDB0700D500BE0020BDE8F0873A
:106DB000314638468AF80070FFF7D0FD0028EDD044
:106DC0003846FFF711FE0120BDE8F087502A002069
:106DD000482A0020768B0220A42A0020F81F0020D9
:106DE000E41F0020A82A0020E1620010748B02201A
:106DF00080280020002000200CC400102DE9F04F56
:106E0000DFF8C8928BB099F80030FF2B00F0F180CA
:106E1000A84CA94DDFF8B0A2DFF8B4B226687369B8
:106E2000EFF3108272B6D3E8CF0F01210028FAD118
:106E3000C3E8401F0028F6D1BFF35F8FB261304630
:106E400007A901F077FB00237269C2E88F3FB3699D
:106E500083F31088002800F0CC809DF81D30013BA2
:106E6000072B00F27D83DFE803F0A7B1959D8E35F7
:106E70000A04089B002BD1D009989847CEE79DF8CB
:106E8000201001F07F0605EB460000EBD11090F8D2
:106E9000343023F0010380F8343090F8343023F09C
:106EA000040380F83430002E00F0A680037D9AF8A9
:106EB0000020934280F09380804A126812EB4313C3
:106EC00000F090809E699DF82120099B9DF81C0090
:106ED000B047A3E79BF80030002B00F083809BF8BD
:106EE0000030013BDBB28BF800309BF8003003F040
:106EF000FF00002B92D1704F9DF81C803B7843F02F
:106F000001033B7097F8343060F3000387F83430A6
:106F100097F8343060F3820387F8343097F83530CF
:106F200060F3000387F8353097F8353060F382035B
:106F300087F8353000F06CFC9DF8203003F06002DB
:106F4000602A6CD0402A7CD003F01F03012B00F094
:106F5000C180022B00F08180002B60D1202A00F03C
:106F6000E981002A5BD19DF82130092B57D8DFE851
:106F700013F0B001A2015600C101560095016B014A
:106F800056006001F4002B78D9077FF547AFFFF773
:106F9000A9FE43E7EB78DA077FF540AF0898FFF7E3
:106FA00095FE3BE72B78D8077FF538AF2878C0F3FC
:106FB000C000FFF795FE31E79DF81C00FFF73EFE8D
:106FC00000F01CFC9DF82030AB7027E79DF81C00FA
:106FD000FFF734FE00F012FCFFF780FE1EE7501CA6
:106FE000984211DA4FF0E023D3F8F03DDC0700D5EA
:106FF00000BE0BB0BDE8F08F099B9DF821209DF8E5
:107000001C0000F019FC09E79B1A2D4A02EB431300
:1070100058E7FFF78DFB0246002840F082814FF0D1
:10702000E023D3F8F03DDE0700D500BE9DF81C003C
:107030000021FFF799FD80219DF81C00FFF794FDCA
:10704000ECE6204800F0E4FB0121404608AAFFF7E7
:1070500033F900287FF4E2AEE8E79DF8241011F040
:10706000700FDCD101F07F0607EB4600164B00EBFA
:10707000D1101B78007D7600019698424FEAD11618
:10708000009659D35E1C8642C0F26681C01A0C4B32
:1070900003EB4016002A00F06381706900F0B8FB32
:1070A00001214046736908AA984700287FF4B6AECC
:1070B000BCE700BFA82A0020502A0020802800201A
:1070C0000CC40010B9620010748B02200020002054
:1070D000768B02209DF824300F2BA7D8AE4A3B4474
:1070E0001B791278934232D3511C99429EDBAB4EEE
:1070F0009B1A06EB4316706900F08AFB012140469B
:10710000736908AA984700287FF488AE9DF820305C
:1071100013F060068AD19DF821300A3B012B85D8F7
:1071200000F076FB9DF821300A2B00F0F2814046FA
:1071300008A900F0F1FA71E6994B1B6803EB4016C1
:10714000002A00F00D81002E3FF470AFA5E7944AAD
:10715000166816EB4316CED168E77B789DF822605F
:107160009E4200F04F817B78002B40F0BE817E7004
:10717000002E00F04581701EC0B2FFF7D9FA034619
:10718000002800F05F814278022A40F05B81C179DB
:1071900003F10906C1F340121201C1F3801142EA62
:1071A00041123146387820F0300002433A705A8854
:1071B000CDF80C809A180192019B8B4240F2A48179
:1071C0004A780B2A00F0AF810123042A40F03A816B
:1071D0000026019A0096521A92B202926E4A0493C5
:1071E00012781DE06E4B1B6813EB461800F02A81E5
:1071F000029AD8F81030039805919847082802465B
:10720000059906F1010303D90298904280F0FF80AE
:10721000DEB2614B00961A78531C9E4200F3128135
:10722000009BB242A3EB0202DCD85C4B03EB42189A
:10723000DEE77B7840468DF81A300DF11A02012303
:1072400008A900F083FAE9E5BDF82200030A013B32
:10725000020AC0B20E2B3FF6E9AE01A151F823F0AD
:107260007574001011730010B17400102D700010AF
:107270002D70001093740010117300102D70001009
:107280002D7000102D7000102D7000102D7000104A
:107290002D7000102D7000106774001008A800F009
:1072A000BDFA40469DF82210FFF7A2FB3B7843F061
:1072B00002033B70B2E5BDF82230012B7FF4B6AE7D
:1072C0003B78404623F0080308A93B7000F024FAFD
:1072D000A4E540463B789A0802F00202C3F340134B
:1072E0001343ADF81A300DF11A02022308A900F079
:1072F0002DFA93E5BDF82230012B7FF497AE3B7851
:10730000404643F0080308A93B7000F005FA85E504
:10731000022A3FF47EAEFFF7DDFC024600283FF470
:1073200085AE4046538808A900F010FA00287FF483
:1073300075AD7BE69DF824300F2B3FF677AE164AED
:107340003B441B79127893421DD2154A166816EBFE
:1073500043167FF4A2AE69E6002A7FF467AE0026EA
:107360009DF8212002F0FD03012B1BD0002A7FF4A1
:1073700056AE019B009A3B44134493F83430404688
:10738000C3F34003ADE7511C9942FFF64FAE034EE5
:107390009B1A06EB431680E6748B02200CC4001087
:1073A00080280020BDF82230B3B9012A99F80000E6
:1073B00000F08680FFF7D8FB019B009A3B44134402
:1073C00093F8342042F0020283F8342093F83420FA
:1073D00042F0010283F83420002E3FF41FAD7069A3
:1073E00000F016FA7369012108AA40469847002068
:1073F00000F00EFA97F83530DF073FF50FAD96E64F
:10740000FFF76CFC404608A900F086F906E5049BEE
:10741000012B00F09E80002B00F08A80002091F864
:10742000028005E08CF804605FFA80FC63457FD938
:1074300008EB000C57FA8CFC9CF804E00130BEF11C
:10744000FF0FEFD04FF0E023D3F8F03DDA0700D57F
:1074500000BE4FF0E023D3F8F03DDB0700D500BEBF
:1074600000237B70E2E5FEF723FF024600287FF44D
:1074700058AFDBE5FFF758F9024600283FF4CFADDF
:107480004046122308A900F061F900287FF4C6AC39
:10749000CCE5FFF71DFC024600283FF4C7AD40468F
:1074A000137808A900F052F900287FF4B7ACBDE5C5
:1074B000BDF82410FFF740F902460028EFD1B5E5EA
:1074C0000293FFF769FB019A009B3A441A4492F831
:1074D0003410029B63F3410182F8341092F83410A7
:1074E00063F3000182F8341076E700214046FFF78D
:1074F00087FA4046FFF722FBBB7840460093FFF730
:107500009DFB009BBB7032E6DDF80C80FFF7E4FBCF
:1075100078E74046012308A90DF11A028DF81A6098
:1075200000F014F97AE40A78CB7811444A784CE6F2
:10753000334610480492029100F076FE0E4B049AF6
:1075400002991B781144009A01339342BFF634AE7E
:1075500078E7D8F810C00948844508BF02235DE7E2
:107560004FF0E023D3F8F03DDB077FF557AC00BECA
:1075700054E400BF642A0020748B0220497C001070
:107580002DE9F84F0A9F002A40D00C461E461546AA
:107590004FF0000ADFF87C90DFF87C8018E020468E
:1075A00098F8021099F800B000F00EFEE0B1214604
:1075B0005846FFF741FAF0B1A2780AF1010AD10961
:1075C00016BF0B9B3A701A702278AA4514441DD03E
:1075D0006278052A0FD1E17801F00301B1420AD1A6
:1075E000A27812F0700FDAD04FF0E023D3F8F03D1C
:1075F000DA0700D500BE4FF0E023D3F8F03DDB07FB
:1076000002D40020BDE8F88F00BEFAE70120BDE8F3
:10761000F88F00BF00200020502A002038B58B785A
:1076200013F0700F08D04FF0E023D3F8F03DDB07E4
:1076300000D500BE002038BD074A084B0C4608465E
:1076400091781D7800F0C0FD0028ECD02146284636
:10765000BDE83840FFF7F0B9502A00200020002094
:107660000B46064A06481168DA09343203F07F03F4
:1076700002EB4303184400F061BD00BFA42A0020C0
:10768000502A00200B46064A06481168DA093432AF
:1076900003F07F0302EB4303184400F079BD00BF01
:1076A000A42A0020502A002010B5194801F07F0CB0
:1076B00000EB4C0000EBD11090F834C01CF0010F2F
:1076C00008D04FF0E023D3F8F03DDA0700D500BE34
:1076D000002010BD00F1300494F804C00D484CF0B7
:1076E000010C007884F804C0FFF72AFA0028F0D1D2
:1076F0004FF0E021227960F300022271227960F3D9
:1077000082022271D1F8F03DDB07E1D500BEDFE750
:10771000502A00200020002030B50B4C8C46A64695
:107720000546086849680023AEE803009CF800108D
:107730002846C943C4E90233BDE830401A4601F087
:107740008001FFF7B1BF00BF102A00202DE9F041F2
:10775000284F4FF00008BE468C4606460868496828
:10776000BA60AEE80300A7F80E801546BCF8062004
:10777000934228BF1346BB819AB11C4633B3DDB197
:1077800097F90030402C28BF4024002B29DB4146CC
:1077900023463046184AFFF787FF68B10120BDE84D
:1077A000F0819CF800101346C943304601F0800177
:1077B000FFF77AFF0028F1D14FF0E023D3F8F03D36
:1077C000DB0700D500BE0020BDE8F0811A463978FD
:1077D00001F0800123463046FFF766FF0028DDD127
:1077E000EAE722462946044801F0ECFD8021024ADE
:1077F000F0E700BF102A0020D02900200022034B10
:10780000C3E90022C3E902221A617047102A00204E
:10781000014B1861704700BF102A002030B40246A7
:10782000044C0025234600685168C4E9025530BC69
:1078300003C37047102A002070B53D4CC909227857
:107840000646B1EBD21F1D4682B017D053B14FF0A0
:10785000E023D3F8F03DDB0702D4002002B070BD76
:1078600000BEFAE72146FFF7D9F823691BB122468B
:10787000032130469847012002B070BD94F90030D2
:10788000002B06DBA0680028E7D02A46294901F032
:1078900099FDE089A168E388284480B229448342A5
:1078A000E081A16016D03F2D14D9A28994F900403F
:1078B000131A9BB2402B28BF4023002C27DB904299
:1078C0004FF0000131D01B4A3046FFF7EDFE002893
:1078D000D1D1BCE7236923B102213046144A98472D
:1078E00060B121780023C94330461A4601F0800177
:1078F000FFF7DAFE0028AAD00120BDE70146304696
:10790000FFF732F980213046FFF72EF9B3E79042B6
:1079100008D01A460748019301F054FD8021054A1A
:10792000019BD1E780210022CEE70A46CCE700BFC9
:10793000102A0020D02900202DE9F0410446FFF74D
:10794000D3F908B9BDE8F081FFF7D6F9054600285C
:10795000F8D1C82304FB03F3124EF718F978002975
:10796000F0D010331E44304600F0D2FD3F28E9D954
:107970002846F978FFF774FE0028E3D0304600F07F
:10798000C7FD3F28F97808D9074A284602EBC412F8
:107990004023BDE8F041FFF787BE2846BDE8F0412F
:1079A000FFF770BE082900208428002010B5044687
:1079B000FFF79AF908B9002010BDFFF79DF90028DC
:1079C000F9D1C822034B02FB0433187900F00100FF
:1079D00010BD00BF08290020C82208B5024B02FBD9
:1079E000003000F07BFD08BD182900202DE9F84388
:1079F0004FF6FF73C8249A4228BF1A4600FB04F4CE
:107A0000DFF8748004F110054544064692B228461A
:107A100000F0DAFD0746FFF767F910B93846BDE810
:107A2000F883FFF769F981460028F7D1A04498F858
:107A30000330002BF2D0284600F06AFD3F28EDD934
:107A4000484698F80310FFF70BFE0028E6D02846BA
:107A500000F05EFD3F2898F8031007D9054A484614
:107A6000402302EBC612FFF71FFED7E74846FFF799
:107A700009FED3E784280020082900202DE9F041E1
:107A80000446FFF731F910B90020BDE8F081FFF797
:107A900033F905460028F7D1C82604FB06F6DFF8BF
:107AA000648006F124074744384600F017FD00289B
:107AB000EAD0B044284698F80210FFF7D1FD00281C
:107AC000E2D00F4E384606EBC4163146402200F095
:107AD0007BFD98F80210044668B1034632462846FA
:107AE000FFF7E2FD50B94FF0E023D3F8F03DDB079C
:107AF000CAD500BEC8E7FFF7C5FDC5E72046C4E705
:107B0000C42800200829002038B54FF6FF75C82387
:107B1000AA4228BF2A460B4C92B203FB00440546FA
:107B2000204600F00FFE034620461C4600F0D6FC1F
:107B30003F2801D8204638BD2846FFF79FFF204642
:107B400038BD00BF2C290020C82208B5024B02FB1B
:107B5000003000F0DDFC08BD2C290020F0B5002429
:107B600083B0C8220021174801F0B4FBFF234FF473
:107B7000E13108221448047012480094074643710A
:107B80008160827300F1380101234022103000F03F
:107B900075FC0123402207F17801009307F1B80634
:107BA00007F1240000F06AFC07F1C0053046FBF73E
:107BB0008FFA2846FBF78CFAC7E90746C7E90C5449
:107BC00003B0F0BD08290020042900200A4A116BE7
:107BD000136A61B13BB10023C2E90C33D3610023C6
:107BE0001362012070470120C2E90C337047002B5B
:107BF000F7D0D161F3E700BF08290020002210B5BB
:107C00000E4C0F48237802600271DA0707D59B07F4
:107C10000BD5BDE8104001210A4800F05DBE1030D0
:107C200000F03EFE23789B07F3D4064800F038FEB0
:107C3000BDE810400121034800F04EBE0429002099
:107C4000082900202C290020F0B54B7983B0022BA5
:107C500002D18B79022B03D00025284603B0F0BD5A
:107C6000274FBB783BB14FF0E023D3F8F03DDB0763
:107C7000F2D500BEF0E78B7806463B700B78CC1847
:107C80006178242908BF092507D036E023781C44F1
:107C900061782B4424299DB207D1AA42F6D2002054
:107CA000FFF74AFE284603B0F0BD0B46052916D063
:107CB000042BF4D163790A2BF1D1124B277801936D
:107CC00001330093022330461A46E119FFF758FCAE
:107CD0000028C8D00E3517FA85F5ADB2DFE721468A
:107CE0003046FFF79BFC0028BDD0A3787B7023783B
:107CF0005A191C44637895B2DAE70B460925D5E793
:107D0000082900200A290020137803F06003202BA3
:107D100008D170B5264C938894F800C09C4503D0D8
:107D2000002070BD002070475378203B032BF7D80C
:107D3000DFE803F027230D0201292ED003291ED1ED
:107D40001C4BE3B100205188AFF3008017E00129FC
:107D500023D0032913D15588174805F0010686F072
:107D60000101257100F0B8FD144B43B131460020EC
:107D7000C5F34002AFF3008001E0012911D00120DA
:107D800070BD01290DD00329F9D10D4B002BF6D080
:107D900000200C49FEF7ACFAF1E71146FFF7BCFCF6
:107DA000EDE711460723074AFFF7D0FCE7E700BFDE
:107DB00008290020000000002C29002000000000FD
:107DC000F1620010102900202DE9F843354E0C46D1
:107DD000F27807468A421D463DD0B3788B4212D0D6
:107DE0004FF0E023D3F8F03DDB0732D40020BDE8AC
:107DF000F8832D4B23B12D4800F080FB00284DD097
:107E00000020FFF799FDB378A34201D00120EEE7EF
:107E1000274B13B10020AFF300800020FFF72EFEA8
:107E20000028F3D1234800F059FB0028EED1002DA3
:107E3000ECD015F03F05E9D13846B178FFF710FCDA
:107E40000028E3D02B462A463846B178FFF72CFCB1
:107E5000DCE700BECAE79AB2174906F1100000F04D
:107E600071FC164B002BC4D07379FF2BC1D0002DB1
:107E7000BFD0DFF8448008EB050902E0C845B8D060
:107E8000737918F8012B9A42F8D1084800F036FBB4
:107E90000028F3D17179AFF30080EFE7AFF30080F2
:107EA000AEE700BF082900200000000018290020CC
:107EB000000000002C290020842800200000000081
:107EC000F0B54FF4137285B00021124801F002FAA8
:107ED000402600234FF480750E4F0F4C07F5A67215
:107EE0001946CDE90246009201951A4607F59470AD
:107EF00000F0C6F90023384607F128013444009108
:107F000001221946CDE902460195043000F0B8F986
:107F100005B0F0BDF82B0020782B002008B50548EF
:107F200000F0DAF9034BA3F5927000F0D5F90120C7
:107F300008BD00BF202D002038B50025064C04F5F3
:107F40009870257000F0ACFC04F10C0000F0A8FC67
:107F500084F82951657138BDF82B00202DE9F843CC
:107F60004B79FF2B51D1354E96F82931002B4CD14E
:107F700096F80580B8F1000F47D18B780C783370F4
:107F80000B790F460C44ABB38146A51803E0A5421C
:107F900030D923781C446378052BF8D1AC4229D220
:107FA00021464846FFF73AFB40B3A378DB092FD1BF
:107FB000234800F075FCA37896F8282186F829312B
:107FC000A3884846C3F30A03A3F50073B3FA83F307
:107FD0005B0963F341021B4986F8282100F0EAF9A6
:107FE00060B123783A7908F101081C445FFA88F3FC
:107FF0009A42D0D8E11B88B2BDE8F8834FF0E02365
:10800000D3F8F03DDB0700D500BE0020BDE8F883C3
:108010000D4800F045FCA37832797371A3880B49B1
:10802000C3F30A03A3F50073B3FA83F35B0963F3A5
:1080300041020020327100F085F9D2E7F82B0020D0
:10804000282D0020202D0020042C0020FC2B0020B7
:1080500070B51B4C064694F829C11D468C4511D0BD
:1080600063798B4201D0002070BD164B1BB10020FC
:10807000A9B2AFF300803046134900F063F9C8B1EC
:10808000012070BDB4F8343163B9104B23B1002026
:108090000F49AAB2AFF3008030460E4900F08AF9CA
:1080A0000120EEE7D4F82C11AAB204F5987000F084
:1080B00049FBEAE72A463046034900F00FF9DFE7BB
:1080C000F82B002000000000FC2B00200000000026
:1080D000782B0020202D002010B582B0C9B10128D6
:1080E0000CD80B7853B1144C012B235402D001202F
:1080F00002B010BDFEF708FE0028F8D14FF0E023D3
:10810000D3F8F03DDB0702D4002002B010BD00BE62
:10811000FAE70124084601A9ADF80440FEF7F4FD92
:1081200038B94FF0E023D3F8F03DDA07EDD500BEC3
:10813000EBE7014B1C70E8E7442A0020F8B5037810
:1081400013F001041AD1037805465A07C3F38007D8
:1081500001D52046F8BD0E464FF0FF31304601F004
:108160002BFB2B7813F001040BD12B785B0709D480
:108170002B78012443F004032B7003E000242046F5
:10818000F8BD3C46304601F027FB2046F8BD00BF55
:1081900070B50C4605464FF0FF31204601F00CFB50
:1081A0002B78C3F380065B0708D52B7813F0010307
:1081B00011BF00262A7863F382022A70204601F05C
:1081C0000BFB304670BD00BFC378828803F003000C
:1081D0000228C2F30A0215D003280AD001281CD1B4
:1081E000022940F2FF3308BF4FF4806393420DD35E
:1081F0007047022914BF40234FF48063934205D394
:108200000120704702290AD0402AF9D94FF0E02313
:10821000D3F8F03DDB0700D500BE00207047B2F573
:10822000007FEDD0F2E700BF0A44914226D291F8D8
:1082300001C0BCF1050F05D091F800C061448A422D
:10824000F5D8704700B591F802C00CF07F0E00EB36
:108250004E0E4FEADC1C0EF80C3091F800C0614461
:108260008A4209D991F801C0BCF1050FEBD091F811
:1082700000C061448A42F5D85DF804FB704700BF36
:108280002DE9F0418E4682B0009390F800C0089E20
:10829000BDF824706EF3000C0446154601233146E8
:1082A0003A4600F808CBBDF82C8000F0E7F806B19C
:1082B0003FB901200A9BA4F80280636002B0BDE8C8
:1082C000F08104F11C063046FAF702FF0DB1354685
:1082D0000026C4E90556ECE701207047F8B50746CB
:1082E000084640F2FF13154610F8082B0C4612F012
:1082F000020F0CBF3F261E4600F0F0F828B925B14A
:108300002E4202D12378DA0701D50020F8BD384685
:108310006178FFF7A5F90028F7D0237813F001035F
:1083200007D04FF0E023D3F8F03DDB07EDD500BEDA
:10833000EBE71A4638466178FFF7B6F90028F0D027
:10834000F8BD00BF70B501F10805064628460C4689
:1083500000F0C4F810B12378DA0701D5002070BD11
:1083600030466178FFF77CF90028F7D0284662880C
:10837000616800F029F92378054603F0010340B154
:1083800073B14FF0E023D3F8F03DDB07E6D500BE34
:10839000E4E7002BE2D130466178FFF773F9DDE7BF
:1083A0000346626830466178FFF77EF90028E8D01E
:1083B000284670BD8A892DE9F0410B780C460646A7
:1083C00022B9DD0734D50020BDE8F08104F10807AB
:1083D0009907384647BF4FF47E484FF400754FF673
:1083E000C078402500F094F88542ECD82378DA076D
:1083F000E9D430466178FFF733F90028E3D03846F6
:1084000000F086F82378854203F001032DD8BBB92C
:10841000658808EA0008454528BF454661785DB390
:1084200062682B463046FFF73FF948B12846CBE754
:108430004978FFF715F90028C5D02378D80707D564
:108440004FF0E023D3F8F03DDB07BCD500BEBAE720
:10845000638861783BB162683046FFF725F90028F0
:10846000EED06088B0E71A46F6E7002BABD1304675
:108470006178FFF707F9A6E72A46D2E72DE9F04130
:10848000B2F5004F9DF8188024D80446C0681746FE
:108490000E461D4618B14FF0FF3101F08DF92069ED
:1084A00018B14FF0FF3101F087F90022C5F30E0338
:1084B000E06843EAC83362812660A780E3802281B6
:1084C00008B101F089F9206908B101F085F90120AE
:1084D000BDE8F0810020BDE8F08100BF038942893A
:1084E0009BB292B28088934236BFC2EB40029B1A85
:1084F0009B189BB2984228BF18467047028943894F
:1085000090B29BB2C01AB0FA80F04009704700BF29
:10851000038942899BB2808892B2934236BFC2EBF4
:1085200040029B1A9B189BB2984286BFC01A80B229
:108530000020704738B5044600690D4618B14FF069
:10854000FF3101F039F92189638989B29BB2A28890
:10855000994236BFC3EB4200C81A401880B250B3EC
:10856000824209D291422CBF891A89188BB29A4251
:10857000638103D89B1A9BB29A42FBD9E288216897
:10858000C2F30E0202FB0311284600F01BFF6189B3
:10859000012589B24B1C9BB29942A2880ED90023B7
:1085A00002FA05F15B1A9BB22069638108B101F000
:1085B00013F9284638BD054663899BB2B3EB420FD9
:1085C0004FEA4201F0DBEDE72DE9F047064600698E
:1085D0008846914618B14FF0FF3101F0EDF833892C
:1085E00074899BB2A4B2B588A34236BFC4EB4507D9
:1085F0001F1BFF18BFB2002F4AD0BD4240D3B94560
:1086000028BFB946A5421FFA89F703D8641BA4B254
:10861000A542FBD9B6F806A02B1B31689BB2CAF362
:108620000E029F42924602FB041123D913FB02F370
:108630001FFA83F94A4640467D1B00F0C3FE6219CB
:1086400012FB0AF2316808EB090092B200F0BAFEA0
:108650007289B58892B2D3199BB29A421AD96A002C
:108660009B1A9BB23069738108B101F0B5F83846A6
:10867000BDE8F087404607FB02F200F0A3FEE7E703
:10868000AB422CBF5B1B5B199CB22F467481B6E7D3
:1086900073899BB2B3EB450F4FEA4502E2DBDFE79C
:1086A000F8B50446C0680E4618B14FF0FF3101F02E
:1086B00083F82589238961899BB289B2A2888B427C
:1086C00036BFC1EB42015B1A5B189BB29A42ADB256
:1086D00008D8E779FF0905D1E06808B101F07CF816
:1086E0003846F8BD954228BF2B4618D39B1A9BB23B
:1086F0009342FBD2E2882068C2F30E0202FB030021
:10870000314600F05FFE6B1C9BB29D42A28812D9DD
:10871000002351005B1A9BB201272381DCE7E2882A
:108720002068C2F30E0205FB0200314600F04AFE4B
:108730000135A288ABB2B3EB420F4FEA4201EBDB4B
:10874000E8E700BF2DE9F04F174683B0002A75D047
:108750000646C068894618B14FF0FF3101F02CF889
:10876000F379B6F808807289DB09B5881FFA88F8B2
:1087700092B23CD1904536BFC2EB4502A8EB020253
:10878000424492B2AA425ED2AA1A92B2BA4228BF18
:108790003A46B6F806B097B27B1B08EB070ACBF354
:1087A0000E0B9BB21FFA8AFAA845444603D3641BFA
:1087B000A4B2AC42FBD22D1B3068ADB2BD420BFB64
:1087C000040057D349460BFB07F200F0FBFDB288CB
:1087D000D0454FEA420302D8BAEB420F03DBAAEBC3
:1087E00003031FFA83FA3D46A6F808A02CE0B6F86A
:1087F00006B0AF42CBF30E0B2FD2904536BFC2EB83
:108800004501A8EB0201414489B2680039447B1B51
:1088100081429BB20DDB02EB050A1FFA8AFAAAEB32
:1088200007081FFA88F8424537D9A8EB00001FFA5D
:1088300080F807EB080A1FFA8AFAB5E715462846BA
:1088400003B0BDE8F08F0025F0680028F7D000F0F5
:10885000C3FF284603B0BDE8F08F002DF4D07F1B86
:1088600002EB050A0BFB079990462F4600231FFADF
:108870008AFA99E715FB0BF5ADB22A4649460193F2
:1088800000F0A0FD019B3068E21812FB0BF209EB2F
:10889000050192B200F096FD99E7404584DCC4E7FB
:1088A00010B50446C06818B14FF0FF3100F084FFE6
:1088B000206918B14FF0FF3100F07EFF0023E0681F
:1088C0006381238108B100F087FF206908B100F0BF
:1088D00083FF012010BD00BF38B50446C0680D46B7
:1088E00018B14FF0FF3100F067FF206918B14FF069
:1088F000FF3100F061FFE379E06865F3C713E371CE
:1089000008B100F069FF206908B100F065FF01209F
:1089100038BD00BF00F12F4000F56000030D022BB1
:108920000DD0012B05D0094A094801EB8301FAF764
:108930000FB9084A064801EB8301FAF709B9064A5C
:10894000034801EB8301FAF703B900BF549B001001
:10895000582E0020949B0010709B00102DE9F047CA
:108960000F460546FAF7D8F8012297F804A097F9C0
:1089700005C005F12F4EDFF8D4800EF5600E02FA27
:108980000AF24FEA1E5EBCF1000F58F82E6002F1A9
:10899000FF32CAF1200435DBA44503DC02FA0CF3F4
:1089A000334206D04FF0FF34FAF7C8F82046BDE84E
:1089B000F087D5F86831F979002B41D14B0731D4D4
:1089C000644602FA0CF2164233D13968BAF1000F4C
:1089D00010D0674601EB4A0A31F8023B07F1120951
:1089E000B3F5005F38BF6344514507F1010745F80F
:1089F0002930F1D1324348F82E20FAF79FF820466B
:108A0000BDE8F087002C02DA13E0013C11D302FA32
:108A100004F33342A446F8D1D5F86811FB7991B933
:108A20005B07CED56FF00A04FAF788F82046BDE858
:108A3000F0876FF00804FAF781F82046BDE8F08768
:108A4000C907BDD5EEE7D907BBD5EBE76C2B0020F6
:108A500010B50446FAF760F8002304F12F420849E4
:108A600002F56002120D41F8223003F1120244F8BF
:108A700022300133202BF8D1BDE81040FAF75EB860
:108A80006C2B00202DE9F0474FF4003501EB410637
:108A900000EBC60404F5435400EBC606D6F8DCA090
:108AA0004FEA4108D6F8CC90E560BBB14EF28007A2
:108AB00093FAA3FCBCFA8CFC22FA0CF503F1FF3EFE
:108AC0004FEA4C1C05F001054CF080643D4313EA6D
:108AD0000E03C6F8DC40C6F8D850E9D1884400EB54
:108AE000C800C0F8DCA0C0F8CC90BDE8F08700BF9B
:108AF0002DE9F041D0F868419DF81860121B1F2A3B
:108B000038D84EF29F044EF280054FF4003801EB46
:108B1000410C002E18BF254600EBCC0404F543544D
:108B200000EBCC0C052BDCF8DC704FEA410EDCF8D6
:108B3000CC60C4F80C800CD95401053B44F0A0541F
:108B40000532052BCCF8DC4002F01F02CCF8D850DF
:108B5000F2D8714400EBC1010020520142EA836364
:108B6000C1F8DC30C1F8D850C1F8DC70C1F8CC6075
:108B7000BDE8F0816FF00400FAE700BFF0B5012511
:108B800004688D4024EA05040460B3B3D3E90156B8
:108B90001F68DC6801EB410300EBC303C3F8C87036
:108BA0004FEA410CC3F8D060C3F8CC50C3F8DC40A6
:108BB0000CEB01034FF0013500EBC30C4FF0004606
:108BC00000EBC30E01230EF5865E0C1D01F10807B4
:108BD0008D40CEF8106003FA04F4CEF8106002F075
:108BE0001F028560BB4000F5005004600EF1100EBE
:108BF00003600020CCF8D820F0BD4FF480374FF44C
:108C000040264FF4F83501EB410400EBC404C4F8EE
:108C1000C8704FEA410CC4F8D060C4F8CC50C4F816
:108C2000DC30C5E710B5054C82B001460F230022A9
:108C300000940348F9F7B8FF02B010BDB89B0010CC
:108C40005C8B022003BD00BF10B50446FBF7BAFAE7
:108C50002346BDE810401847F0B5054687B01920F7
:108C600017460E46FAF746F8002104461920FAF78F
:108C70002BF80021CDE90465039700260027012287
:108C80004FF050438C46CDE900670292A9B11A6DAE
:108C90009507FCD5596540BF1A6DD00703D420BF96
:108CA0001A6DD207FBD59A6D8A420BD04FF0000C9B
:108CB0000DEB8C021168E9E79A6D1A6DD607FBD4AB
:108CC00040BFE4E70CF1010CBCF1060FF0D12146E6
:108CD000192007B0BDE8F040F9F7F6BF0C4B0D4A7C
:108CE00093420ED39C4603F2F4710B4A9268CCF87F
:108CF000F4070A48CCF8F837CCF8FC070848FFF727
:108D0000ABBF4FF0FF3340F2F3719C46EDE700BF7D
:108D1000000808200000082000ED00E0498C001049
:108D2000458C0010024B0146186800F00BB800BFDC
:108D300018240020024B0146186800F043BC00BF15
:108D40001824002001F10B03162B2DE9F04F0746E4
:108D500083B023D8102900F2AF8000F0AFFA1025BD
:108D600018230220BA4E33445C68A3F108029442EF
:108D700000F056816368384623F00303D4E90212F9
:108D80002344CA6091605A68083442F001025A6074
:108D900000F09AFA204603B0BDE8F08F002B23F0D4
:108DA0000705C0F28980A94200F2868000F086FAA9
:108DB000B5F5FC7FC0F07B826B0A00F08480042B49
:108DC00000F26281AB0903F1390003F1380EC300F0
:108DD0009F4E3344A3F1080C5C68A44507D10DE015
:108DE000002AE16880F216818C450C4606D0636843
:108DF00023F003035A1B0F2AF2DD7046DFF8688266
:108E00003469444500F0F280636823F0030CACEB56
:108E100005030F2B00F37481002BC6E9048880F250
:108E20006381BCF5007FD6F804E080F0FF804FEA54
:108E3000DC0301224FEA5C1C013302FA0CF256F803
:108E400033104EEA020E06EBC302083AC6F804E0FD
:108E5000C4E9021246F83340CC6083104FF0010C95
:108E60000CFA03FCF44534D81CEA0E0F07D120F0AD
:108E700003004FEA4C0C04301CEA0E0FF9D006EB4D
:108E8000C00A8146D646DEF80C300BE05A681C4614
:108E9000DB6822F00302511B0F2900F30181002936
:108EA00080F215819E45F1D109F101090EF1080EFC
:108EB00019F0030FE7D158E10C233B600024204652
:108EC00003B0BDE8F08F4FF4007340204FF03F0E29
:108ED0007EE7B468636823F00309A945A9EB05039D
:108EE00002D30F2B00F385805A4B08201B6803F137
:108EF000100804EB0903009300F056FA564AA84400
:108F000083461368013305D008F1FF38434280449B
:108F100003EA08084146384600F02AFAB0F1FF3F5C
:108F200082464D4A00F0078104EB0903834200F2B8
:108F300000814A4B0BF1FF3C18684044186000F078
:108F400064811168013100F06C8104EB0902AAEB25
:108F5000020202441A601AF00702CDE9002300F071
:108F60002781C2F10802384692445A44D04408EAA4
:108F70000C01521A02EA0C0B594600F0F9F9421C96
:108F8000019B00F06A81A0EB0A0000EB0B08186857
:108F900048F00102B442C6F808A05844CAF80420B8
:108FA000186017D0B9F10F0F40F23E816168A9F146
:108FB0000C024FF0050C22F0070201F001011143F1
:108FC0000F2A616004EB0201C1E901CC00F24D817E
:108FD000DAF80420224B54461968814238BF1860E1
:108FE000204B1968814238BF1860A6E0D6F804E02B
:108FF00033E7621945F0010543F00103083444F8F2
:10900000045C3846B260536000F05EF9204603B05D
:10901000BDE8F08FA26823443846D1608A60B2E68A
:10902000DC68A3427FF4A6AE0230E7E6BCF5206F11
:109030004FEA5C2276D3142A00F2CD8002F15C0361
:109040005B32DB00F118F3580839994211D1A5E0E1
:109050001020002044270020042000201427002096
:109060003C27002040270020182000209B689942C0
:1090700004D05A6822F003026245F7D8D968C4E9DF
:1090800002318C60DC60E8E6142B63D9542B00F2CB
:10909000AB802B0B03F16F0003F16E0EC30097E65C
:1090A000D4F808C03846671945F001056560CCF86A
:1090B0000C30C3F808C041F00103C6E90477C7E9E2
:1090C00002887B60A150083400F0FEF8F7E62244E5
:1090D0003846516841F00101516054F8082FD360BF
:1090E0009A6000F0F1F8EAE6A44438460834DCF867
:1090F000043043F00103CCF8043000F0E5F8DEE67C
:10910000621943F0010145F0010538466560C6E982
:109110000422C2E90288516044F80C30083400F09F
:10912000D3F8CCE64FEA9C1202F139033832DB0067
:1091300088E7B44262D0B468626822F00308A845A8
:10914000A8EB050302D30F2B3FF753AF384600F0CF
:10915000BBF8B3E603F15C0003F15B0EC30037E636
:109160005AF80839534540F0A08010F0030F00F181
:10917000FF30F5D1736823EA0C0373604FEA4C0C9F
:109180000CF1FF329A4204D3A3E64FEA4C0C09F1EA
:1091900004091CEA030FF8D0484670E692104FF01D
:1091A000010C0CFA02F24EEA020EC6F804E066E781
:1091B0000AEB0802384602EA0C02ABEB020B0BEAA0
:1091C0000C0B594600F0D4F8431C019B7FF4DBAE36
:1091D000DDF800B0DBE6542A2AD84FEA1C3202F14F
:1091E0006F036E32DB002DE7B3F5AA7F2AD8EB0BB5
:1091F00003F1780003F1770EC300E9E52E4B0BF184
:10920000FF3C1868404418609BE61AEA0C0F7FF494
:1092100098AEC844D6F808A048F00102CAF8042065
:10922000D8E6C2F800A096E60123CAF804308DE71C
:10923000B2F5AA7F24D84FEADC3202F17803773204
:10924000DB00FFE640F25452934224D8AB0C03F10A
:109250007D0003F17C0EC300BAE5009A4FF0000BCD
:10926000083A9044A8EB0A0891E6384604F1080150
:10927000009300F0A7F9009BD6F808A01868A7E6AD
:1092800040F254539A420CD84FEA9C4202F17D03BB
:109290007C32DB00D6E64FF47E737F204FF07E0EEB
:1092A00096E54FF47E737E22CCE6736866E7E808A5
:1092B00005F1080356E500BF14270020014800F01F
:1092C0006FB800BF10270020014800F06BB800BF46
:1092D00010270020830730B546D08418844604E068
:1092E00003F8011B9D0704D09C46A4456346F7D1B3
:1092F00030BD013A0244A2EB0C02032A29D9CCB2B8
:109300000F2A04EB042404EB04442FD9A2F1100C1F
:1093100003F110052CF00F0CAC44C3E90044C3E981
:10932000024410336345F8D112F00C0F02F00F0E17
:1093300018D02EF0030CAEF104051A469C4442F8F6
:10934000044B6245FBD125F0030404330EF0030205
:109350002344002ACCD0C9B21A4403F8011B93421B
:10936000FBD130BD7246F4E70346C6E79646E0E718
:1093700038B50022064D044608462A60FCF73EFD3B
:10938000431C00D038BD2B68002BFBD0236038BDB8
:10939000B42E0020014B1868704700BF182400202D
:1093A000704700BF704700BF082802D14FF48050BB
:1093B000704708B5FFF7EEFF162203464FF0FF3067
:1093C0001A6008BD844641EA000313F0030349D143
:1093D000403A23D30B6803604B6843608B6883601B
:1093E000CB68C3600B6903614B6943618B6983611F
:1093F000CB69C3610B6A03624B6A43628B6A836207
:10940000CB6AC3620B6B03634B6B43638B6B8363EE
:10941000CB6BC36340304031403ADBD230320BD3A8
:109420000B6803604B6843608B688360CB68C360E4
:1094300010301031103AF3D20C3205D351F8043BFE
:1094400040F8043B043AF9D2043208D0D2071CBFDA
:1094500011F8013B00F8013B01D30B880380604603
:10946000704700BF082A13D38B07B1D010F0030355
:10947000AED0C3F10403D21ADB071CBF11F8013BC5
:1094800000F8013BA4D331F8023B20F8023B9FE7F0
:10949000043AD9D3013A11F8013B00F8013BF9D263
:1094A0000B7803704B7843708B78837060467047FD
:1094B00020F0030110F00300C0F1000051F8043B5C
:1094C00000F1040C4FEACC0C6FF000021CBF22FA32
:1094D0000CF213434FF0010C4CEA0C2C4CEA0C4CF0
:1094E000A3EB0C0222EA030212EACC1204BF51F8E9
:1094F000043B0430F4D0C2F1000102EA0102B2FAE6
:1095000082F2C2F11F0200EBD20070472DE9F8434E
:109510000646DFF8AC8008208946FFF745FF054680
:109520003046FFF7CBFED8F808305F6827F0030716
:10953000A7F11104A4EB09042C44B4FBF5F4013C9D
:1095400005FB04F4A54208DC00213046FFF710FFBC
:10955000D8F808303B44984205D03046FFF7B4FEB7
:109560000020BDE8F88361423046FFF701FF01307B
:109570000FD03F1B104AD8F80830304647F001079B
:109580005F6013681B1B1360FFF79EFE0120BDE8A0
:10959000F88300213046FFF7EBFED8F80820831A45
:1095A0000F2BDADD43F0010303495360034B1B68C3
:1095B000C01A0860D1E700BF142700200420002053
:1095C0001020002000295AD0F8B50C460746FFF7B6
:1095D00075FE734D54F804CCA4F10802A8682CF071
:1095E00001030CF0010ED1184E68884226F00306E4
:1095F0007CD088194E60406800F00100BEF1000F79
:109600002ED154F8084C05F1080C121B2344946821
:10961000644560D0D2F80CE0C4F80CE0CEF8084005
:1096200000287DD043F0010050600B60B3F5007F4F
:109630002ED25809D90801238340686801310343B9
:1096400055F831006B6005EBC103083BC2E902032A
:1096500045F83120C2603846BDE8F840FFF734BE17
:1096600070B9334405F1080C886843F00104604583
:109670006ED0C968C16088605460D350D6E7704727
:109680004CF00101B3F5007F44F8041CD350D0D353
:10969000B3F5206F4FEA532144D2990901F1390003
:1096A00001F13804C100681869580838884203D1AC
:1096B00055E08968884204D04C6824F003049C4239
:1096C000F7D8C868C2E9021082603846CA60BDE8AF
:1096D000F840FFF7F9BD80BB1E44D1E90213CB600F
:1096E000996046F0010353609651B4E71E44BEF101
:1096F000000F07D154F8083CD21A1E44D2E90213D5
:10970000CB60996046F001035360264BAA601B684A
:10971000B342A0D8244B38461968FFF7F7FE9AE702
:109720003344A1E714290DD954291FD8190B01F18D
:109730006F0001F16E04C100B5E743F00100506015
:109740000B6088E701F15C0001F15B04C100AAE74E
:10975000C5E90422C2E902CC5460D3507BE7A410CF
:109760000123A3406C6823436B60ABE7B1F5AA7F8C
:1097700006D8D90B01F1780001F17704C10092E716
:1097800040F25450814206D8990C01F17D0001F15C
:109790007C04C10087E74FF47E717E2483E700BF1D
:1097A000102000200820002044270020F8B500BF2A
:1097B0005FF800F0110100205FF800F07D0F00203D
:1097C0005FF800F0551800205FF800F0F10F00205E
:1097D0005FF800F0191B00205FF800F0B50F0020C3
:1097E0005FF800F0D90D00205FF800F0B5170020F9
:1097F0005FF800F0111800205FF800F0150F00204E
:109800005FF800F0590E00205FF800F0DD1700202F
:1098100071420010E541001019420010054300108C
:10982000514200104941001099420010354100108A
:10983000853000109D420010493400109541001001
:109840008542001035420010612C0010892C001058
:08985000A967001011020010CD
:109858004F72696F6E20567069636F322076676148
:109868003331326B2020205647412042494F532044
:10987800565250323335300A000000005665727374
:10988800696F6E20312E322E32352E31362E303021
:1098980052410A00436F70797269676874202843DF
:1098A80029203230323620706473696C7661286101
:1098B8006B612070676F7264616F292E0A56312EB2
:1098C8003220567069636F327667613331326B0AC2
:1098D80000000000436F707972696768742028433C
:1098E80029203230323620706473696C76612861C1
:1098F8006B612070676F7264616F292E56312E324A
:1099080020567069636F327667613331326B202D70
:10991800323632300A0000007365745F7379735F02
:10992800636C6F636B5F6B687A206F6B3D25640AAD
:10993800000000007379735F636C6B207265616C63
:10994800203D20256C7520487A0A000053797374ED
:10995800656D20636C6F636B206F66202575206BC7
:10996800487A2063616E6E6F742062652065786145
:1099780063746C79206163686965766564000000CA
:1099880067726170686F7320494E494349414C4979
:109998005A45440A00000000466F6E74203878313A
:1099A80038000000466F6E742038783136000000A9
:1099B800466F6E742038783134000000466F6E743C
:1099C80020387831320000000A2A2A2A2050414ED5
:1099D8004943202A2A2A0A000A0000004E6F2073F1
:1099E80070696E6C6F636B7320617265206176615C
:1099F800696C61626C6500004E6F2075736572203A
:109A0800495251732061726520617661696C6162A7
:109A18006C650000486172647761726520616C61F1
:109A2800726D20256420616C726561647920636CB5
:109A380061696D6564000000486172642061737338
:109A4800657274004F7574206F66206D656D6F7256
:109A58007900000052656C6561736500626F6F7410
:109A6800325F77323571303830000000302E3100E7
:109A7800322E322E300000007069636F3200000011
:109A88007667615069636F32000000004175672096
:109A98003131203230323600666E692B000000000A
:109AA800666E69006E616E00666E692D00000000CA
:109AB80055534220737464696E202F207374646F49
:109AC8007574000052617370626572727920506912
:109AD800000000005069636F00000000426F61726F
:109AE800642043444300000052657365740000001D
:109AF800556E68616E646C656420495251203078F7
:109B080025780A0065702025303258207761732047
:109B1800616C726561647920617661696C61626CFF
:109B28006500000043616E277420636F6E74696E70
:109B380075652078666572206F6E20696E61637442
:109B480069766520657020253032580050494F20CD
:109B58003020534D20256420616C72656164792042
:109B6800636C61696D65640050494F203220534D24
:109B780020282564202D20382920616C72656164B5
:109B88007920636C61696D656400000050494F205D
:109B98003120534D20282564202D20342920616C44
:109BA800726561647920636C61696D6564000000A9
:109BB8004E6F20444D41206368616E6E656C732062
:109BC80061726520617661696C61626C6500000094
:109BD800E09B001018FF010201E01520CA0020E0F8
:109BE800224042BF0E40A08000E0120021E0224047
:109BF8000E40A08062A0086042B000E042AF95200D
:109C080001E0E3A067A081E0189C001009FF0100B3
:109C1800A08047A000E022A0C123A08004650463BF
:109C280045000000349C00100EFF0100A08027A012
:109C3800C02001C0420049E0C020860000E0C020EA
:109C4800C0205FE0C0388C00589C001007FF01005E
:109C5800A08027A0420000FF01FF01E500C100002D
:109C6800709C001009FF0100A08047A000E022A01E
:109C7800C123A080046C0467450000008C9C001080
:109C88000EFF0100A08027A0C02001C0420049E0CB
:109C9800C020860000E0C020C0205FE0C0388C00F3
:109CA800B09C001007FF0100A08027A0420000FF21
:109CB80000FF01EC00C10000303132333435363753
:109CC8003839414243444546000000000000000086
:109CD800003E5B4F5B3E3E6B4F6B3E1C3E7C3E1C2A
:109CE800183C7E3C181C577D571C1C5E7F5E1C0070
:109CF800183C1800FFE7C3E7FF0018241800FFE727
:109D0800DBE7FF30483A060E2629792926407F05E9
:109D18000507407F05253F5A3CE73C5A7F3E1C1CFF
:109D280008081C1C3E7F14227F22145F5F005F5FBF
:109D380006097F017F006689956A606060606094AB
:109D4800A2FFA29408047E040810207E20100808B0
:109D58002A1C08081C2A08081E101010100C1E0CBB
:109D68001E0C30383E3830060E3E0E06000000004D
:109D78000000005F00000007000700147F147F1434
:109D8800242A7F2A12231308646236495620500079
:109D980008070300001C2241000041221C002A1C65
:109DA8007F1C2A08083E0808008070300008080850
:109DB8000808000060600020100804023E51494570
:109DC8003E00427F400072494949462141494D338E
:109DD8001814127F1027454545393C4A49493141F5
:109DE800211109073649494936464949291E0000C3
:109DF8001400000040340000000814224114141418
:109E08001414004122140802015909063E415D5903
:109E18004E7C1211127C7F494949363E414141220C
:109E28007F4141413E7F494949417F090909013E36
:109E3800414151737F0808087F00417F410020405D
:109E4800413F017F081422417F404040407F021C6F
:109E5800027F7F0408107F3E4141413E7F09090986
:109E6800063E4151215E7F09192946264949493252
:109E780003017F01033F4040403F1F2040201F3F18
:109E88004038403F6314081463030478040361599D
:109E9800494D43007F4141410204081020004141DF
:109EA800417F04020102044040404040000307088B
:109EB8000020545478407F28444438384444442887
:109EC800384444287F385454541800087E0902182E
:109ED800A4A49C787F0804047800447D40002040B6
:109EE800403D007F1028440000417F40007C0478FA
:109EF80004787C080404783844444438FC18242442
:109F08001818242418FC7C080404084854545424C1
:109F180004043F44243C4040207C1C2040201C3C3E
:109F28004030403C44281028444C9090907C446435
:109F3800544C4400083641000000770000004136C8
:109F4800080002010204023C2623263C1EA1A1614E
:109F5800123A4040207A3854545559215555794180
:109F68002154547841215554784020545579400C57
:109F78001E52721239555555593954545459395538
:109F88005454580000457C410002457D420001457B
:109F98007C40F0292429F0F0282528F07C545545E8
:109FA800002054547C547C0A097F4932494949327B
:109FB8003248484832324A4848303A4141217A3A90
:109FC80042402078009DA0A07D39444444393D405A
:109FD80040403D3C24FF2424487E4943662B2FFC07
:109FE8002F2BFF0929F620C0887E090320545479B5
:109FF800410000447D413048484A32384040227A86
:10A00800007A0A0A727D0D19317D2629292F282602
:10A018002929292630484D4020380808080808080A
:10A028000808382F10C8ACBA2F102834FA00007B63
:10A03800000008142A142222142A1408AA00550021
:10A04800AAAA55AA55AA000000FF00101010FF0088
:10A05800141414FF001010FF00FF1010F010F0147B
:10A068001414FC001414F700FF0000FF00FF141480
:10A07800F404FC141417101F10101F101F141414CC
:10A088001F00101010F0000000001F101010101F0B
:10A0980010101010F010000000FF10101010101019
:10A0A800101010FF10000000FF140000FF00FF0058
:10A0B800001F10170000FC04F414141710171414D0
:10A0C800F404F40000FF00F714141414141414F723
:10A0D80000F7141414171410101F101F141414F47C
:10A0E800141010F010F000001F101F0000001F14C3
:10A0F800000000FC140000F010F01010FF10FF1416
:10A108001414FF141010101F00000000F010FFFFBF
:10A11800FFFFFFF0F0F0F0F0FFFFFF00000000008D
:10A12800FFFF0F0F0F0F0F38444438447C2A2A3E94
:10A13800147E02020606027E027E026355494163CE
:10A148003844443C04407E201E2006027E020299C8
:10A15800A5E7A5991C2A492A1C4C7201724C304A61
:10A168004D4D303048784830BC625A463D3E4949EA
:10A1780049007E0101017E2A2A2A2A2A44445F4492
:10A188004440514A444040444A51400000FF0103C2
:10A19800E080FF000008086B6B083612362436068C
:10A1A8000F090F06000018180000001010003040BA
:10A1B800FF0101001F01011E00191D1712003C3C80
:10A1C8003C3C0000000000005C1F0020501F0020E5
:10A1D800441F0020381F002000000000000000007D
:10A1E8000000000000000000000000000000000067
:10A1F8000000000000000000000000000000000057
:10A208000000000000000000000000000000000046
:10A218000000000000000000000000000000000036
:10A228000000000000000000000000000000000026
:10A238000000000000000000000000000000000016
:10A248000000000000000000000000000000000006
:10A2580000000000000000000000000000000000F6
:10A2680000000000000000000000000000000000E6
:10A2780000000000000000000000000000000000D6
:10A2880000000000000000000000000000000000C6
:10A2980000000000000000000000000000000000B6
:10A2A80000000000000000000000000000000000A6
:10A2B8000000000000000000000000000000000096
:10A2C8000000000000000000000000000000000086
:10A2D8000000000000000000000000000000000076
:10A2E8000000000000000000000000000000000066
:10A2F8000000000000000000000000000000000056
:10A308000000000000000000000000000000000045
:10A318000000000000000000000000000000000035
:10A328000000000000000000000000000000000025
:10A338000000000000000000000000000000000015
:10A348000000000000000000000000000000000005
:10A3580000000000000000000000000000000000F5
:10A3680000000000000000000000000000000000E5
:10A3780000000000000000000000000000000000D5
:10A3880000000000000000000000000000000000C5
:10A3980000000000000000000000000000000000B5
:10A3A80000000000000000000000000000000000A5
:10A3B8000000000000000000000000000000000095
:10A3C8000000000000000000000000000000000085
:10A3D8000000000000000000000000000000000075
:10A3E80000000000000000000018181818181800D5
:10A3F8001818000000000000006C6C6C00000000E1
:10A4080000000000000000000036367F36367F3638
:10A418003600000000000000183E603C067C180072
:10A4280000000000000000000062660C183066465C
:10A43800000000000000000000386C6C38766C6C7E
:10A448003A00000000000000001818080000000092
:10A458000000000000000000000C183030303018F8
:10A468000C000000000000000030180C0C0C0C1848
:10A4780030000000000000000000187E3C7E18003C
:10A488000000000000000000000018187E181800E6
:10A49800000000000000000000000000000000189C
:10A4A8001808000000000000000000007E00000006
:10A4B800000000000000000000000000000000187C
:10A4C80018000000000000000002060C1830604070
:10A4D8000000000000000000003C666E7E76663CCE
:10A4E8000000000000000000001838181818187E36
:10A4F8000000000000000000003C66060C18307EDA
:10A508000000000000000000003C66061C06663CD7
:10A518000000000000000000000C1C3C6C7E0C0CCD
:10A528000000000000000000007E607C0606663C1B
:10A538000000000000000000001C30607C66663CE3
:10A548000000000000000000007E060C18303030CB
:10A558000000000000000000003C66663C66663CA7
:10A568000000000000000000003C66663E060C3853
:10A578000000000000000000000018180018180073
:10A58800000000000000000000001818001818085B
:10A598000000000000000000000C18306030180CAB
:10A5A80000000000000000000000007E007E0000A7
:10A5B80000000000000000000030180C060C1830E5
:10A5C8000000000000000000003C66060C1800189F
:10A5D8000000000000000000003C429AA2A29E4039
:10A5E8003C0000000000000000183C66667E6666BD
:10A5F8000000000000000000007C66667C66667C47
:10A608000000000000000000003C66606060663CDE
:10A61800000000000000000000786C6666666C7838
:10A628000000000000000000007E60607C60607E2A
:10A638000000000000000000007E60607C60606038
:10A648000000000000000000003C66606E66663C8A
:10A658000000000000000000006666667E66666610
:10A668000000000000000000003C18181818183CF2
:10A678000000000000000000001E0C0C0C0C6C38E0
:10A68800000000000000000000666C7870786C66BE
:10A698000000000000000000006060606060607EF4
:10A6A80000000000000000000063777F6B636363B5
:10A6B80000000000000000000066767E7E6E666680
:10A6C8000000000000000000003C66666666663C0C
:10A6D8000000000000000000007C66667C6060608E
:10A6E8000000000000000000003C666666663C0E44
:10A6F8000700000000000000007C66667C786C663D
:10A708000000000000000000003C66301C06663CAB
:10A718000000000000000000007E18181818181823
:10A728000000000000000000006666666666663C81
:10A7380000000000000000000066666666663C18BF
:10A748000000000000000000006363636B7F776314
:10A7580000000000000000000066663C183C6666C9
:10A768000000000000000000006666663C1818182B
:10A778000000000000000000007E060C1830607E1B
:10A788000000000000000000003C30303030303C59
:10A79800000000000000000000406030180C0602B5
:10A7A800000000000000000000183C6600000000E7
:10A7B8000000000000000000000000000000000091
:10A7C8007E000000000000000000003C063E663EDF
:10A7D80000000000000000000060607C6666667C87
:10A7E80000000000000000000000003C6060603CC9
:10A7F80000000000000000000006063E6666663E97
:10A8080000000000000000000000003C667E603C84
:10A818000000000000000000001C307830303030AC
:10A82800000000000000000000003E66663E063C96
:10A8380000000000000000000060607C666666663C
:10A848000000000000000000001800181818181870
:10A858000000000000000000000C000C0C0C0C387C
:10A868000000000000000000006060666C786C6604
:10A878000000000000000000003030303030301C94
:10A888000000000000000000000000767F6B6B6B8A
:10A8980000000000000000000000007C666666669C
:10A8A80000000000000000000000003C6666663CF6
:10A8B800000000000000000000007C66667C60600C
:10A8C800000000000000000000003E66663E06062C
:10A8D8000000000000000000000000363830303072
:10A8E80000000000000000000000003E603C067C04
:10A8F80000000000000000000030307C3030301CC8
:10A908000000000000000000000000666666663E69
:10A9180000000000000000000000006666663C18A9
:10A928000000000000000000000000636B7F3E365E
:10A938000000000000000000000000663C183C66B3
:10A94800000000000000000000000066663E063CB3
:10A9580000000000000000000000007E0C18307E9F
:10A968000000000000000000000E18187018180EF3
:10A97800000000000000000018181818181818180F
:10A988001800000000000000007018180E18187059
:10A99800000000000000000000314B4600000000ED
:10A9A800000000000000000000000000000000009F
:10A9B800000000000000000000000000000000008F
:10A9C800000000000000000000000000000000007F
:10A9D800000000000000000000000000000000006F
:10A9E800000000000000000000000000000000005F
:10A9F800000000000000000000000000000000004F
:10AA0800000000000000000000000000000000003E
:10AA1800000000000000000000000000000000002E
:10AA2800000000000000000000000000000000001E
:10AA3800000000000000000000000000000000000E
:10AA480000000000000000000000000000000000FE
:10AA580000000000000000000000000000000000EE
:10AA680000000000000000000000000000000000DE
:10AA780000000000000000000000000000000000CE
:10AA880000000000000000000000000000000000BE
:10AA980000000000000000000000000000000000AE
:10AAA800000000000000000000000000000000009E
:10AAB800000000000000000000000000000000008E
:10AAC800000000000000000000000000000000007E
:10AAD800000000000000000000000000000000006E
:10AAE800000000000000000000000000000000005E
:10AAF800000000000000000000000000000000004E
:10AB0800000000000000000000000000000000003D
:10AB1800000000000000000000000000000000002D
:10AB2800000000000000000000000000000000001D
:10AB3800000000000000000000000000000000000D
:10AB480000000000000000000000000000000000FD
:10AB580000000000000000000000000000000000ED
:10AB680000000000000000000000000000000000DD
:10AB780000000000000000000000000000000000CD
:10AB880000000000000000000000000000000000BD
:10AB980000000000000000000000000000000000AD
:10ABA800000000000000000000000000000000009D
:10ABB800000000000000000000000000000000008D
:10ABC800000000000000000000000000000000007D
:10ABD800000000000000000000000000000000006D
:10ABE80000000000000000000018181818181818B5
:10ABF8001800181800000000006C6C6C6C00000055
:10AC0800000000000000000000003636367F3636AF
:10AC18007F3636360000000000183E60603C0606AD
:10AC28007C1800000000000000006266660C183006
:10AC380066664600000000000000386C6C38386E0C
:10AC48006C6C3A000000000000181818080000009A
:10AC58000000000000000000000C183030303030D8
:10AC680030180C00000000000030180C0C0C0C0C04
:10AC78000C1830000000000000003C66666E766626
:10AC8800663C00000000000000001838181818186A
:10AC9800187E00000000000000003C66060C18301A
:10ACA800607E00000000000000003C66061C0606EE
:10ACB800663C00000000000000000C1C3C6C6C7E30
:10ACC8000C0C00000000000000007E607C060606F8
:10ACD800663C00000000000000001C30607C6666D6
:10ACE800663C00000000000000007E060C183030B2
:10ACF800303000000000000000003C66663C6666DC
:10AD0800663C00000000000000003C66663E060647
:10AD18000C3800000000000000183C6666667E667D
:10AD28006666660000000000007C6666667C6666F3
:10AD380066667C0000000000003C66606060606041
:10AD480060663C000000000000786C666666666617
:10AD5800666C780000000000007E6060607C6060C7
:10AD680060607E0000000000007E6060607C6060C3
:10AD78006060600000000000003C666060606E6615
:10AD880066663C000000000000666666667E6666D1
:10AD98006666660000000000003C181818181818AD
:10ADA80018183C0000000000001E0C0C0C0C0C0CC9
:10ADB8000C6C3800000000000066666C78707078D3
:10ADC8006C666600000000000060606060606060A3
:10ADD80060607E0000000000006363777F6B636340
:10ADE8006363630000000000006666767E7E6E6620
:10ADF8006666660000000000003C66666666666679
:10AE080066663C0000000000007C6666667C606048
:10AE18006060600000000000003C6666666666666A
:10AE2800663C0E0700000000007C6666667C786C55
:10AE38006666660000000000003C6666301C0E0670
:10AE480066663C0000000000007E181818181818E4
:10AE580018181800000000000066666666666666D8
:10AE680066663C0000000000006666666666666608
:10AE78003C1818000000000000636363636B7F7F69
:10AE88007763630000000000006666663C18183CA3
:10AE9800666666000000000000666666663C181874
:10AEA8001818180000000000007E060C18306060BA
:10AEB80060607E0000000000000000003C063E6666
:10AEC80066663E0000000000006060607C666666A2
:10AED80066667C0000000000000000003C666060C0
:10AEE80060663C0000000000000606063E666666D6
:10AEF80066663E0000000000000000003C667E60C0
:10AF080060663C0000000000001C303078303030B3
:10AF18003030300000000000000000003E66666629
:10AF28003E063C0000000000006060607C666666CB
:10AF38006666660000000000001818001818181847
:10AF48001818180000000000000C0C000C0C0C0C69
:10AF58000C0C38000000000000606060666C7870BF
:10AF6800786C66000000000000303030303030303F
:10AF780030301C000000000000000000767F6B6B82
:10AF88006B6B6B0000000000000000007C666666CA
:10AF98006666660000000000000000003C66666609
:10AFA80066663C0000000000000000007C666666E3
:10AFB8007C60600000000000000000003E666666DD
:10AFC8003E06060000000000000000003638303061
:10AFD8003030300000000000000000003E60301CEF
:10AFE80006067C0000000000003030307C30303035
:10AFF80030301C0000000000000000006666666635
:10B0080066663E0000000000000000006666666696
:10B01800663C18000000000000000000636B6B7FB6
:10B028007F3E36000000000000000000663C181853
:10B038003C66660000000000000000006666663E90
:10B0480006063C0000000000000000007E0C1830DE
:10B0580030607E00000000000000000000000000DA
:10B0680000000000000000000000000000000000D8
:10B0780000000000000000000000000000000000C8
:10B0880000000000000000000000000000000000B8
:10B0980000000000000000000000000000000000A8
:10B0A8000000000000000000000000000000000098
:10B0B8000000000000000000000000000000000088
:10B0C8000000000000000000000000000000000078
:10B0D8000000000000000000000000000000000068
:10B0E8000000000000000000000000000000000058
:10B0F8000000000000000000000000000000000048
:10B108000000000000000000000000000000000037
:10B118000000000000000000000000000000000027
:10B128000000000000000000000000000000000017
:10B138000000000000000000000000000000000007
:10B1480000000000000000000000000000000000F7
:10B1580000000000000000000000000000000000E7
:10B1680000000000000000000000000000000000D7
:10B1780000000000000000000000000000000000C7
:10B1880000000000000000000000000000000000B7
:10B1980000000000000000000000000000000000A7
:10B1A8000000000000000000000000000000000097
:10B1B8000000000000000000000000000000000087
:10B1C8000000000000000000000000000000000077
:10B1D8000000000000000000000000000000000067
:10B1E8000000000000000000000000000000000057
:10B1F8000000000000000000000000000000000047
:10B208000000000000000000000000000000000036
:10B218000000000000000000000000000000000026
:10B228000000000000000000000000000000000016
:10B238000000000000000000000000000000000006
:10B2480000000000000000000000000000000000F6
:10B2580000000000000000000000000000000000E6
:10B2680000000000000000000000000000000000D6
:10B2780000000000000000000000000000000000C6
:10B2880000000000000000000000000000000000B6
:10B2980000000000000000000000000000000000A6
:10B2A8000000000000000000000000000000000096
:10B2B8000000000000000000000000000000000086
:10B2C8000000000000000000000000000000000076
:10B2D8000000000000000000000000000000000066
:10B2E8000000000000000000000000000000000056
:10B2F8000000000000000000000000000000000046
:10B308000000000000000000000000000000000035
:10B318000000000000000000000000000000000025
:10B328000000000000000000000000000000000015
:10B338000000000000000000000000000000000005
:10B3480000000000000000000000000000000000F5
:10B3580000000000000000000000000000000000E5
:10B3680000000000000000000000000000000000D5
:10B3780000000000000000000000000000000000C5
:10B3880000000000000000000000000000000000B5
:10B3980000000000000000000000000000000000A5
:10B3A8000000000000000000000000000000000095
:10B3B8000000000000000000000000000000000085
:10B3C8000000000000000000000000000000000075
:10B3D8000000000000000000000000000000000065
:10B3E8000000000000000000000000000000000055
:10B3F8000000000000000000000000000000000045
:10B408000000000000000000000000000000000034
:10B418000000000000000000000000000000000024
:10B428000000000000000000000000000000000014
:10B438000000000000000000000000000000000004
:10B4480000000000000000000000000000000000F4
:10B4580000000000000000000000000000000000E4
:10B4680000000000000000000000000000000000D4
:10B4780000000000000000000000000000000000C4
:10B4880000000000000000000000000000000000B4
:10B4980000000000000000000000000000000000A4
:10B4A8000000000000000000000000000000000094
:10B4B8000000000000000000000000000000000084
:10B4C8000000000000000000000000000000000074
:10B4D8000000000000000000000000000000000064
:10B4E8000000000000000000000000000000000054
:10B4F8000000000000000000000000000000000044
:10B508000000000000000000000000000000000033
:10B518000000000000000000000000000000000023
:10B528000000000000000000000000000000000013
:10B538000000000000000000000000000000000003
:10B5480000000000000000000000000000000000F3
:10B5580000000000000000000000000000000000E3
:10B5680000000000000000000000000000000000D3
:10B5780000000000000000000000000000000000C3
:10B5880000000000000000000000000000000000B3
:10B5980000000000000000000000000000000000A3
:10B5A8000000000000000000000000000000000093
:10B5B8000000000000000000000000000000000083
:10B5C8000000000000000000000000000000000073
:10B5D80000000000000000000000001818181818EB
:10B5E8001818181800181800000000000000363657
:10B5F800367F3636367F3636360000000000003C8F
:10B608006666666E7666666666663C0000000000E2
:10B618000018387818181818181818187E0000001C
:10B628000000003C6666060C1830606060667E00AC
:10B6380000000000003C666606061C0606066666F4
:10B648003C0000000000000C1C3C6C6C6C6C7E0C18
:10B658000C0C0C0000000000007E60607C060606F2
:10B66800060606663C0000000000001C3060607C96
:10B678006666666666663C0000000000007E060698
:10B688000C18303030303030300000000000003C02
:10B698006666663C6666666666663C000000000094
:10B6A800003C666666663E060606060C3800000024
:10B6B800000000183C666666667E666666666666B4
:10B6C80000000000007C666666667C6666666666E4
:10B6D8007C0000000000003C6660606060606060A4
:10B6E80060663C000000000000786C66666666666E
:10B6F8006666666C780000000000007E606060602E
:10B708007C60606060607E0000000000007E606019
:10B7180060607C6060606060600000000000003C69
:10B72800666060606E66666666663C0000000000E3
:10B738000066666666667E66666666666600000021
:10B748000000003C181818181818181818183C0089
:10B7580000000000001E0C0C0C0C0C0C0C0C0C6CEB
:10B76800380000000000006666666C787070786CBF
:10B7780066666600000000000060606060606060EF
:10B78800606060607E000000000000636363777F94
:10B798006B636363636363000000000000666666B2
:10B7A800767E7E6E66666666660000000000003C77
:10B7B800666666666666666666663C000000000049
:10B7C800007C666666667C606060606060000000A1
:10B7D8000000003C66666666666666663C0E0700A4
:10B7E80000000000007C666666667C786C666666AB
:10B7F800660000000000003C666666301C0E070309
:10B8080066663C0000000000007E1818181818181A
:10B8180018181818180000000000006666666666AA
:10B828006666666666663C0000000000006666663E
:10B8380066666666663C181818000000000000631B
:10B84800636363636B7F7F7F77636300000000003F
:10B8580000666666663C18183C6666666600000008
:10B8680000000066666666663C1818181818180006
:10B8780000000000007E06060C1830606060606002
:10B888007E00000000000000000000000000000032
:10B8980000000000000000000000000000000000A0
:10B8A8000000000000000000000000000000000090
:10B8B8000000000000000000000000000000000080
:10B8C8000000000000000000000000000000000070
:10B8D8000000000000000000000000000000000060
:10B8E8000000000000000000000000000000000050
:10B8F8000000000000000000000000000000000040
:10B90800000000000000000000000000000000002F
:10B91800000000000000000000000000000000001F
:10B92800000000000000000000000000000000000F
:10B9380000000000000000000000000000000000FF
:10B9480000000000000000000000000000000000EF
:10B9580000000000000000000000000000000000DF
:10B9680000000000000000000000000000000000CF
:10B9780000000000000000000000000000000000BF
:10B9880000000000000000000000000000000000AF
:10B99800000000000000000000000000000000009F
:10B9A800000000000000000000000000000000008F
:10B9B800000000000000000000000000000000007F
:10B9C800000000000000000000000000000000006F
:10B9D800000000000000000000000000000000005F
:10B9E800000000000000000000000000000000004F
:10B9F800000000000000000000000000000000003F
:10BA0800000000000000000000000000000000002E
:10BA1800000000000000000000000000000000001E
:10BA2800000000000000000000000000000000000E
:10BA380000000000000000000000000000000000FE
:10BA480000000000000000000000000000000000EE
:10BA580000000000000000000000000000000000DE
:10BA680000000000000000000000000000000000CE
:10BA780000000000000000000000000000000000BE
:10BA880000000000000000000000000000000000AE
:10BA9800000000000000000000000000000000009E
:10BAA800000000000000000000000000000000008E
:10BAB800000000000000000000000000000000007E
:10BAC800000000000000000000000000000000006E
:10BAD800000000000000000000000000000000005E
:10BAE800000000000000000000000000000000004E
:10BAF800000000000000000000000000000000003E
:10BB0800000000000000000000000000000000002D
:10BB1800000000000000000000000000000000001D
:10BB2800000000000000000000000000000000000D
:10BB380000000000000000000000000000000000FD
:10BB480000000000000000000000000000000000ED
:10BB580000000000000000000000000000000000DD
:10BB680000000000000000000000000000000000CD
:10BB780000000000000000000000000000000000BD
:10BB880000000000000000000000000000000000AD
:10BB9800000000000000000000000000000000009D
:10BBA800000000000000000000000000000000008D
:10BBB800000000000000000000000000000000007D
:10BBC800000000000000000000000000000000006D
:10BBD800000000000000000000000000000000005D
:10BBE800000000000000000000000000000000004D
:10BBF800000000000000000000000000000000003D
:10BC0800000000000000000000000000000000002C
:10BC1800000000000000000000000000000000001C
:10BC2800000000000000000000000000000000000C
:10BC380000000000000000000000000000000000FC
:10BC480000000000000000000000000000000000EC
:10BC580000000000000000000000000000000000DC
:10BC680000000000000000000000000000000000CC
:10BC780000000000000000000000000000000000BC
:10BC880000000000000000000000000000000000AC
:10BC9800000000000000000000000000000000009C
:10BCA800000000000000000000000000000000008C
:10BCB800000000000000000000000000000000007C
:10BCC800000000000000000000000000000000006C
:10BCD800000000000000000000000000000000005C
:10BCE800000000000000000000000000000000004C
:10BCF800000000000000000000000000000000003C
:10BD0800000000000000000000000000000000002B
:10BD1800000000000000000000000000000000001B
:10BD2800000000000000000000000000000000000B
:10BD380000000000000000000000000000000000FB
:10BD480000000000000000000000000000000000EB
:10BD580000000000000000000000000000000000DB
:10BD680000000000000000000000000000000000CB
:10BD780000000000000000000000000000000000BB
:10BD880000000000000000000000000000000000AB
:10BD9800000000000000000000000000000000009B
:10BDA800000000000000000000000000000000008B
:10BDB800000000000000000000000000000000007B
:10BDC800000000000000000000000000000000006B
:10BDD800000000000000000000000000000000005B
:10BDE800000000000000000000000000000000004B
:10BDF800000000000000000000000000000000003B
:10BE0800000000000000000000000000000000002A
:10BE1800000000000000000000000000000000001A
:10BE2800000000000000000000000000000000000A
:10BE380000000000000000000000000000000000FA
:10BE480000000000000000000000000000000000EA
:10BE580000000000000000000000000000000000DA
:10BE680000000000000000000000000000000000CA
:10BE780000000000000000000000000000000000BA
:10BE880000000000000000000000000000000000AA
:10BE9800000000000000000000000000000000009A
:10BEA800000000000000000000000000000000008A
:10BEB800000000000000000000000000000000007A
:10BEC800000000000000000000000000000000006A
:10BED800000000000000000000000000000000005A
:10BEE800000000000000000000000000000000004A
:10BEF800000000000000000000000000000000003A
:10BF08000000000000000000000000000000000029
:10BF18000000000000000000000000000000000019
:10BF28000000000000000000000000000000000009
:10BF380000000000000000000000000000000000F9
:10BF480000000000000000000000000000000000E9
:10BF580000000000000000000000000000000000D9
:10BF680000000000000000000000000000000000C9
:10BF780000000000000000000000000000000000B9
:10BF880000000000000000000000000000000000A9
:10BF98000000000000000000000000000000000099
:10BFA8000000000000000000000000000000000089
:10BFB8000000000000000000000000000000000079
:10BFC8000000000000000000000000000000000069
:10BFD8000000000000000000000000000000000059
:10BFE8000000000000000000000000000000000049
:10BFF8000000000000000000000000000000000039
:10C008000000000000000000000000000000000028
:10C018000000000000000000000000000000000018
:10C028000000000000000000000000000000000008
:10C0380000000000000000000000000000000000F8
:10C0480000000000000000000000000000000000E8
:10C0580000000000000000000000000000000000D8
:10C0680000000000000000000000000000000000C8
:10C0780000000000000000000000000000000000B8
:10C0880000000000000000000000000000000000A8
:10C098000000000000000000000000000000000098
:10C0A8000000000000000000000000000000000088
:10C0B8000000000000000000000000000000000078
:10C0C8000000000000000000000000000000000068
:10C0D8000000000000000000000000000000000058
:10C0E8000000000000000000000000000000000048
:10C0F8000000000000000000000000000000000038
:10C108000000000000000000000000000000000027
:10C118000000000000000000000000000000000017
:10C128000000000000000000000000000000000007
:10C1380000000000000000000000000000000000F7
:10C1480000000000000000000000000000000000E7
:10C1580000000000000000000000000000000000D7
:10C1680000000000000000000000000000000000C7
:10C1780000000000000000000000000000000000B7
:10C1880000000000000000000000000000000000A7
:10C198000000000000000000000000000000000097
:10C1A8000000000000000000000000000000000087
:10C1B8000000000000000000000000000000000077
:10C1C8000000000000000000000000000000000067
:10C1D800000000000000000006005250D3F0754235
:10C1E8005C9A001006005250E182887F649A001021
:10C1F800060052503ABCA911749A00100600525019
:10C20800ABB36053789A001006005250BBFF3CB69F
:10C21800809A001006005250861C0302889A00106B
:10C22800060052505422A29D949A001005005250C4
:10C23800DE65F468ECE80010000000000000F03F44
:10C2480000000000000024400000000000005940E9
:10C258000000000000408F40000000000088C3403C
:10C2680000000000006AF8400000000080842E41B1
:10C2780000000000D01263410000000084D79741FD
:10C288000000000065CDCD410D0A0000000000004F
:10C2980025620010000000002962001035620010BD
:10C2A800616200105D620010000000000A000000DA
:10C2B80000000306A6000800020002009C0014000B
:10C2C800030057494E55534200000000000000008B
:10C2D800000080000400010028004400650076008A
:10C2E80069006300650049006E0074006500720013
:10C2F800660061006300650047005500490044007E
:10C3080000004E007B0062006300370033003900F4
:10C318003800630031002D003700330063006400EB
:10C328002D0034006300620037002D00390038000A
:10C33800620038002D0039003100330061003800F8
:10C3480066006300610037006200660036007D0009
:10C3580000000000050F2100011C100500DF60DD52
:10C36800D88945C74C9CD2659D9E648A9F0000036E
:10C3780006A60001000000000600525053B4F4A1C4
:10C38800B89A001000000000CC9A0010DC9A001047
:10C3980038330020E49A0010F09A00100902540083
:10C3A800030100807D080B0002020200000904005E
:10C3B80000010202000405240020010524010001F7
:10C3C800042402060524060001070581030800105D
:10C3D80009040100020A00000007050202400000EB
:10C3E800070582024000000904020000FF00010561
:10C3F80012011002EF0201408A2E09000001010219
:10C4080003010000000000005D7B0010CD7B0010E0
:10C41800FD7B0010497C0010097D0010C97D0010CB
:10C428000000000000000000C17E00101D7F001009
:10C43800397F00105D7F0010B96200105180001034
:04C4480000000000F0
:08C44C0078CFFF7F0100000022
:10C45400E0C10010ECC10010F8C1001004C20010CB
:10C4640010C200101CC2001028C2001034C20010F8
:04C4740080C3001071
:10C4780001222DE9F041436801F10804A24013426A
:10C4880084B002D004B0BDE8F08144681440FCD107
:10C4980000EB810501EB410100EBC1004FF00041C9
:10C4A8002E6A00F58650C6F305221030C6F3813790
:10C4B8000160F6B201601E2A20D8DFE812F02800D9
:10C4C8001F001F00EB00E300DB00D3001F001F006C
:10C4D8001F001F001F001F001F00D000C800C10060
:10C4E800B900B200AF00A1001F009A0093008C00B1
:10C4F800850082007F001F001F003A00FF24012FE3
:10C5080016BFA5232C612B6104B0BDE8F081DFF8CC
:10C51800E8820020D8F800309B699847D8F80030A6
:10C5280030469B6B9847D8F8003001209B699847A4
:10C53800E5E7A6F1A1031E2BE1D801A252F823F0EA
:10C548007B0500209F010020650500205105002083
:10C558009F0100209F0100209F0100209F010020D3
:10C568009F0100209F0100209F0100209F010020C3
:10C578009F0100209F0100209F0100209F010020B3
:10C588009F0100209F0100209F0100209F010020A3
:10C59800D9040020B50400205504002029040020F7
:10C5A800FD030020E1030020BD030020A1030020BB
:10C5B800850300206903002045030020884B1E8066
:10C5C8009DE7884B1E809AE7874A138803F47F43C8
:10C5D8003343138093E7844A1388DBB243EA062384
:10C5E80013808CE7814A138803F47F433343138015
:10C5F80085E77E4A1388DBB243EA062313807EE789
:10C608007B4A06F00F0111707A4933090B707A4B97
:10C6180008781B681178DB68984770E7774B1E80AD
:10C628006DE7774A138803F47F433343138066E743
:10C638006E4B734A1B88DBB243EA062313805EE71E
:10C64800704A138803F47F433343138057E7674BDB
:10C658006C4A1B88DBB243EA062313804FE76A4B18
:10C668001E704CE7604B694A1B8803F47F433343D1
:10C67800138044E75C4B654A1B88DBB243EA062318
:10C6880013803CE7594B624A1B8803F47F433343CA
:10C69800138034E7554B5E4A1B88DBB243EA062316
:10C6A80013802CE7514A504B10881988584B564E26
:10C6B8001A88564B00B21B88367809B212B21BB2E0
:10C6C800009601F0B9FD1AE7484A474B10881988C7
:10C6D8004B4B00B21A884C4B09B21B7812B201F0CE
:10C6E800C3FD0CE7414A404B10881988454B80B27E
:10C6F8001A88454B89B21B7892B201F07DFDFEE69F
:10C708003A4A394B108819883C4B00B21A883E4B7C
:10C7180009B21B7812B201F077FDF0E6334A324BCA
:10C7280010881988354B384E1A882E4B00B21B8852
:10C73800367809B212B2DBB2009601F061FDDEE68E
:10C748002A4A294B108819882C4B00B21A882E4B7C
:10C7580009B21B7812B201F08FFDD0E6234A224BB2
:10C7680010881988254B1E4E1A881E4B00B21B884C
:10C77800368809B236B20096234E12B23678DBB24A
:10C78800019601F04DFDBAE6184A174B1088198832
:10C798001C4B1A4E1A881A4B00B21B88368809B2ED
:10C7A80036B20096184E12B236781BB2019601F0D6
:10C7B8005FFDA4E60D4A0C4B10881988114B0F4EEB
:10C7C8001A880F4B00B21B88368809B236B2009619
:10C7D8000D4E12B236781BB2019601F031FD8EE68D
:10C7E8006C8B02205E8B0220668B0220608B0220FD
:10C7F800778B02207D8B02204C330020728B022025
:10C808006E8B0220708B02207C8B0220688B0220AA
:10C81800628B0220364A374B10881988364B374EC0
:10C828001A88374B00B21B88367809B212B21BB28D
:10C83800009601F0EDFC62E62D4A2E4B108819880F
:10C8480080B289B207EE901AF8EE677A17EE901A5E
:10C8580007EE900AF8EE677A2A4B17EE900A1A88C4
:10C86800294B92B207EE902AF8EE677A1B8817EEEA
:10C87800902A9BB207EE903AF8EE677A234E17EEAD
:10C88800903A3688B6B207EE906A214EB8EE677ACB
:10C898003688B6B207EE906AF8EE677A174E3678A1
:10C8A8008DED007ACDED017A029601F0BDFC26E609
:10C8B800184B1B68DB6B984700230E490C4A0B800A
:10C8C80013801CE60A4A0B4B10881988114B80B25A
:10C8D8001B6889B21B69984711E600230D4A054871
:10C8E800034912680380526A0B80904707E600BF2D
:10C8F800608B0220668B0220708B02207C8B0220CA
:10C908006E8B0220628B0220688B0220648B0220CF
:10C918006A8B02204C330020000000000000000059
:10C928000000000000000000FFFF00000000000001
:10C93800000000000000000000000000000000FFF0
:10C94800FF00000000000000C0C0C0C0C0C0C0C0E0
:10C95800C0C0C0C0C0C0C0C018181818181818180F
:10C968001818181818181818C0C0C0C0C0C0C0C0FF
:10C9780000000000000000000000000000000000AF
:10C98800C0C0C0C0C0C0C0C000000000000000F8A7
:10C99800F818181818181818000000000000001FD0
:10C9A8001F18181818181818181818181818181FF1
:10C9B8001F0000000000000018181818181818F8B0
:10C9C800F80000000000000018181818181818FFC0
:10C9D800FF1818181818181818181818181818FF01
:10C9E800FF0000000000000000000000000000FF41
:10C9F800FF1818181818181818181818181818F8E8
:10CA0800F818181818181818181818181818181FB7
:10CA18001F181818181818180080C0E0F0F8FEF849
:10CA2800F0E0C080000000000002060E1E3EFE3E40
:10CA38001E0E0602000000000000183C7E181818A0
:10CA48007E3C1800000000000000666666666666A8
:10CA5800660066660000000000007FDBDBDB7B1BF6
:10CA68001B1B1B1B00000000007CC660386CC6C680
:10CA78006C380CC67C0000000000000000000000BC
:10CA8800FEFEFEFE000000000000183C7E1818188C
:10CA98007E3C1800000000000000183C7E181818A2
:10CAA800181818180000000000001818181818188E
:10CAB800187E3C18000000000000000000180CFE62
:10CAC800FE0C18000000000000000000003060FEAE
:10CAD8007E30180000000000000000000000C0C008
:10CAE800C0FE00000000000000000000002466FFF7
:10CAF8006624000000000000000000001038387CA8
:10CB08007CFEFE000000000000000000FEFE7C7CB1
:10CB1800383810000000000000000000000000008D
:10CB280000000000000000000000183C3C3C181801
:10CB3800180018180000000000666666240000004F
:10CB480000000000000000000000006C6CFE6C6C2F
:10CB58006CFE6C6C0000000018187CC6C2C07C0615
:10CB68000686C67C1818000000000000C2C60C1813
:10CB78003060C686000000000000386C6C3876DC37
:10CB8800CCCCCC76000000000030303060000000D3
:10CB9800000000000000000000000C1830303030A9
:10CBA8003030180C00000000000030180C0C0C0C81
:10CBB8000C0C1830000000000000000000663CFF6C
:10CBC8003C66000000000000000000000018187E0D
:10CBD800181800000000000000000000000000001D
:10CBE8000018181830000000000000000000007E47
:10CBF800000000000000000000000000000000002D
:10CC080000001818000000000000000002060C18C0
:10CC18003060C0800000000000007CC6C6CEDEF692
:10CC2800E6C6C67C000000000000183878181818FE
:10CC38001818187E0000000000007CC6060C18308A
:10CC480060C0C6FE0000000000007CC606063C0668
:10CC58000606C67C0000000000000C1C3C6CCCFEE4
:10CC68000C0C0C1E000000000000FEC0C0C0FC063A
:10CC78000606C67C0000000000003860C0C0FCC684
:10CC8800C6C6C67C000000000000FEC606060C18DA
:10CC9800303030300000000000007CC6C6C67CC6BC
:10CCA800C6C6C67C0000000000007CC6C6C67E065C
:10CCB80006060C78000000000000000018180000AC
:10CCC80000181800000000000000000018180000FC
:10CCD8000018183000000000000000060C18306032
:10CCE80030180C060000000000000000007E000064
:10CCF8007E000000000000000000006030180C06F4
:10CD08000C1830600000000000007CC6C60C181823
:10CD1800180018180000000000007CC6C6C6DEDE39
:10CD2800DEDCC07C00000000000010386CC6C6FEC7
:10CD3800C6C6C6C6000000000000FC6666667C66C3
:10CD4800666666FC0000000000003C66C2C0C0C009
:10CD5800C0C2663C000000000000F86C66666666AB
:10CD680066666CF8000000000000FE66626878687D
:10CD7800606266FE000000000000FE666268786877
:10CD8800606060F00000000000003C66C2C0C0DEC9
:10CD9800C6C6663A000000000000C6C6C6C6FEC683
:10CDA800C6C6C6C60000000000003C1818181818AF
:10CDB8001818183C0000000000001E0C0C0C0C0C8D
:10CDC800CCCCCC78000000000000E666666C787871
:10CDD8006C6666E6000000000000F060606060605D
:10CDE800606266FE000000000000C3E7FFFFDBC3CF
:10CDF800C3C3C3C3000000000000C6E6F6FEDECED3
:10CE0800C6C6C6C60000000000007CC6C6C6C6C6A8
:10CE1800C6C6C67C000000000000FC6666667C6032
:10CE2800606060F00000000000007CC6C6C6C6C690
:10CE3800C6D6DE7C0C0E00000000FC6666667C6CC4
:10CE4800666666E60000000000007CC6C660380C16
:10CE580006C6C67C000000000000FFDB9918181801
:10CE68001818183C000000000000C6C6C6C6C6C692
:10CE7800C6C6C67C000000000000C3C3C3C3C3C34A
:10CE8800C3663C18000000000000C3C3C3C3C3DB73
:10CE9800DBFF6666000000000000C3C3663C18188C
:10CEA8003C66C3C3000000000000C3C3C3663C184F
:10CEB8001818183C000000000000FFC3860C18304A
:10CEC80060C1C3FF0000000000003C30303030304B
:10CED8003030303C0000000000000080C0E07038B6
:10CEE8001C0E06020000000000003C0C0C0C0C0C90
:10CEF8000C0C0C3C0000000010386CC60000000050
:10CF08000000000000000000000000000000000019
:10CF18000000000000FF0000303018000000000092
:10CF280000000000000000000000000000780C7CF9
:10CF3800CCCCCC76000000000000E06060786C6625
:10CF48006666667C0000000000000000007CC6C029
:10CF5800C0C0C67C0000000000001C0C0C3C6CCC5F
:10CF6800CCCCCC760000000000000000007CC6FE9F
:10CF7800C0C0C67C000000000000386C6460F0602F
:10CF8800606060F000000000000000000076CCCC7B
:10CF9800CCCCCC7C0CCC78000000E060606C766671
:10CFA800666666E6000000000000181800381818C9
:10CFB8001818183C0000000000000606000E0606BF
:10CFC8000606060666663C000000E06060666C784F
:10CFD800786C66E600000000000038181818181869
:10CFE8001818183C000000000000000000E6FFDBF5
:10CFF800DBDBDBDB000000000000000000DC666615
:10D00800666666660000000000000000007CC6C678
:10D01800C6C6C67C000000000000000000DC666692
:10D028006666667C6060F000000000000076CCCC8C
:10D03800CCCCCC7C0C0C1E000000000000DC76661A
:10D04800606060F00000000000000000007CC66026
:10D05800380CC67C000000000000103030FC303076
:10D068003030361C000000000000000000CCCCCCA2
:10D07800CCCCCC76000000000000000000C3C3C385
:10D08800C3663C18000000000000000000C3C3C3D2
:10D09800DBDBFF66000000000000000000C3663C08
:10D0A800183C66C3000000000000000000C6C6C6A9
:10D0B800C6C6C67E060CF8000000000000FECC18AC
:10D0C8003060C6FE0000000000000E181818701826
:10D0D8001818180E00000000000018181818181862
:10D0E80018181818000000000000701818180E18FA
:10D0F8001818187000000000000076DC000000001E
:10D1080000000000000000000000000010386CC69D
:10D11800C6C6FE000000000000C0C0C0C0C0C0C03D
:10D12800C0C0C0C0C0C00000000000000000000077
:10D1380000000000FFFF00004FF0504310B50268E8
:10D1480093F90040EFF3108372B6D2E8CFCF0121F4
:10D15800BCF1000FF9D1C2E84C1FBCF1000FF4D1AB
:10D16800BFF35F8F90F90420002A1CDB00210268BE
:10D17800C2E88F1F83F3108820BF0268EFF3108383
:10D1880072B6D2E8CFEF5FF0010CBEF1000FF8D114
:10D19800C2E84ECFBEF1000FF3D1BFF35F8F90F915
:10D1A8000420002AE3DA002201680471C1E88F2F05
:10D1B80083F3108810BD00BF034600B50268EFF383
:10D1C800108C72B6D2E8CFEF0120BEF1000FF9D172
:10D1D800C2E84E0FBEF1000FF4D1BFF35F8F93F991
:10D1E8000420002A0ADB01B10A60002000221B6823
:10D1F800C3E88F2F8CF310885DF804FB4FF0504282
:10D20800126801201A71F1E74FF050412DE9F04101
:10D218000027044616461D46D1F8008008E0C1E8FC
:10D228008F7F8CF310883046294601F019F8E8B949
:10D238002168EFF3108C72B6D1E8CF2F0123002AB2
:10D24800FAD1C1E8423F002AF6D1BFF35F8F94F9C3
:10D2580004302168002BE2DA002384F80480C1E856
:10D268008F3F8CF310880120BDE8F0810020BDE8D5
:10D27800F08100BF30B50468EFF3108C72B6D4E8C3
:10D28800CFEF0125BEF1000FF9D1C4E84E5FBEF122
:10D29800000FF4D1BFF35F8F90F904400568002CAC
:10D2A80010DB0021C5E88F1F8CF310884FF0504524
:10D2B80095F90050A54201D1084630BDBDE830407F
:10D2C800FFF7A2BF4FF05042126800230271C5E871
:10D2D8008F3F8CF31088012030BD00BF70B5054624
:10D2E8000C4600F0A5FF02460B464FF47A704FF04B
:10D2F800FF3E6FF0004CE4FB002396457CEB0301F6
:10D3080038BF72462846BDE8704038BF6346FFF70D
:10D318007BBF00BF0368EFF3108272B6D3E8CFCFAC
:10D328000121BCF1000FF9D1C3E84C1FBCF1000F7B
:10D33800F4D1BFF35F8F4FF0FF0C0023016880F832
:10D3480004C0C1E88F3F82F3108840BF704700BF18
:10D35800002108B5134B4FF4707299601248D960D8
:10D36800196159619961D961196259629962D962E1
:10D37800196359639963D963196459649964D964C1
:10D38800196559659965D965196659669966D966A1
:10D39800196759679967D96700F056FF034B044A24
:10D3A8001A6008BD00001050082F0020D432002059
:10D3B800800110502DE9F04F1F4B85B0D3F858A0CD
:10D3C800BAF1000F22D0002401254FF4E069DFF8FC
:10D3D80070801A4F01E0202C18D00AEA0502611C5F
:10D3E8002346AB46CCB26D00002AF4D004F001020B
:10D3F80003F0FE06164407EB46163046C8F858B048
:10D4080000F00AFC28B93AEA0B0AE4D105B0BDE8F5
:10D41800F08F00238DF80930B37801A88DF8083013
:10D42800F38A0121ADF80490039300F013FC304611
:10D4380000F098FBE7E700BF00001150C82E00205D
:10D4480000301150F0B5BB4B85B0D3F8985015F4A7
:10D45800003674D0B84BB94C996A94F83B30B84A46
:10D46800022B116000F0D480002694F87B30022B48
:10D4780000F03B8194F8BB30022B00F07D8194F8DA
:10D48800FB30022B00F06C8194F83B31022B00F04A
:10D49800448194F87B31022B00F0338194F8BB313E
:10D4A800022B00F0B68194F8FB31022B00F0A68124
:10D4B80094F83B32022B00F0968194F87B32022BD1
:10D4C80000F0868194F8BB32022B00F0768194F844
:10D4D800FB32022B00F0668194F83B33022B00F0FC
:10D4E800568194F87B33022B00F0A48094F8BB3368
:10D4F800022B00F0998194F8FB33022B00F0B480E2
:10D508003EB9904B1B7823B94FF400328E4BC3F8C9
:10D5180090204FF44072874B01219B6C01A8C3F304
:10D528000A03ADF80420029300F094FBEA064FF4D6
:10D538000036864C07D5FFF73DFF264603E0EA068E
:10D548004FF01004F7D4EB0322D57C4C46F4803618
:10D55800A37E002B40F09980012394F83A20E370D1
:10D56800002A40F0AD8001234FF4C061784A84F866
:10D578002330ADF8041092E8030004AA02E903007E
:10D58800194601A800F066FB4FF400326E4B1A658D
:10D59800E90408D46A041DD42B042AD4AE4240F00E
:10D5A800C58105B0F0BD0024624B46F480561C606E
:10D5B800FFF7CEFE4FF48073012101A8ADF80430C7
:10D5C8008DF8084000F046FB4FF400225E4B1A65C8
:10D5D8006A04E1D54FF48063012101A8ADF8043055
:10D5E80000F038FB1022584B46F480461A652B048D
:10D5F800D4D54FF4A063012101A8ADF8043000F0A0
:10D6080029FB4FF40062504B46F400461A65C5E703
:10D6180094F83A60002E3FF428AF94F83C30002B81
:10D628003FF423AF002304F1200084F83C3000F0DD
:10D63800C1FA1AE794F87A73002F3FF457AF94F8B9
:10D648007C33002B40F0648194F8BB33022B40F00C
:10D65800F48094F8BA33002B40F0EB8094F8FB3355
:10D66800022B7FF456AF3E4694F8FA33002B3FF472
:10D6780047AF94F8FC33002B3FF44BAF00233548F9
:10D6880084F8FC3300F096FA43E70221324B294A2A
:10D698001966536E9F07FCD54FF440520021274866
:10D6A80000F066FA254800F05DFA0222264B5A6619
:10D6B8001A66012394F83A20E370002A3FF453AF26
:10D6C800254A1366A2F50052536ED807FCD54FF4CD
:10D6D80040520021214800F04BFA204800F042FA5D
:10D6E8000122194B5A661A663DE794F87A70002FA2
:10D6F8003FF4C0AE94F87C30002B40F001813E46E8
:10D70800B8E694F87A71002F3FF4C8AE94F87C31EB
:10D71800002B40F0ED803E46C0E694F83A71002FA9
:10D728003FF4B7AE94F83C31002B40F0D9803E4628
:10D73800AFE600BF0000115000000B40C82E0020CB
:10D74800B02E0020758B022000301150100002000E
:10D7580000001050A832002000201150E82E0020B0
:10D7680094F8FA70002F3FF48FAE94F8FC30002B39
:10D7780040F08E803E4687E694F8BA70002F3FF45A
:10D788007EAE94F8BC30002B7AD13E4677E694F80A
:10D798003A73002F3FF4A5AE94F83C33002B57D1D1
:10D7A8003E469EE694F8FA72002F3FF495AE94F840
:10D7B800FC32002B5CD13E468EE694F8BA72002FFC
:10D7C8003FF485AE94F8BC32002B49D13E467EE644
:10D7D80094F87A72002F3FF475AE94F87C32002BDF
:10D7E80076D13E466EE694F83A72002F3FF465AE65
:10D7F80094F83C32002B63D13E465EE694F8FA7109
:10D80800002F3FF455AE94F8FC31002B50D13E4622
:10D818004EE694F8BA71002F3FF445AE94F8BC3147
:10D82800002B3DD13E463EE694F8BA33002B3FF438
:10D8380062AE94F8BC33002B71D194F8FB33022B01
:10D848007FF467AE94F8FA33002B3FF462AE10E72A
:10D858000023394884F83C333E4600F0ABF940E6F3
:10D868000023364884F8BC323E4600F0A3F92EE681
:10D878000023334884F8FC323E4600F09BF92BE63F
:10D888000023304884F8BC303E4600F093F9F6E5B2
:10D8980000232D4884F8FC303E4600F08BF9F3E570
:10D8A80000232A4884F8BC313E4600F083F9FAE5A3
:10D8B8000023274884F8FC313E4600F07BF9F7E561
:10D8C8000023244884F83C323E4600F073F9F4E51E
:10D8D8000023214884F87C323E4600F06BF9F1E5DC
:10D8E80000231E4884F83C313E4600F063F9D0E539
:10D8F80000231B4884F87C313E4600F05BF9CDE5F7
:10D908000023184884F87C303E4600F053F9B1E50E
:10D918000023154884F87C3300F04CF994E6002382
:10D92800124884F8BC3300F045F986E7104886EAC7
:10D93800050100F071FC00BFE831002068310020CB
:10D94800A8310020682F0020A82F00206830002070
:10D95800A8300020E830002028310020E82F0020DF
:10D9680028300020282F002028320020683200208C
:10D97800F89A00102DE9F047848A058BC278A542F1
:10D9880028BF2546171E18BF0127641B467882F05A
:10D998000102A4B20346C270848245F4806040EA62
:10D9A8004730A6BBD3E903266F1E02EB811E55B391
:10D9B800052F98BF721C31D902EB811C721CACEB8D
:10D9C8000204022C2AD932464FEA95094FEA890AFD
:10D9D80006EB890852F8044B42454CF8044BF9D140
:10D9E8005545A7EB0A070EEB0A040AD016F829607A
:10D9F8000EF829602FB15678012F667001D0927801
:10DA0800A2701E699C8A2E441E6140F400400CB925
:10DA180040F4804001B10004BDE8F0870EF1FF3EFC
:10DA28002E4400E0013212F8014CB2420EF8014FC8
:10DA3800F8D1E6E783680246186801B1000C53780C
:10DA4800C0F30900002B3CD02DE9F041D2E90334A2
:10DA5800461E03EB811E40B3052E3BD989014D1CA0
:10DA68001D44651B022D35D97346214600F47F7786
:10DA78004FEA9008FD1853F804CBAB4241F804CBA9
:10DA8800F9D1B842A6EB070604EB07030EEB070132
:10DA98000AD01EF8285004F828502EB14C78012ED0
:10DAA8005C7001D0897899701469D38A044403445E
:10DAB800D382138B1461834284BF00239382BDE811
:10DAC800F081D38A0344D382138B834284BF00231B
:10DAD80093827047013C0EEB00011EF8013B714533
:10DAE80004F8013FF9D1DFE710B504468368002147
:10DAF8001B68FFF79FFF63681B685B0002D5238BD9
:10DB0800834200D010BD2046BDE810400121FFF738
:10DB180091BF00BF084B1B6C13F0020302D182783F
:10DB2800D20901D100207047C07EA0F10200B0FAEE
:10DB380080F04009704700BF0000115008B5FFF79A
:10DB4800E9FF50B1054A064B906A1B68A0F548707A
:10DB5800C01AC6288CBF0020012008BD00000B4059
:10DB6800B02E00200023C0E904338376704700BF3D
:10DB780010B5836809B11C68214082B11143520570
:10DB88000DD51A6854050CD4084A21F480641C6029
:10DB9800126C920703D40C23033BFDD283681960EF
:10DBA80010BD8178024800F037FB00BF000011501B
:10DBB8000C9B001030B54368002183B004461D68F3
:10DBC800FFF7D8FE134B40F48052196CA3788907ED
:10DBD8000ED55B060ED025F0A04545F00055002176
:10DBE800204663681D6003B0BDE83040FFF7C0BF42
:10DBF800DB09F0D0A38A002BEDD001212046019249
:10DC0800FFF7B8FE019A25F00055024345F0A045FC
:10DC1800E5E700BF0000115038B5857E044695B190
:10DC2800FFF762FFA38A0BB9284638BD2046FFF7E5
:10DC380085FF20B1012323770025284638BD2046DB
:10DC4800FFF7B8FFF8E78178014800F0E5FA00BF70
:10DC58002C9B00102DE9F04343788146023B0D468A
:10DC680085B0042B13D8DFE803F0034A6A73440035
:10DC780000217B4B1A7822F001021A701A7822F0E0
:10DC880002021A7059701A7861F382021A70754B81
:10DC98001C686369EFF3108272B6D3E8CF0F0121D5
:10DCA8000028FAD1C3E8401F0028F6D1BFF35F8FE0
:10DCB800A2614946204600F0CFFA00236269C2E813
:10DCC8008F3FA36983F3108848B94FF0E023D3F856
:10DCD800F03DDB070AD500BE05B0BDE8F0832A4653
:10DCE80099F8011099F8000000F0B2FA05B0BDE803
:10DCF800F0835D4A13780133DBB21370C7E7002461
:10DD08005A4E23463178DFF86C81594F11E03B6851
:10DD180013EB441307D0DB692BB1D9F8041099F839
:10DD28000000984731780134E4B24A1CA2422346E5
:10DD380017DBA142EBD85B1A08EB4313EBE7484B20
:10DD48001A78D607D2D51A7842F004021A709EE7DC
:10DD5800434B1A78D407C9D51A7822F004021A70EE
:10DD680095E73F4C237858073AD4E378DA07BDD5CE
:10DD7800032300263B4A99F800101468D9F80420B8
:10DD88008DF804108DF805306369CDF80660CDF87C
:10DD98000A60ADF80E600292EFF3108272B6D3E813
:10DDA800CF0F01210028FAD1C3E8401F0028F6D17F
:10DDB800BFF35F8F2046A26101A900F04DFA6369A5
:10DDC800C3E88F6FA36983F3108800283FF47DAF01
:10DDD8002A469DF805109DF8040000F039FA85E7F9
:10DDE8002378002723F00403237005231D4A8DF8A8
:10DDF8000530166899F80020ADF80E708DF80420EB
:10DE08007369CDF80670CDF80A70EFF3108272B618
:10DE1800D3E8CF0F01210028FAD1C3E8401F00281A
:10DE2800F6D1BFF35F8F3046B26101A900F014FA52
:10DE38007369C3E88F7FB36983F3108838B94FF0EB
:10DE4800E023D3F8F03DD9078FD500BE8DE72A46E9
:10DE58009DF805109DF8040000F0FAF985E700BF69
:10DE6800502A0020A82A0020768B0220748B0220DA
:10DE7800802800200CC4001053B94AB9002908BFF3
:10DE880000281CBF4FF0FF314FF0FF3000F0B2B94F
:10DE9800ADF1080C6DE904CE00F006F8DDF804E0F9
:10DEA800DDE9022304B070472DE9F04F8C46099E46
:10DEB80004460F46002B48D18A4215465ED9B2FA6D
:10DEC80082F33BB1C3F120029F409D409C4020FA61
:10DED80002F217434FEA154E1FFA85FC220CB7FBD6
:10DEE800FEF10EFB117701FB0CF042EA074290426B
:10DEF80007D9AA1801F1FF3702D2904200F25881DF
:10DF08003946121AA4B2B2FBFEF00EFB102200FB37
:10DF18000CFC44EA0244A4450BD92C1900F1FF3249
:10DF28002CBF01270027A44502D9002F00F0438108
:10DF3800104640EA0140A4EB0C0400211EB1DC406D
:10DF48000023C6E90043BDE8F08F8B4206D90EB125
:10DF5800C6E9000100210846BDE8F08FB3FA83F155
:10DF6800002951D16345C0F01681824240F21381E5
:10DF78000846002EE7D0C6E90047E4E7002A00F08B
:10DF8800AF80B2FA82F3002B40F0C2808A1A4FEABF
:10DF9800154EAFB20121200CB2FBFEFC0EFB1C2279
:10DFA80040EA024207FB0CF090420ED9AA180CF185
:10DFB800FF382CBF4FF001094FF00009904203D9F8
:10DFC800B9F1000F00F0F080C446121AA4B2B2FBF7
:10DFD800FEF00EFB102200FB07F744EA0244A742BA
:10DFE8000ED92C1900F1FF322CBF4FF0010E4FF063
:10DFF800000EA74203D9BEF1000F00F0D2801046F0
:10E00800E41B40EA0C4099E7C1F120058B400CFA6B
:10E0180001F400FA01F922FA05F72CFA05FC8A4006
:10E028001F4320FA05F3380C23431FFA87FE1C0C04
:10E03800BCFBF0F800FB18CC44EA0C4408FB0EFCCF
:10E04800A4450ED93C1908F1FF3A2CBF4FF0010B3B
:10E058004FF0000BA44503D9BBF1000F00F0B880C6
:10E06800D046A4EB0C041FFA83FCB4FBF0F300FBCE
:10E07800134403FB0EFE4CEA0444A6450ED93C1992
:10E0880003F1FF302CBF4FF0010C4FF0000CA645F8
:10E0980003D9BCF1000F00F09F80034643EA084013
:10E0A800A4EB0E04A0FB02EC64457346E04602D3E1
:10E0B80007D1F14505D2BEEB02036CEB070C013822
:10E0C800E0465EB1B9EB030264EB080404FA05F517
:10E0D80022FA01F3CC401D43C6E90054002132E77F
:10E0E80042082F464B08AC4642EAC172AE46C40706
:10E0F800110C92B241EA034142EA0142B1FBF5F147
:10E10800B3FBF5F01F23A2EB0C0241EA004142E702
:10E118009D40C3F1200299409C402CFA02FC4FEA32
:10E12800154E20FA02F2AFB2BCFBFEF80A430EFB12
:10E1380018CC110C41EA0C4108FB07FC8C4550D95E
:10E14800691808F1FF302CBF4FF001094FF00009A2
:10E158008C4502D9B9F1000F30D0A1EB0C01B1FB0D
:10E16800FEF808FB07FC0EFB181192B242EA0142C6
:10E17800624534D2AA1808F1FF312CBF4FF00109CB
:10E188004FF000096245BED2B9F1000FBBD1A8F12A
:10E1980002012A44B7E7841A6CEB030201201746F0
:10E1A800E7E62C4402382BE7ACF1020C2A440CE7D2
:10E1B80002392A44A5E62C440238BAE6A5EB0C0C31
:10E1C800A8F102006144B1FBFEF808FB07FCCAE7AE
:10E1D800A8F102083C4444E7023B3C445EE7414660
:10E1E80091E7A1EB0C014046B1FBFEF808FB07FCE8
:10E1F800B9E700BF704700BF5FF800F0BD16001018
:10E208005FF800F0E91900105FF800F0B11800108D
:10E218005FF800F0152800105FF800F0E92A0010F8
:10E228005FF800F0111D00105FF800F0452900109C
:10E238005FF800F0193B00105FF800F04D17001070
:10E248005FF800F0592100105FF800F0D592001037
:10E258005FF800F0C96C00105FF800F0A1860010AC
:10E268005FF800F0553800105FF800F099160010BC
:10E278005FF800F0A11E00105FF800F0811C00108C
:10E288000100000002000000010000000000305002
:10E29800000020505C330020A099001008120100F3
:10E2A800E0B10010AC99001008100100B80500207A
:10E2B800B8990010080E0100E0A90010C4990010D8
:10E2C800080C0100E0A10010100000000000000090
:10E2D8000000010000000000000000000000020033
:10E2E8000000000000000000000003000000000023
:10E2F800000000000000FF000000000001B54868B1
:10E3080001318E460047704609380149884701BDEA
:10E31800952F001000000000000000000000000021
:10E328000000000000000000702500207564001047
:10E3380021640010996300100963001000000000B8
:10E3480000010000AC2A002010000C0000000000B2
:10E3580000000000000000000000000000000000B5
:10E36800FF000000FFFFFFFF0000020000000000A8
:10E3780000000000000000001020002010200020F5
:10E388001820002018200020202000202020002015
:10E3980028200020282000203020002030200020C5
:10E3A8003820002038200020402000204020002075
:10E3B8004820002048200020502000205020002025
:10E3C80058200020582000206020002060200020D5
:10E3D8006820002068200020702000207020002085
:10E3E8007820002078200020802000208020002035
:10E3F80088200020882000209020002090200020E5
:10E408009820002098200020A0200020A020002094
:10E41800A8200020A8200020B0200020B020002044
:10E42800B8200020B8200020C0200020C0200020F4
:10E43800C8200020C8200020D0200020D0200020A4
:10E44800D8200020D8200020E0200020E020002054
:10E45800E8200020E8200020F0200020F020002004
:10E46800F8200020F82000200021002000210020B2
:10E478000821002008210020102100201021002060
:10E488001821002018210020202100202021002010
:10E4980028210020282100203021002030210020C0
:10E4A8003821002038210020402100204021002070
:10E4B8004821002048210020502100205021002020
:10E4C80058210020582100206021002060210020D0
:10E4D8006821002068210020702100207021002080
:10E4E8007821002078210020802100208021002030
:10E4F80088210020882100209021002090210020E0
:10E508009821002098210020A0210020A02100208F
:10E51800A8210020A8210020B0210020B02100203F
:10E52800B8210020B8210020C0210020C0210020EF
:10E53800C8210020C8210020D0210020D02100209F
:10E54800D8210020D8210020E0210020E02100204F
:10E55800E8210020E8210020F0210020F0210020FF
:10E56800F8210020F82100200022002000220020AD
:10E57800082200200822002010220020102200205B
:10E58800182200201822002020220020202200200B
:10E5980028220020282200203022002030220020BB
:10E5A800382200203822002040220020402200206B
:10E5B800482200204822002050220020502200201B
:10E5C80058220020582200206022002060220020CB
:10E5D800682200206822002070220020702200207B
:10E5E800782200207822002080220020802200202B
:10E5F80088220020882200209022002090220020DB
:10E608009822002098220020A0220020A02200208A
:10E61800A8220020A8220020B0220020B02200203A
:10E62800B8220020B8220020C0220020C0220020EA
:10E63800C8220020C8220020D0220020D02200209A
:10E64800D8220020D8220020E0220020E02200204A
:10E65800E8220020E8220020F0220020F0220020FA
:10E66800F8220020F82200200023002000230020A8
:10E678000823002008230020102300201023002056
:10E688001823002018230020202300202023002006
:10E6980028230020282300203023002030230020B6
:10E6A8003823002038230020402300204023002066
:10E6B8004823002048230020502300205023002016
:10E6C80058230020582300206023002060230020C6
:10E6D8006823002068230020702300207023002076
:10E6E8007823002078230020802300208023002026
:10E6F80088230020882300209023002090230020D6
:10E708009823002098230020A0230020A023002085
:10E71800A8230020A8230020B0230020B023002035
:10E72800B8230020B8230020C0230020C0230020E5
:10E73800C8230020C8230020D0230020D023002095
:10E74800D8230020D8230020E0230020E023002045
:10E75800E8230020E8230020F0230020F0230020F5
:10E76800F8230020F82300200024002000240020A3
:10E778000824002008240020202400200000000095
:10E788000000000048270020B0270020182800209B
:10E798000000000000000000000000000000000071
:10E7A8000000000000000000000000000000000061
:10E7B8000000000000000000000000000000000051
:10E7C8000000000000000000000000000000000041
:10E7D8000000000000000000000000000000000031
:10E7E8000000000000000000000000000000000021
:10E7F8000000000000000000000000000000000011
:10E808000000000000000000000000000000000000
:10E8180000000000000000000100000000000000EF
:10E828000E33CDAB34126DE6ECDE05000B000000B4
:10E8380000000000000000000000000000000000D0
:10E8480000000000000000000000000000000000C0
:10E8580000000000000000000000000000000000B0
:10E8680000000000000000000000000000000000A0
:10E878000000000000000000000000000000000090
:10E888000000000000000000000000000000000080
:10E898000000000000000000000000000000000070
:10E8A8000000000000000000000000000000000060
:10E8B8000000000000000000000000000000000050
:10E8C8000000000000000000000000000000000040
:10E8D800D3DEFFFFFE010000FF0100006018FFFF0C
:04E8E800793512ABC1
:040000051000014D99
:00000001FF
