:020000041000EA
:10000000002008205D0100101B0100101D010010E0
:100010001101001011010010110100101101001058
:100020001901001019010010190100101F01001022
:10003000110100101901001021010010230100100E
:100040001101001011010010110100101101001028
:100050001101001011010010110100101101001018
:100060001101001011010010110100101101001008
:1000700011010010110100101101001011010010F8
:1000800011010010110100101101001011010010E8
:1000900011010010110100101101001011010010D8
:1000A00011010010110100101101001011010010C8
:1000B00011010010110100101101001011010010B8
:1000C00011010010110100101101001011010010A8
:1000D0001101001011010010110100101101001098
:1000E0001101001011010010110100101101001088
:1000F0001101001011010010110100101101001078
:100100001101001011010010110100101101001067
:10011000EFF30580103800BE00BE00BE00BE00BE7A
:1001200000BE00BEF2EB8871742205109822051003
:10013000A001001090A31AE7D3DEFFFF42012110B7
:10014000FF01000070420500793512AB4FF000004E
:100150001E49086006C881F3088810474FF05040D8
:10016000006810B14FF00000F2E70DA40ECC00299A
:1001700002D000F012F8F9E71549164A002000E015
:1001800001C19142FCD11449884714498847144958
:10019000884700BEFDE701C901C29A42FBD3704700
:1001A000982205102001002030220020A8430510CD
:1001B0000000082000000820A843051000100820B7
:1001C00000100820000000007047000008ED00E06B
:1001D00030220020DCF80020FD4400103502001021
:1001E000F5440010F8B500BF064B0749C91A89103D
:1001F00048BF0131491003D0044B0BB101481847E7
:10020000704700BF30220020302200200000000094
:1002100008B5054B1BB105490548AFF30080BDE8A3
:100220000840FFF7E1BF00BF0000000018B7002042
:100230001084011070B58AB004F088FA00F04CFC0C
:100240000F2002F0D1F9022001F028FE5B4806AB36
:1002500002AA01A902F0B4F818B95849584800F0A8
:1002600081FD069ADDE9010101F0E8FF40F6C410C6
:1002700001F014FE534807F0BDF95349534806F006
:10028000D3FE4FF480324FF4F833CDE902234FF41C
:10029000402300244FF4000C0493C60100F118031E
:1002A000059446EA03360DF1180E02AB05460FCB56
:1002B0008EE80F00079602AE9EE80F0086E80F005A
:1002C000CDF814C020460621013400F07DFC0E2C30
:1002D000F8D1059B062123F0E05323F4787343F013
:1002E000806343F4E073204605930F2600F06CFC16
:1002F0004FF0000343EC4460122443EC44400022DE
:100300000121304600F07EFC00222046012100F051
:1003100079FC0621304600F057FC2046062100F00B
:1003200053FC039C4FF4804224F0F85444F0706472
:100330000394049C00216FF31D4444F08474244B07
:100340002248049406F0EAFE204C616811F48031E2
:10035000FBD144F2FF0E48F2A00C4AF247062A46AF
:100360004FF48035C4F810E002ABC4F8D8C0174889
:10037000C4F8D860029506F081FF4FF00041236871
:10038000144A43F0010323602368134823F0010358
:100390002360C2F8D010C2F8D010236843F00103E4
:1003A000236004F017FA00F0A3FB00F053FA00F00A
:1003B000C5FB0021054817F0B7FFFAE790D003000E
:1003C0001084011059060010C0A401100000205034
:1003D000FFFF04000010205044840110AAB938B572
:1003E0000D46A9B10D48144604F0F4F9242101206A
:1003F00002F0A2FC014670B1284609F063FC2846D1
:10040000074909F063FC204638BD6FF005007047CE
:100410006FF0050038BD4FF0FF3038BD8484011007
:10042000250400102DE9F04304460E4691B0002A41
:100430007AD015460846118909F058F92778D5F879
:100440000490B5F80A80002F33D0012F7BD0D4E977
:100450000123934226D30021494BE0691860494BA0
:100460001A60494B196082B1511E421E08444FF078
:10047000FF31464E12F8013F4B40DBB256F82330B5
:10048000904283EA1121F5D1CA43414B414804F11E
:100490000C011A6004F01EFA01223F4B3F481A700B
:1004A00004F098F9284608F0CFFC002011B0BDE810
:1004B000F083B8F10F0FCAD94B4653F8040B6060B4
:1004C0005A68D9F804109B68E1602261636127765D
:1004D00002F016FCE061002848D001231021A7603B
:1004E000A8F110082370B8F1000F2FD16368BB4248
:1004F000D8D8022327462A4807F80C3B04F06AF9AB
:100500003946284804F0E6F93A46636868462649C1
:1005100003F096FF01234022694630460BF00CFEA3
:1005200030460CF0CFFD92E7204804F053F934B187
:10053000E06908B102F020FC204602F01DFC3046C4
:1005400009F0BAFFB1E70021A768CCE7E0694246AD
:100550004944384417F0F0FCA368154808EB030140
:100560006268A16004F0B6F9A768BFE7114804F01B
:1005700031F9304609F0A0FF4FF0FF3096E700BF99
:10058000302C0020382C002038B70020A42C00206C
:10059000342C002044850110BFF800206085011034
:1005A000F884011028850110FCA401109884011022
:1005B000D8840110B084011091B14FF0FF328B1834
:1005C000084900EB020C18441CF8013F5340DBB211
:1005D00051F82330604583EA1222F5D1D0437047A9
:1005E00008467047A42C002010B509F0B3FD08B3ED
:1005F00041F292021249044608F094FF70B9FF21BB
:10060000204608F0F7FF80B10E4909F06DFBBDE808
:10061000104041F292010C4804F05CB941F29201A1
:10062000BDE81040094804F055B90948BDE810403C
:1006300004F0D0B80748BDE8104004F0CBB800BFC4
:10064000E0A80110DD030010D8850110A885011075
:10065000C48501109085011008B52F4804F0BAF840
:1006600000212E482E4A41F3000341F3400C134071
:1006700083EA51030CEA020C8CEA530C43F3400367
:100680004CF3400E134083EA5C030EEA020E8EEA3E
:10069000530E43F340034EF3400C134083EA5E03D2
:1006A0000CEA020C8CEA530C43F3400313404CF366
:1006B000400E83EA5C0301310EEA020C8CEA53031C
:1006C000B1F5807F40F8043FCDD111F00FFBD0B9D8
:1006D00011F0B2FA134804F07DF847F23053124A91
:1006E0001249134811F0B4FA88B9124B1868043053
:1006F00010F04EFF0146104804F0ECF8FFF774FFCD
:1007000011F0EAFAFCE70D4804F064F8E0E70C4861
:1007100004F060F8E9E700BFFC850110A02C002080
:100720002083B8ED38860110040040005086011087
:100730006086011008B70020888601101C86011011
:100740007086011038B502244FF0010C364A374B41
:1007500011681B680C63486808330CFA03F2024006
:1007600019D151F823301B0E582B1ED00BD8122B49
:1007700013D0142B22D12E4B197800293DD02D49AE
:100780001A700A7038BD592B07D0F02B16D1284BA0
:1007900083F800C038BD0C6338BD254B1A7842B3CE
:1007A000002225491A700A7038BD214C2378EBB914
:1007B000224A137883F00103137038BD1C4C227851
:1007C000A2B91C4A03F07F031278D2B11C4AD55C4F
:1007D00065B1284603F0BCFF1A4A1B4B15611A7815
:1007E00022B9132142EC401001221A700023237019
:1007F00038BD0122104B1A7038BD0E4B83F800C073
:1008000038BD0D4A127812B1104AD55CE0E70B4AA8
:100810000F491278CD5C002ADAD0A5F16103192BBB
:10082000D6D8203DEDB2D4E760B7002068B70020ED
:10083000D1F80020C3F80020D3F80020C1F8002030
:10084000EC20051000002050C0F800206C2105109D
:10085000EC21051012232DE9F04F8C4A8C4D8D4868
:100860008DB08D491360286006F0DEFB0027DFF8AD
:100870005C820121C8F80000286806F0B9FB4FF43B
:1008800040230097D8F80060CDE906374FEAC61E2E
:1008900006F10C034EEA033E4FF480324FF4F83376
:1008A000CDE90423DFF828A20DF1200C04AC02905E
:1008B000CAF8000094E80F008CE80F00D5F800900B
:1008C000CDF824E0DFF80CB29CE80F0084E80F00BC
:1008D0000223102202994846CDF81CB006F088FC8D
:1008E00009F12F4101F560014FEA115B0BF1060B95
:1008F0005FFA8BFB1020594600F066F9594611202B
:1009000000F062F93A460121102000F07BF93A46E6
:100910000121112000F076F9069A604B0520134062
:1009200043F0004343F40503069301F081FC07EE16
:10093000100A9FED5B6AB8EE477ADFED5A6AC7EEA0
:10094000067A77EEA67ABCEEE77A17EE103A9AB2FC
:10095000002A00F0998007EE102AB8EE477ADFED02
:10096000526A77EEC77A67EEA67AFCEEE77ACDEDAB
:10097000037A9DF80C301B0243EA0243049323469A
:10098000012432460299484606F078FCD8F8003037
:100990002A6803F01F0EDAF80030D2F8008004FA5B
:1009A00003F928EA0908C2F8008003EB430703F1C2
:1009B0000408083302F5005904FA03F304FA08F8AE
:1009C000C9F800804FF00046C9F80030022302EB5E
:1009D000C70000F5865002EBC707C7F8D8E00661EC
:1009E00006611363294B4FF4007B1F4602F5055C3B
:1009F000CCF83CB018682D4900F00EFB2146386851
:100A000000F0C8FA2A68DAF80030116804FA03F333
:100A10000B432046136001F041FADAF800202B68FE
:100A200002EB420203EBC20303F586531E6113205F
:100A30001E6100F073F9132744EC44700022214634
:100A4000384600F0DFF81A4803F0C4FE44EC40706A
:100A50000022DAF800102B6801EB410103EBC1031F
:100A600003F586531E61134813491E61134B0A7028
:100A70001A701349134B027013480A701A700DB0A4
:100A8000BDE8F04F03F0A6BE134675E764B700203B
:100A900060B700200000305018A50110FF3F0A3E4B
:100AA000007802480000003B00008043450700102A
:100AB000A4860110C1F80020C3F80020D3F800205C
:100AC000D1F80020C0F80020B88601105CB70020E3
:100AD00068B700200002080813234FF0010242EC1F
:100AE00040300022014B1A70704700BFC0F8002050
:100AF0000022034B83F8002183F80121704700BFD7
:100B00008C4300200120704701289DBF4FF42E72B6
:100B1000024B02FB00300020704700BFB8180020D5
:100B20000120704701289DBF034B00EB001003EB31
:100B300080000020704700BF701B002038B516F001
:100B40001BFC0020FFF7E0FF0A4D0446286060B15F
:100B5000D0F8A4329847084803F03CFE4FF40073E5
:100B60002C46C5F80432204638BD044803F032FE56
:100B7000F9E700BF24F60020CC860110E4860110BE
:100B800038B50E4D2C6814B10C4C204638BD16F00B
:100B9000F3FB2046FFF7B8FF0446286050B1D0F8B9
:100BA000A4329847064803F015FE4FF40073C5F8C9
:100BB0000432E9E7034803F00DFEE6E724F60020DF
:100BC000CC860110E486011010B44FF480740C4BF5
:100BD00053F8202003EB8003C00082F0400200F1B4
:100BE000804003F5805C02F0C00200F5203003F580
:100BF0004053CCF8002041601C605DF8044B704706
:100C00000480034010B4084CC90041EA820154F842
:100C1000202004EB8003514003F5805301F00C01C8
:100C20005DF8044B1960704704800340064B0222B4
:100C300003EB800319B103F500531A60704703F505
:100C400040531A60704700BF04800340064B53F8BE
:100C5000202003EB800382EA011202F0300203F548
:100C600080531A60704700BF048003404FF0504328
:100C70001B6893B10C4B4FEAD00C00F007008000CA
:100C800081400A4803EB8C030CF18C0C40F82C10CB
:100C90002AB103F5005319607047054BEBE703F5E4
:100CA00040531960704700BF9082024000800240AC
:100CB000488202402DE9F0414FF050480D4FD8F8DE
:100CC0000030164657F82320044602420D4609D14B
:100CD00014432946324647F823401520BDE8F04129
:100CE00000F0CAB901F084FDD8F8003057F823208D
:100CF000EEE700BF08F6002010B50446152000F00E
:100D0000AFFA4FF05043044A196852F8213023EAF1
:100D1000040342F8213010BD08F6002030B44FF033
:100D2000000343EC440043EC400005254FF480747D
:100D30000B4BC20053F8201003EB800081F0400100
:100D400002F1804303F5203301F0C00200F5805129
:100D500000F540500A605D60046030BC704700BF21
:100D6000048003400FB400B583B0049C074803F02F
:100D700031FD3CB105A92046019103F08BFB0448ED
:100D800003F028FD012003F09DFB00BFFC8601104D
:100D90000C870110EFF3108072B6064BD3E8CF1F1B
:100DA00001220029FAD1C3E8412F0029F6D1BFF36F
:100DB0005F8F7047272700200023034AC2E88F3F38
:100DC00080F31088704700BF2727002070B5864643
:100DD000EFF3108572B6124CD4E8CF6F0120002ECD
:100DE000FAD1C4E8460F002EF6D1BFF35F8F4FF063
:100DF000010CC80801F007030CFA03F31EF800C049
:100E00001CEA030608D14CEA030C0EF800C0C4E843
:100E10008F6F85F3108870BD1046FFF7A3FF00BFEA
:100E200027270020F8B5EFF3108772B61C4ED6E8DE
:100E3000CF5F0124002DFAD1C6E8454F002DF6D131
:100E4000BFF35F8F9A421BD8012502E00132934223
:100E500022D3D40810F804E002F0070C05FA0CFCC9
:100E60001EEA0C0FF2D14EEA0C0E00F804E0104618
:100E70000023C6E88F3F87F31088984207DBF8BD50
:100E80000023C6E88F3F87F310884FF0FF3000291A
:100E9000F5D00698FFF766FF4FF0FF30E8E700BF98
:100EA0002727002000B5EFF3108E72B6104BD3E861
:100EB000CFCF0122BCF1000FF9D1C3E84C2FBCF118
:100EC000000FF4D1BFF35F8F01224FEAD10C01F084
:100ED000070102FA01F110F80C2022EA010200F8E1
:100EE0000C200022C3E88F2F8EF310885DF804FBDE
:100EF00027270020044A1078431CDBB2182B28BF98
:100F000010231370704700BFB41B002010B5054CB0
:100F100082B001461F23182200940348FFF782FF86
:100F200002B010BD10870110702C00204FF0E0229D
:100F3000936843F000539360704700BF0021044B57
:100F400003F12002C3E88F1F01339342FAD17047A7
:100F50001C2700204FF0E0234FF08032C3F800241C
:100F6000C3F80424C3F80824C3F80C24C3F81024DD
:100F7000C3F81424C3F81824C3F81C24C3F820248D
:100F8000C3F82424C3F82824C3F82C24C3F830243D
:100F900062B67047012300F01F029340400941B13F
:100FA000800000F1604000F56140C0F880310360CE
:100FB0007047024A203042F82030704700E100E0DC
:100FC0000123064A410952F8212000F01F0003FACC
:100FD00000F01040003818BF0120704700E100E029
:100FE00001224309034900F01F008240403341F8C9
:100FF0002320704700E100E0054A10309268054B5D
:1010000052F82000C01A2F288CBF00200120704702
:1010100000ED00E0B81B0020F8B50D46EFF3108797
:1010200072B6124ED6E8CF2F0123002AFAD1C6E8B5
:10103000423F002AF6D1BFF35F8F0D4B00F1100441
:101040009B680C4A53F82430934203D0994201D054
:1010500001F0CEFB064B9B6843F82450BFF35F8F33
:101060000023C6E88F3F87F31088F8BD25270020AE
:1010700000ED00E0110100102DE9F04F81468B4694
:10108000164683B0EFF3108372B6DFF8D0A1009359
:10109000DAE8CF1F01230029FAD1CAE8413F00292D
:1010A000F6D1BFF35F8F664B93F90040002CC0F27E
:1010B000A080644D04EB440705EB870898F8061000
:1010C00009F110091970604BBF009B6853F82900A3
:1010D0006300411B2F292FD95C49884240F0A4802E
:1010E0001C445B4B02372F44043BDB1BC3F34A0316
:1010F0006FEAC3434FF421416FEAD34325F824102C
:1011000005EB840463804BF60153A380FF2348F072
:101110000100E671C4F808B0A3714B4B9B6843F81B
:101120002900BFF35F8F0023CAE88F3F009B83F342
:10113000108803B0BDE8F08F20F0010E9EF8071074
:10114000B1422ED84FF42143EB53414BB91C2944F3
:10115000043B04375B1A2F44AEF10401C91BC1F3F1
:101160004A043C49C3F34A030B432143A8F8041043
:101170003949A8F802304AF6AA2073465B1B5B4146
:101180005843000D88F8076088F80600C8F808B0D2
:1011900048F00100CEF80010BFE7D179B1422ED956
:1011A00096469EF906C00CEB4C02BCF1000F05EB15
:1011B0008202F2DA4BF601510EF10402A8F10407A3
:1011C000BF1AC7F34A076FEAC7476FEAD7478EF8D7
:1011D000064003EB0408204C05EB8803AEF80470CE
:1011E00045F82840998083F806C0DE71C3F808B03E
:1011F00093E701F0FDFA124B93F9004059E772466C
:1012000032F8041F490514D44915023102EB41019B
:1012100001916FF00701C91B019F491B3944C1F3BC
:101220004A0141F46041C9E7019301F0E1FA019BF1
:1012300056E701F5FF1101F5FF511F31E4E700BF4B
:10124000CAF80020B81B002000ED00E011010010DA
:10125000E81B002000E0FFFF014880472527002011
:101260002DE9F04F83B0EFF3108A72B6714ED6E8D5
:10127000CF2F0123002AFAD1C6E8423F002AF6D137
:10128000BFF35F8F6C4B00F110089B686B4A53F8FB
:101290002850954245D08D420C4650D0684FEB1BEC
:1012A0002F2B3ED801214FEA50194FEA890909F145
:1012B000604909F5614900F01F0301FA03F0D9F80C
:1012C0000030C9F8800000EA030BBFF35F8FEFF333
:1012D0000581C9B2002934D0884505D0CDE9001078
:1012E00001F086FADDE9001025F0010EDEF808C0F5
:1012F000644505D189E0D3F808C0644531D09E46E5
:101300009EF9062002EB4203002A07EB8303F2DA80
:10131000644561D0BBF1000F20D0C9F88001C9F845
:101320000000454B9B6843F82850BFF35F8F0023B4
:10133000C6E88F3F8AF3108803B0BDE8F08F1546EA
:10134000EFE725F0010EDEF808C06445D8D19EF91C
:1013500006407346002C08DA154646E0C9F88000BE
:10136000DFE793F90640002C37DB04EB440C07EB76
:101370008C0C9CF80710DCF80820D9719A609CF955
:1013800006206100002A9A713DDBBCF804E05FEAA8
:101390004E5E05D50EF5FF1E0EF5FF5E0EF11F0E1B
:1013A0006FF0070C0A194FEA6E5E920002EB4E02D4
:1013B00008323A44ACEB030C6244C2F34A026FEACF
:1013C000C2426FEAD2429A801E4B21441A7807EB40
:1013D00081011C708A719DE77346D9B9FF228EF88E
:1013E00006204BF60152AEF80420164C4AF6AA220B
:1013F00094F800C01946C91B49414A43120D83F8AD
:1014000006C0227086E7104ADDE79EF90640734663
:10141000002CAADA0D4A0E4CD21A083AC2F30A314D
:101420006FEA01516FEA115144EA5202DA80998061
:1014300070E700BF2527002000ED00E0110100103B
:10144000B81B0020CAF8002001BDFFFFF21B0020DE
:1014500000F8FFFF4FF0FF0C20F0030303F160439F
:1014600003F5644300F003001A68C0000CFA00FCA6
:1014700022EA0C0281400A431A607047F0B5EFF38C
:101480000585EDB2EFF3108C72B62649D1E8CF2F67
:101490000123002AFAD1C1E8423F002AF6D1BFF366
:1014A0005F8F214E40F0010EB4684AF6AA2354F82B
:1014B00025701E4A0446A41A644163431B0D7745F8
:1014C0005BB21BD092F906409C421CD092F91240AC
:1014D0009C4223D092F91E409C4221D092F92A408E
:1014E0009C4208BF03240FD0114A002415781370C2
:1014F0008571C1E88F4F8CF31088F0BDB2680D4C38
:1015000042F82540F0E7002404EB440402EB840297
:10151000FF2494714BF601549480E5E70124F3E72E
:101520000224F1E72527002000ED00E0B81B002091
:10153000CAF800201101001001460248C1F1330130
:10154000FFF7B0BCD8F8002010B5074C82B00146B8
:101550000523002200940548FFF764FC0028A8BF7B
:10156000C0F1330002B010BD2C870110D8F8002064
:1015700070B504460E461546FFF7BCFC01462046F2
:1015800000F006F8A680E580BFF35F8F70BD00BF56
:10159000014B0B44036070471C27002070B5104CB2
:1015A000104DAC420ED2FF26236863B1FFF7A2FCB8
:1015B00001462046FFF7ECFFA680BFF35F8F08349B
:1015C000AC42F1D370BDFFF795FC01462046FFF712
:1015D000DFFF2671BFF35F8F0834AC42E4D370BDE8
:1015E000102200203022002010B50446FFF782FCB4
:1015F00001462046FFF7CCFFFF232371BFF35F8F27
:1016000010BD00BF10B50446FFF774FC014620462C
:10161000FFF7BEFFFF23A380BFF35F8F10BD00BFA6
:1016200010B504460120FFF771FC034B034423600F
:10163000BFF35F8F10BD00BF1C270020024B0B447F
:101640000360BFF35F8F70471C2700200D4B1A68A3
:10165000EFF3108172B6D2E8CFCF0120BCF1000FBA
:10166000F9D1C2E84C0FBCF1000FF4D1BFF35F8F8A
:1016700000221B68C3E88F2F81F3108840BF002031
:101680000021704730F800202DE9F04F2DED028B3E
:1016900085B0EFF30583DBB2103B9A0818BF012237
:1016A0004FF0010103F0030B18BFAF4DAF4B08BF64
:1016B000AF4D0BEB820253F8226001FA0BF205F5F5
:1016C00041539FEDA78B01925A602FE0B3881C0411
:1016D00040F19380B379002B40F0DD80B6F908200B
:1016E000002AC0F21E81736902EB420203EBC203BF
:1016F000D3E90247B7F1FF3F08BFB4F1FF3F0ED077
:1017000005EB8B01AB6A0A69D21AE31A934205D33F
:1017100001232A6A03FA0BF3134200D10C61284615
:1017200000F0CCFCA042B941C0F2FB80B6F9083011
:10173000019A002B0093EA63C8DBD6F8148003EB10
:101740004309284608EBC907D7E9024A00F0B6FC6E
:10175000A04271EB0A01B9DBBAF1000FC0F2C380FD
:10176000D7E90431834A934200F0ED807A88B6F9D4
:10177000080092B242EA0040984702460B4652EAFD
:10178000030100F0B080002B80F2D180B4EB020E98
:101790006AEB030A38F93930C7E902EA002B95DB16
:1017A000716903EB430201EBC202D2E90270BE454C
:1017B0007AEB000C4FEA430288DBB4462CF8083F72
:1017C00006E003EB430001EBC0005A00D0E90270D1
:1017D000BE451A447AEB000001EBC20404DB31F988
:1017E0003230A446002BECDA28F83930009BACF8F4
:1017F0000030B3881C043FF56DAF3369EFF31082FE
:1018000072B6D3E8CF0F01210028FAD1C3E8401FF8
:101810000028F6D1BFF35F8F4FF6FF74B088002326
:10182000316900B2B480C1E88F3F82F310889842DA
:10183000FFF650AF0746A946746906F1080807EBA2
:10184000470E04EBCE03D3E90250B6F90830C44684
:10185000002B13DBB246009704E034F9363094468F
:10186000002B09DB03EB430604EBC602D2E902714D
:10187000BD4270EB0101F0DA5646009FACF80070F3
:1018800034F93E7024F83E30002FD8DAB3794D4653
:10189000002B3FF423AF0023B371B6F9083006F1F3
:1018A0000808581C3DD01A46776903E08046591C49
:1018B0003FF416AF03EB430107EBC100B0F802C0E1
:1018C0001C461CF4004F9E4637F93130EED094424E
:1018D00080ED028B05D0A8F80030328927F831203E
:1018E00034817246E3E738F8393033813369EFF3F6
:1018F000108272B6D3E8CF0F01210028FAD1C3E8D5
:10190000401F0028F6D1BFF35F8F7388316928F834
:101910003930009B73800023C1E88F3F82F3108829
:10192000D4E640BF05B0BDEC028BBDE8F08F284681
:10193000CDE9022300F0C2FB029A039B10EB020EDA
:1019400043EB010A26E708460B69029198470028F5
:10195000C9D00299D1E9002311E700BFAFF300809D
:10196000FFFFFFFFFFFFFFFF00800B403CB70020A1
:1019700000000B40891600102DE9F84F364C256900
:101980002DB1BDE8F84F0A213448FFF701BEDFF85A
:10199000E4800321404600F05DFB0326C4F80C8080
:1019A000FFF7A8FA4FF0504C2D4B267003442361EB
:1019B000DCF800300F216370636961801D834FF094
:1019C0000405A3F878504FF00505A3F890504FF0A8
:1019D0000605A3F8A8504FF007050E214FF6FF7239
:1019E00008274FF00A0EA3F8C0504FF001094FF03E
:1019F0000C0C4FF0020B4FF0090A0D204FF00B05B5
:101A0000A3F868111749A280A3F808E1A160A3F820
:101A100048B0A3F8F0A0A3F82051A3F838C1A3F868
:101A20005001A3F83090A3F86060A3F8D8701A8032
:101A30000D4B3046C8F820700C49DC60FFF7ECFA1B
:101A400049463046FFF7A6FA094B0A211F640348AE
:101A5000BDE8F84FFFF79CBD001C002030F80020C7
:101A60001C270020FFFF10003CB700208916001043
:101A700000200B4000000B4000487047001C002075
:101A80002DE9F041054618200C4601F039F90646CB
:101A9000002843D01821204601F04EF90121706141
:101AA000284600F0F5FAF5600746FFF723FA4FF0F5
:101AB00050414FF6FF731B4A3770024432610A6887
:101AC00033817270A2B27281013AB38072805CB1CC
:101AD000002204EB44047069A10020F812300C329B
:101AE000013391429BB2F8D10F4C4FF001082C1BEF
:101AF000B4FA84F4640907EB84040C4B08FA07F782
:101B000020460B492F6243F8246005F50155FFF785
:101B100083FA41462046FFF73DFA2F603046BDE884
:101B2000F08100BF1C27002000800B403CB7002044
:101B3000891600101C4B984234D02DE9F041C5683D
:101B4000DFF870800121A5EB0806B6FA86F6044698
:101B50000778760901FA07F305F5415207EB860687
:101B60002B6230461360FFF715FA30460F49FFF736
:101B700077FB3946284600F07FFAE3680025A3EB9F
:101B80000802B2FA82F2237809495209606903EB2C
:101B9000820341F8235001F0EFF82046BDE8F04100
:101BA00001F0EAB8704700BF001C00208916001041
:101BB0003CB7002000800B40F8B59DF8205004464B
:101BC00017461E4635B900F081FA874266EB0101DF
:101BD00000295CDB2169EFF3108372B6D1E8CF0FE7
:101BE00001220028FAD1C1E8402F0028F6D1BFF326
:101BF0005F8FB4F90220656902EB4201002A4FEAC7
:101C0000C10C206905EBC10139DB35F80CE0A4F803
:101C100002E04FF0000EC0E88FEF83F31088488891
:101C2000069B0130C0F30E00012838BF01200B6174
:101C3000079B48804B61C1E9027640EA0240236974
:101C4000EFF3108172B6D3E8CF7F0126002FFAD1CF
:101C5000C3E8476F002FF6D1BFF35F8FA38825F845
:101C60000C30A2802369C3E88FEF81F31088012232
:101C7000E368217803F501538A405A60F8BD0022D9
:101C8000C0E88F2F83F310884FF0FF30F8BD28464F
:101C9000F8BD00BF0146F0B50069EFF3108772B6DA
:101CA000D0E8CF5F0124002DFAD1C0E8454F002DC8
:101CB000F6D1BFF35F8FB1F902E04C690EEB4E0C29
:101CC000BEF1000F4FEACC05086904EBCC0C3CDBFD
:101CD000665B4E800026C0E88F6F87F31088BCF8E3
:101CE0000200CCE902230130C0F30E00012838BF06
:101CF0000120059BACF80200CCF81030069B40EAAE
:101D00000E40CCF814300B69EFF3108272B6D3E8B2
:101D1000CFCF0127BCF1000FF9D1C3E84C7FBCF154
:101D2000000FF4D1BFF35F8F8B886353A1F804E0F9
:101D30000B69C3E88F6F82F310880122CB680978A2
:101D400003F501538A405A60F0BD0023C0E88F3F7D
:101D500087F310884FF0FF30F0BD00BF0346408985
:101D6000B0EB214F37DD58690A1402EB420210B57F
:101D700000EBC2001C69EFF3108C72B6D4E8CFEF11
:101D80000122BEF1000FF9D1C4E84E2FBEF1000FC1
:101D9000F4D1BFF35F8F428889B292B28A4207D0F2
:101DA00000221B69C3E88F2F8CF31088002010BD20
:101DB00042F4004242800121002218699971C0E872
:101DC0008F2F8CF310881C78DA68084602F50153CF
:101DD000A140596010BD0020704700BF4078704797
:101DE0002DE9F041851F41F1FF37A84271EB070350
:101DF00038BF002582B038BF2F4604460E4600F09B
:101E000065F9281A67EB010C01287CF1000C06DA51
:101E10002046314602B0BDE8F04100F08FB900F035
:101E200055F9854267EB010100290ADB0021174BB8
:101E30002A46009316483B460191FFF72BFF0130DD
:101E4000E6D04FF0000C134A1349536A9F4204D85E
:101E5000906AA842DCD29F42DAD10B68EFF310807F
:101E600072B6D3E8CF8F5FF0010EB8F1000FF8D152
:101E7000C3E848EFB8F1000FF3D1BFF35F8F0B68F1
:101E8000C3E88FCF80F3108820BFDEE74D16001027
:101E9000001C002000000B4030F800202DE9F0412C
:101EA00082B0064600F012F94FF47A7304464FF000
:101EB000FF306FF00042E6FB0341A04272EB0103EA
:101EC0003ABF044615460D46A61F45F1FF37B442FA
:101ED00075EB07033CBF0026374600F0F7F8301AD1
:101EE00067EB0101012871F1000106DA204629465D
:101EF00002B0BDE8F04100F021B900F0E7F88642F9
:101F000067EB010100290ADB0021174B32460093E1
:101F100016483B460191FFF7BDFE0130E6D04FF079
:101F2000000C134A1349536A9F4204D8906AB04286
:101F3000DCD29F42DAD10B68EFF3108072B6D3E89F
:101F4000CF8F5FF0010EB8F1000FF8D1C3E848EF72
:101F5000B8F1000FF3D1BFF35F8F0B68C3E88FCFE9
:101F600080F3108820BFDEE74D160010001C002013
:101F700000000B4030F800202DE9F04306460D46E6
:101F800083B0EFF30584E4B23CB12D4B5A6AAA4208
:101F90001CD2002003B0BDE8F0832A4FD7F80C9084
:101FA00097F80080484600F089F808F1040859F8CD
:101FB00028301B1A301A65EB0101984271F10001BB
:101FC00010DB20BF1E4B5A6AAA42E2D314BF012481
:101FD00000249B6AB34234BF204644F0010003B0A2
:101FE000BDE8F08300F072F8864265EB010100293C
:101FF00014DB154B3846CDE9003432462B46FFF74B
:1020000049FE011E0ADD0E4B5A6AAA4216D39B6A8C
:10201000B34211D30B48FFF7A1FEB6E7084B5C6A49
:10202000AC42B6D3641B18BF01249B6AB34234BFD1
:10203000204644F00100ADE7AA42EBD120BFE9E71A
:1020400000000B40001C00204D1600100048704797
:1020500000000B4010B4054B054C064AA04214BFCB
:102060001846581C5DF8044BFEF7B0BE742C0020D7
:1020700000800B4048870110034B044A904214BF74
:102080001846581CFEF70EBF742C002000800B4031
:1020900010B5074A074B084C82B0A04214BF104647
:1020A000501C009300220323FEF7BCFE02B010BDBB
:1020B000742C00206C87011000800B400346416A9D
:1020C0000A46986A596A8A42FAD17047034B596A9C
:1020D0000A46986A596A9142FAD1704700000B404B
:1020E00030B4154A536A9C46946A536A6345FAD1E0
:1020F000021959414FF0000528BF01250E4B5B6ABC
:10210000B5B15A1C08BF1A4608D04FF0FF310A4635
:102110000948436A8B42FCD38B4207D1064902E04F
:10212000486A984202D1886A9042F9D330BC70471D
:102130009942EDD8F0E700BF00000B40074A536A10
:102140009942FCD8994207D1044B02E05A6A914265
:1021500002D19A6A9042F9D8704700BF00000B4044
:1021600000EB400C4FEA8C0C0CF1804C0CF5803CE1
:10217000F0B51646DCF80420051FB2F5803F38BFE5
:102180004FF48032EDB238BFCCF80420012D2AD9AB
:102190004FF40067254C0CF54052176054F820208E
:1021A000B2B9DCF80020012D82EA461202F0E0020A
:1021B0000CF5805632602AD94FF4006144F8203083
:1021C0004FF480330CF500521160CCF80430F0BDB0
:1021D0006769B7FBF2FE0EF1010E0EEB4E0EBEF17B
:1021E000030EFCD2DDE70129D2D103240CF54052C5
:1021F0001460DCF80820D207FBD5DCF800200B4C7B
:1022000082EA461202F0E0020CF5805632600122AA
:10221000DCF800504D4005F00305356002FA01F18D
:10222000DCF808200A42FBD0C6E700BF7C2C002067
:10223000014B53F8200070477C2C0020584B2DE9AF
:10224000F0431C6C1746B4F5803F38BF4FF4803222
:1022500083B038BF1A64032280460E46514B504D5E
:10226000DA636C6CE307FCD5EB6B4F4A83F0200319
:1022700003F0E003D363EB6B494D83F0010303F0FC
:102280000303D3636C6CA407FCD54FF400624FF4D6
:102290008039464B464CDA63464B42466361012126
:1022A0003346C5F840904448009700F057F94FF482
:1022B00000616B6B07FB06F64B4538BFC5F83490E1
:1022C000384B2269B8FBF6F619633AB16369B3FB80
:1022D000F2F3013303EB4303033BFDD23049324AAF
:1022E0000B6B03F0E00313630B6B83F0020303F04B
:1022F000030313638B6B5807FCD54FF400654FF451
:1023000080332A4A15632D4A4B6322610A6C9A4234
:102310004FF0030238BF0B64224B2149DA634B6C48
:10232000DA07FCD5CB6B204A03F0E003D363CB6B19
:102330001B4983F0010303F00303D3634B6C9B073A
:10234000FCD54FF480334FF40065184A6661D563BD
:102350000B64CA6C9A4238BFCB644FF40061114BD6
:10236000A26999643AB16369B3FBF2F3013303EBF9
:102370004303033BFDD24FF400604FF48031084A21
:10238000094D936C83F0400303F0E003AB64074B0B
:10239000084DA5619864D16403B0BDE8F08300BF27
:1023A00000000140003001400010014000200140C9
:1023B0007C2C0020006CDC0200000540001BB700F4
:1023C0002DE9F04F4FF4A078994685B0CDE902127F
:1023D0005F4CDFF884A154450AD908F1FF38A4F511
:1023E0003B54B8F10F0FA4F12004F4D1002069E0B0
:1023F000072304F53722019403FB03F402F5D87296
:10240000B2FBF4FE70454FF0010C4FF002074FF0A5
:1024100003064FF004054FF005013FD0B3F1010E64
:1024200000F094800EFB03F4B2FBF4FB58454CD053
:1024300019B301FB03F4B2FBF4FB58454FD0E5B1EF
:1024400005FB03F4B2FBF4FB584553D0AEB106FBD9
:1024500003F4B2FBF4FB584557D077B107FB03F404
:10246000B2FBF4FB58455BD0BCF1000F05D00CFB70
:1024700003F4B2FBF4FB83455DD0734603FB03F426
:10248000B2FBF4FE704501F1FF3105F1FF3506F1B5
:10249000FF3607F1FF370CF1FF3CBFD104FB1024DE
:1024A000002CBBD19E464A46DDF808B0DDF80C9002
:1024B0000120284901FB08F1CBF80010C9F80030D1
:1024C000C2F800E005B0BDE8F08F04FB1024002C3A
:1024D000AED14A46DDF808B0DDF80C90E8E704FB21
:1024E0001024002CABD14A468E46DDF808B0DDF84A
:1024F0000C90DDE704FB1024002CA7D14A46AE4621
:10250000DDF808B0DDF80C90D2E704FB1024002CB5
:10251000A3D14A46B646DDF808B0DDF80C90C7E70F
:1025200004FB1024002C9FD14A46BE46DDF808B0BB
:10253000DDF80C90BCE704FB1024002C9DD14A462A
:10254000E646DDF808B0DDF80C90B1E7019C44E701
:1025500050262F00001BB70050F80C0070B4039DEC
:1025600004682D0345EA03451B4B002CB3FBF1F334
:10257000B2FBF3F61FDB194A194B904214BF4FF41C
:1025800080424FF40042174C1A6003F580531A60E2
:10259000A36832EA0303FBD1212200F54053043340
:1025A000016086601A600268002AFCDA0822C560B1
:1025B0001A6070BC7047036803F03F038B42DAD1A6
:1025C0008368C3F30B03B342D5D1C36803F4EE238E
:1025D000AB42D0D1EDE700BF001BB7000080054043
:1025E00000200240000002400A4B0B490B4A596090
:1025F000D3681904FCD40A4BD26843EA0013094992
:10260000534009481940054AC160D3681B04FCD4F3
:10261000704700BF002010400020FE5A000010400C
:102620000000FE5AF001FE5A0010104030B44FF086
:1026300080441C4B1C60E0B11B4CA3F54053DC6193
:102640001A4C40F0010044401C62596298624FF0FD
:1026500080454FF0E061134B1548164C1D608460B7
:1026600019604AB930BC4FF00042A3F580531A609C
:102670007047114BD861EAE74FF47A7303FB02F21B
:10268000B2F1807F2ABF6FF07F4313461A464FF0A6
:1026900080410A4C08482360094B426030BC1960F5
:1026A000704700BF00B00D40D3C007B02D3FF84FBA
:1026B00000A00140F3FFFF0100800D40984400207E
:1026C00000A00D40012300EB4000800000F180409D
:1026D00000F5841041600360704700BF002370B5AF
:1026E000DB8A04460D46002242E800F2520254BF43
:1026F0001021042144F25220984786462B46224658
:10270000F446BDE870400A214FF48170604700BF75
:102710000023DB8A002242E800F2520201D4102199
:1027200018470421184700BF08B503460846191E7C
:1027300002DB1AB140F03000FFF7D0FF40F020007C
:10274000FAE700BF002310B5DA8A044686B00023FA
:1027500043E800F35B0254BF1021042145F24730E7
:10276000904710220346052101A89847052802D06A
:10277000002006B010BD0DF1080CBCE80F00206071
:1027800001206160A260E36006B010BD034AD2F888
:102790002838002BFBD0BFF35F8F704700000E403E
:1027A0000021044B044ABFF35F8F43F8041B93429C
:1027B000F9D170470C080E402C080E4010B44FF4AD
:1027C0008D704FF42A64064A064B07491460D060A6
:1027D00019605368002BFCDA5DF8044B704700BFAA
:1027E0000080044000A0044000B0FA00704700BF21
:1027F00008B50148FEF7B6FA8087011038B5054CD8
:10280000054DAC4204D254F8043B9847AC42FAD38D
:1028100038BD00BFC88301100884011038B5054CCD
:10282000054DAC4204D254F8043B9847AC42FAD36D
:1028300038BD00BFF48301100884011010B40748AC
:10284000074C084B084A094904601A608B6832EA51
:102850000303FBD15DF8044B704700BF002002402A
:102860007F3BEFEF00300240F6FFF3030000024031
:10287000044BDB6CB3F5004F03D14FF48022024BC5
:10288000DA64704700001150002011504FF0E02230
:10289000044BD2F8881D0B43C2F8883D10EE30047B
:1028A000704700BF030330006FF06041044B054ADE
:1028B00019609368DB4333F06043FAD1704700BF7F
:1028C000003002400000024010B545F25320FFF7EF
:1028D0001FFFBDE8104003460420184710B545F21D
:1028E0005320FFF715FFBDE81040034601201847AD
:1028F000FEF724BB1449154B70B55C1AA610442E84
:10290000324628BF4422124D9200284615F014FB8F
:10291000B4F5867F13D80F4AC6F1440012D02B19A4
:10292000410803EBC101C3E9002208338B42FAD10D
:10293000C30704D520F00100304445F82020064BA1
:102940009D6070BD4320F8E70000001010010010EA
:10295000000000201101001000ED00E0002370B520
:102960002B4C82B0C4F88430FFF728FF0122294B9A
:10297000DA63636C012BFCD10321264A244B1163DB
:102980009C6B012CFCD10226052521460523224AF9
:1029900022480096FFF7E2FD21462B46204A2148B7
:1029A0000095FFF7DBFD0022042031461E4BFFF7A8
:1029B000D7FB2146284600221C4BFFF7D1FB002203
:1029C000082011461A4BFFF7CBFB002209201146C5
:1029D000174BFFF7C5FB002206201146134BFFF7EC
:1029E000BFFB0022114B07201146FFF7B9FB042063
:1029F000FFF71EFC00240F4BA3FB0035AD0CE0B22B
:102A000029460134FFF75EFE062CF8D102B070BDF6
:102A10000000014000300140002F685900000540CF
:102A2000008C864700800540001BB70080D1F0086D
:102A3000006CDC0283DE1B4386B003B451FC080447
:102A4000CDE9020151FC0904CDE9040151EC0A046D
:102A5000CDE9060103BCF047BDE800504EEC00C4D0
:102A6000BDE800504EEC01C4BDE800504EEC02C47D
:102A700000BD000000B5FFF7DFFF02E010FE30F4FC
:102A8000F8D441EC100443EC112400EE010410EEE4
:102A9000010480EE200451EC1004704700B5FFF7EC
:102AA000CBFF02E010FE30F4F8D441EC100443EC0C
:102AB000112400EE010410EE210480EE200451ECFC
:102AC0003004704700B5FFF7B7FF02E010FE30F4A6
:102AD000F8D410B541EC100443EC112451EC04047B
:102AE00053EC0524A0FB024C5FF0000EE0FB03CE8C
:102AF000E1FB02CE4CEC20440024E1FB03E444EC77
:102B000030E480EE200451EC5004BDE810407047E2
:102B100000B5FFF791FF02E010FE30F4F8D441EC6D
:102B2000100443EC112451EC2104A0FB01126FEAC4
:102B3000820252FB100052FB12F252FB1000A0EB7B
:102B4000D07C53EC04245CFB13F153EC1524A1FB63
:102B5000022001FB030053EC4424A2EB000050FBD5
:102B60001CF24FEA111312EB017043EBE27140EAE1
:102B7000515020EA915020F0070053EC7524A0FB3F
:102B8000023C53EC752400FB03CC01FB02CC53EC5C
:102B90000424ACEB824C40EA5C70A0F1010041ECF3
:102BA000400480EE200451EC7004704700B5FFF73C
:102BB00043FF02E010FE30F4F8D440EC700400EE65
:102BC000010410EE210480EE200451EC3004704723
:102BD00000B5FFF731FF02E010FE30F4F8D440EC0E
:102BE000600400EE010410EE210480EE200451EC9C
:102BF0003004704700B5FFF71FFF02E010FE30F40D
:102C0000F8D441EC800400EE010410EE010480EEE3
:102C1000400410EE1304704700B5FFF70DFF02E00B
:102C200010FE30F4F8D441EC800400EE010410EE04
:102C3000010480EE400410EE3304704700B5FFF746
:102C4000FBFE02E010FE30F4F8D441EC100443EC3B
:102C5000112400EE010410EE3004C0F30070704740
:102C600000B5FFF7E9FE02E010FE30F4F8D443ECC3
:102C7000102441EC110400EE010410EE30F48CBF7E
:102C800001200020704700BF00B5FFF7D5FE02E02D
:102C900010FE30F4F8D443EC102441EC110400EEA3
:102CA000010410EE30F42CBF01200020704700BF5B
:102CB00000B5FFF7C1FE02E010FE30F4F8D441EC9D
:102CC000100443EC112400EE010410EE30F42CBF8C
:102CD00001200020704700BF00B5FFF7ADFE02E005
:102CE00010FE30F4F8D441EC100443EC112400EE53
:102CF000010410EE30F48CBF01200020704700BFAB
:102D000038B50446094815F02BFB204614F0DEFCCC
:102D10000546064815F020FB2DB1054B2C449C427E
:102D200001D8284638BD0348FEF71CF810220020C1
:102D3000000008208C87011070B504460E460B4831
:102D400015F00EFB3146204614F080FC054607487E
:102D500015F002FB06FB04F42DB1054B2C449C42FC
:102D600001D8284670BD0348FDF7FCFF1022002063
:102D7000000008208C87011010B50446054815F0A6
:102D8000EFFA204614F0AAFCBDE81040014815F007
:102D9000E3BA00BF102200209A4238BF885470471F
:102DA000704700BF2DE9F04F83B09946DDE90DABC8
:102DB0000F9B884611469A07074616D1DA453AD244
:102DC0000C460D46ABEB0A060E4422464B464146E6
:102DD00020200134B847B442F7D12946BAF1000F98
:102DE00008D1204603B0BDE8F08F0C46BAF1000FC1
:102DF00010D00E4655460C9B2E449A440191721BEE
:102E00004B46013D41461AF8010D3446B847002DA6
:102E1000F5D101990F9B9B07E3D5651AAB45E0D926
:102E200022464B46414620200135B8475D4504F116
:102E30000104F5D3D5E70C46BAF1000FD9D1D0E79C
:102E40002DE9F04F0F9FDDF8248017F0020F0A9C48
:102E50009DF82CA00E9DDDE90C9644D1F5BBB44243
:102E600041D207F0010B04F1FF3C4FF0300EC44497
:102E700004E00134A6420CF801EF01D9202CF8D16E
:102E8000BBF1000F00F08880A5422CD904F1FF3C73
:102E90004FF0300EC44404E00134AC420CF801EFB2
:102EA00021D0202CF8D117F0100F0ED017F4806F1E
:102EB00054D1A64263D0A54261D0B9F1100F50D0D1
:102EC000B9F1020F56D0202C29D12024CDE90B577F
:102ED000CDE90984BDE8F04FFFF764BF17F0010B9F
:102EE00034D1B442BFD317F0100F1ED017F4806F47
:102EF000E3D1002CDDD1B9F1100F63D0B9F1020F8D
:102F000077D0302488F800400124BAF1000F11D1A5
:102F10007E0748D52B2608F804600134D6E72646FC
:102F200001344FF0300C08F806C0202CCDD0BAF197
:102F3000000FEDD02D2608F804600134CDE90B57C1
:102F4000CDE90984BDE8F04FFFF72CBFBAF1000FBF
:102F500030D0B44205F1FF3585D395E7B9F1100FB4
:102F6000B3D1BE063BD5202CAFD0582608F804605C
:102F70000134A8E7202CA8D02646013407E0661EBD
:102F8000B9D0B9F1100F36D0B9F1020FC9D14FF055
:102F9000620C08F806C096E717F0100FC5D017F4BA
:102FA000806F86D089E73E0790D5202608F8046018
:102FB00001348BE717F00C0F00D0013DB442FFF451
:102FC00052AF61E7BC0612D4782488F80040302460
:102FD00088F801400224BAF1000F99D0AAE7202C0A
:102FE0003FF473AF782608F8046001346BE7582487
:102FF000EBE76224E9E717F0200FA4F1020C04D0FC
:103000004FF0580E08F80CE08BE74FF0780E08F8F8
:103010000CE086E700B9704701F09ABB10B1D1E926
:1030200000311847704700BF2DE9F04F97B09DED74
:10303000207BDDE9225B0746884651EC170B249C78
:1030400099460C920B4602468DED047B0794FFF7E0
:10305000F9FD002840F0F481DDE904014FF0FF3272
:103060006FF48013FFF700FE002840F01B81DDE9BC
:1030700004014FF0FF32AC4BFFF732FE002840F066
:10308000EE80DDE90401A4A3D3E90023FFF728FEC5
:10309000002840F0D380DDE90401A1A3D3E9002397
:1030A000FFF7E2FD002840F0C980DDE904010022BD
:1030B0000023FFF7D9FD002840F0E88023460D905B
:1030C00013F4806F08BF062530212B460EAAA5F108
:1030D000200605E0013BB34202F8011B00F093819A
:1030E000092BF7D81E46ED1ADDE90401FFF786FD2E
:1030F0008E4B044603EBC60393ED007B8DED087BFE
:10310000FFF758FD02460B46DDE90401FFF7CAFC54
:10311000DDE90823FFF7DAFC02460B46CDE90A2376
:10312000FFF77EFD8246FFF757FD02460B46DDE9BD
:103130000A01FFF7B7FC02460B46CDE90A2300223D
:103140007B4BFFF7CDFD002800F0FE800AF1010A5D
:103150005046FFF741FD02460B46DDE90801FFF747
:1031600097FD10B14FF0000A0134002E00F0FD80F1
:10317000681E0EABDFF8CCC118440FE0ACFB0A218F
:10318000C90801EB8102AAEB42023032BAF1090F01
:1031900000F8012F40F21C818A461D46202D05F1C2
:1031A000010306F1FF36E9D12025691E0EAB614807
:1031B000194410E080FB0462C3EBA20303EB83021B
:1031C000A4EB420404F1300201351C4601F8012F42
:1031D000002B00F0EB80202D4FEAE473EAD1079B2F
:1031E00003F00303012B18D1BBF1000F15D00D9B89
:1031F000002B00F00A810BF1FF3BBBF1200F0CD933
:103200006B1E0EA930220B4405E001355D4503F825
:10321000012F80F0D180202DF7D1079B0EACCDE996
:1032200002B341464B4638460C9A01950094FFF78D
:10323000B9FD8246504617B0BDE8F08F079B9DED63
:10324000047BCDE923B341464B4638460C9A8DEDBD
:10325000207B229517B0BDE8F04F00F045B961071B
:1032600023464CBF042303234146219338464B4653
:10327000079A48BF304CCDE922B258BF2F4C0C9A68
:10328000209417B0BDE8F04FFFF78CBDDDE90423B3
:1032900000200021FFF706FC0123CDE904010D9376
:1032A00023460DE723469C0740F0AA80BBF1040F9C
:1032B00040F2A6800C9B1D461C1F04EB0B0A2A46FD
:1032C0004B46414620200135B847AA45F7D155461F
:1032D0001B4C261F14F8010D2A464B464146B847A1
:1032E000B44205F10105F5D1079B0AF1040A9807DC
:1032F000A0D50C9CAAEB04039B459BD952464B4698
:10330000414620200AF1010AB847AAEB04035B45B5
:10331000F4D38FE7AFF300800000000065CDCD410E
:103320000000000065CDCDC1FFFFEF7FA8A5011013
:103330000000E03F67666666E0870110E8870110DD
:10334000F4870110CDCCCCCC0022DDE90A01634B1F
:10335000FFF78AFC00287FF408AFBAF1000F6AD1AA
:103360000AF1010A002E7FF403AF2046FFF722FC8A
:1033700002460B46DDE90401FFF794FB02460B46CB
:10338000CDE904230022554BFFF76EFC00287FF4A3
:103390000CAFDDE904010022504BFFF7A1FC00282F
:1033A0007FF403AF013424F00104FEE6079B03F031
:1033B0000303012B00F08280202D3FF42EAF0D9BE4
:1033C0007BB32D220DEB050383F83820013524E76C
:1033D000202B3FF4E9AE0EAA15441E44302204E02F
:1033E000202B05F8012F3FF4DFAE9E4203F10103CD
:1033F000F6D12E220DEB060383F83820751CD4E697
:10340000DDF830A063E720256EE6079B13F00C0F74
:1034100050D00BF1FF3BAB453FF6F2AE202D3FF411
:10342000FCAE079B5A0701D52B22CBE71B077FF584
:10343000F4AE2022C6E71AF0010F3FF496AE8FE7F4
:10344000A60734D1BBF1030F31D90C9B1D46DC1EFE
:1034500004EB0B0A2A464B46414620200135B8476B
:103460005545F7D155461E4CE61E14F8010D2A4667
:103470004B464146B847A64205F10105F5D1079BE9
:103480000AF1030A9D077FF5D5AE0C9CAAEB040355
:103490009B457FF6CFAE52464B46414620200AF16F
:1034A000010AB847AAEB04039B45F4D8C2E6DDF84D
:1034B00030A0D7E7AB453FF6A3AEAEE6BBF1000FB9
:1034C0003FF47AAF0D9B002B9FD00BF1FF3B5D4586
:1034D000FFF496AE202D7FF474AF9EE60000E03F2F
:1034E000EF870110000000002DE9F04F9FB02A9EE9
:1034F000DDE92845074693460891099322462B4665
:10350000204629460E96DDE92BA6FFF79BFB0028F7
:1035100040F0BE80204629464FF0FF32784BFFF73F
:10352000DFFB002840F0B480204629464FF0FF32F0
:103530006FF48013FFF798FB002840F0A980204625
:10354000294600220023FFF78FFB002840F0D58199
:10355000CDE90A45DDE90A239046994606F4006262
:1035600016F480630F92139340F0A18058EA090388
:1035700040F0CA80002A40F0E38106230E9316F043
:103580000202109240F0D4815346042B38BF04232A
:103590000C920422043B12920F93204629460022EB
:1035A0000023FFF761FB002840F0F3819DED0A7BCB
:1035B0000F9B5A4603930E9B8DED007B029326F4DE
:1035C000006304933846099B0899FFF72DFD0246D6
:1035D00016F0200F099B08990CBF6520452002F1C9
:1035E0000108B8470C9A129B16AC5D1E82EAE27382
:1035F000A3EBE273D10F002622469946DFF804C1FF
:1036000001E0202E10D0CE46ACFB0930C00800EB04
:103610008003A9EB43033033BEF1090F814606F165
:10362000010602F8013BECD80523002006930A238B
:1036300005950094099D089C4246CDE90330CDE9EB
:1036400001612B4621463846FFF7FAFB109A804667
:10365000D2B1A0EB0B06B24516D90BEB06022B46F6
:10366000214620200136B847B245F6D80BF1FF338A
:103670005344CBF10102A3EB08034244924538BF07
:10368000002308F10108984440461FB0BDE8F08FC0
:103690005A463846CDE92845CDE92BA60E9C099B14
:1036A00008992A941FB0BDE8F04FFFF7BDBC58EA57
:1036B00009032BD1002A3FF462AF00230C930E9B29
:1036C0000C9A934200F3B9814FF000082046294636
:1036D00000220023FFF7C8FA002840F013819DED77
:1036E0000A7B26F4006646F480668DED287B5A46F8
:1036F0003846CDE92A8A099B08992C96D2E700BF63
:10370000FFFFEF7FCDCCCCCC06230E93C9F30A503C
:10371000A0F2FF30FFF74EFAC1A3D3E90023FFF771
:10372000D5F9C1A3D3E90023FFF7A8F9C9F3130919
:10373000CDE90C0149F07F5140460022B24B41F4E3
:103740004011FFF7AFF9A4A3D3E90023FFF7BEF9B7
:1037500002460B46DDE90C01FFF790F9FFF74EFA40
:103760000C90FFF727FA9EA3D3E9002380468946F1
:10377000FFF7ACF90022A54BFFF780F9FFF73EFAFF
:10378000034649464046129397A3D3E90023FFF727
:103790009DF9804612988946FFF70CFA94A3D3E965
:1037A0000023FFF793F902460B4640464946FFF7D0
:1037B00079F902460B4680468946FFF787F942466B
:1037C0004B46CDE9100140464946FFF757F9002224
:1037D000CDE91401DDE910018D4BFFF79DF90022C1
:1037E0008C4BFFF74BF902460B46DDE91001FFF762
:1037F00093F90022884BFFF741F902460B46DDE9B9
:103800001001FFF789F942464B4680468946002061
:103810004FF08041FFF746F902460B4640464946C5
:10382000FFF72CF902460B46DDE91401FFF774F9A6
:1038300000227A4BFFF722F9129B002203F2FF3C91
:103840004FEA0C53FFF742F980468946DDE90A0149
:1038500042464B46FFF708FA50B10C9B4046013BED
:1038600049460C9300226B4BFFF756F98046894678
:103870000C9A43466332C62A06F002021092494669
:103880000F9A2CD8002A5ED0042212920B433FF4E8
:1038900016AFDDE90A0158A3D3E90023FFF70CFABC
:1038A00048B1DDE90A0156A3D3E90023FFF7DCF9AB
:1038B00000287FF404AF0E9B002B50D0139A002AEF
:1038C0007DD0013B0E93129B9A4505D9109B002B8E
:1038D00000F0AE800223109300230F9344E022BB3C
:1038E000BAF1050F4FD906F00203002B49D1052389
:1038F0001293AAF105030F933AE005F100430A94ED
:103900000B9327E626F4006646F4806638462C962C
:10391000DDE90A67344607F100455A46CDE92A8AAF
:10392000CDE92845099B0899BCE605221292ADE72E
:1039300000230222CDE90F3204220C9312922CE6CE
:103940004FF00508C2E6BAF1040F1FD9109B002BF7
:1039500078D104231293AAF104030F9304E0129B7D
:103960009A4531D80E9B0F930C9B002B3FF415AE5C
:10397000DDE90A0142464B46FFF7CEF8CDE90A01E0
:103980000BE60223109305231293F1E7042312930D
:10399000EAE7DDE90A45A0460F9B05F100490393DC
:1039A0000E9B5A46029326F4006304933846CDE9F1
:1039B0000089099B0899FFF737FB024608E6129B2E
:1039C0009A4544D80F92CFE7109B8BB30E9B0F9371
:1039D00002231093C8E700BF61436F63A787D23FFC
:1039E00071A379094F930A401655B5BBB16B0240DC
:1039F000EF39FAFE422EE63F2D431CEBE2361A3F2A
:103A00000000000080842E410000F83F0000E03FED
:103A100000002C4000002440000018400000F03F4F
:103A2000FB799F501344D33FB3C8608B288AC63FAD
:103A3000129BAAEB03030F9396E7A3EB020808F18E
:103A4000FF3843E604231293022310938CE7109B64
:103A5000002BEDD002230F92109385E72DE9F04F54
:103A60009BB0249C954D0A94954CB1F1000A18BF67
:103A7000834625601878934C914608BFA346099366
:103A8000002800F093824FF000080AE042464B46BF
:103A9000514608F10108D847099B1878002800F022
:103AA000CE80099B252803F101030993EED11C4622
:103AB0000023224612F8010BA0F1200110290AD898
:103AC000DFE801F04009093C090909090909093839
:103AD000093409093000A0F130010929099440F2A4
:103AE0008A802A2800F0F08000252E2800F0968099
:103AF0000026A0F1680112292DD8DFE811F0490154
:103B00002C0043012C0038012C002C002C002C0030
:103B10002C002C002C0027002C002C002C002C004A
:103B20002C002700144643F00103C2E7144643F07B
:103B30000203BEE7144643F00403BAE7144643F019
:103B40001003B6E7144643F00803B2E70999487832
:103B500043F480730132672809927ED8242840F20A
:103B6000C180A0F12502422A00F2BC80DFE812F0F9
:103B70005001BA00BA00BA00BA00BA00BA00BA00DE
:103B8000BA00BA00BA00BA00BA00BA00BA00BA0065
:103B9000BA00BA00BA00BA00BA00BA00BA00BA0055
:103BA000BA00BA00BA00BA00BA00BA00BA00BA0045
:103BB000190137011901BA00BA00BA00BA00BA00F7
:103BC000BA00BA00BA00BA00BA00BA00BA00BA0025
:103BD000BA00BA00BA00BC01BA00BA00BA00BA0012
:103BE000BA00BA00BA00BA00BA00BC015801BC0160
:103BF000190137011901002500E0013205EB8505A7
:103C000000EB45051078303DA0F130010929F4D9C9
:103C10002E28099202F101027FF46AAF099943F458
:103C2000806348781146A0F13006092E40F22181C8
:103C30002A2800F02F8109920026013259E74446D4
:103C4000C14501D809F1FF384B4642465146002094
:103C5000D84720461BB0BDE8F08FA0F16902D2B270
:103C60000F2A3FD8012149F241079140394040F0E5
:103C7000F3800A2A3DD0072A34D10A9D55F8042B37
:103C8000002A00F0138143F0210012AB1F460B9372
:103C900003E0202900F014811A4602F00F042346A5
:103CA000092C94BF303337330F2A07F8013B01F159
:103CB00001014FEA1213ECD802E100BF5D3A001097
:103CC00090440020A12D00100A99099851F8045B36
:103CD0004078002DCDE90921BCBF43F002036D42BD
:103CE000013202E742464B46514608F10108D847E7
:103CF000D2E60A99002E51F8047B18BF3246387874
:103D000008BF4FF0FF32002800F07B83BC18A446A8
:103D10003A4604E012F8014F002C00F03F81944530
:103D2000F8D16446E41B5A0540F12281B44228BF11
:103D3000344613F0020300F088820223CDE90A51D1
:103D400042461D46464408E04B465146D84717F8C0
:103D5000010F08F1010810B142464645F4D12B4647
:103D60000B990A9D002B40F041810A9194E6099934
:103D700048786C287FF4ECAE0A46887843F44073A8
:103D80000332E8E6099943F4007348780132E2E629
:103D900009994878682800F0038143F080030132D4
:103DA000D9E6672800F0D980472800F0DC80452854
:103DB00000F0DB80CDE903530A9B0296073323F022
:103DC00007031C464246F4E802674B4651465846F4
:103DD000CDE900670A94FFF787FB80465CE646283A
:103DE00008BF43F02003CDE903530A9B0296073333
:103DF00023F007031C464246F4E802674B4651464F
:103E00005846CDE900670A94FFF70EF9804643E66D
:103E100042464B465146252008F10108D8473BE66B
:103E20000A9A990702F1040408F1010640F1C680DC
:103E300010784B4642465146D847012D88BFA844CA
:103E400040F2BD8132464B46514620200136D847CC
:103E50004645F7D10A941FE66F2800F0818040F2B2
:103E60004882782800F090810A2723F01003BC468E
:103E700041E0002606EB860600EB4600A0F1300686
:103E800011F8010FA0F13002092AF3D90A4609916D
:103E900001322EE6DDE9092151F8046B90780232F7
:103EA00009920A91013226EAE67622E623F0100012
:103EB00013F4806240F021003FF4E7AE12AB0B93A5
:103EC0000B9B069000930823102005930023424685
:103ED000CDE9023001914B46514658460496FEF713
:103EE000AFFF0A958046D7E5582862D0622840F097
:103EF0008F800227BC4613F4806000F0DD8023F041
:103F00000D0313F4007240F081810A990F1D13F420
:103F1000807140F037825C060A9A40F13B8112784A
:103F2000002A40F04E8123F01003002800F0498160
:103F3000114612AA0B92CDE90553CDE903C60191B2
:103F40000B9B4246009300235146029358464B4632
:103F5000FEF776FF0A9780469EE543F4006329E763
:103F60000827BC46C7E743F4006343F0200321E77A
:103F700013F0020300F08E8102230A951E460D46BF
:103F800042464B465146D84717F8010F08F1010841
:103F90000028F5D1294633460A9DE3E6D41BC2E644
:103FA0000A46887843F0C0030332D4E504468046CD
:103FB00046E6102743F02003BC469CE7012D40F263
:103FC000F880464608F1FF372F4432464B465146AB
:103FD00020200136D847BE42F7D10A9B32461878D6
:103FE00051464B46D847A8440A9455E54646A54253
:103FF0007FF6BBAEA844A8EB04080C4632464B46FD
:10400000514620200136D8474645F7D12146ACE637
:1040100013F4806200F0BB804FF4806223F0110C37
:104020001CF400770A9B4AD11CF4807003F104044D
:1040300040F034811CF0400F40F0A3801CF0800F52
:1040400000F0D381B3F9001081EAE177A7EBE177C3
:10405000BFB2CB0F002900F056813A4612A90F4695
:10406000DFF8D8E30B910A930C9501E020280FD0DC
:104070001546AEFB0213DB0803EB8301A2EB410103
:104080003031092D1A4600F1010007F8011BEDD867
:104090000A9B0C9DCDE9055CCDE9010304960B9BC1
:1040A000424600930A235146039358464B46FEF777
:1040B000C7FE0A948046EFE423F00C0321E70733A0
:1040C00023F00703194608465B6850F8081BDF0F0A
:1040D0000A9051EA030062D1002A40F09F81134602
:1040E000114612AACDE90C7500201546CDE90E68DF
:1040F000DFF848E30B9201E020282DD05A1842F156
:104100000002AEFB027828F0030707EB9807D21BEA
:104110001E469B1A61F100070C464FF0CC3101FBA3
:1041200003F10EFB0711A3FB0E731944052307F0DF
:104130000108A8FB03389B180A2E03F130034FEA4D
:10414000570774F1000405F8013B00F1010047EA4C
:10415000C1734FEA5101CFD2DDE90C75DDE90E687C
:104160000B9B424600930A23CDE9055CCDE901078C
:10417000049603934B4651465846FEF761FE80462F
:104180008AE419780F4664E71027BC46B3E623F0AB
:10419000100C45E71C064CBF12881268C0E60A46A0
:1041A000191E01DB13469CE75242134661EB4101A5
:1041B00097E713465146187842464B46D847B046D3
:1041C00048E613F0200F14BF4120612012ACA64630
:1041D0000B940A93A0F10A040C9502E0202912D056
:1041E0002A46B2FBFCF50CFB1520C3B2092803F1EB
:1041F00030008ABF1B19C3B2DBB262450EF8013B27
:1042000001F10101EAD20A9B0C9D94E60A9A073259
:1042100022F00702516852F8084B8E460A9254EA7F
:10422000010276D123F01003002872D0002211463B
:1042300012AA0B92CDE905530B9B42460093002333
:10424000CDE903C60191029394E7A54298BF0134DA
:104250007FF674AD4FF48063CDE90A7505EB080273
:104260001F460D46141B42464B465146202008F17E
:104270000108D847A045F6D13B460A9F2946387821
:104280000B9D6C1C00283FF470AD002B3FF475AE05
:10429000002353E5A542DFD801346EE61968CB0F41
:1042A000002900F0A88081EAE172A2EBE17212A974
:1042B0000846DFF888E10B910A930C9501E0202F66
:1042C0000FD01546AEFB0213DB0803EB8301A2EB14
:1042D00041013031092D1A4607F1010700F8011B91
:1042E000EDD80A9B0C9DCDE9055CCDE901730496E0
:1042F000D5E6692823F0100C40F08C8013F480621E
:104300003FF48EAE88E6002A3FF4A8AE12AA0B92C4
:10431000C0E613F0200F14BF41226122002012A931
:104320000A3ACDE90E68CDE90C35CDF844B0064621
:104330008846754693460B91CDF840C003E0202E89
:1043400017D004460D4629463A460023204613F06E
:10435000FFFFD2B2092A02F1300388BF02EB0B0340
:10436000BC42DBB275F1000508F8013B06F101061D
:10437000E5D23146DDE90C35DDE910CBDDF83C80D6
:104380000E9E57E70A99096851B923F0100338B116
:1043900012A90B91CDE90553CDE903C60192CFE5F2
:1043A00013F0200F14BF4120612012ACA6460B94DD
:1043B0000A93A0F10A040C9502E0202A12D02946A3
:1043C000B1FBFCF50CFB1510C3B2092803F130005A
:1043D0008ABF1B19C3B2DBB261450EF8013B02F183
:1043E0000102EAD20A9B0C9DD4E7196881EAE177C1
:1043F000A7EBE1772DE6002A3FF459AF12AA0B9202
:1044000071E713F480640DD013F0020412D0044657
:104410004646ECE50A276346BC466CE512AB002035
:104420000B939DE613F002037FF4E0AD002D7FF4C3
:1044300013AF9AE4002D7FF40DAF96E4CDCCCCCC35
:104440000EB410B585B007AC54F8043B01464FF0EC
:10445000FF32009404480394FFF700FB05B0BDE869
:10446000104003B0704700BF992D001070B59446FE
:104470001E4605460C4684B04FF0FF32634602A943
:1044800000960348CDE90254FFF7E8FA04B070BD86
:104490001D30001010B5094B84B01C684CB10346A8
:1044A00000914FF0FF3203A90548A047012004B056
:1044B00010BD00F08FF9204604B010BD90440020DC
:1044C0001530001000BEFDE7074A0346106838B1FA
:1044D000064903448B428CBF4FF0FF301360704796
:1044E000034908461160F3E7603F00200000082000
:1044F000DCF8002008B5FFF7E5FF00BF38B5064C33
:10450000064DFEF77BF9AC4204D254F8043B9847C1
:10451000AC42FAD338BD00BF0884011010840110EA
:1045200003680846114618472DE9F0411546427DBB
:1045300007468846002A46D0002D1DDD0B780A2B41
:1045400023D0012D4FF0000C18D04646012416F858
:10455000012F21460A2A04F1010422D0A542F6D1F6
:1045600065450BDC08EB050313F8013CA3F10D03D3
:10457000B3FA83F35B093B75BDE8F0813B68A5EBBB
:104580000C0108EB0C009847ECE7037D002BD8D119
:10459000036802210F489847012DE3D04FF0010C2A
:1045A000D3E716F8013C0D2BD8D08C4508EB0C0056
:1045B000A1EB0C0101DA3B689847022105483B68F2
:1045C0009847A446CAE7294640463B68BDE8F04103
:1045D000184700BFF8A501100B682DE9F041802BAA
:1045E0000D46064605D05A1C2B442A601E71BDE8B4
:1045F000F0810F4B1C68A4B10E4F01F1040801E0DB
:10460000246974B12368002BFAD03B680BB1A34234
:10461000F6D1204641462A68FFF786FF2469002C20
:10462000F0D1002301222B442A601E71BDE8F081E5
:10463000503F00205C3F00202DE9F04782B00D463E
:1046400091461C460646FDF741FD4FF0FF3C6FF0DA
:1046500000472E4A821841F10003944577EB03018D
:104660003CBF62463B462A4813F086FE6B1C8046E0
:1046700040D00CB3274F284B1C68B4B1B9F1000FE0
:104680001CD1DFF89C9001E0246974B12368002BF1
:10469000FAD0D9F800300BB19C42F5D120462A4619
:1046A0003146B8472469002CF0D1B8F1000F26D16B
:1046B000284602B0BDE8F087184FDCE74FF00A0A41
:1046C000DFF85C9002E02469002CEED02368002B18
:1046D000F9D0D9F800300BB1A342F4D12A463146C3
:1046E0002046B847012220460DF107018DF807A0AA
:1046F000B847E8E7304613F095FC0546B9E70448AB
:1047000013F02AFE284602B0BDE8F08740420F00B1
:104710001822002029450010503F0020214500109C
:104720005C3F0020084A136823B90AE003F1100235
:104730001B6933B18342F9D129B918691060196135
:10474000704701B110607047503F002000F0DEBAA2
:10475000F0B583B006468DF80700FDF7B7FC4FF0C3
:10476000FF356FF00044174A821841F1000395426B
:1047700074EB03013CBF23462A46134813F0FCFDAB
:10478000124B07461C689CB1114D01E024697CB1B5
:104790002368002BFAD02B680BB19C42F6D120463F
:1047A00001220DF10701FFF7BFFE2469002CEFD1B4
:1047B00017B9304603B0F0BD034813F0CDFD3046C5
:1047C00003B0F0BD40420F0018220020503F0020EF
:1047D0005C3F002038B5044613F024FC0123054655
:1047E0001A4620462946FFF727FF084B1C682CB1C4
:1047F00063682BB198472469002CF9D1284638BD4D
:104800002469002CF4D1284638BD00BF503F002059
:104810002DE9F041A2B004460D46FDF757FC4FF0DC
:10482000FF376FF00046264ADFF8A480821841F176
:104830000003974276EB03013CBF3A4633462148DA
:1048400013F09AFD00272B462246064601A91E4872
:104850000197FFF70BFE019B0546D8F80040C3B156
:10486000002C2BD0194F01E0246974B12368002B70
:10487000FAD03B680BB1A342F6D12046019A02A9B7
:10488000FFF752FE2469002CF0D10023D8F8004035
:1048900001932CB1636843B198472469002CF9D186
:1048A0002EB9284622B0BDE8F0812469F1E7054819
:1048B00013F052FD284622B0BDE8F0810194EFE7E5
:1048C00040420F0018220020D94500105C3F002014
:1048D000503F00200FB400B583B004A951F8040B79
:1048E0000191FFF795FF03B05DF804EB04B070474A
:1048F000704700BF0022014B1A707047CBF80020B0
:104900004B79FF2B0BD1887948B9CB79012B07D193
:10491000082A05D9034B8A7809201A7070470020AD
:10492000704700BFCBF8002001207047012901D05B
:104930000120704708B5104B91881B78994201D02F
:10494000002008BD5378012B08D0022BF8D100219C
:1049500064220846FDF76AFE012008BD5188CB0598
:1049600048BF480AC1F3402258BF4FF0FF3001F062
:104970007F01FDF7D9FE00BFCBF80020004870474B
:10498000C4A60110012907D15378012B02D19388C5
:10499000072B03D000207047012070471146A62343
:1049A000014A01F041BA00BF1CA6011003460122D2
:1049B00001481A70704700BFFCA5011008B50B68CC
:1049C000B3F5966F00D008BD00224FF0FF301146BE
:1049D000FDF7AAFE024A034B10601960704700BF42
:1049E000682C00206C2C0020184B70B51A68002A27
:1049F00028D0EFF3108172B6D2E8CF4F0120002CFF
:104A0000FAD1C2E8440F002CF6D1BFF35F8F002229
:104A10000F4C186859602270C0E88F2F81F31088FE
:104A2000002400250B4E3078FCF7CAFA20B9002488
:104A300000252046294670BD3078FCF7D1FA204683
:104A4000294670BD4FF47A740025EBE730B700209B
:104A5000CEF80020CCF80020014B1878FCF7C0BA43
:104A6000CCF8002038B5044600200D4601F00CFBC0
:104A7000A8B3002001F01EFB88B3FDF727FB4FF021
:104A8000FF3E6FF0004C174A821841F10003964533
:104A90007CEB03013CBF72466346134813F06CFC89
:104AA000E8B1002001F0F0FA58B900214FF0FF30D2
:104AB00000F012FD6FF002040B4813F04DFC20468D
:104AC00038BD002001F0F6FA0028EED021462A4633
:104AD000002001F0F9FA04460028EDD1EAE76FF072
:104AE0000204ECE740420F0038F8002008B5FDF75B
:104AF000EDFA4FF0FF3E6FF0004C0F4A821841F183
:104B0000000396457CEB03013CBF724663460B48AD
:104B100013F032FC70B14FF0FF30002100F0DCFCEC
:104B2000002001F019FB0028F5D1BDE8084003483A
:104B300013F012BC08BD00BF40420F0038F800203F
:104B40002DE9F84380460F46FDF7C0FA4FF0FF35D8
:104B50006FF00044334A821841F10003954274EB30
:104B600003013CBF2A4623462F4813F005FC08B931
:104B7000BDE8F883002001F087FA002847D0002F15
:104B800040DD0025DFF8A890284E13E022460020E3
:104B900001F028FB002104464FF0FF3000F09CFCA0
:104BA000002001F0D9FAFDF791FAC9E90001254486
:104BB000AF4227DD002001F035FB7C1B8442A8BFFB
:104BC000044608EB0501002CE0D121464FF0FF30F0
:104BD00000F082FC204601F0BFFA204601F054FAB2
:104BE00080B1204601F01EFB0028E1D1FDF76EFAEE
:104BF000D9F80030D9F804209B1942F10002834211
:104C00008A41D5D20848BDE8F84313F0A5BB00207F
:104C10000021074BC3E90001BDE8F843024813F047
:104C20009BBB00BF40420F0038F8002020A10700C6
:104C30000024002030B5002185B02E4813F0ACFBD5
:104C4000F0B92D4B1A68CAB1EFF3108172B6D2E8F1
:104C5000CF5F0124002DFAD1C2E8454F002DF6D1D7
:104C6000BFF35F8F254C1D6822785960D3B20122B3
:104C70002270C5E88F0F81F31088CBB105B030BD2D
:104C800000214FF0FF3000F027FC002001F012FA65
:104C90000446184813F060FB002CEFD0184B1B683B
:104CA000002BEBD0174A106805B0BDE8304018471C
:104CB000FCF7E2FE0446FDF709FA4FF0FF3C6FF007
:104CC000004510F57A7241F10003944575EB03013C
:104CD00038BF2B464FF000014FF0010520460A4C2B
:104CE00038BF6246CDE901150094FCF765FF05B0B9
:104CF00030BD00BF38F8002030B70020CEF80020CB
:104D0000682C00206C2C0020E94900104FF0504323
:104D100030B585B01C68FCF7AFFEFDF75FF8A04228
:104D200002D0002005B030BD00212A4B08461B7878
:104D300001F040FD28480368002B47D00120FCF714
:104D400003FC0346254C2649C0B22370FCF764F9E6
:104D500020780121FCF71EF90E20FCF74DF940BB2D
:104D6000204B0125C3E90000FCF786FE0446FDF751
:104D7000ADF94FF0FF3E6FF0004C10F57A7241F143
:104D8000000396457CEB03014FF000012046164CD2
:104D90003CBF72466346CDE901150094FCF70CFF59
:104DA0000028BEDB01211148FFF7BCFC012005B043
:104DB00030BD0120FCF7AAF801460A48FCF73EFC8A
:104DC00000220E200A49FCF757F9EBE7FCF70CFC30
:104DD000B4E700BF9422051038F80020CCF800207A
:104DE000354C001030B70020E9490010181C002095
:104DF000594A00100048704760A7011000487047EA
:104E00000CA7011038B5184B04461A780AB344B9F8
:104E100040F209424FF44173144D6A8013482B80CD
:104E200038BD052C1DD8124B104D53F824102846C0
:104E30000023013903E0132B20F8022F0ED011F8C4
:104E4000012F0133DBB2002AF5D15B0043F440733C
:104E5000E4E71121184600F02DF8D8E74FF44A7323
:104E6000DCE7002038BD00BF90F80020683A002041
:104E7000F4A6011000B545F247308BB0FDF748FCB1
:104E800001220346092101A89847DDE903320449BC
:104E900012BA1BBAC1E900230BB05DF804FB00BFD6
:104EA0001CF600200346024A03CA18605960704786
:104EB0001CF60020012901F1FF3300F0B3805D49A9
:104EC0000A784FEA121C9F2A8CBF0CF1370C0CF1A8
:104ED000300C012B80F800C000F0A78002F00F0218
:104EE000092A8CBF37323032022B427000F09D808D
:104EF0004A784FEA121C9F2A8CBF0CF1370C0CF138
:104F0000300C032B80F802C000F08F8002F00F02FB
:104F1000092A8CBF37323032042BC27000F08580F2
:104F20008A784FEA121C9F2A8CBF0CF1370C0CF1C7
:104F3000300C052B80F804C077D002F00F02092A4C
:104F40008CBF37323032062B42716ED0CA784FEAAE
:104F5000121C9F2A8CBF0CF1370C0CF1300C072B64
:104F600080F806C061D002F00F02092A8CBF3732E8
:104F70003032082BC27158D00A794FEA121C9F2A8E
:104F80008CBF0CF1370C0CF1300C092B80F808C0E9
:104F90004BD002F00F02092A8CBF373230320A2B75
:104FA000427242D04A794FEA121C9F2A8CBF0CF100
:104FB000370C0CF1300C0B2B80F80AC035D002F006
:104FC0000F02092A8CBF373230320C2BC2722CD020
:104FD0008A794FEA121C9F2A8CBF0CF1370C0CF116
:104FE000300C0D2B80F80CC01FD002F00F02092AE4
:104FF0008CBF373230320E2B427316D0CA7911096A
:105000009F2A8CBF373130310F2B81730DD002F0C6
:105010000F02092A94BF30323732102BC27318BFE7
:10502000103002D00023037070471844002303702F
:10503000704700BF1CF6002070B500F02DF90C235E
:105040004026194CFF22A3670E201849FCF714F8DC
:1050500032460021164812F0BDFE012500238021B2
:105060001348144A41844570068306878260436072
:10507000136042F8043C80F8213080F83B304362F2
:105080000D4B4FF00056C360C362803B836213F048
:1050900057F94FF480320949094B25642846E664E4
:1050A000C4F89010DA6470BD00001150DD080020D3
:1050B000643F0020840010500001105010D0010007
:1050C0000020115001210E20FBF764BF002202488E
:1050D000114600F001B900BF843F0020044B197055
:1050E00021B14FF40032034BC3F89020704700BF4A
:1050F000BDF80020002011500B785B0602D14B78E0
:10510000052B00D070474B88014ADBB21360704713
:1051100000001150CB782DE9F04103F0030EBEF1F1
:10512000010FC3F301005BD0002791F802C0344C9B
:105130000CF07F025600898806EBDC1304EB431366
:105140004FEADC15D876C1F30A0185F0010083F837
:1051500002C019835870DF70D3008DBB2948043317
:1051600004EB821C03EB0008CCF808801F5082B3CC
:10517000254BD2001344CCF80430244B3F311A683D
:1051800021F03F01BEF1020F08BF49001144196030
:105190001F4B771904EB47179942FA602BD82E441E
:1051A00004EB4613D97E82F0A04282F480125B6841
:1051B00042EA816242F000421A600120BDE8F081BB
:1051C000104804EB821C0344CCF8283040F83270BD
:1051D0004AB900220F4904EB4513D9605A60ECE745
:1051E0000020BDE8F081D20002F1A04202F5801259
:1051F000CCF82420C1E7FDF7FBFAFA68CFE700BF3F
:10520000643F0020800010500400105010B70020B0
:10521000FF0F10500001105013F092B88C4608B5E3
:10522000114607481A460CF07F034FEADC1C0CEBD2
:10523000430C00EB4C1000F04FF8012008BD00BFFC
:10524000643F002011F07F0205D100290CBF02202D
:105250000120064B9866C909054B01EB420003EBA0
:1052600040104FF40062002113F082B8002011506A
:10527000643F002011F07F0300D1704700220548F1
:105280005B0003EBD11300EB43106FF40061C270BD
:1052900013F06EB8643F00204FF0805209480A496D
:1052A00008B50A4B02600A609968C94311F0805141
:1052B000FAD14FF48052064812F08CFD0922054BBA
:1052C0005A6708BD00200240003002400000024042
:1052D000000010500000115000234FF0010C10B5D9
:1052E00080F81AC08282C3820161044613F03CF840
:1052F00020B14FF40032074BC3F89020204613F042
:1053000023F810B10123237710BD2046BDE81040DB
:1053100013F012B8002011502DE9F04100241D4E69
:10532000054623463278DFF878801B4F0DE03B6856
:1053300013EB441324D0DB682846984732780134B5
:10534000E4B2511CA142234606DBA242A3EB0203B6
:10535000EDD808EB4313EEE7542200210F4812F07A
:1053600039FD4FF0FF330D482022041D4360C4E98E
:105370000133E360FF21BDE8F041143012F02ABD93
:105380004FF0E023D3F8F03DDB0700D500BEBDE8C9
:10539000F08100BFBCF800207825002048270020BD
:1053A00074A70110704700BF704700BF002070470E
:1053B00000207047704700BF704700BF704700BFB4
:1053C000704700BF024B5878003818BF0120704763
:1053D00048270020024B1878C0F38000704700BFB8
:1053E000482700202DE9F047DFF8E4A09AF80030C4
:1053F000FF2B56D10E4600293ED0002154220746ED
:10540000294812F0E7FC0022284C294B20461A704C
:10541000FCF7EAF8274B28481C60284CFCF700F9F9
:10542000204601F0ABFD264A264B146023B12648E6
:10543000FFF7BCFA254B18600024234D23462A7839
:10544000DFF89090DFF884800EE0D8F8003013EB9E
:10545000441311D05B687BB198472A780134E4B2D9
:10546000511CA142234611DBA242EED89B1A09EB44
:1054700043135B68002BEFD14FF0E023D3F8F03DEE
:10548000DB0700D500BE0020BDE8F0873146384676
:105490008AF80070FFF7D0FD0028EDD03846FFF7FE
:1054A00011FE0120BDE8F08748270020402700209A
:1054B000BEF800209C270020441C0020301C002047
:1054C000A0270020AD490010BCF80020782500205E
:1054D0004C1C002074A701102DE9F04FDFF8C89292
:1054E0008BB099F80030FF2B00F0F180A84CA94D4B
:1054F000DFF8B0A2DFF8B4B226687369EFF3108268
:1055000072B6D3E8CF0F01210028FAD1C3E8401FBB
:105510000028F6D1BFF35F8FB261304607A901F0D2
:1055200077FB00237269C2E88F3FB36983F3108869
:10553000002800F0CC809DF81D30013B072B00F2C5
:105540007D83DFE803F0A7B1959D8E350A04089BA3
:10555000002BD1D009989847CEE79DF8201001F094
:105560007F0605EB460000EBD11090F8343023F0B5
:10557000010380F8343090F8343023F0040380F8CD
:105580003430002E00F0A680037D9AF8002093426C
:1055900080F09380804A126812EB431300F09080F1
:1055A0009E699DF82120099B9DF81C00B047A3E748
:1055B0009BF80030002B00F083809BF80030013B0B
:1055C000DBB28BF800309BF8003003F0FF00002BBB
:1055D00092D1704F9DF81C803B7843F001033B70E3
:1055E00097F8343060F3000387F8343097F834309C
:1055F00060F3820387F8343097F8353060F30003A6
:1056000087F8353097F8353060F3820387F8353006
:1056100000F06CFC9DF8203003F06002602A6CD032
:10562000402A7CD003F01F03012B00F0C180022B25
:1056300000F08180002B60D1202A00F0E981002A4F
:105640005BD19DF82130092B57D8DFE813F0B0016A
:10565000A2015600C101560095016B015600600180
:10566000F4002B78D9077FF547AFFFF7A9FE43E792
:10567000EB78DA077FF540AF0898FFF795FE3BE738
:105680002B78D8077FF538AF2878C0F3C000FFF734
:1056900095FE31E79DF81C00FFF73EFE00F01CFC74
:1056A0009DF82030AB7027E79DF81C00FFF734FE13
:1056B00000F012FCFFF780FE1EE7501C984211DA42
:1056C0004FF0E023D3F8F03DDC0700D500BE0BB06F
:1056D000BDE8F08F099B9DF821209DF81C0000F08B
:1056E00019FC09E79B1A2D4A02EB431358E7FFF711
:1056F00085FB0246002840F082814FF0E023D3F87A
:10570000F03DDE0700D500BE9DF81C000021FFF72C
:1057100099FD80219DF81C00FFF794FDECE62048E0
:1057200000F0E4FB0121404608AAFFF72BF900280E
:105730007FF4E2AEE8E79DF8241011F0700FDCD1A1
:1057400001F07F0607EB4600164B00EBD1101B78EB
:10575000007D7600019698424FEAD116009659D303
:105760005E1C8642C0F26681C01A0C4B03EB4016E9
:10577000002A00F06381706900F0B8FB0121404607
:10578000736908AA984700287FF4B6AEBCE700BF4B
:10579000A0270020482700207825002074A70110AA
:1057A00085490010BCF800204C1C0020BEF80020E9
:1057B0009DF824300F2BA7D8AE4A3B441B791278B2
:1057C000934232D3511C99429EDBAB4E9B1A06EB9F
:1057D0004316706900F08AFB01214046736908AAEC
:1057E000984700287FF488AE9DF8203013F06006BB
:1057F0008AD19DF821300A3B012B85D800F076FB39
:105800009DF821300A2B00F0F281404608A900F0F3
:10581000F1FA71E6994B1B6803EB4016002A00F081
:105820000D81002E3FF470AFA5E7944A166816EB81
:105830004316CED168E77B789DF822609E4200F047
:105840004F817B78002B40F0BE817E70002E00F0EF
:105850004581701EC0B2FFF7D1FA0346002800F060
:105860005F814278022A40F05B81C17903F1090629
:10587000C1F340121201C1F3801142EA41123146D4
:10588000387820F0300002433A705A88CDF80C8006
:105890009A180192019B8B4240F2A4814A780B2A0C
:1058A00000F0AF810123042A40F03A810026019ADA
:1058B0000096521A92B202926E4A049312781DE038
:1058C0006E4B1B6813EB461800F02A81029AD8F839
:1058D000103003980591984708280246059906F16B
:1058E000010303D90298904280F0FF80DEB2614B41
:1058F00000961A78531C9E4200F31281009BB2421C
:10590000A3EB0202DCD85C4B03EB4218DEE77B78AA
:1059100040468DF81A300DF11A02012308A900F053
:1059200083FAE9E5BDF82200030A013B020AC0B28E
:105930000E2B3FF6E9AE01A151F823F0515B0010A8
:10594000ED5900108D5B0010095700100957001029
:105950006F5B0010ED590010095700100957001037
:105960000957001009570010095700100957001077
:1059700009570010435B001008A800F0BDFA40462C
:105980009DF82210FFF7A2FB3B7843F002033B7027
:10599000B2E5BDF82230012B7FF4B6AE3B7840462D
:1059A00023F0080308A93B7000F024FAA4E5404660
:1059B0003B789A0802F00202C3F340131343ADF898
:1059C0001A300DF11A02022308A900F02DFA93E50E
:1059D000BDF82230012B7FF497AE3B78404643F070
:1059E000080308A93B7000F005FA85E5022A3FF498
:1059F0007EAEFFF7DDFC024600283FF485AE404650
:105A0000538808A900F010FA00287FF475AD7BE6F2
:105A10009DF824300F2B3FF677AE164A3B441B7996
:105A2000127893421DD2154A166816EB43167FF47E
:105A3000A2AE69E6002A7FF467AE00269DF8212019
:105A400002F0FD03012B1BD0002A7FF456AE019B10
:105A5000009A3B44134493F834304046C3F3400368
:105A6000ADE7511C9942FFF64FAE034E9B1A06EB71
:105A7000431680E6BCF8002074A7011078250020AA
:105A8000BDF82230B3B9012A99F8000000F08680F1
:105A9000FFF7D8FB019B009A3B44134493F8342052
:105AA00042F0020283F8342093F8342042F00102DD
:105AB00083F83420002E3FF41FAD706900F016FA11
:105AC0007369012108AA40469847002000F00EFAA9
:105AD00097F83530DF073FF50FAD96E6FFF76CFC22
:105AE000404608A900F086F906E5049B012B00F06A
:105AF0009E80002B00F08A80002091F8028005E053
:105B00008CF804605FFA80FC63457FD908EB000CD9
:105B100057FA8CFC9CF804E00130BEF1FF0FEFD087
:105B20004FF0E023D3F8F03DDA0700D500BE4FF088
:105B3000E023D3F8F03DDB0700D500BE00237B70E7
:105B4000E2E5FEF71BFF024600287FF458AFDBE5D5
:105B5000FFF750F9024600283FF4CFAD404612232C
:105B600008A900F061F900287FF4C6ACCCE5FFF786
:105B70001DFC024600283FF4C7AD4046137808A933
:105B800000F052F900287FF4B7ACBDE5BDF8241051
:105B9000FFF738F902460028EFD1B5E50293FFF789
:105BA00069FB019A009B3A441A4492F83410029B14
:105BB00063F3410182F8341092F8341063F300016A
:105BC00082F8341076E700214046FFF787FA404616
:105BD000FFF722FBBB7840460093FFF79DFB009B3D
:105BE000BB7032E6DDF80C80FFF7E4FB78E7404657
:105BF000012308A90DF11A028DF81A6000F014F9BA
:105C00007AE40A78CB7811444A784CE63346104857
:105C10000492029100F076FE0E4B049A02991B78D2
:105C20001144009A01339342BFF634AE78E7D8F8B6
:105C300010C00948844508BF02235DE74FF0E02308
:105C4000D3F8F03DDB077FF557AC00BE54E400BF4E
:105C50005C270020BCF80020256300102DE9F84FD8
:105C60000A9F002A40D00C461E4615464FF0000AF7
:105C7000DFF87C90DFF87C8018E0204698F802106E
:105C800099F800B000F00EFEE0B121465846FFF74B
:105C900041FAF0B1A2780AF1010AD10916BF0B9BB3
:105CA0003A701A702278AA4514441DD06278052AE9
:105CB0000FD1E17801F00301B1420AD1A27812F0CC
:105CC000700FDAD04FF0E023D3F8F03DDA0700D5BB
:105CD00000BE4FF0E023D3F8F03DDB0702D40020F4
:105CE000BDE8F88F00BEFAE70120BDE8F88F00BFDD
:105CF0004C1C00204827002038B58B7813F0700F1B
:105D000008D04FF0E023D3F8F03DDB0700D500BE0C
:105D1000002038BD074A084B0C46084691781D788C
:105D200000F0C0FD0028ECD021462846BDE83840F0
:105D3000FFF7F0B9482700204C1C00200B46064A0C
:105D400006481168DA09343203F07F0302EB43039B
:105D5000184400F061BD00BF9C27002048270020A8
:105D60000B46064A06481168DA09343203F07F030D
:105D700002EB4303184400F079BD00BF9C270020CC
:105D80004827002010B5194801F07F0C00EB4C00AB
:105D900000EBD11090F834C01CF0010F08D04FF088
:105DA000E023D3F8F03DDA0700D500BE002010BD97
:105DB00000F1300494F804C00D484CF0010C007858
:105DC00084F804C0FFF72AFA0028F0D14FF0E02150
:105DD000227960F300022271227960F3820222713B
:105DE000D1F8F03DDB07E1D500BEDFE74827002012
:105DF0004C1C002030B50B4C8C46A6460546086866
:105E000049680023AEE803009CF800102846C94307
:105E1000C4E90233BDE830401A4601F08001FFF7C3
:105E2000B1BF00BF082700202DE9F041284F4FF0F7
:105E30000008BE468C46064608684968BA60AEE867
:105E40000300A7F80E801546BCF80620934228BF31
:105E50001346BB819AB11C4633B3DDB197F90030CC
:105E6000402C28BF4024002B29DB414623463046E6
:105E7000184AFFF787FF68B10120BDE8F0819CF860
:105E800000101346C943304601F08001FFF77AFF46
:105E90000028F1D14FF0E023D3F8F03DDB0700D527
:105EA00000BE0020BDE8F0811A46397801F080017B
:105EB00023463046FFF766FF0028DDD1EAE7224699
:105EC0002946044812F038F88021024AF0E700BF62
:105ED00008270020C82600200022034BC3E9002227
:105EE000C3E902221A61704708270020014B18619C
:105EF000704700BF0827002030B40246044C00253C
:105F0000234600685168C4E9025530BC03C370479A
:105F10000827002070B53D4CC90922780646B1EB30
:105F2000D21F1D4682B017D053B14FF0E023D3F8F3
:105F3000F03DDB0702D4002002B070BD00BEFAE7DE
:105F40002146FFF7D9F823691BB1224603213046C9
:105F50009847012002B070BD94F90030002B06DB99
:105F6000A0680028E7D02A46294911F0E5FFE0891A
:105F7000A168E388284480B229448342E081A1607B
:105F800016D03F2D14D9A28994F90040131A9BB260
:105F9000402B28BF4023002C27DB90424FF000010C
:105FA00031D01B4A3046FFF7EDFE0028D1D1BCE7C7
:105FB000236923B102213046144A984760B1217801
:105FC0000023C94330461A4601F08001FFF7DAFE8C
:105FD0000028AAD00120BDE701463046FFF732F97C
:105FE00080213046FFF72EF9B3E7904208D01A46D9
:105FF0000748019311F0A0FF8021054A019BD1E7DA
:1060000080210022CEE70A46CCE700BF0827002007
:10601000C82600202DE9F0410446FFF7D3F908B95E
:10602000BDE8F081FFF7D6F905460028F8D1C8236E
:1060300004FB03F3124EF718F9780029F0D010335F
:106040001E44304600F0D2FD3F28E9D92846F978B1
:10605000FFF774FE0028E3D0304600F0C7FD3F286C
:10606000F97808D9074A284602EBC4124023BDE854
:10607000F041FFF787BE2846BDE8F041FFF770BE4C
:10608000002600207C25002010B50446FFF79AF971
:1060900008B9002010BDFFF79DF90028F9D1C822EA
:1060A000034B02FB0433187900F0010010BD00BF60
:1060B00000260020C82208B5024B02FB003000F089
:1060C0007BFD08BD102600202DE9F8434FF6FF7335
:1060D000C8249A4228BF1A4600FB04F4DFF87480F3
:1060E00004F110054544064692B2284600F0DAFD58
:1060F0000746FFF767F910B93846BDE8F883FFF7A0
:1061000069F981460028F7D1A04498F80330002BA4
:10611000F2D0284600F06AFD3F28EDD9484698F8AD
:106120000310FFF70BFE0028E6D0284600F05EFDC6
:106130003F2898F8031007D9054A4846402302EB48
:10614000C612FFF71FFED7E74846FFF709FED3E761
:106150007C250020002600202DE9F0410446FFF7B1
:1061600031F910B90020BDE8F081FFF733F9054699
:106170000028F7D1C82604FB06F6DFF8648006F194
:1061800024074744384600F017FD0028EAD0B04401
:10619000284698F80210FFF7D1FD0028E2D00F4EF4
:1061A000384606EBC4163146402200F07BFD98F8D5
:1061B0000210044668B1034632462846FFF7E2FD66
:1061C00050B94FF0E023D3F8F03DDB07CAD500BE4D
:1061D000C8E7FFF7C5FDC5E72046C4E7BC2500209A
:1061E0000026002038B54FF6FF75C823AA4228BF05
:1061F0002A460B4C92B203FB00440546204600F0B1
:106200000FFE034620461C4600F0D6FC3F2801D86E
:10621000204638BD2846FFF79FFF204638BD00BF07
:1062200024260020C82208B5024B02FB003000F0F3
:10623000DDFC08BD24260020F0B5002483B0C82270
:106240000021174811F0C6FDFF234FF4E131082269
:1062500014480470124800940746437181608273A9
:1062600000F1380101234022103000F075FC0123B9
:10627000402207F17801009307F1B80607F12400E6
:1062800000F06AFC07F1C0053046FBF7ADF928467F
:10629000FBF7AAF9C7E90746C7E90C5403B0F0BDFC
:1062A00000260020FC2500200A4A116B136A61B108
:1062B0003BB10023C2E90C33D361002313620120F8
:1062C00070470120C2E90C337047002BF7D0D16131
:1062D000F3E700BF00260020002210B50E4C0F4847
:1062E000237802600271DA0707D59B070BD5BDE85A
:1062F000104001210A4800F05DBE103000F03EFE63
:1063000023789B07F3D4064800F038FEBDE8104020
:106310000121034800F04EBEFC250020002600208D
:1063200024260020F0B54B7983B0022B02D18B7963
:10633000022B03D00025284603B0F0BD274FBB78C1
:106340003BB14FF0E023D3F8F03DDB07F2D500BEC0
:10635000F0E78B7806463B700B78CC1861782429DF
:1063600008BF092507D036E023781C4461782B4408
:1063700024299DB207D1AA42F6D20020FFF74AFE97
:10638000284603B0F0BD0B46052916D0042BF4D1E6
:1063900063790A2BF1D1124B2778019301330093D3
:1063A000022330461A46E119FFF758FC0028C8D0EE
:1063B0000E3517FA85F5ADB2DFE721463046FFF717
:1063C0009BFC0028BDD0A3787B7023785A191C440D
:1063D000637895B2DAE70B460925D5E70026002059
:1063E00002260020137803F06003202B08D170B53B
:1063F000264C938894F800C09C4503D0002070BDC3
:10640000002070475378203B032BF7D8DFE803F0D8
:1064100027230D0201292ED003291ED11C4BE3B1E5
:1064200000205188AFF3008017E0012923D0032911
:1064300013D15588174805F0010686F00101257132
:1064400000F0B8FD144B43B131460020C5F34002C3
:10645000AFF3008001E0012911D0012070BD0129B6
:106460000DD00329F9D10D4B002BF6D000200C499B
:10647000FEF7A4FAF1E71146FFF7BCFCEDE7114681
:106480000723074AFFF7D0FCE7E700BF00260020FC
:10649000000000002426002000000000BD4900107C
:1064A000082600202DE9F843354E0C46F2780746C1
:1064B0008A421D463DD0B3788B4212D04FF0E02384
:1064C000D3F8F03DDB0732D40020BDE8F8832D4B34
:1064D00023B12D4800F080FB00284DD00020FFF7AD
:1064E00099FDB378A34201D00120EEE7274B13B109
:1064F0000020AFF300800020FFF72EFE0028F3D12C
:10650000234800F059FB0028EED1002DECD015F007
:106510003F05E9D13846B178FFF710FC0028E3D0F9
:106520002B462A463846B178FFF72CFCDCE700BE44
:10653000CAE79AB2174906F1100000F071FC164B39
:10654000002BC4D07379FF2BC1D0002DBFD0DFF852
:10655000448008EB050902E0C845B8D0737918F803
:10656000012B9A42F8D1084800F036FB0028F3D1FD
:106570007179AFF30080EFE7AFF30080AEE700BFC3
:10658000002600200000000010260020000000006F
:10659000242600207C25002000000000F0B54FF4E8
:1065A000137285B00021124811F014FC402600231C
:1065B0004FF480750E4F0F4C07F5A6721946CDE9C2
:1065C0000246009201951A4607F5947000F0C6F94C
:1065D0000023384607F1280134440091012219466E
:1065E000CDE902460195043000F0B8F905B0F0BDE0
:1065F000F02800207028002008B5054800F0DAF9DE
:10660000034BA3F5927000F0D5F9012008BD00BF3F
:10661000182A002038B50025064C04F5987025701E
:1066200000F0ACFC04F10C0000F0A8FC84F8295147
:10663000657138BDF02800202DE9F8434B79FF2B18
:1066400051D1354E96F82931002B4CD196F8058062
:10665000B8F1000F47D18B780C7833700B790F4667
:106660000C44ABB38146A51803E0A54230D923788A
:106670001C446378052BF8D1AC4229D22146484608
:10668000FFF73AFB40B3A378DB092FD1234800F092
:1066900075FCA37896F8282186F82931A388484606
:1066A000C3F30A03A3F50073B3FA83F35B0963F33F
:1066B00041021B4986F8282100F0EAF960B12378ED
:1066C0003A7908F101081C445FFA88F39A42D0D85D
:1066D000E11B88B2BDE8F8834FF0E023D3F8F03D2A
:1066E000DB0700D500BE0020BDE8F8830D4800F0B0
:1066F00045FCA37832797371A3880B49C3F30A036D
:10670000A3F50073B3FA83F35B0963F3410200203E
:10671000327100F085F9D2E7F0280020202A00200D
:10672000182A0020FC280020F428002070B51B4CFB
:10673000064694F829C11D468C4511D063798B42D9
:1067400001D0002070BD164B1BB10020A9B2AFF3E1
:1067500000803046134900F063F9C8B1012070BDD4
:10676000B4F8343163B9104B23B100200F49AAB2F9
:10677000AFF3008030460E4900F08AF90120EEE7C1
:10678000D4F82C11AAB204F5987000F049FBEAE79E
:106790002A463046034900F00FF9DFE7F0280020D1
:1067A00000000000F42800200000000070280020F5
:1067B000182A002010B582B0C9B101280CD80B7876
:1067C00053B1144C012B235402D0012002B010BD50
:1067D000FEF708FE0028F8D14FF0E023D3F8F03D93
:1067E000DB0702D4002002B010BD00BEFAE701248E
:1067F000084601A9ADF80440FEF7F4FD38B94FF0A2
:10680000E023D3F8F03DDA07EDD500BEEBE7014B0E
:106810001C70E8E73C270020F8B5037813F001046A
:106820001AD1037805465A07C3F3800701D52046DD
:10683000F8BD0E464FF0FF31304611F079FD2B7850
:1068400013F001040BD12B785B0709D42B780124BA
:1068500043F004032B7003E000242046F8BD3C46BF
:10686000304611F079FD2046F8BD00BF70B50C46EA
:1068700005464FF0FF31204611F05AFD2B78C3F347
:1068800080065B0708D52B7813F0010311BF0026A3
:106890002A7863F382022A70204611F05DFD3046AB
:1068A00070BD00BFC378828803F003000228C2F3E2
:1068B0000A0215D003280AD001281CD1022940F26F
:1068C000FF3308BF4FF4806393420DD37047022912
:1068D00014BF40234FF48063934205D301207047D7
:1068E00002290AD0402AF9D94FF0E023D3F8F03D2D
:1068F000DB0700D500BE00207047B2F5007FEDD069
:10690000F2E700BF0A44914226D291F801C0BCF1DF
:10691000050F05D091F800C061448A42F5D8704750
:1069200000B591F802C00CF07F0E00EB4E0E4FEA5E
:10693000DC1C0EF80C3091F800C061448A4209D981
:1069400091F801C0BCF1050FEBD091F800C0614493
:106950008A42F5D85DF804FB704700BF2DE9F0418D
:106960008E4682B0009390F800C0089EBDF8247057
:106970006EF3000C04461546012331463A4600F8F2
:1069800008CBBDF82C8000F0E7F806B13FB9012034
:106990000A9BA4F80280636002B0BDE8F08104F1B4
:1069A0001C063046FAF720FE0DB135460026C4E934
:1069B0000556ECE701207047F8B50746084640F257
:1069C000FF13154610F8082B0C4612F0020F0CBFEF
:1069D0003F261E4600F0F0F828B925B12E4202D11C
:1069E0002378DA0701D50020F8BD38466178FFF733
:1069F000A5F90028F7D0237813F0010307D04FF052
:106A0000E023D3F8F03DDB07EDD500BEEBE71A46F7
:106A100038466178FFF7B6F90028F0D0F8BD00BF1E
:106A200070B501F10805064628460C4600F0C4F88A
:106A300010B12378DA0701D5002070BD30466178A7
:106A4000FFF77CF90028F7D028466288616800F0DB
:106A500029F92378054603F0010340B173B14FF0E3
:106A6000E023D3F8F03DDB07E6D500BEE4E7002BDA
:106A7000E2D130466178FFF773F9DDE703466268DB
:106A800030466178FFF77EF90028E8D0284670BDCF
:106A90008A892DE9F0410B780C46064622B9DD07BC
:106AA00034D50020BDE8F08104F108079907384685
:106AB00047BF4FF47E484FF400754FF6C07840252D
:106AC00000F094F88542ECD82378DA07E9D4304610
:106AD0006178FFF733F90028E3D0384600F086F8F4
:106AE0002378854203F001032DD8BBB9658808EAF5
:106AF0000008454528BF454661785DB362682B466E
:106B00003046FFF73FF948B12846CBE74978FFF711
:106B100015F90028C5D02378D80707D54FF0E02312
:106B2000D3F8F03DDB07BCD500BEBAE763886178D7
:106B30003BB162683046FFF725F90028EED0608847
:106B4000B0E71A46F6E7002BABD130466178FFF785
:106B500007F9A6E72A46D2E72DE9F041B2F5004F42
:106B60009DF8188024D80446C06817460E461D4676
:106B700018B14FF0FF3111F0DBFB206918B14FF075
:106B8000FF3111F0D5FB0022C5F30E03E06843EAA4
:106B9000C83362812660A780E380228108B111F0AA
:106BA000DBFB206908B111F0D7FB0120BDE8F081C3
:106BB0000020BDE8F08100BF038942899BB292B2F8
:106BC0008088934236BFC2EB40029B1A9B189BB24F
:106BD000984228BF184670470289438990B29BB2F9
:106BE000C01AB0FA80F04009704700BF038942899B
:106BF0009BB2808892B2934236BFC2EB40029B1A8E
:106C00009B189BB2984286BFC01A80B20020704782
:106C100038B5044600690D4618B14FF0FF3111F048
:106C200087FB2189638989B29BB2A288994236BFCA
:106C3000C3EB4200C81A401880B250B3824209D256
:106C400091422CBF891A89188BB29A42638103D86A
:106C50009B1A9BB29A42FBD9E2882168C2F30E02CA
:106C600002FB0311284611F067F96189012589B2F9
:106C70004B1C9BB29942A2880ED9002302FA05F15F
:106C80005B1A9BB22069638108B111F065FB28464D
:106C900038BD054663899BB2B3EB420F4FEA420110
:106CA000F0DBEDE72DE9F04706460069884691469E
:106CB00018B14FF0FF3111F03BFB338974899BB25F
:106CC000A4B2B588A34236BFC4EB45071F1BFF180B
:106CD000BFB2002F4AD0BD4240D3B94528BFB94604
:106CE000A5421FFA89F703D8641BA4B2A542FBD9B9
:106CF000B6F806A02B1B31689BB2CAF30E029F4266
:106D0000924602FB041123D913FB02F31FFA83F905
:106D10004A4640467D1B11F00FF9621912FB0AF238
:106D2000316808EB090092B211F006F97289B58852
:106D300092B2D3199BB29A421AD96A009B1A9BB29B
:106D40003069738108B111F007FB3846BDE8F08760
:106D5000404607FB02F211F0EFF8E7E7AB422CBF29
:106D60005B1B5B199CB22F467481B6E773899BB29B
:106D7000B3EB450F4FEA4502E2DBDFE7F8B5044627
:106D8000C0680E4618B14FF0FF3111F0D1FA2589D5
:106D9000238961899BB289B2A2888B4236BFC1EB3D
:106DA00042015B1A5B189BB29A42ADB208D8E779F0
:106DB000FF0905D1E06808B111F0CEFA3846F8BDF8
:106DC000954228BF2B4618D39B1A9BB29342FBD205
:106DD000E2882068C2F30E0202FB0300314611F084
:106DE000ABF86B1C9BB29D42A28812D900235100C4
:106DF0005B1A9BB201272381DCE7E2882068C2F39B
:106E00000E0205FB0200314611F096F80135A2880A
:106E1000ABB2B3EB420F4FEA4201EBDBE8E700BF56
:106E20002DE9F04F174683B0002A75D00646C0689A
:106E3000894618B14FF0FF3111F07AFAF379B6F8BC
:106E400008807289DB09B5881FFA88F892B23CD1B4
:106E5000904536BFC2EB4502A8EB0202424492B213
:106E6000AA425ED2AA1A92B2BA4228BF3A46B6F8ED
:106E700006B097B27B1B08EB070ACBF30E0B9BB255
:106E80001FFA8AFAA845444603D3641BA4B2AC4255
:106E9000FBD22D1B3068ADB2BD420BFB040057D3B3
:106EA00049460BFB07F211F047F8B288D0454FEA8C
:106EB000420302D8BAEB420F03DBAAEB03031FFA2B
:106EC00083FA3D46A6F808A02CE0B6F806B0AF421B
:106ED000CBF30E0B2FD2904536BFC2EB4501A8EB8A
:106EE0000201414489B2680039447B1B81429BB254
:106EF0000DDB02EB050A1FFA8AFAAAEB07081FFA54
:106F000088F8424537D9A8EB00001FFA80F807EB54
:106F1000080A1FFA8AFAB5E71546284603B0BDE805
:106F2000F08F0025F0680028F7D011F015FA2846F8
:106F300003B0BDE8F08F002DF4D07F1B02EB050AF3
:106F40000BFB079990462F4600231FFA8AFA99E710
:106F500015FB0BF5ADB22A464946019310F0ECFF44
:106F6000019B3068E21812FB0BF209EB050192B2AB
:106F700010F0E2FF99E7404584DCC4E710B5044611
:106F8000C06818B14FF0FF3111F0D2F9206918B183
:106F90004FF0FF3111F0CCF90023E06863812381C9
:106FA00008B111F0D9F9206908B111F0D5F9012023
:106FB00010BD00BF38B50446C0680D4618B14FF08B
:106FC000FF3111F0B5F9206918B14FF0FF3111F020
:106FD000AFF9E379E06865F3C713E37108B111F025
:106FE000BBF9206908B111F0B7F9012038BD00BF25
:106FF00010B5044604F12F4404F56004084B240D39
:1070000082B0A40000932246E31C0648F9F70AFF69
:107010008442CCBF4FF0FF30001B02B010BD00BF58
:1070200094880110782C00202DE9F0470F46054682
:10703000F9F7B0FE012297F804A097F905C005F111
:107040002F4EDFF8D4800EF5600E02FA0AF24FEAF6
:107050001E5EBCF1000F58F82E6002F1FF32CAF13B
:10706000200435DBA44503DC02FA0CF3334206D0DE
:107070004FF0FF34F9F7A0FE2046BDE8F087D5F8C1
:107080006831F979002B41D14B0731D4644602FABB
:107090000CF2164233D13968BAF1000F10D06746AE
:1070A00001EB4A0A31F8023B07F11209B3F5005F20
:1070B00038BF6344514507F1010745F82930F1D144
:1070C000324348F82E20F9F777FE2046BDE8F087D6
:1070D000002C02DA13E0013C11D302FA04F333422C
:1070E000A446F8D1D5F86811FB7991B95B07CED5E4
:1070F0006FF00A04F9F760FE2046BDE8F0876FF0F4
:107100000804F9F759FE2046BDE8F087C907BDD548
:10711000EEE7D907BBD5EBE7642800202DE9F0475F
:107120004FF4003501EB410600EBC60404F543546F
:1071300000EBC606D6F8DCA04FEA4108D6F8CC90A2
:10714000E560BBB14EF2800793FAA3FCBCFA8CFC5D
:1071500022FA0CF503F1FF3E4FEA4C1C05F0010545
:107160004CF080643D4313EA0E03C6F8DC40C6F8D9
:10717000D850E9D1884400EBC800C0F8DCA0C0F8C2
:10718000CC90BDE8F08700BF2DE9F0434FF4003408
:1071900001EB410E00EBCE03079D00EBCE0E03F595
:1071A0004353DEF8DC904F00DEF8CC80DC60B5B1F4
:1071B0004EF2800695FAA5F3B3FA83F322FA03F4AC
:1071C00005F1FF3C5B0104F0010443F080633443AC
:1071D00015EA0C05CEF8DC30CEF8D840EAD10F44E1
:1071E00000EBC700C0F8DC90C0F8CC80BDE8F083AD
:1071F0002DE9F041D0F868419DF81860121B1F2A54
:1072000038D84EF29F044EF280054FF4003801EB5F
:10721000410C002E18BF254600EBCC0404F5435466
:1072200000EBCC0C052BDCF8DC704FEA410EDCF8EF
:10723000CC60C4F80C800CD95401053B44F0A05438
:107240000532052BCCF8DC4002F01F02CCF8D850F8
:10725000F2D8714400EBC1010020520142EA83637D
:10726000C1F8DC30C1F8D850C1F8DC70C1F8CC608E
:10727000BDE8F0816FF00400FAE700BFF0B501252A
:1072800004688D4024EA05040460B3B3D3E90156D1
:107290001F68DC6801EB410300EBC303C3F8C8704F
:1072A0004FEA410CC3F8D060C3F8CC50C3F8DC40BF
:1072B0000CEB01034FF0013500EBC30C4FF000461F
:1072C00000EBC30E01230EF5865E0C1D01F10807CD
:1072D0008D40CEF8106003FA04F4CEF8106002F08E
:1072E0001F028560BB4000F5005004600EF1100ED7
:1072F00003600020CCF8D820F0BD4FF480374FF465
:1073000040264FF4F83501EB410400EBC404C4F807
:10731000C8704FEA410CC4F8D060C4F8CC50C4F82F
:10732000DC30C5E72DE9F04F81460E46934687B025
:10733000534D544FDFF8588102932C0DA4F20254A0
:10734000A4003560224600214F480097E31CF9F75E
:1073500069FDA04203DB001B44B2002C09DAA5F54D
:1073600080154545E9D100231846336007B0BDE8D4
:10737000F08FF9F70FFD012199F804A0D6F800C0AD
:1073800001FA0AF1DCF868314B1E99F905200393E4
:107390000CF12F433D4903F560031B0D002A51F802
:1073A00023E005930490CAF120034FDB93423FDBB7
:1073B000039B934013EA0E0F3AD1DCF86831104674
:1073C00099F807208BB3D30731D4039A82401EEA81
:1073D000020F2CD159465346E346DDF808A08C46EF
:1073E000D9F8005083B1064605EB430335F8021B7C
:1073F00006F11207B1F5005F38BF09189D424BF83E
:10740000271006F10106F1D1204B0599CCF8004078
:107410004EEA0202CAF80000049843F82120F9F766
:10742000CBFC012007B0BDE8F08F5107CDD5049803
:10743000F9F7C2FC3168144801F12F4101F56001F0
:10744000090D04EB8101F9F72DFD88E7002BEEDB38
:10745000039901E05A1CEAD001FA03F212EA0E0F76
:10746000184603F1FF33F5D1DCF8682199F80730AD
:10747000039112B95B07A8D5D9E7DA07A5D5D6E7F6
:107480000000405094880110782C002064280020CF
:10749000000010504FF0010C70B50C4616460179F3
:1074A00004F12F440CFA01F5013D9D4004F5600400
:1074B000F9F770FC084A240D52F8243023EA05033A
:1074C00042F82430F9F778FC06EB84010348BDE864
:1074D0007040F9F7E7BC00BF64280020782C00203A
:1074E00001460148F9F7DEBCA8F8002010B5054CAC
:1074F00082B001460F23002200940348F9F792FC62
:1075000002B010BDB8880110A8F800204FF0A04CC0
:107510000121820102EB0C0370B41E690D4D814004
:107520000D4C1A4686EA40301033054003F580536F
:107530001D60C4F80414C4F81414C4F82414C4F866
:107540003414CCF86414D3685B01FCD470BCCCF860
:107550000014704701E001000030005003BD00BF7F
:1075600010B50446FBF75AF92346BDE8104018470A
:10757000F0B5054687B0192017460E46F9F720FDED
:10758000002104461920F9F705FD0021CDE9046525
:1075900003970026002701224FF050438C46CDE987
:1075A00000670292A9B11A6D9507FCD5596540BFD5
:1075B0001A6DD00703D420BF1A6DD207FBD59A6D80
:1075C0008A420BD04FF0000C0DEB8C021168E9E7FA
:1075D0009A6D1A6DD607FBD440BFE4E70CF1010C9D
:1075E000BCF1060FF0D12146192007B0BDE8F040EC
:1075F000F9F7D0BC0C4B0D4A93420ED39C4603F2D4
:10760000F4710B4A9268CCF8F4070A48CCF8F837C2
:10761000CCF8FC070848FFF7ABBF4FF0FF3340F250
:10762000F3719C46EDE700BF000808200000082029
:1076300000ED00E0617500105D75001006F05CB9AA
:10764000012370B50B72044606F084F9431C0CD17B
:10765000104AD2E90032256820460F496C69C1E919
:1076600002322346BDE8704018470546FAF72EFD62
:1076700003460A464FF47A704FF0FF3E6FF0004C1D
:10768000E5FB00329E457CEB02013CBF734662463F
:10769000E1E700BF40A50110501C002038B5094D9E
:1076A00004462B7843B10125236807492046DB694E
:1076B0000D729847284638BD00F092FA01232B70CE
:1076C000F1E700BFC5F80020681C002010B5044693
:1076D000036805499B69984723682046BDE8104028
:1076E00002491B6A184700BF501C0020681C00207C
:1076F00000207047704700BF08B5FAF7E7FC29B1D2
:107700004FF47A72002310F023FE08BD024AA2FB58
:107710000020800908BD00BFD34D621083681BB9EB
:1077200006E01A6832B113468B42FAD10020704746
:1077300000F108030022196001200A60704700BFB1
:10774000836800F108021BB908E01A461B682BB1D8
:107750008B42FAD11B6801201360704718467047AE
:1077600043681BB906E01A682AB113468B42FAD166
:1077700000207047031D0022196001200A60704735
:107780004368021D1BB908E01A461B682BB18B42E7
:10779000FAD11B680120136070471846704700BF7C
:1077A000344B2DE9F047D3E900458368804663B345
:1077B00000F10806FAF78AFCD8F808A0B646BAF134
:1077C000000F22D053464FF0000CD3E90227B0EB54
:1077D000020961EB0709B9F1000FA8BFF4469E4604
:1077E0001B68A4BF10463946002BEED1BCF1000F38
:1077F0003BD0DCF800104046D1E90023CCF8002053
:107800009847D8F80830002BD4D1D8F8046006B3D4
:107810000027337A1BB33146736837724046984766
:107820003668002EF5D1D8F808A0BAF1000F10D0B4
:107830005246D2E90231E01A65EB0102012872F1E9
:107840000002DAF800A0F0DB1C460D46BAF1000F8A
:10785000EED120462946C8E90445BDE8F0873668E0
:10786000002ED6D1D8F808A0DFE7D8F80460002EA3
:10787000CED1DDE740A5011038B50446FAF726FC65
:10788000A36853B1D3E90252B0EB050C61EB0202DD
:10789000002A0BDA1B68002BF4D1636813B907E0E8
:1078A0001B6813B1187A0028FAD038BD012038BD02
:1078B000184638BDF0B4154F154AC01942EB010106
:1078C000820F42EA8102134B424002FB03F3124E45
:1078D00081EA917106FB0133A2FB06263344D00EE8
:1078E0000E4C40EA4310504004FB00F10C4D83EA7B
:1078F000D363A0FB050205FB0311F0BCC30F1144C9
:1079000043EA4103584081EAD1717047157C4A7FB0
:10791000B979379E6D4758BFB9E5E41CBB49D0948F
:10792000EB11311370B5EFF3108C72B6204CD4E824
:10793000CF2F0123002AFAD1C4E8423F002AF6D112
:10794000BFF35F8F1B490B78012B10D9023BDBB2D1
:107950001846194A03F1010E0B7052F8200052F834
:107960002E100023C4E88F3F8CF3108870BD4FF0B9
:10797000FF320020114B18639A63DA629A60D3F8E1
:10798000B820002AFBD104205D690B4A4FF0050E98
:1079900015609D695560DD6995601D6AD5605D6AF9
:1079A0001561074D9E6A2D685661DD600346D3E779
:1079B00028270020D7F8002074F8002000010F408D
:1079C00010010020F8B5D0E9006405468068E96838
:1079D00046EA000344EA0102134304D1FAF776FBB6
:1079E00050EA0103FAD086EA00036140A000B70024
:1079F0002206BF1940EA96704FEA066E42EA162246
:107A00004FEA014646EA13464EEA142E82EA010284
:107A100044EB000072408EEA030484EA03446A6087
:107A2000DA0E4FEAC71C42EA41122C60C90EC401AB
:107A300044EA57644CEA506041EA4313EB60E100CA
:107A4000C300181841EA5C71AA6044EB0101F8BD5B
:107A50002DE9F04F5C4D8DB02B78002B55D05B4C51
:107A60005B4F08AEBB68DFF86C810093D7E900A5D7
:107A700098F800B0D7F80C90FAF728FBFFF71AFF38
:107A800080EA0A0A4D40FFF74DFFFFF713FF009B06
:107A90005FFA8BFB584081EA0903EFF3108972B655
:107AA000D4E8CF1F01220029FAD1C4E8412F0029D0
:107AB000F6D1BFF35F8F98F800205A4508D03A6896
:107AC0008AEA020A7A685540BA685040FA68534018
:107AD000CDE90A033046CDE908A5FFF773FFDDE9DC
:107AE0000AAB98F80030C7E902ABDDE908AB013317
:107AF000DBB20022C7E900AB88F80030C4E88F2F62
:107B000089F310880DB0BDE8F08F08AE3046FAF763
:107B100019FEDDE90A34DDE90889CDE90034FAF718
:107B2000D5FA83468A46FFF7FDFE03460F46EFF37C
:107B3000108272B6254CD4E8CF0F01210028FAD16B
:107B4000C4E8401F0028F6D1BFF35F8F297831B118
:107B50001F4F0023C4E88F3F82F3108882E7584606
:107B60005146CDE90223FFF7A5FE86468C464046E6
:107B70004946E046F146FFF79DFE039B81EA080176
:107B800080EA0900CDE9040118463946FFF792FE64
:107B90000F468046DDE90001FFF78CFE794080EA60
:107BA0000800CDE9060104A8FFF70CFFDDE9060196
:107BB0000123074F029AC7E90201DDE904012B7096
:107BC000C7E90001C5E700BFD2F800202827002040
:107BD00010010020C2F8002008B5FFF739FF08BDEA
:107BE00008B501F003FC00F00FFB00F023FD00F0EE
:107BF000AFFD05F0C1FE01F079FC00F06DF9BDE8C4
:107C0000084005F031BE00BF40BA80B2704700BFE7
:107C100000BA70472DE9F041524D04462B68884662
:107C200013B12A7A824271D04F4E2701EB6813B10B
:107C30002A7DA24260D0AB691BB195F82020A242F8
:107C400050D06B6A1BB195F82C20A24225D03B196D
:107C500006EB0313DB7B7CB3B27A022A62D0012CE1
:107C60002ED096F81A21022A60D0022C2CD096F839
:107C70002A22022A6CD0032B0DD83C4D274455F8FC
:107C8000230006F08FF90022042106EB0717FB7B87
:107C9000F97345F82320BDE8F081381906EB001090
:107CA0004146AA6A1030984700236B623B1906EBE5
:107CB0000313DB7B002CCFD196F81A21022A4CD07B
:107CC00096F82A22022A3ED096F83A23022AD2D1E6
:107CD00096F83F239A42CED104223B1906EB0313B8
:107CE000DA73D8E7381906EB00104146EA6910301C
:107CF00098470023AB61A4E7381906EB0010414612
:107D00002A69103098470023EB6094E700EB0010DD
:107D1000154E000110306A6830449847002327014F
:107D20002B6083E7F27B9A4299D1D5E796F81F2121
:107D30009A42D1D0022CC7D096F82A22022A07D024
:107D4000032CC1D197E796F82F229A42BCD1C3E702
:107D500096F82F229A42F3D1BEE796F81F219A4255
:107D6000EAD1B9E7D83A0020103B0020C83A0020F9
:107D70002DE9F04FDFF85CA100EB0013020187B0A2
:107D80000AEB03140092E27A012A00F299804E492C
:107D900051F82250002D00F087801B0110330AEBB0
:107DA00003050746284610F03DF9014612314FF40D
:107DB0002072362089B200F0D9FE804600286AD0B1
:107DC00000232089CDE903330593FFF71DFF01232D
:107DD0008DF80E304FF480730C264FF6FE79ADF817
:107DE0000C000C22404603A9ADF81030013D01F013
:107DF00099F9019769786F1C2E295CD03A460024C6
:107E000049B1517801342E29E4B202F1010045D084
:107E100002460029F5D1A2EB070B154622461FFAB0
:107E20008BFB32444A4533DC22463146404601F062
:107E30001FFA701C5A4683B234443946404601F05A
:107E4000A7F9A4B22A78661CB6B2002AD2D131466C
:107E50004046019F01F00CFA4FF001230293A31C4E
:107E600004229BB202A9404601F092F9009A1648FA
:107E70003A440AEB021A9AF80B20144900EB8202EA
:107E80009AF80F00352351F82000414606F01CF8FF
:107E9000404600F0D9FF07B0BDE8F08F521B1FFA33
:107EA00082FB05462246BCE72946FFF7B3FEA572D2
:107EB00007B0BDE8F08F00223D4693461446B0E778
:107EC0000348F8F74FFF00BF083B0020C83A0020E6
:107ED000D8880110103B0020704700BF012800D94E
:107EE000704721B1054B0A6843F820207047044AC7
:107EF000024B126843F82020704700BF083B002067
:107F0000E0A80110F8B50025464C14F8013CEFB28A
:107F1000032B00F28480DFE803F01D022F23424E82
:107F2000FFF75AFEB27A83B2022A44D096F81A2199
:107F3000022A47D096F82A22022A4BD096F83A23F2
:107F4000022A4FD0394A384624F8033C44F8012C21
:107F5000FFF70EFF0135042D04F58874D5D1F8BD67
:107F600054F80B3CF3B9002304F8013C0135042D0F
:107F700004F58874C9D1F2E76378013BDBB2637022
:107F8000002BE7D1A3780133DBB2042BA3702ED0F2
:107F9000637038460135FFF7EBFE042D04F5887455
:107FA000B3D1DCE7013B44F80B3C002BD2D10023DA
:107FB00004F8013CDAE732899A42B1D096F81A21E6
:107FC000022AB7D1B6F818219A42A9D096F82A22E7
:107FD000022AB3D1B6F828229A42A1D096F83A23C1
:107FE000022AAFD1B6F838239A42ABD198E723786A
:107FF0003BB90F4A526822B140F20112A3702280AD
:10800000C7E700213846FFF705FE00230135042DA0
:1080100004F8013C04F588747FF477AF9FE70548C6
:10802000F8F7A0FE1B3B0020103B002002000100DF
:10803000083B0020F088011070B510F001044FF0EB
:10804000000E06D0714528DD10F8013B013963F3BD
:108050001F2E012927DD034600228E1E49084D1ED2
:1080600000EB410133F802CB8B426244FAD1C5EBFD
:10807000C573023006EB4301A0EB4300012904BFA6
:10808000037863F3070E724493B203EB124398B282
:1080900000EB134014B980B270BD704600BAC0F353
:1080A0000F4080B270BD0022E8E700BF2DE9F84321
:1080B000089C1B6824688846250C15FA84F414FA79
:1080C00083F404EB1344A3B203EB14439CB21746AE
:1080D00004EB1344D8B105464FF000096E89686877
:1080E0003146FFF7A9FF204484B2F30704EB1044A4
:1080F00004D524BA89F00109C4F30F442D68002D7A
:10810000ECD1B9F1000F02D024BAC4F30F444046B9
:10811000FFF77AFD05463846FFF776FD28442044F0
:1081200083B203EB104398B200EB1340C04380B21C
:10813000BDE8F883FFF7BABF70B510F001044FF047
:10814000000E05D029B310F8013B013963F31F2E4F
:10815000012932DD02464FF0000C8E1E49084D1EEB
:1081600000EB410332F8021B9A428C44FAD1C5EB72
:10817000C573023006EB4301A0EB430001290ED08A
:10818000F4441FFA8CF303EB1C4399B201EB134147
:1081900014B109BAC1F30F41C94388B270BD037865
:1081A00063F3070EE6441FFA8EF303EB1E4399B206
:1081B00001EB1341002CEFD0EBE74FF0000CDDE7B3
:1081C000F8B1F8B5002705463C466E896868314627
:1081D000FFF732FF0444A3B203EB1444F30704D5C2
:1081E00024BA87F00107C4F30F442D68002DECD1A9
:1081F00027B120BA6FEA104080B2F8BDE04380B2E8
:10820000F8BD4FF6FF7070474FF47A524FF0000CF4
:1082100001200D4B30B40D4D23F003030C492B60AE
:108220000C4D0D4CA5F8AA200B601A6083F804C011
:108230009A180A4903F5405383F8840E2260C3F864
:10824000801E30BC704700BF77B7002094440020E8
:108250006CB700209C44002070B70020803E803E18
:10826000002877D083072DE9F04777D1404AA0F165
:10827000080314689C426ED83E4900F10C020D6858
:10828000954268D310F8042C002A6AD030F8081CF4
:10829000B1F57A5F0FD830F8067CB7F57A5F0AD867
:1082A000A3EB040C1FFA8CFCBC4504EB070905D0BA
:1082B000E25B624502D03048F8F754FD04EB010E52
:1082C000754503D0BEF802206245F4D10022DFF8E4
:1082D000BCA0DFF8BC8000F8042CDAF80060B8F825
:1082E000AC20B342A2EB01023CBF1E46CAF80030EC
:1082F00062449D42A8F8AC2036D9734517D09EF849
:108300000420A2B9754512D0BEF80010B64504BFCE
:108310001E46CAF80030B1F57A5F20F8081C06D076
:108320006218A2F802C030F8067C04EB07094B453E
:108330000ED099F804205AB9B34208BFCAF8009089
:10834000B1F57A5F18BF6418A9F8001018BF6780EC
:10835000BDE8F08770470948F8F704FD0848F8F7CA
:1083600001FD0848F8F7FEFC0748F8F7FBFC00BFE2
:108370006CB7002070B70020788901103489011093
:108380001089011050890110AC890110944400201B
:108390009C4400202DE9F843CB1C23F003039BB23F
:1083A0000B2B49D9B3F57A5F49D8994247D8424A4D
:1083B0001568854276D8414A1268824272D930F8EF
:1083C000084CA0F10802521BA4F1080192B21FFA56
:1083D00081F9A9EB020E1FFA8EFE9E4565D329D0C6
:1083E00005EB040C9CF8046066BBB4F57A5F5FD0C3
:1083F000334E35F8048002F1080437681C44A4B2F7
:108400002919674508BF316000260E7125F80480E0
:108410004A8020F8084C2E5BA2EB0901B6F57A5F82
:108420001CBF76197480274CB4F8AC201144194451
:10843000A4F8AC10BDE8F8830C239942B7D900200A
:10844000BDE8F88303F11406B6B2B645F2D302F1E3
:10845000080E9E44B4F57A5F1FFA8EFE28D0184E9F
:1084600005EB0E073168B94288BF376000263E71C0
:1084700025F80E407A8020F808EC35F80E40A2EB83
:108480000902B4F57A5F18BF05EB040C0D4C18BF58
:10849000ACF802E0B4F8AC100A441344A4F8AC30D1
:1084A000BDE8F8830848F8F75DFC0848F8F75AFC7F
:1084B0000748F8F757FC00BF6CB7002070B70020E2
:1084C000944400209C440020C8890110E0890110D8
:1084D000008A0110002800F087802DE9F843C31CB2
:1084E00023F003039CB20B2C2DD9B4F57A5F27D867
:1084F000A04225D8484BDFF838811868D8F80050DA
:10850000C4F57A512A1A1FFA82FE7145734611D9B1
:108510006FF0070C00EB0E0799463E7930F80E30ED
:1085200072469E4626B9ACEB02021A44A2420CD215
:108530009942EFD8394AB2F8A8300133A2F8A830EE
:108540000020BDE8F8830C24D2E704F114018A422C
:1085500021D201223A71314AB2F8AC10A1EB0901E3
:108560000B44B2F8AE109BB29942A2F8AC3038BFBF
:10857000A2F8AE3004F10802294BBD42196835D08B
:108580003A44914244D3BB0708BF07F10800D8D052
:108590002448F8F7E7FB04F1080209EB020189B26D
:1085A000B1F57A5F31D04FF0010E00EB010C8CF881
:1085B00004604352ACF8029087F804E03980435AD3
:1085C000B3F57A5F1CBF1B1859801449B1F8AC3061
:1085D00008332344B1F8AE409BB29C42A1F8AC30C2
:1085E000CAD2A1F8AE30C7E7002070472B7923B973
:1085F000C6E72D8805442B7923B18D42F9D1C8F8FF
:108600000010BDE7C8F80050BAE70748F8F7AAFB22
:108610000648F8F7A7FB00BF6CB700209C44002079
:1086200070B70020448A0110008A0110148A0110DA
:10863000944400202DE9F04304244FF00009154D27
:10864000DFF860E0144E154B154F05F12808033391
:1086500055F8042B23F00303C7F800906CB10021F8
:10866000B2F804C00A4600E003460132A242196093
:1086700003EB0C001946F7D13B60A84574804EF817
:10868000046F05D02A681668D488D2E90237DEE77D
:10869000BDE8F083B4A701108CB60020ACA7002081
:1086A000ECB600204C450020092838B520D8134BE3
:1086B00053F82050FFF71CF8EB6802461C688CB199
:1086C00021681960A30716D129688B88C8880133EF
:1086D0009BB298428B80104638BFCB80FFF70AF8D8
:1086E000204638BD2A68138801331380FFF702F84B
:1086F0000024204638BD0248F8F734FBB4A7011027
:10870000888A0110092816D838B50C4691B10C4B4F
:1087100053F820508B070FD1FEF7EAFF2968EA686B
:108720008B88013B8B80136823601460BDE8384060
:10873000FEF7E0BF38BD70470248F8F713FB00BFF3
:10874000B4A70110AC8A01106FF00B00704700BF96
:10875000704700BFF0B583B0099F00287FD0002F7D
:108760007DD00E460899044641620A994B4D01613D
:1087700000204B49C4E90100002E08BF0E46002A24
:1087800008BF0A46002B08BF0B464649E0606161FE
:10879000297884F83D0084F84010A062E0623168D6
:1087A0001268C4E90700A086606400295AD072B339
:1087B000A2601B6803B1E36033685BBB2046B84727
:1087C00000284CD1384F94F840C03E68BCF1FF0FF0
:1087D00004BF844684F84000002E4ED033464FF448
:1087E000807202E01B68002B47D09C4253D0013AB4
:1087F0002DD093F840106145F4D10CF1010C5FFAD3
:108800008CFCBCF1FF0F25D084F840C0E6E71B6864
:10881000002BD0D1336868460193002301A900934F
:1088200001F02CFF684601A905F0E4FB684601A9A8
:1088300000F0BEFD01AA6946204609F093F83268AF
:10884000E3696260002BB9D020469847B6E7174825
:10885000F8F788FA4FF0000C84F840C0BEE700201B
:1088600003B0F0BD22B91B68002BA7D0E360A5E7D9
:10887000A2601B68002BF9D1A0E7BCF1FE0F08BF76
:10888000002320461CBF0CF10103DBB226602B70D5
:108890003C6003B0F0BD0648F8F764FACDF800205C
:1088A000E0A80110498700100CB70020E08A0110F1
:1088B000CC8A0110F0B52E4D0446002914BF0E4697
:1088C0002E46002A14BF17462F46002B18BF1D4600
:1088D000336883B06BB100213B68A268934218BF34
:1088E000A3602B68E268934218BFE36029B103B02C
:1088F000F0BD426802BB0121EEE7636832689A422C
:10890000F5D0684601A9CDE9003201F0B7FE68460E
:1089100001A905F06FFB684601A900F049FD01AA15
:108920006946204609F01EF83268E3696260002B50
:10893000DDD020469847DAE7684601A9CDE9002353
:1089400001F09CFE684601A905F054FB684601A9A8
:1089500000F02EFD6946204601AA09F003F83368AD
:108960006360E369002BC6D020469847C3E700BF89
:10897000E0A8011000283CD038B543680446DBB9B4
:1089800094F83D30DA0728D41C4B1A68A24204BF81
:1089900000221A601A4A1368A34207D02BB11A6842
:1089A000A24206D01346002BF9D138BD23681360CC
:1089B00038BD22681A6038BD051D0021284601F027
:1089C0005DFE0021284605F015FB0021284600F039
:1089D000EFFC94F83D30DA07D6D523F001021B07EF
:1089E00084F83D2006D4E369002BCDD0204698477B
:1089F000CAE77047204607F037F9F4E708B70020C8
:108A00000CB70020014B1860704700BF08B700206A
:108A100050B190F83D20D10706D4C16942F001025F
:108A200080F83D2001B10847704700BF98B110B5EC
:108A300090F83D3004465A0700D510BD43F00403BA
:108A400080F83D3006F05EFB236A002BF5D020460F
:108A5000BDE810401847704798B110B590F83D3008
:108A600004465A0700D410BD23F0040380F83D30BB
:108A700008F038FE236A002BF5D02046BDE81040F0
:108A800018477047024658B1064B186810B907E0FE
:108A9000006830B190F840300133DBB29342F7D137
:108AA000704770470CB7002070B5054690B300269C
:108AB00007E02B699BB3284698470136F6B2ECB124
:108AC0002546FEF715FEAB7B33B3013BDCB2AC733E
:108AD000FEF710FE94B96B7B2C689B07E9D42B7BC7
:108AE00003F00F03022B0BD0012B0ED0D3B9284675
:108AF0000136FFF7B5FBF6B2002CE1D1304670BD70
:108B000029460920FFF7FEFDD7E729460820FFF791
:108B1000F9FDD2E70646F1E70448F8F723F90448DF
:108B2000F8F720F90348F8F71DF900BF108B011082
:108B3000288B01104C8B011008B5FEF7D9FD0022DF
:108B4000084B1A70FEF7D6FD074B186810B908E0FD
:108B5000C06830B1436F002BFAD0BDE8084001F087
:108B6000D7BD08BDCFF8002050F80020B2F5C17F76
:108B70002DE9F843894643D04FF0000661F30F0614
:108B8000154661F31F4607D822F04003012B9CB223
:108B900027D03B48F8F7E6F8B2F5207FF9D1C31C9F
:108BA00001F1030929F0030923F003034B449BB2AD
:108BB00004464B4503F1100080B25ED381455CD87A
:108BC000FFF788FC8046C0B1002203192D491333FA
:108BD00023F00303C160C0E9013602604046BDE8EE
:108BE000F8830820FFF760FD804630B10023C0E91C
:108BF000003386600573C48143734046BDE8F88343
:108C00000024074640F2EC56A0461F4D05E02060C8
:108C1000B9F1000FF1D0044600270920FFF744FD09
:108C2000F0B1FB1C23F00303F31A9BB24B4528BFA2
:108C30004B4600220744133727F003074381A9EB73
:108C40000303A0F808904760C56002601FFA83F92B
:108C5000B8F1000FDBD18046B9F1000FDBD1CCE7D2
:108C6000FEF746FD0122094B1A70FEF743FDB8F1ED
:108C7000000F02D04046FFF717FF4FF00008BCE797
:108C8000608B01108000010082000100CFF80020FD
:108C900070B40024033061F30F04BDF810C020F05D
:108CA000030061F31F4401446145039D0DD805B1E4
:108CB0000544002602211A73012218465D609C605B
:108CC0001E605973DA8170BC7047002070BC704719
:108CD00038B5002837D00446008988421FD9081AC1
:108CE00006E02389891A03442381246889B224B3C6
:108CF00062898A42F5D30025237B61F30F051807AB
:108D000061F31F4504D18A4202D0637B9B0707D5DC
:108D10002068A56008B1FFF7C7FE0023236038BDB7
:108D2000636820461B1B194489B2FFF733FB38B137
:108D30008442EDD00548F8F715F80548F8F712F821
:108D40000448F8F70FF80448F8F70CF8C88B01103E
:108D5000948B0110AC8B01107C8B011010B5F0B11D
:108D6000B1F5803F0BD2C1B103898AB213449BB2E3
:108D70009A4204D890F90CC0BCF1000F01DB01202D
:108D800010BD446800F1100C611A6145F7D3B0F8CA
:108D90000AC04160624442810381002010BD014845
:108DA000F7F7E0FFE48B011010B598B1B1F5803F03
:108DB0000ED259B143898AB29A4209D844689B1AA3
:108DC0000C44018944608A1A43810281002010BD4D
:108DD000012010BD0148F7F7C5FF00BFE48B01106B
:108DE000002910B514DB48B381B103898AB213445A
:108DF0009BB29A4220D84468611A90F90C40002C2A
:108E000016DB44894160224442810381002010BD69
:108E1000494298B143898AB29A420DD844689B1A54
:108E20000C44018944608A1A438102810020EEE7E4
:108E300000F11004A142E4D2012010BD0148F7F76F
:108E400091FF00BFE48B011008B1FFF72DBE08B5FC
:108E50000148F7F787FF00BFE48B0110034630B1EC
:108E600000201B68013080B2002BFAD17047704798
:108E700058B110B50446FEF73BFCA37B0133A37346
:108E8000FEF738FCA37B0BB110BD70470148F7F724
:108E900069FF00BFF08B0110C8B1C1B1884210B5A5
:108EA00018D002680AB913E022460389B1F808C055
:108EB0001468634403811046002CF5D1108953894E
:108EC00083420AD1088911600344138110BD7047A1
:108ED0000246F3E70248F7F745FF0248F7F742FF7B
:108EE000048C0110208C011010B50C46F0B1E1B1DA
:108EF00088421ED003683BB1028921890A4402815D
:108F000018461B68002BF7D102894389934216D17A
:108F10002289046013440381FEF7EAFBA37B01333B
:108F2000A373FEF7E7FBA37B33B110BD0029F3D198
:108F300010BD0448F7F716FF0348F7F713FF03487F
:108F4000F7F710FF048C0110F08B0110208C01103A
:108F5000002900F099802DE9F8431F460B898846C7
:108F600093421546C0F087800646002800F08380B3
:108F700002897B199A427EDB4FF000097489B8F8A8
:108F80000A30E41BA3EB09039C4228BF1C46AC42F9
:108F900028BF2C467068D8F804103844494422464B
:108FA0000EF0CAFF738927442D1BBB42A144ADB20A
:108FB00067D3B8F80A204A4560D312D0BB4224D008
:108FC000B8F8081091421BD032899A4202D0002D85
:108FD000D4D13AE03368002BF9D06FF00500BDE83A
:108FE000F883D8F80080B8F1000F19D0BB424FF0D9
:108FF00000090AD0B8F80A20B8F808109142E3D165
:10900000D8F80020002ADFD0E7E73668B6B1B8F814
:109010000A20B8F808309A421AD000277389D3E79B
:109020004DBBBB421AD032899A420ED13368002B15
:1090300014BF6FF005000020BDE8F883DDB9B8F873
:109040000820B8F80A309A420DD00020BDE8F88315
:10905000D8F80070002FC0D17389B5E73668002EAC
:10906000F3D07389DFE7D8F80030002B14BF6FF01E
:1090700005000020E0E76FF00F00DDE70448F7F798
:1090800071FE0448F7F76EFE6FF00F00704700BFE7
:10909000688C0110508C011019B100230A89FFF768
:1090A00057BF6FF00F0070472DE9F041054670B1D2
:1090B0000F4681B3164692B3B5F80AC05BB163455B
:1090C000A3EB0C0207D32D6893B2002DF4D1A84670
:1090D0004046BDE8F0814FF0000804E0002DF7D0D5
:1090E0000023B5F80AC0ACEB0304A4B2B44228BF15
:1090F00034466968361B224607EB0800194444448D
:10910000B6B20EF019FF1FFA84F82D68002EE5D1D3
:109110004046BDE8F08188464046BDE8F081904673
:10912000D6E700BF48B32DE9F843884611B3038959
:1091300005469342914617D39AB11646002700E0A0
:10914000ADB16C896868B44228BF344608EB0701AA
:1091500022460EF0F1FE361B2D682744F0D1B945AA
:109160000ED10020BDE8F8834FF0FF30FAE7064843
:10917000F7F7F8FD6FF00F00F4E76FF00F0070479E
:109180000248F7F7EFFD00BF848C01109C8C0110A2
:1091900000284AD02DE9F04705460E4604E02D6828
:1091A000DB1B9BB2002D3DD06F899F42F7D92989E7
:1091B00003EB0209494535DB68681844FB1A9A42FB
:1091C0002ADD9CB2A9EB0709224631461FFA89F92C
:1091D0000EF0B2FEB9F1000F21D02F685FB33B89CA
:1091E0004B451FD3C8464FF0000A00E007B37D8906
:1091F00004EB0A01454528BF454678682A463144B4
:109200000EF09AFEB8EB05083F68AA44EED1D145AE
:1092100005D00A48F7F7A6FD31460EF08DFE002076
:10922000BDE8F0874FF0FF30FAE74FF0FF307047AE
:109230000348F7F797FD6FF00F00F1E79C8C0110E2
:10924000848C011038B514460A462189FFF78EFC3C
:10925000054628B1002321462289FFF779FE08B987
:10926000284638BD0148F7F77DFD00BFB48C0110DA
:1092700018B90AE0006899B230B143898B42A1EB7A
:109280000303F7D943685A54704770472DE9F84FE4
:109290008046434FDFF814A13968786908F05CF91B
:1092A000D8F80430DAF800405D7A002C72D000283B
:1092B00036D1064604E0E2682646002A2ED014463F
:1092C000227CAA42F7D1217A31B17A6892F8402003
:1092D0000132D2B29142EED1216811B17A69914244
:1092E000E9D1627CD10703D561683A699142E2D144
:1092F000D4F81490B9F1000FDDD09B4642462146C8
:10930000284BA069C84700283AD1D8F804309B45BB
:1093100042D1E26802202646002AD0D1BDE8F88F6B
:109320000020064604E0E2682646002AF6D01446ED
:10933000227CAA42F7D1217A31B17A6892F8402092
:109340000132D2B29142EED12268002AEBD1627C86
:10935000D20703D561683A699142E4D1D4F81490F8
:10936000B9F1000FDFD09B46424621460D4BA06964
:10937000C84728B9D8F804305B450DD10220D2E7A0
:1093800036B1E268DAF80030F260CAF80040E36013
:109390000120C3E72046C1E70348F7F7E3FC00BF1D
:1093A0007443002084430020C88C011010F6002074
:1093B00088B102687AB171B10B6863B10A4B1B685E
:1093C0004BB110B41C68944206D0DB68002BF9D175
:1093D0005DF8044B704770470A681A60DB68002B21
:1093E000F6D00268EEE700BF10F60020704700BF1D
:1093F00010B5E8B1037D0446042B03D0072B0BD036
:10940000032B07D103F074FB58B9052320462375BD
:1094100003F058FE002010BD03F06AFB08B90923D1
:10942000F4E7431CF7D1638B43F008036383F1E750
:109430000148F7F797FC00BF148D011070B5064680
:10944000806F18B1FFF700FD0023B367746FB4B1EC
:10945000D4E9005058B1FFF7F7FC21460420FFF78C
:1094600051F955B12C46D4E900500028F3D12146DA
:109470000420FFF747F9002DF4D1002373674FF65E
:10948000FF73F46E3386A4B1D4E9005058B1FFF7EE
:10949000DBFC21460420FFF735F955B12C46D4E911
:1094A00000500028F3D121460420FFF72BF9002DAE
:1094B000F4D1346FA4B1D4E9005058B1FFF7C4FC23
:1094C00021460420FFF71EF955B12C46D4E900507F
:1094D0000028F3D121460420FFF714F9002DF4D120
:1094E0000023C6E91B33A6F8683070BD08B5FEF747
:1094F00073FB6FEA80406FEA9040014B188008BD13
:109500007C1C002008B5037D012B05D0BDE8084078
:1095100001460220FFF7F6B80148F7F723FC00BF29
:10952000208D0110F8B52E4B002914BF8C469C46A7
:10953000002852D0037D002B4CD12AB3294D05F1D0
:10954000100E2B681B6813B90EE0DB6863B1D98A73
:109550009142FAD1196821B1DCF800400CB1A14266
:10956000F3D16FF00700F8BD0435AE45E9D1DCF862
:10957000003003B103601C4BC2821A681860C260DD
:1095800004F038F90020F8BD4FF480454FF6FF7E17
:10959000164E174F3288013292B2724508BF4FF40F
:1095A0004042104C23681B6813B90CE0DB6853B1D0
:1095B000D98A9142FAD1013DADB2002DEBD1328072
:1095C0006FF00100F8BD0434BC42EBD13280002AB8
:1095D000CDD1F5E76FF00500F8BD6FF00F00F8BDD5
:1095E000E0A801107CA8011054F800207C1C002089
:1095F0008CA8011038B5002835D0037D0446002B17
:1096000031D10320FFF750F8054600282BD0012266
:109610002169E38A02750161C382627D4275A26895
:1096200082602268026083B9237D012B26D0214607
:109630000220FFF767F8134B13491A68A961EA6023
:109640001D6004F0D7F8284638BD104A13689C42C4
:109650000CD02BB1DA6894420BD01346002BF9D111
:109660000023E360E0E70025284638BDE368136087
:10967000F6E7E268DA600023E360D5E70448F7F72D
:1096800071FB00BF5CF800206D9F001054F80020B3
:10969000208D011038B5F0B1034641F2D06E018D36
:1096A000C26A446A5D8E881A7545204494BFA0EB57
:1096B000050CA0EB0E0CBCF1000F06DA121B06D451
:1096C000B2F5803F0AD2002091B2598538BD002101
:1096D0000846598538BD0348F7F744FB0248F7F7B9
:1096E00041FB00BF348D0110588D0110002837D088
:1096F00038B5037D012B3AD042F6A053028D1144B8
:1097000089B299421AD9194641F2D06EC26A458E81
:10971000446A754594BF02EB050C02EB0E0C234422
:10972000A3EB0C0CBCF1000F01850BDA121B18D453
:10973000B2F5803F38BF428516D238BD8A42E2D8A2
:109740000B46E1E740F667349B1AA3424185F4D902
:10975000438B43F002034383BDE8384003F0B2BCBF
:1097600070470023438538BD0248F7F7FBFA0248EB
:10977000F7F7F8FA588D0110748D01102DE9F04FAC
:10978000AB4EAC4F32683B7801320133DFF8B89210
:1097900087B032603B70A84B1C68002C5CD04FF047
:1097A0000008237D002B00F00E82012B00F00882C0
:1097B0000A2B00F00B823A78A17F914200F057818A
:1097C000022BA27794F8422000F09A800B2A40F2F4
:1097D000C5804FF0010A062B00F0E880627A12077C
:1097E00040F19280042B40F0BD81216A3268D4F8A8
:1097F0009400521A914D00F5242101F6B841A5FBC1
:109800000151B2EB511F40F295814FF0010B0AF16B
:10981000010A5FFA8AFA656F002D00F0D680B4F96C
:10982000403003EB4303B2EB430F7DD2237D032B88
:109830005DD0092B25D0BAF1000F40F0C680237F00
:10984000627F0133DBB29A42E568237740F2DA8027
:10985000A0462C46002CA4D1794D0024296869B17A
:109860000B7D0A2B40F0B58133680A6A9B1AF02BF6
:1098700000F2EC800C46C9680029F1D107B0BDE8C0
:10988000F08F3368226A9B1AF02B35D9D4F89050A8
:109890002046FFF7D3FD684B1B68B8F1000F00F0BE
:1098A00072819C4200F09881E368C8F80C30BBF1EB
:1098B000000F40F05B81D4E903BA237D012B00F057
:1098C0008E8121460220FEF71DFF002389F800301B
:1098D00045B16FF00C015046A84799F80030002BB5
:1098E0007FF459AF5C46002C7FF45BAFB4E733687C
:1098F000226A9B1A282BC9D8BAF1000F9FD0C5E75E
:10990000052A2BD94FF0010A656F002D00F0108158
:10991000236A32684FF0000BD21AB4F9403003EBDF
:109920004303B2EB430F81D30594D5E9004058B10E
:10993000FFF78AFA29460420FEF7E4FE54B12546D3
:10994000D5E900400028F3D129460420FEF7DAFECD
:10995000002CF4D10023059C636767E794F899A075
:10996000BAF1000F00F08980216F002940F03D819D
:10997000E26E002A00F03C8194F89A200B2A3FF610
:1099800028AF304A92441AF8010C94F89820824289
:10999000C0F00481B4F8605005BB204603F006FE19
:1099A00018B3237DAA46062B7FF418AF628BD0062E
:1099B00000F1B180627A1107A6D4656F002DA7D19E
:1099C000AB46BAF1000F3FF43AAF012BD4F89050F8
:1099D0007FF661AF0A2B7FF45BAF5CE72946204638
:1099E00002F0C6FF002800F0E2804FF0000A94F871
:1099F000993084F898A0062B9CBF013384F89930E5
:109A0000237DE8E60023D4F88C20237789F8003002
:109A100052B121462069904799F80030002B7FF41D
:109A2000BAAE00287FF414AF204603F04BFB0FE7DB
:109A300060F80020D6F8002050F80020D34D6210C6
:109A400064F800208CA80110D4F800202B68002CAA
:109A500000F09F80994200F0CE80CF68E76002203E
:109A6000FEF750FE394600297FF4FAAE06E7A0461D
:109A7000E468002C7FF495AEEEE647F6FE70B4F98C
:109A8000302091B2814202D801310AB22286B4F963
:109A9000401091423FF79FAE204603F031F9237DFD
:109AA00038B1226F002A7FF496AEE26E002A3FF4AE
:109AB00092AE022B14D094F8423047F6FF720C2B72
:109AC00028BF0C234F49B4F93C00C95CB4F93E30BF
:109AD00003EBE0038B409342A8BF1346A4F8403049
:109AE000B4F84820B4F860300021934228BF1346F0
:109AF000628E5B08A4F84820520092B2934238BFAD
:109B000013462046A4F84A302186A4F86A1003F0D0
:109B1000A5FC237D5FE63268216A521A282A7FF667
:109B20004CAF0AF1010A4FF0000B5FFA8AFA72E6B5
:109B3000AB467BE694F89B10334D05FB010033499F
:109B4000A1FB0010B2EB501F7FF637AF204603F0A9
:109B5000D9FC00287FF4D8AE94F89B30013384F808
:109B60009B30D1E6072B3FF440AECDE6238B626AF3
:109B7000216D0293E38A20460193231D009323461F
:109B800003F066F997E69C422CD1E368204A136003
:109B90008DE6994232D1CF682F6060E70132D2B2B0
:109BA000824284F89820BFF4F5AE8A4613E6204638
:109BB00003F088FA00287FF418AF8246237D0AE676
:109BC0001448F7F7CFF81448F7F7CCF81348F7F72D
:109BD000C9F81348F7F7C6F81248F7F7C3F8124860
:109BE000F7F7C0F81148F7F7BDF81148F7F7BAF8DA
:109BF0001048F7F7B7F81048F7F7B4F80F48F7F739
:109C0000B1F800BF94A80110F8240100D34D6210F0
:109C100050F80020C88D01109C8D0110F48D0110AA
:109C2000E48E01108C8E0110208D0110B88E011071
:109C3000208E0110548E0110148F01103C8F0110E2
:109C4000B8B138B50446D4E9005058B1FFF7FCF874
:109C500021460420FEF756FD55B12C46D4E90050AC
:109C60000028F3D121460420FEF74CFD002DF4D14D
:109C700038BD704758B110B50446406808B1FFF7C9
:109C8000E3F82146BDE810400420FEF73BBD7047D5
:109C900038B590B105460420FEF706FD044650B1E4
:109CA00068682968AA68EB68606060682160A260E3
:109CB000E360FFF7DDF8204638BD0148F7F752F8BA
:109CC000648F011000B10161704700BF30B108B569
:109CD000037D012B03D0C0F8841008BD70470148F4
:109CE000F7F740F8808F011018B1037D012B08BFF2
:109CF0008161704730B1037D012B03D90A2B01D05C
:109D0000FFF79CBB704700BF10B500294DD000285D
:109D10004ED003680C468B422AD02BB1DA68A2429F
:109D20002ED01346002BF9D10022237DE2607BB9AF
:109D3000638BDA072CD4E36E002B3CD1236F002B0E
:109D40003CD1636F002B3CD100232375E38210BD0F
:109D50000A2BF0D0012BF7D02046FFF76FFB237DB5
:109D60000A2BE8D0012BE3D100232375E38210BD39
:109D70000022CB680360237DE260002BE8D1D7E7A7
:109D8000E268DA600022237DE260002BE0D1CFE7B9
:109D900043F002036383204603F094F9237D012BF3
:109DA000C9D100232375E38210BD0748F6F7DAFF17
:109DB0000648F6F7D7FF0648F6F7D4FF0548F6F74A
:109DC000D1FF0548F6F7CEFFA88F0110C48F011010
:109DD000E48F0110FC8F011018900110002800F092
:109DE000AD802DE9F04F037D0546012B87B000F0D3
:109DF000A9800A2B00F09480D0F89020D0F850A0D1
:109E0000D0F824B0D0F81090B0F816800592002B4E
:109E10005BD1B8F1000F64D14FF0000846462C6FBB
:109E2000A4B1D4E9007058B1FFF70EF82146042020
:109E3000FEF768FC57B13C46D4E900700028F3D126
:109E400021460420FEF75EFC002FF4D1EC6EA4B195
:109E5000D4E9007058B1FEF7F7FF21460420FEF761
:109E600051FC57B13C46D4E900700028F3D121469B
:109E70000420FEF747FC002FF4D16C6FA4B1D4E9A5
:109E8000007058B1FEF7E0FF21460420FEF73AFCCF
:109E900057B13C46D4E900700028F3D12146042094
:109EA000FEF730FC002FF4D156BB2B7D012B46D0A2
:109EB00029460220FEF726FC059B7BB16FF00C01C2
:109EC000484607B0BDE8F04F18470E4601461F4808
:109ED000FFF71AFF01221E4B1A70A0E707B0BDE87A
:109EE000F08F1C4A1368834217D033B1DA68AA4254
:109EF00001D01346F9E7EA68DA600023EB608BE7EC
:109F0000CDF804802B8B5A4602932B1D00935146AB
:109F10002B46284602F09CFFC7E7C3681360ECE7B6
:109F200001460D48FFF7F0FE2B7D012B07D0294697
:109F3000022007B0BDE8F04FFEF7E4BB70470748CA
:109F4000F6F710FF0648F6F70DFF00BF50F80020A7
:109F5000D4F8002054F8002064F80020208D01106F
:109F6000309001100121FFF739BF00BF08B531B1B2
:109F700008460121FFF732FF6FF00C0008BD0148D1
:109F8000F6F7F0FE64900110F8B506460220FEF7E1
:109F90008BFB044618B39C22002120460DF01AFFCB
:109FA00042F6A050FF214FF00612604BA4F8640067
:109FB000A3625F4B5F481B685F4D0078E172C4F895
:109FC0003E205E495E4A23625E4B66752563A0773C
:109FD000A164C4F88420C4F894302046F8BD5A4FD8
:109FE0003D685DB12846438BED681A07F9D523F02B
:109FF00008034383FFF7FCF9002DF3D1534B1B6893
:10A000008BB100214A4A10681A6A821A914298BF9D
:10A010001C46DB6898BF1146002BF5D11CB101210D
:10A020002046FFF7DBFE0220FEF73EFB044630B180
:10A03000474BD3F8BC201388013B1380ABE739684A
:10A0400091B122463A4B18680B7D092B05D10B6A5A
:10A05000C31A9A429CBF0C461A46C9680029F3D11C
:10A0600014B12046FFF7BAFE0220FEF71DFB04469E
:10A0700038B1374BD3F8BC201388013B9BB2138017
:10A08000DAE7396891B12246294B18680B7D082B15
:10A0900005D10B6AC31A9A429CBF0C461A46C9687E
:10A0A0000029F3D114B12046FFF798FE0220FEF7F5
:10A0B000FBFA044638B1264BD3F8BC201388013B89
:10A0C0009BB21380D9E733062DD4EEB132463B68FC
:10A0D000013AD2B2C3B1164900250F6805E0186AEB
:10A0E0000A461C463D1ADB684BB1597D8A42F6D8B8
:10A0F000F9D1186AA7EB000CAC45F4D3F0E71CB11A
:10A1000001212046FFF76AFE0220FEF7CDFA044641
:10A1100000283FF462AF0E4BD3F8BC201388013BFC
:10A120009BB21380CBE77F22D1E700BFA02DA02DEB
:10A1300060F80020D6F80020FFFF18020100A02DD3
:10A14000E1A2001000DD6D0050F8002064F800204E
:10A150009C4400204020FFF717BF00BF10B584B01B
:10A16000002800F0A0800446037D19B1042B17D00D
:10A17000072B15D0012B6BD0022B47D0002B5BD1C6
:10A18000E38A002B4CD04C4A1368A34200F088802D
:10A19000002B00F08280DA68A2427CD01346F7E7F9
:10A1A000A36F002B43D0638BDB0640F18280208BB2
:10A1B000E28A211DCDE90120626A009123462046F2
:10A1C000216D02F045FE237D012B04D90A2B02D01C
:10A1D0002046FFF733F9394A1368A34235D033B12B
:10A1E000DA68A24201D01346F9E7E268DA6000209B
:10A1F0000121334B334A1B68E060A342117021D028
:10A20000237D012B0CD13048F6F7ACFD21462B48BD
:10A21000FFF77AFD0121237D2A4A8B421170F2D08B
:10A2200021460220FEF76EFA002004B010BD42F66F
:10A23000A053228D9A42B6D1204604B0BDE810400A
:10A24000FFF7D6B801F0BAFEEEE7E3681360CEE799
:10A2500000201E4901F10C0C51F8043F1A682AB184
:10A26000D36F9C4212D0D268002AF9D18C45F3D129
:10A2700021461748FFF748FD237D012B16D02146C4
:10A280000320FEF73FFA002004B010BDD067D2686B
:10A29000002AE5D1EAE7E268DA600023E360BFE77D
:10A2A000E3681360F9E70B48F6F75CFD0A48F6F738
:10A2B00059FD0A48F6F756FD54F8002050F80020E2
:10A2C00058F80020D4F80020208D01107CA801103F
:10A2D0005CF8002084900110C0900110A49001103F
:10A2E00000294FD070B50846154662B30B7D012B8F
:10A2F0004BD042F6A051028D2B8913449BB28B4266
:10A300001DD90B4641F2D06CC46AB0F832E0466AFF
:10A31000E64594BF04EB0E0204EB0C0231448A1AAA
:10A32000002A038515DAA41B10D4B4F5803F38BF8A
:10A3300044852DD22846FEF787FD002070BD9A4245
:10A34000DFD81946DEE78BB1002070BD00234385BE
:10A35000F0E740F66732091B91424385EAD9438B07
:10A3600043F00203438302F0ADFEE3E70B7D012BD4
:10A3700003D04B8B43F010034B830121BDE87040A9
:10A38000FFF7ECBE6FF00F0070470348F6F7EAFCEA
:10A390000248F6F7E7FC00BF748D0110588D0110DC
:10A3A000002831D0F8B50023856FD0F884606F7B2A
:10A3B0000446836756B101462A460069B04758B142
:10A3C0000D301ED06FF00400A567F8BD2989FFF796
:10A3D0008DF92846FEF738FDBB0610D542F6A0528F
:10A3E000238DD4F8845093421CBF0133238535B1AB
:10A3F000002321461A462069A8470D3001D00020CD
:10A40000F8BD6FF00C00F8BD6FF00F00704700BF93
:10A410002DE9F84300271C4DDFF874802B781B4E84
:10A4200001332B70D8F80040BCB1A37F2A78934247
:10A4300015D0638BA277D9071AD41A0711D4A36F4A
:10A44000D4F80C9033B120463770FFF7A9FF33786A
:10A45000002BE7D14C46002CE7D1BDE8F883E46837
:10A46000E2E723F0080320466383FEF7C1FFE6E737
:10A4700043F002036383204602F024FE638B23F043
:10A4800003039BB26383D8E7D6F80020D4F80020FA
:10A4900050F8002008B5FFF7BBFF064A13780133D8
:10A4A000DBB21370DB0700D408BDBDE80840FFF73E
:10A4B00065B900BFD5F80020002800F0A28010B5D3
:10A4C000037D0446012B84B070D0428B042B42F0F4
:10A4D0001002428334D1A36F002B44D0208BE28A38
:10A4E000211DCDE90120626A009123462046216D9D
:10A4F00002F0AEFC237D012B04D90A2B02D02046AA
:10A50000FEF79CFF424A13689C4237D02BB1DA68B1
:10A51000944248D01346002BF9D1002001213D4B35
:10A520003D4A1B68E0609C4211702AD0237D012BBC
:10A5300036D021460220FEF7E5F8002004B010BD19
:10A54000072BC8D0022B21D012D8C38A002BF0D001
:10A55000324A1368984251D0002B4CD0DA689442AA
:10A5600047D01346F8E742F6A053228D9A42B5D160
:10A57000204604B0BDE81040FEF73ABFE368136020
:10A58000CBE701F01BFD002004B010BD01462048C0
:10A59000FFF7BAFB0121237D1F4A8B421170C8D1FE
:10A5A0001F48F6F7DFFBE268DA60B6E700201D49D6
:10A5B00001F10C0C51F8043F1B682BB1DA6F944287
:10A5C00012D0DB68002BF9D16145F3D12146164842
:10A5D000FFF79AFB237D012B16D021460320FEF7BF
:10A5E00091F8002004B010BDD867DB68002BE5D1DE
:10A5F000EAE7E268DA600023E3609AE7C368136081
:10A60000F9E76FF00F0070470848F6F7ABFB00BFA3
:10A6100050F8002058F80020D4F8002054F800200A
:10A62000208D01107CA801105CF80020C090011062
:10A6300008B530B1044B054A186812681044186018
:10A6400008BD0348F6F78EFB781C002060F8002058
:10A65000DC90011008B55AB149B18B8E3BB1282B63
:10A6600038BF2823283B9BB2984228BF184608BD14
:10A670000148F6F777FB00BFF890011000283FD0A3
:10A68000036870B5054603B970BD1E4A0E461068D2
:10A6900078B10268C4689A4206D054B120462B684B
:10A6A0000268C4689A42F8D10121FFF797FB002C99
:10A6B000F4D1154B1C6854B122682B6820469A428D
:10A6C000E468F8D10121FFF789FB002CF4D1002EBA
:10A6D000DAD03368002BD7D00C4B1A68002AD3D0BD
:10A6E0002B681168994205D0D268002ACCD0116835
:10A6F0009942F9D133681360D268002AF0D170BD55
:10A70000704700BF50F8002054F800205CF800208B
:10A7100070B5446FBCB10646D4E9005058B1FEF79D
:10A7200093FB21460420FDF7EDFF55B12C46D4E9FB
:10A7300000500028F3D121460420FDF7E3FF002D4F
:10A74000F4D10023736770BD644B2DE9F0431E887C
:10A7500076B30024624B634D1F682C80002F79D0A4
:10A760002246614BDFF88481B3F800C09646531C43
:10A770009BB2A3EB0C01013996421FFA8EF9C9B2C4
:10A7800040F2A480CC4515D8795C012918D0022963
:10A790001AD061B19C4558D9544909680B441B7DB6
:10A7A000012B40F2988013449AB20124DEE72B80FB
:10A7B000BDE8F083D8F800107144097D0129E6D185
:10A7C00001241A46A644D2E7911C9C4589B227D998
:10A7D000464C246823441B7D042B27D14B1CB342D9
:10A7E00024DAD31C8C4502F104029BB292B21FD82A
:10A7F000A1EB0C01C9B2795C9C454FEA01211FD83D
:10A80000A3EB0C03DBB2FB5C40F2B35E40F2B4544A
:10A810000B43591E89B2714588BF23464386C4E75E
:10A82000A3EB0C03DBB2FB5C042BD7D02980BFE782
:10A830002E4C9C4524682144097D4FEA0121DFD933
:10A840002A4C246823441B7DDEE7A3EB0C03DBB218
:10A85000FB5CA5E73C462246244B02F114011F682D
:10A86000531C96429BB231D97C5C012C2BD0022C1C
:10A870000BD0002C9BD03B441B7D012B2BD91344C8
:10A880009AB2012402F11401EAE73B441B7D911CBA
:10A89000042B89B2CAD14B1CB342C7DA40F2B35C75
:10A8A00040F2B454D31C394417FA83F3097D1B7D5D
:10A8B000043243EA0123591E89B2614588BF234609
:10A8C00092B24386DDE71A460131C9E7002C3FF416
:10A8D0006FAF2A806CE702322A8069E7B8F800205F
:10A8E0006CF80020B4F80020B6F8002068F80020CA
:10A8F000F8B5C368054698890C46FDF785F9C20787
:10A9000034D41C4EE1682B8937684868B4F808C015
:10A910003B441A1AA2EB0C02002A1CDB8889FDF7C3
:10A9200073F9C30708D420462468FFF7A3F9002C65
:10A93000E8D100242C60F8BDEB6801209F89FDF769
:10A9400063F9EB680743204624689F81FFF792F97B
:10A95000002CD7D1EDE7C31A002BEBDAC11B89B26B
:10A9600068682981FEF7B4F92C60F8BD2046FFF72E
:10A9700067F9DEE72CF80020002944D02DE9F84FD4
:10A9800006460C469146DFF89C80234FE368D8F8D2
:10A9900000505868FDF73CF9E36882469889B4F89E
:10A9A00008B0FDF731F910F0030018BF0120A5EB46
:10A9B0000A05A5EB0B052D1A002D21DBD4E900506B
:10A9C000FEF74CFAB6F8663098421ED839882289CC
:10A9D0001B1A0A44A6F8663020463A80FFF74AF967
:10A9E000B6F8663043B10DB12C46CFE7B9F1000F90
:10A9F0000ED00020BDE8F88F002DFAD02C46C5E718
:10AA00002046BDE8F88F002070470448F6F7AAF901
:10AA10000348F6F7A7F900BFB2F800202091011013
:10AA2000489101103C2B00202DE9F84F027D032AAC
:10AA300040F20D849B4B04461B789B4ED80648D4AD
:10AA40009A4F38883368002800F08C80227D062ACF
:10AA500000F28880626AD11AB1F1010CA3EB020501
:10AA600000F1308105F1FF3E1EEB000F00F12A815D
:10AA70008F4D6868002800F018844FF6FE739942E5
:10AA800000F21084028989B28A42C0F008842B89BE
:10AA9000521A5B1A2B81438992B299420AD94FF01C
:10AAA000000CA0F80AC002810068C91A438989B263
:10AAB0008B42F6D3FEF778F9636AEA683360536035
:10AAC000238D002B40F015822046BDE8F84F02F0A0
:10AAD00097BA3368606DDFF8E881C51A002DB4F8C5
:10AAE00060E0D4F85890D8F8001051DB98424BD071
:10AAF000894500F02D81656CF446681A0028CA4625
:10AB00005ADB6A4F3888002800F0C080656B002D42
:10AB10009DD0A36B5B1A002B93DA664BB4F93C20F3
:10AB20001888C2F3CF01ADB2431A5B1B9BB21A4423
:10AB300012B213F4004FA28702D0091A0D44ABB22F
:10AB400000216163B4F93E103888A1EBA1010B44E8
:10AB50009BB203EBE202E387A4F8402033680028AD
:10AB60007FF474AF626A991A002907DB218D013ADC
:10AB70000A44D31A002B01DBBDE8F88F638B43F046
:10AB800002036383BDE8F88FA9EB01000028AFDA68
:10AB900049480068B0F80EC0B4F86200656C6045C2
:10ABA000A5EB010038BFA4F862C000288A46C4E9BA
:10ABB0001531A4F860C0A4DAEB43CB4200F1D08099
:10ABC000236D5B1A002BC0F2CB80628BB4F84A0075
:10ABD00012F0040340F042814D1BA4F8423061643E
:10ABE000E38FB4F93C10ADB203EBE103B4F84810C5
:10ABF000A4F84030814228BF084680F0438112F417
:10AC0000006F0CBF02220122638E13FB02F39BB282
:10AC1000AB4294BFCA184A1993B28B4280F0488164
:10AC20004FF6FF73A4F84830D4E91B212046FFF704
:10AC3000A3FE0246E16E22672046FFF79DFE002339
:10AC4000226F2377B2FA82F35B095B42E0662386C8
:10AC5000002800F03081194B1988B4F864300B4497
:10AC6000A4F86430638B19057DD5002A00F08A8131
:10AC7000D3685868FCF7CCFFE36CC01A002872DB7D
:10AC8000638B0A4F23F4006363836DE00CEB0A02CD
:10AC9000CE44724500F0C880656B002D7FF439AF5B
:10ACA00060E700BFC7F800202CF80020BAF80020A9
:10ACB0006443002060F8002068F80020B2F800200B
:10ACC0003C2B0020002DC0F2AA80218D11EB0C0F2F
:10ACD0003FF5FAAE934200F0DF82656F002D00F081
:10ACE0007E81E86842689A4200F0E880991A00295B
:10ACF000C0F23E8203F1FF3CA8462D68002D3AD0F9
:10AD0000E86842689A4200F0DB80D8F80C10496885
:10AD1000ACEB01010029EFDBD11A0129ECD4B248D8
:10AD2000FEF7B6FF074600283FF4CEAED8F80C3049
:10AD300032685968B8F808300B44D31A002BC0F2B7
:10AD4000538229463846C8F80070FFF7D1FDBBE6AC
:10AD5000A6480068B0F80EC0E645BFF4CCAE1BE7CD
:10AD6000204602F04DF9A24F656B002D3FF469AE0D
:10AD7000D8F80010CDE6D21A002ABFF6A5AE808919
:10AD8000FCF742FFC1073FF59FAE9748FEF780FFF3
:10AD9000C8F8000000283FF497AED8F80C30B8F897
:10ADA00008205B6831681A448A1A002AC0F252826D
:10ADB0003A88636A9B1A228D13445B1A002BBFF6F4
:10ADC00083AED8F80030DB689889FCF71DFFC20716
:10ADD000D8F8003000F14882218D32685868891A0D
:10ADE000626A114489B21981FDF772FFD8F8003008
:10ADF0001D89DB689889FCF707FF10F0030318BF73
:10AE0000012331682B449BB21944228D3B80636A35
:10AE1000134499423FF458AE7648F5F7A3FF638B8D
:10AE200043F0020363834FE6B4F93020002AFFF6B3
:10AE300033AF8D427FF430AF94F84320FF2A00F007
:10AE4000AB810132D2B2032A84F8432000F2A481FC
:10AE50007FF422AF204601F0C9FF85E722F004020B
:10AE6000628300224D1BE38F6164B4F93C10A4F8A7
:10AE7000480003EBE103ADB2A4F84030A4F86A2027
:10AE8000A4F84220B4F86A201544ABB29A4204D820
:10AE9000834204D2A4F86A30C6E64FF6FF731B1A49
:10AEA000A4F86A30638E03449BB28342FFF4B8AEC9
:10AEB000A4F84830B8E6A4F86800CCE64FF00008E3
:10AEC00049482B8902899A427FF6FEAD2B68002BF8
:10AED0003FF4FAADFEF7DCFE00283FF4F5ADB8F123
:10AEE000000F00F08A81C8F800002946FFF700FD36
:10AEF000EAE513469889B5F80880FCF785FE10F05E
:10AF0000030018BF0120228D08EB00039BB293427F
:10AF10003B8071D8616F002900F03581EB6898891A
:10AF2000FCF772FEC207D4F874801ED4B8F1000F8B
:10AF300000F04681D8F80C003B88D6F800E0D0F845
:10AF400004C0B8F8082003EB0E0162448A1A002AF4
:10AF5000C0F22E818089FCF757FEC30722D44046F9
:10AF6000D8F80080FEF786FEE0E7B8F1000F00F0A9
:10AF70000E81D8F8003040466367FEF77BFED4F8B8
:10AF80007480F2E748B1C3685868FCF741FEE36C8F
:10AF9000C31A002BFFF6E7AE638B23F40063144F54
:10AFA0006383E1E6EB689889FCF72EFE8007D6D430
:10AFB000EB680120B3F80C90FCF726FEEB6849EA39
:10AFC0000000988180B2B5F80890FCF71DFE10F0E3
:10AFD000030318BF01239944A7F80090BFE7024874
:10AFE000FEF756FE60676FE56443002068F80020B6
:10AFF000BAF80020B4910110EB689889FCF704FEC0
:10B00000EB68B3F80C80C30700F1DE80238D404667
:10B010002B81FCF7F9FD8007298902D5013989B216
:10B0200029816868FDF754FEEB68B5F808809889B7
:10B03000FCF7EAFD10F0030318BF0123228D3168ED
:10B04000606A43449BB21944104481423B807FF4C0
:10B05000E3AE606F00287FF461AF9342616200F25B
:10B060001881D31A23852046FEF714FB6B681A89D2
:10B070001AB18F4A136000236B60EB689889FCF764
:10B08000C3FDC20704D58B4A137843F02003137025
:10B09000656F002D5FD04FF00009DFF81482854FF7
:10B0A0001AE0FDF7F9FEC5F80490EB689889FCF703
:10B0B000ABFDC30708D53B7843F020033B70237DED
:10B0C000042B04BF072323752B6828466367FEF70C
:10B0D000D1FD656F002D3ED0E968626A4B689342EE
:10B0E00039D133608889B5F808A0FCF78DFD10F0E0
:10B0F000030018BF0120636AB5F808B09A445044B1
:10B10000EB6860629889B4F828A0FCF77DFD10F028
:10B11000030018BF012058448245C0F0B780EB6897
:10B12000B5F808A09889FCF76FFD10F0030018BF70
:10B130000120238D50441B1A23852046FEF7AAFACE
:10B1400069680B89002BB0D0D8F800000028A8D17E
:10B15000C8F80010A7E7638BD80705D523F00103D3
:10B1600043F00203638307E543F00103638303E5D0
:10B170005148FEF78DFD00283FF4A6AC29466067D4
:10B18000FFF7B6FBA0E431681944616269E73B88C8
:10B190003168228D194460E7B4F84820638E134467
:10B1A0009BB29A4201D94FF6FF73A4F8483051E69A
:10B1B000ACEB0102002A22DB228DC4F874804CE73C
:10B1C0003B8831681944F7E74046FCF71DFD00F065
:10B1D0003E00FCF719FD28F47C58EA6840EA0803B1
:10B1E00093811FFA83F811E7521A91B2D8F804003C
:10B1F000A8F80810FDF76CFDA3E5606775E6EB683D
:10B20000ACEB0E0CA5F808C09889FCF7FDFC810793
:10B2100002D52B89013B2B8129896868FDF758FDF0
:10B22000EB68B5F808909889FCF7EEFC10F0030382
:10B2300018BF01234B44D8F80C209BB23B805168C7
:10B2400032681A448A42B7D01C48F5F78BFD1C4877
:10B25000F5F788FDCB1A99B2A8F80810D8F80400C1
:10B26000FDF736FD3168A3E5DB689D892846FCF7CC
:10B27000CBFC00F03E00FCF7C7FCD8F8003025F40A
:10B280007C55D96840EA05028A81A5E50D48F5F7A5
:10B2900069FD0D48F5F766FD074DEB682AE60B489A
:10B2A000F5F760FD0A48F5F75DFD0A48F5F75AFD28
:10B2B00018F60020D0F8002064430020EC91011023
:10B2C000689101104892011028920110A491011078
:10B2D00094910110849101102DE9F04F8BB000285A
:10B2E00000F05085704D4268B5F892306F4E0133D2
:10B2F000A5F8923043890446132B32600FD8B5F875
:10B300009A300133A5F89A302046B5F896300133CB
:10B31000A5F896300BB0BDE8F04FFDF795BD644F32
:10B320003968786906F018F9B0B97B6903F0F00361
:10B33000E02B11D007F11403009306212046228947
:10B3400007F11003FCF7F6FE804658B1B5F89830C7
:10B350000133A5F89830D7E7B5F8A0300133A5F848
:10B36000A030D1E733689889FCF74EFC810A01F0E0
:10B37000FC011329C3D923898B42C0D36289DFF82A
:10B380004CA1DFF84C91A1F114039BB28A42C9F899
:10B390000080AAF8003080F08F822368002B00F034
:10B3A000D28514212046FDF7FFFCB4F80A80414BFA
:10B3B00041462046BAF800A0A3F80080FDF7F4FC4F
:10B3C0002068AAEB080B43891FFA8BFB5B4596D3D9
:10B3D00043685946C9F80030FDF7E6FC23896289C5
:10B3E0004344A3EB0A039BB22381002A40F0C085AB
:10B3F000226812899A4240F0B885D6F80080B8F8E1
:10B400000000FCF701FCA8F80000D6F80080B8F8AE
:10B410000200FCF7F9FBA8F80200D6F80080D8F883
:10B420000400FCF7F5FB244BC8F80400D6F80080B4
:10B430001860D8F80800FCF7EBFB204BC8F80800B0
:10B44000D6F800801860B8F80E00FCF7DDFB336812
:10B45000A8F80E009889FCF7D7FB194B00F03F0BBA
:10B4600083F800B0C3B205938307B4F808E000F096
:10B4700029820EF101039BB2124A9E45079208935E
:10B4800013803FF63CAF104A3368D2F80090B9F110
:10B49000000F00F00C81D7E904CAC8460022796881
:10B4A000CDF824B006941CE09C44002068F80020ED
:10B4B00074430020B6F800202CF800203C2B00201C
:10B4C000C7F80020BAF8002050F80020B8F8002093
:10B4D0006CF80020D8F80C004246002800F0E68006
:10B4E000804698F81400002800F055840A2800F0DF
:10B4F0004F84012800F0498498F808402CB191F855
:10B5000040000130C0B28442E4D1B8F818B01888C5
:10B510008345DFD1B8F816B058888345DAD1D8F81A
:10B5200004006045D6D1D8F800005045D2D1D8F8F3
:10B530000C10DDF824B04145069C00F0F784002A89
:10B5400000F04C84D160844AC145C2F80080C8F83C
:10B550000C9000F0EE840022DFF818927F4FC9F8BB
:10B560000C307F4BDFF810A21A80059BA9F808E089
:10B570001907C9F80440C9F800203A608AF8002089
:10B5800003D5637B43F001036373D8F8783083B14C
:10B590004046FEF705FF0D3000F0FD81D8F8783009
:10B5A00023B1079B1B88002B40F0F5816D4B93F86E
:10B5B00000B06D4C1BF00402C4F8008000F0B381B1
:10B5C00098F81430022B00F04083684A1168D8F8CC
:10B5D00024208A4200F0EB819AF80030881A002873
:10B5E00003F008030ADB521AB8F82810D14205D438
:10B5F000B8F81A2042F00202A8F81A20002B40F0F6
:10B60000E581574B1A885AB1D8F880302BB14146A2
:10B61000D8F8100098470D303BD00023504A1380D3
:10B620009AF80030D80600F118833A68D2B1D8F8F9
:10B630007830002B40F05A84B8F81A3013F0100319
:10B6400040F0D383D8F88450002D00F0D8834146D1
:10B65000D8F81000A84710F10D0F1AD010B13B68B0
:10B66000C8F878309AF80030990608D5D8F87830BC
:10B67000002B00F093835A7B42F020025A73002281
:10B680009AF800302260DA0600F1E782404601F0C5
:10B6900019FD0025D9F8040025603D6018B1FDF7BB
:10B6A000D3FBC9F804500BB0BDE8F08F069C304ABC
:10B6B0001068002841D0D7F80480D7F810A002E025
:10B6C000C068002839D0027D0A2A40F09583017AAB
:10B6D00029B198F840200132D2B29142F0D11A88B3
:10B6E000B0F818E09645EBD15A88B0F8169091451D
:10B6F000E6D142685245E3D101687A699142DFD1CF
:10B70000059B5F070FD49E0740F16083174B1A68B3
:10B71000436AD11A002904DB018D9B1ACB4240F108
:10B720001584089B0BB92046F4E5438B43F00203D4
:10B73000438301F0C7FC2046ECE5DFF840A0DAF8CF
:10B740000010002900F0C58088464FF0000CD7F8A3
:10B7500004E0D7F814901AE050F8002018F6002002
:10B76000B2F80020C7F8002058F800202CF800207C
:10B7700064F8002064430020D0F800205CF800202A
:10B78000D8F80C20C446002A00F0A380904698F810
:10B79000080028B19EF840200132D2B29042EFD189
:10B7A000B8F816005A889042EAD1D8F800204A45E5
:10B7B00001D0002AE4D1BCF1000F00F0AE80D8F82F
:10B7C0000C20CAF80080CCF80C20C8F80C10059AA0
:10B7D0005107A8D412F0100940F0D1809007A2D5EB
:10B7E00098F81500FEF7D0FB8246002800F0AA82E8
:10B7F000D7E9043205460321376845F8042B436036
:10B80000B14B3A787F781B6842EA0722B8F8167085
:10B810000133028301754362C362C782FEF708FFEA
:10B82000A94B1B68013BCAF85430D8F81030CAF84D
:10B830005800CAF81030A54BCAF85000CAF84400A6
:10B84000CAF85C00CAF87C801968C3F800A098F8B0
:10B85000093003F00C038AF8093098F80830CAF868
:10B860000C108AF8083001F0C5FF0122984B5046B1
:10B870001A70FEF769FF33682846DA894B4662F38F
:10B880000F0362F31F43CAF86030BAF8326005F064
:10B8900083FB2A4601463046FEF7DCFE1221AAF859
:10B8A0003200504601F0A4F9002840F05E82504674
:10B8B00001F008FC20462DE5864A20461380FDF75E
:10B8C00073FA9AE5844BCDF820E00793A3F800E0E3
:10B8D000D9E59889FCF798F942073FF524AF079B13
:10B8E00036681A88784B78681B681A447B4B19684D
:10B8F000B5F8A0300133A5F8A030B5F89630013383
:10B90000A5F89630338802937388754DCDE90053BE
:10B910002B1D01F0F7FA2046FCE4B5F8A620013211
:10B92000A5F8A62053E71BF00205B8F81A305DD041
:10B9300098F814100239012900F2FF8113F0100366
:10B9400040F01A82A8F89A30664B40461B68C8F847
:10B950002030FEF7F9FE98F814309A1E012A09D813
:10B96000032B6CD1584B1A68D8F82430013B934212
:10B9700000F085829AF8003003F008033EE6524A50
:10B98000089912681D8811440A465449704609688E
:10B9900002955B88B9E7B8F82A30002B00F06D817A
:10B9A000B5F89630504C0133A5F8963071E6002B6F
:10B9B00000F0C6829AF8003043F008038AF800309D
:10B9C000B8F81A3023F00103A8F81A30D8F89030EC
:10B9D00023B16FF00D01D8F81000984741463B485D
:10B9E000FEF792F94046FDF78DFD52E6DB06A8F81A
:10B9F0009A5003D43B4B1B68C8F820304046FEF7F2
:10BA0000A3FE98F81430023B072BB3D8DFE803F00D
:10BA100017D604B6970472434046FFF705F89AF824
:10BA20000030980608D5072288F81420B8F81A20A4
:10BA300042F00202A8F81A2003F00803DEE51BF02A
:10BA4000100F97D0254B306819681F4B1B682DB11C
:10BA5000D8F8442001328A4200F01381079A1288F4
:10BA60001A440388029343881D48CDE900031F4B05
:10BA7000404601F0EDF998F84230052B3FF67AAFD9
:10BA800000234046A8F8303001F0FAFC9AF8003064
:10BA900003F00803B2E54046FEF7C6FF144B1A78E0
:10BAA0009AF80030D506C7D50C4AD8F8501012685D
:10BAB0009142C1D1D8F86C20002ABDD143F01002C8
:10BAC0008AF80020B8E700BF2CF8002050F80020CA
:10BAD000D4F80020B6F80020BAF800203C2B002053
:10BAE0008443002060F8002058F80020884300209C
:10BAF000C7F800204046FEF797FFC44B1B78DE06D0
:10BB00007FF538AFC24BD8F850201B689A427FF4BB
:10BB100031AFD8F86C30002B7FF42CAF4046FEF7E5
:10BB2000E9F8BC4B1B68434500F0DB81002B00F0BB
:10BB30009781DA68424500F090811346F6E7404667
:10BB4000FEF772FF9AF800309A067FF575AFB8F8E5
:10BB50001A30404643F00203A8F81A30FEF7CAF83C
:10BB6000AC4B1B68434500F0BC81002B00F0788192
:10BB7000DA68424500F071811346F6E74046FEF769
:10BB800053FFA24B1A789AF8003002F0100299067F
:10BB900040F15081B8F81A1041F0020132B19C4ACC
:10BBA0001068D8F85020824200F086810822A8F858
:10BBB0001A1003F0080388F814201FE51BF0100F7B
:10BBC0003FF4D8AE924B1968D8F84430DB43CB42EF
:10BBD00000F19681D8F850305B1A002BC0F29081AA
:10BBE000042388F81430D8F87C30002B00F0008152
:10BBF0009B69002B00F0818100224146D8F810009B
:10BC000098470346002840F074814046FEF70CFF39
:10BC1000814A13880BB1013B138041F21C13B8F821
:10BC200032104A009A42154638BF1D46B5EB810FC7
:10BC30004FEA810040F2808183B2A8F848309AF838
:10BC400000309D063FF5EFAEF6E6714BD8F8502078
:10BC50001B689A423FF4AEAE8CE6B8F81A30DB06A9
:10BC60003FF5BCAED8F89030002B3FF4B7AE6FF084
:10BC70000E01D8F810009847B0E6404601F0C0F930
:10BC80008EE6C8F8442000220425591CC8F8241068
:10BC9000C8F82C10C189013B61F30F0261F31F4208
:10BCA00088F814504544C8F854302846C8F8602035
:10BCB000B8F8326005F070F92A4601463046FEF7C2
:10BCC000C9FC41F21C134100994202460D4638BF9F
:10BCD0001D46B5EB820FA8F832004FEA800040F213
:10BCE000E48083B2A8F84830B8F86630002B00F042
:10BCF000D980D8F87000013BA8F86630002800F021
:10BD0000CA800368C8F87030FDF7B4FFD8F8703007
:10BD1000002B00F0BD80002388F84230A8F83030B6
:10BD2000D8F888303BB100224146D8F81000984737
:10BD30000D303FF4AEACB8F81A3043F00203A8F867
:10BD40001A3017E6B5F89C300133A5F89C30D8F8C6
:10BD50001830002B3FF4E7AC01464FF0FF32D8F823
:10BD6000100098472046FFF7D5BA50464946FEF7DF
:10BD700035F82046FFF7CEBA4046A8F89A20FEF7DD
:10BD8000E3FCE8E52548F4F7EDFF2548F4F7EAFF82
:10BD90002448F4F7E7FF2448F4F7E4FF42F6A05202
:10BDA000B8F82830D8F8845093421CBF0133A8F863
:10BDB0002830002D3FF463AC002341461A46D8F8E2
:10BDC0001000A8470D307FF45AAC62E4059BDD07F4
:10BDD0007FF5A7AC154B1B680362A2E4B5F8A6205B
:10BDE0000132A5F8A620FFF7B6BB1046FDF72CF8E8
:10BDF0004046FEF7B7F84CE40D48F4F7B3FF2B4686
:10BE000028464146FEF76CFA25E400BFC7F800203B
:10BE10003C2B002050F80020B2F800206C9201105A
:10BE200014930110E8920110C092011060F80020F4
:10BE300094930110002A3FF4FFAD4F4AD8F85010F8
:10BE4000126891427FF4F8ADD8F86C20002A7FF494
:10BE5000F3AD062288F81420EEE5D8F80C20DA605D
:10BE60000A230121454A88F81430454B11701A689D
:10BE7000C3F80080C8F80C2001F0BCFC7AE540460D
:10BE800000F078FF9AF8003003F00803FFF7B6BB24
:10BE90004FF0FF3342E7D8F86C0050B10368C8F8A0
:10BEA0006C3031E73748F4F75DFF994288BF8BB2B9
:10BEB00018E73548F4F756FFD8F86C20002A7FF4CD
:10BEC00075AE4046A8F81A10FDF714FF2F4B1B68FB
:10BED000434506D0002BC3D0DA684245BDD0134697
:10BEE000F8E7D8F80C30294A1360B9E72848F4F786
:10BEF00039FF0D333FF4CDAB7AE72648F4F732FF34
:10BF0000079A33681088244A1268024418880290FD
:10BF10005B882248CDE90003214B404600F098FFA2
:10BF20009AF8003003F00803FFF768BB1D48F4F7E8
:10BF300019FF1D48F4F716FF9A4288BF93B27CE6BA
:10BF40001A48F4F70FFF1A48F4F70CFF134BCDE92A
:10BF5000019E0093089B13441A46074B1968104B27
:10BF600000F076FF2046FFF7D5B91248F4F7FAFE45
:10BF70001148F4F7F7FE00BF3C2B0020D4F8002056
:10BF800064F80020E4930110FC93011050F80020A5
:10BF900030940110109401102CF8002084430020EC
:10BFA000884300203C93011068930110C493011052
:10BFB00084920110A092011094920110024A137809
:10BFC00043F0100313707047D0F800202DE9F047BC
:10BFD0009DF820A0002852D0074604200E46904627
:10BFE0009946FCF761FB4FEA8A05044605F0040513
:10BFF00000283DD0002380F80AA032894660AA427A
:10C00000036039D3521B028114213046FCF7A6FE8F
:10C01000064610BB6368F88AD3F804A0AD02C4F8E2
:10C020000CA0FBF7F1FDAAF80000388BE768FBF7DE
:10C03000EBFD78804846E768FBF7EAFD05F5A0458B
:10C04000786048EA0500E568FBF7DEFDE368A88153
:10C050009E74DE742046BDE8F0870A4A2046B2F896
:10C06000A4300133A2F8A430FDF704FE0024F1E768
:10C070003046FCF7E9FEF9E70348F4F773FE03489E
:10C08000F4F770FE9C4400206C9401104C94011055
:10C090002DE9F04304460D4690461E4685B0002823
:10C0A00035D0007A40BB184604F076FF074640B30F
:10C0B00000964346062128462A89D5F80490FCF7C5
:10C0C00039F8A9F81000E37AA47A009406243246DD
:10C0D000184E02970194B6F8904041460134A6F8F4
:10C0E0009040284605F0FAF804462846FCF7ACFED6
:10C0F000204605B0BDE8F083FCF7C4FC07460028E5
:10C10000D6D12846FCF7A0FE6FF00304F0E71846EE
:10C1100004F042FF07460028F3D00096434606216C
:10C1200028462A89D5F80490FCF704F8FF23A9F8DB
:10C130001000CAE79C4400202DE9F04F8DB0049117
:10C1400001920793002800F06E83B0F86220438EBE
:10C1500052089A4228BF1A460746002A18BF1346BB
:10C16000002900F06083027D911E022906D9072A6A
:10C1700004D06FF00A000DB0BDE8F08F01990029DE
:10C1800000F01381B7F864208A42C0F04F83B7F8FB
:10C1900066401F2C00F24F833A6F002C40F0A880BD
:10C1A000002A40F06B83FA6E002A40F06783B7F8EC
:10C1B0006860002E40F0C783079AB44602F0010180
:10C1C000B346002940F06581019A0891A2EB060967
:10C1D0001FFA89F9994528BF99461FFA89F94FF046
:10C1E000000ECDE9053BCDE9091CF346CDF808E08A
:10C1F00016E0BBF1000F00F02B83CBF80080019B11
:10C200004E44B6B2B34240F22982A3EB0609059B25
:10C210001FFA89F9994528BF9946C3461FFA89F93B
:10C22000012249463620FCF7A1FC8246002800F096
:10C23000FF81049B4FF42072334443600021362079
:10C24000FCF794FC0546002800F0EF815146FCF70E
:10C2500023FE2846FCF702FE204484B2202C00F284
:10C26000DF81FB6D042006EB030AFCF71DFA804614
:10C27000002800F0D5810022456088F80A20C8F81F
:10C2800000202A8928461421A8F80820FCF766FD1A
:10C290000546002840F09B81D8F80420F88A5268AF
:10C2A000C8F80C200392FBF7AFFC039A1080D8F873
:10C2B0000C20388B0392FBF7A7FC039A5080504662
:10C2C000D8F80CA0FBF7A4FCCAF804004FF4A04077
:10C2D000D8F80CA0FBF798FCD8F80C20029BAAF821
:10C2E0000C009574D574002B83D1CDF8088086E7B7
:10C2F000F96E0291002A00F0AA810A4600293FF453
:10C3000056AF93461268002AFBD19BF80A10BBF87F
:10C310000800890001F00401029242189342C0F221
:10C3200015831A1AB7F86860521A92B2002E4BD0D1
:10C33000964200F202830199B14228BF314689B288
:10C34000914228BF1146A6EB01091FFA89F98C46D4
:10C35000B9F1000F00F0B581019B8B4240F0F082F3
:10C36000002B7FD15A465E469346029B3360FA6D9E
:10C37000019BA7F866401A44FA65B7F86420D31AFF
:10C38000A7F864301CB13B6F002B00F0B781BBF104
:10C39000000F06D0DBF80C301BB1079A920740F172
:10C3A000A48100200DB0BDE8F08FFA6EB7F86640AA
:10C3B0000292002AA5D1B7F86820002A40F0C38273
:10C3C0008B46029BFB66D2E70199002900F0788238
:10C3D000079901F00101002A57D0002855D0019893
:10C3E000A0EB06099145A8BF91461FFA89F50029DF
:10C3F00040F0BD81DBF8042011461268002AFBD111
:10C400000A7B3F2A06D848894A6804990244914227
:10C4100000F07B810122294600200393FCF7A6FB54
:10C420000890002800F0F281049A354432444260BA
:10C43000FCF714FD019BADB2AB4200EB040288BFD8
:10C440000021039B94B240F20D82019AB446A2EB04
:10C4500005091FFA89F9994528BF99462E461FFA02
:10C4600089F9BCE6DBF80450002D00F078810299D0
:10C470005E468A46E04608912B8943442B812B680F
:10C48000002B00F00D811D46F6E7B44600293FF46D
:10C490009BAE00220892079A02F002020992002243
:10C4A000CDE90ABCCDE902229846019B9B1B9BB2B9
:10C4B0009845C14628BF99464FF0000A1FFA89F9EE
:10C4C00069F30F0A984569F31F4A40F2BB80099B44
:10C4D0003BB97B8B590600F1B580029B002B00F025
:10C4E000A98009F2B75121F00301414528BF414617
:10C4F00089B24FF420723620FCF738FB054600283D
:10C5000000F0968003680593002B40F0A8814389D2
:10C510004A460693049BC0F808A0991940680BF09E
:10C520000BFD2846FCF79AFC204484B2202C77D8D7
:10C53000FA6D042006EB020AFCF7B6F883460028E1
:10C540006ED0059B83722989C0E900350181284698
:10C550001421FCF703FC0546002837D1DBF8043032
:10C56000F88A5B68CBF80C300593FBF74DFB059B15
:10C570001880DBF80C30388B0593FBF745FB059BE7
:10C5800058805046DBF80CA0FBF742FBCAF80400C9
:10C590004FF4A040DBF80CA0FBF736FBDBF80C30C7
:10C5A000AAF80C009D74DD74029B002B4CD0039BF9
:10C5B000002B00F04D81C3F800B0019B4E44B6B291
:10C5C000B34240F21981CDF80CB06FE7D846AD4CBC
:10C5D0004046B4F8A4300133A4F8A430FDF74AFB78
:10C5E0007B8B43F080037B83B4F89C300133A4F849
:10C5F0009C30089B13B11846FCF726FC029B13B134
:10C600001846FDF71DFBB7F8663023B13B6F13B931
:10C61000FB6E002B76D04FF0FF300DB0BDE8F08FF1
:10C620002846FCF711FC974CDAE75046FCF70CFC67
:10C63000944CD5E7FB6E002B7FF453AF3B6F002B80
:10C640007FF44FAF494654E7CDF808B0B5E70A4646
:10C6500000297FF456AE8C48F4F784FB4FF00009B4
:10C66000DDE9091CDDF818B0BCF1000F00F03F81D6
:10C67000DBF804505E46C346002D33D13289089B57
:10C6800062443281A7F86890002B65D0089D7068DD
:10C690002946FCF701FC298932890A44328164E683
:10C6A0006B8968684246184404990BF045FC6B8915
:10C6B00043446B812B68002B7FF4E5AE5146C446A2
:10C6C000DCE7521A019992B2614588BF66463FF68F
:10C6D0007FAEDBF80450002D00F0BD80029B5E466B
:10C6E000194608938A46E046C6E608209C89FBF76F
:10C6F0008BFADBF80C3004439C8152E6FB6E002B76
:10C700007FF445AE6148F4F72DFB002E40F0DD804C
:10C71000019A2946AA4288BF08963FF696AEA7F826
:10C72000686002965E467568002D00F0C680286835
:10C7300008B98BE018462B890B442B81036805460A
:10C74000002BF7D102890A44028142890A444281BE
:10C7500032890A44328108E60029E4D105E6C2188C
:10C7600092B2ABF808205E46A7F86890FDE5AA42B1
:10C7700057D90799890702D4798B480651D41FFAF3
:10C7800089F101F2B75121F00301914228BF11460E
:10C7900089B24FF4207200200393FCF7E7F9089068
:10C7A000002833D0D0F800A0039BBAF1000F56D177
:10C7B000D4460499039365F30F0C089B65F31F4C53
:10C7C0001FFA89F25868B3F80A903144C3F808C0D8
:10C7D0000BF0B2FB0898FCF741FB0219019B94B2E5
:10C7E000721992B29342039B72D9B4461646079AC5
:10C7F00002F00202099252E6069BD846DDE90ABC25
:10C80000A3EB090900211FFA89F92DE71D497A8B4D
:10C81000B1F89C3042F0800201337A83A1F89C3059
:10C82000F1E62946B5E76FF00F00A4E47B8B43F0F7
:10C8300080037B83EFE613497B8BB1F89C2043F0A8
:10C8400080030132A1F89C207B83E4E6284679E747
:10C850000F48F4F787FA00EB0C0292B281E70D481B
:10C86000F4F780FA26B3DBF80450BDB10023B446D8
:10C8700099465E469A46E0460293FDE50648F4F77F
:10C8800071FA00BF9C44002084940110409601106E
:10C89000BC9501104C950110C0940110BBF8082004
:10C8A00002953244ABF808205E46A7F86850EDE6E2
:10C8B000B1465E46A7F86890E8E62648F4F752FAD3
:10C8C000019B1A46A7F868304DE52348F4F74AFA69
:10C8D000A9EB05091FFA89F9002EEAD0DBF804500C
:10C8E0000DB3B446CDF808A05E46E046C4E5089B0B
:10C8F000A7F868902BB1BBF1000F08D05E46C34685
:10C90000C4E651B9BBF1000F04D1C34659E5134841
:10C91000F4F728FA5E46C34627E5BBF1000FCCD0FA
:10C920005E46C346FFE6BBF8082002953244ABF8EA
:10C9300008205E46A7F86890A8E60948F4F712FABE
:10C940000848F4F70FFA0848F4F70CFA0748F4F728
:10C9500009FA00BF0896011060950110D0950110EA
:10C960000C9501102C9501108C950110F494011078
:10C970002DE9F04F83B0002800F0AC80C56E06466C
:10C98000002D00F09A800C46002900F0A080B5F838
:10C99000089089457BD9438E8B42C0F09E8095F8E4
:10C9A0000AA0A9EB01074FEA8A0BBFB20BF0040BF8
:10C9B0000BEB07014FF42072362089B2FCF7D6F852
:10C9C000804600287CD068682A890389D8F804103A
:10C9D0009B1A23443A469BB25944FCF765FBB84284
:10C9E00062D1EB689889FBF70FF910F0080BC7B21A
:10C9F00051D1012307F03F07FA0748BF9B46EB6878
:10CA000048BF07F0FE075868FBF702F941462318B4
:10CA10005A463046CDF800A0FFF7D8FA80460028E5
:10CA20004ED06868FCF71AFA6A68B6F86630118961
:10CA3000A4EB0904A4B21B1A2144104689B2A6F83B
:10CA40006630FCF745F92B8938461C44EB682C818D
:10CA50009C89FBF7D9F8EB68044368689C81FCF774
:10CA6000FDF9B6F866300344D8F80400A6F866303D
:10CA7000FCF7F4F9B6F8663018442B68A6F866009F
:10CA8000C8F80030C5F80080D8F800304BB100205D
:10CA900003B0BDE8F08F09234FF0080B07F037070C
:10CAA000AAE7A6F86830F2E70D4A4046B2F89C3093
:10CAB0000133A2F89C30FCF7C7F94FF0FF30E7E7ED
:10CAC000074AB2F89C300133A2F89C30F5E70548DC
:10CAD000F4F748F90448F4F745F90448F4F742F943
:10CAE0009C4400208496011060960110A8960110C5
:10CAF00070B582B0002868D0C36E04464BB11D46A5
:10CB00001B68002BFBD1EB689889FBF77DF8420787
:10CB100040D000214FF420723620FCF727F8014660
:10CB2000002844D00025E36D012220460095FFF740
:10CB30004DFA00283BD0C3689B074CD10389002BDA
:10CB400046D1E36E23B31A461B68002BFBD110605D
:10CB50000021E26D638B013243F020034068638360
:10CB6000E265A4F86810FCF779F9B4F86630184467
:10CB700080B2A4F8660010B9002002B070BD236F27
:10CB8000002BF9D1E36E002BF6D11448F4F7EAF844
:10CB9000E066DDE7EB6801209E89FBF735F8638BE3
:10CBA000EA68064343F0200396816383E4E70C4A76
:10CBB000618BB2F89C3041F0800101339BB26183FC
:10CBC0004FF0FF30A2F89C30D7E70648F4F7CAF8D8
:10CBD0000548F4F7C7F80548F4F7C4F818970110AA
:10CBE0009C440020B8960110EC960110D4960110D8
:10CBF0002DE9F0418A0782B06DD00446002867D045
:10CC0000C1F340074FEA87080D464FF420723620E3
:10CC100001F002064146FBF7A9FF0146002843D078
:10CC2000438943455AD300972A462046E36DFFF7D0
:10CC3000CDF9002838D0C3689B0746D10389002B63
:10CC400040D1E36E43B31A461B68002BFBD1106042
:10CC5000002305F00105A4F86830BEB935B1E36DD5
:10CC60000133E365638B43F0200363834068FCF783
:10CC7000F5F8B4F86630184480B2A4F8660010B134
:10CC8000206F58B1002002B0BDE8F081E36D0133A0
:10CC9000E365002DEAD0E5E7E066D9E7E36E002B17
:10CCA000F1D11048F4F75EF80F4A618BB2F89C306E
:10CCB00041F0800101339BB261834FF0FF30A2F855
:10CCC0009C30E0E70948F4F74DF80948F4F74AF8D2
:10CCD0000848F4F747F80848F4F744F80748F4F729
:10CCE00041F800BF189701109C440020EC960110F9
:10CCF000D49601109897011040970110B897011031
:10CD0000F8B5002830D0026F054652B31446D4E976
:10CD100000639B7B3EB1012B23D13446D4E90063F1
:10CD20009B7B002EF7D1012B1BD1EB6E23606B8B0D
:10CD3000EA6643F400636B83E3682E675868FAF78A
:10CD400067FFE368278904469889FAF75DFF10F0CA
:10CD5000030318BF01233C44234430466E63EB6455
:10CD6000F8BD6FF00500F8BD0148F3F7FBFF00BF09
:10CD7000F4970110F8B5002832D0066F07464EB37D
:10CD800073689B7B012B25D13268C36E026700F16B
:10CD90006C051BB90FE01D461B6863B1DB68586862
:10CDA000FAF736FFF36804465868FAF731FF241A99
:10CDB000002C2B68EFDB33602E6033686BB197F883
:10CDC0004230FF2B1CBF013387F842300023184646
:10CDD0007B63F8BD6FF00500F8BDA7F86830EEE79B
:10CDE0000148F3F7BFFF00BF1898011010B548B312
:10CDF000036F044613B1438B5B0700D510BDFFF7EB
:10CE0000B9FF0028FAD1B4F86010B4F848304FF0F8
:10CE1000000C994228BF1946628E4B085000B0EBB7
:10CE2000510F618BA4F84A30024484BF83B2A4F846
:10CE30004A30134441F00402A4F848306283A4F855
:10CE400030C010BD0148F3F78DFF00BF30980110CE
:10CE50002DE9F04F81B0DDF828A0BDF82C40BDF8D9
:10CE600030B0002B41D0BAF1000F3BD00746084646
:10CE700090461E46FAF7CCFE4FF4207281461421EC
:10CE80002220FBF773FE054648B34389132B2FD9A5
:10CE900020466C68FAF7B8FE20805846FAF7B4FED0
:10CEA000C4F8049060804046FAF7B2FEA06045F2F4
:10CEB0001400FAF7A9FEA0814AF22D00FAF7A4FEA9
:10CEC0002946E0810025534632463846257465746C
:10CED000A574E57401B0BDE8F04FFFF7D9B801B013
:10CEE000BDE8F08F0448F3F73DFF0448F3F73AFF3D
:10CEF0000348F3F737FF00BF6C98011050980110FA
:10CF0000889801102DE9F04F85B0DDF83890BDF814
:10CF10003C70BDF840A000285DD01E46002B60D0BC
:10CF2000B9F1000F5AD0054608469046FAF770FE50
:10CF30004FF42072834614212220FBF717FE04468B
:10CF4000002848D04389132B4ED938466768FAF732
:10CF50005BFE38805046FAF757FEC7F804B0788079
:10CF60004046FAF755FEB86045F21400FAF74CFE59
:10CF7000B8814AF22D00FAF747FE4FF000082289E7
:10CF8000D4F804A0F88187F8108087F8118087F81A
:10CF9000128087F81380334606212046CDF8009092
:10CFA000FBF7C8F806273146114EAAF81000029583
:10CFB000CDF80080B6F890504A460135A6F890505A
:10CFC000FF232046019704F089F9204605B0BDE80B
:10CFD000F04FFBF739BF05B0BDE8F08F0548F3F718
:10CFE000C1FE0548F3F7BEFE0448F3F7BBFE00BFE1
:10CFF0009C4400206C9801105098011088980110F2
:10D000002DE9F047002852D00446006DFAF700FEE3
:10D010004FF42072074614212220D4F82490E58A88
:10D02000B4F818A0B4F82A80FBF7A0FD0646B0B308
:10D030004389132B3ED928467568FAF7E5FD288009
:10D040005046FAF7E1FD6F6068804846FAF7E0FD68
:10D05000034645F21000AB60FAF7D6FDA8814046C2
:10D06000FAF7D2FD0023E8812B74608D6B74AB74EA
:10D07000EB74636A31460344E3622246231D204673
:10D08000FFF706F8638B28B923F003039BB2638391
:10D09000BDE8F08743F003036383BDE8F087638B4B
:10D0A0006FF0010043F003036383BDE8F08703489A
:10D0B000F3F758FE0248F3F755FE00BFB898011089
:10D0C000889801102DE9F04F87B0002800F0BA8150
:10D0D000037D0446012B00F0B281B24B1B688342F2
:10D0E00038D0C56E85B3B0F84870B0F8606000F114
:10D0F0000408007A002840F08981404603F04CFF84
:10D1000002460590002A00F0918123680BB953680C
:10D110002360EB68B742586828BF3746FAF778FDB6
:10D120002B89626C9B1A0344BB4217D9B4F8603058
:10D13000BB4200F05981638B980708D5204607B0A1
:10D14000BDE8F04FFFF75CBF438B9D07F7D423F09A
:10D1500080036383002007B0BDE8F08F002384F8CC
:10D160009930236F002B00F04F819A461B68002BEB
:10D17000FBD14646DFF83492EB685868FAF748FD71
:10D18000626C2B89801A1844B84200F24481EB6823
:10D190009889FAF739FD410700F14B81236F5BB1A4
:10D1A000638B13F0440F07D1E16E002900F0E78094
:10D1B0000A68002A00F0DE80237DD5F80CB0022B2F
:10D1C0000AD01020BBF80CB0FAF71EFD4BEA0000A5
:10D1D000D5F80CB0ABF80C006B689B7B012B5ED1D3
:10D1E000606AFAF715FDCBF80800608DD5F80CB031
:10D1F000FAF70AFD628D636AABF80E001344E3622E
:10D20000AB7AD5F80CB0DA0700F19F800BF1140867
:10D21000B4F93020002ABCBF00222286626B002AAB
:10D2200000F088804FF0000C686841680289ABEB21
:10D230000101B0F80AE089B2521A92B2AEEB0101D4
:10D24000C0F804B0028141818BF810C08BF811C086
:10D25000A97A11F0010F0CBF1421182159448845F7
:10D2600040F0EA80234606210096FAF763FF062283
:10D27000B9F89030ABF810000133A9F89030059B55
:10D280006868CDE90123A37A324600932146E37A08
:10D2900004F024F8002840F0C480D5F80CB0237DB9
:10D2A0002A68022BE26603D0638B23F003036383B7
:10D2B000DBF80400FAF7ACFCEB6883469889B5F814
:10D2C0000880FAF7A1FC10F0030318BF0123226DB8
:10D2D000C3445B44D21A002AB8BF2365EB68B5F893
:10D2E00008B09889FAF790FC830702D1BBF1000FD0
:10D2F0003CD00022236F2A60D3B1EB685868FAF75C
:10D3000087FCDAF80C3083465868FAF781FCABEBFF
:10D31000000BBBF1000F4BDBCAF80050AA46E56ECC
:10D32000002D7FF429AF638B0022A4F868200EE75C
:10D330002567F3E71C4B1A686263DBF80400FAF711
:10D3400067FCD5F80CB0A0636CE73246059940F253
:10D35000B450FDF77FF940F00170FAF759FC0BF17A
:10D360001808CBF81400D5F80CB051E72846FCF7A4
:10D3700081FCD4E70889628E9042BFF41DAFB4F8F7
:10D380006420002A3FF418AFB4F866201F2A3FF645
:10D3900013AF13F0A00F7FF40FAF00297FF4D7AEC7
:10D3A000C2E700BF58F8002060F800209C4400202D
:10D3B000236F04F170081BB912E098461B687BB11B
:10D3C000DB685868FAF724FCEB6883465868FAF77C
:10D3D0001FFCABEB000BBBF1000FD8F80030ECDB0F
:10D3E0002B60C8F800509AE7236F002B7FF4A3AEA0
:10D3F00094F89930002B7FF49EAE4FF4807284F83D
:10D400009A30A4F8982096E69A46B2E6FBF73AFBE3
:10D410000246059076E6E16E638B00297FF497AEB5
:10D4200082E7638B43F08003638394E66FF003002D
:10D4300091E60648F3F796FC0548F3F793FC054898
:10D44000F3F790FC0448F3F78DFC00BF1899011026
:10D4500030990110F0980110D898011008B550B11A
:10D4600090F84230FF2B1CBF013380F84230BDE8FA
:10D470000840FFF727BE0148F3F774FC44990110F8
:10D48000F8B5002839D0026F044632B11546D5E907
:10D4900000639B7B46B1012B00D0F8BD3546D5E932
:10D4A00000639B7B002EF6D1012BF6D1E36E2B603F
:10D4B000638BE26643F400636383EB682667586816
:10D4C000FAF7A6FBEB682F8905469889FAF79CFBCB
:10D4D00010F0030318BF012394F842203D44FF2AB3
:10D4E00018BF01322B4418BF84F8422020466663DF
:10D4F000E364BDE8F840FFF7E5BD0148F3F732FC0F
:10D50000689901102DE9F047002844D00446006DC9
:10D510000138FAF77DFB4FF42072074614212220D0
:10D52000D4F82490E58AB4F818A0B4F82A80FBF760
:10D530001DFB064658B34389132B2FD9284675681F
:10D54000FAF762FB28805046FAF75EFB6F6068804E
:10D550004846FAF75DFB034645F21000AB60FAF768
:10D5600053FBA8814046FAF74FFB0023E8812B7458
:10D57000608D6B74AB74EB74636A31460344E36291
:10D5800022462046231DBDE8F047FEF781BD4FF03F
:10D59000FF30BDE8F0870348F3F7E4FB0248F3F7F8
:10D5A000E1FB00BF84990110889801102DE9F04F2C
:10D5B00083B0002800F09380C56E0446002D00F073
:10D5C0008A8090F89A30FF2B1CBF013380F89A3084
:10D5D000EB689889FAF718FB10F0010762D1152162
:10D5E000EB684FF42072D3F80490636A2220B4F8F9
:10D5F00016B0B4F818A0B4F82A800193FBF7B6FA75
:10D600000646002862D04389132B6BD95846D6F8BA
:10D6100004B0FAF7F9FAABF800005046FAF7F4FA5A
:10D62000CBF80490ABF802000198FAF7F1FACBF8C6
:10D63000080045F21000FAF7E7FAABF80C00404694
:10D64000FAF7E2FA0023618D626AD6F804800A4490
:10D65000ABF80E008BF810308BF811308BF81230CD
:10D660008BF81330E26237B31120B8F80C70FAF778
:10D67000CBFA27F47C57BFB23843A8F80C00EB680C
:10D680005868FAF7C5FA236D01301B1A002BB8BF92
:10D690002065224631462046231D03B0BDE8F04FE9
:10D6A000FEF7F6BC2989B1FA81F7003918BF0121CC
:10D6B0007F09143194E768682A89038908F1140105
:10D6C0009B1A9BB20122FBF7EFFCD8E74FF0FF302B
:10D6D00003B0BDE8F08F284603B0BDE8F08F0348E3
:10D6E000F3F740FB0248F3F73DFB00BFA0990110A0
:10D6F0008898011010B5FCF7CDFE144B1B68DBB108
:10D70000F9F7FAFF04460720FA34FAF7CDFFD0B153
:10D7100000220F4B0F49C0E901430B680260C26051
:10D720001BB907E019461B681BB15A68A21A002AE8
:10D73000F8DA0360086010BD074B1B68002BDFD1CF
:10D74000064A136010BD0648F3F70CFB50F80020A2
:10D75000F5D6001014B7002064F8002070F80020FF
:10D76000C499011070B5054643689847F9F7C4FF9E
:10D770001C4B29681C680C44231ADE0F19D0024682
:10D7800007208C18FAF790FF48B30022164B174970
:10D79000C0E902350B68C0E900241BB907E019464F
:10D7A0001B681BB15A68A21A002AF8DA03600860E5
:10D7B00070BD0720FAF778FF88B10B4B0B49C0E921
:10D7C00002350B68C0E9006423B9F0E719461B680D
:10D7D000002BEBD05A68A21A002AF7DAE6E70448D1
:10D7E000F3F7C0FAA430002065D7001014B700206A
:10D7F000C4990110164B1A6802B17047154A126895
:10D80000F2B1012210B51A60F9F776FF044607203D
:10D81000FA34FAF749FFC0B100220F4B0F49C0E9B3
:10D8200001430B680260C2601BB907E019461B6820
:10D830001BB15A68A21A002AF8DA0360086010BD0A
:10D84000074A1268002ADCD170470648F3F78AFAC3
:10D8500070F8002050F80020F5D6001014B7002012
:10D8600064F80020C49901102DE9F041DFF88480AC
:10D870001C4E1D4C08F1300503E003604545206057
:10D8800027D058F8087FB7F1804F24D2F9F734FF3A
:10D89000034607201F44FAF707FFF8B10022236868
:10D8A000C0E90268C0E90027002BE7D05A68BA1A1D
:10D8B000002AE2DB19461B683BB15A68BA1A002AF3
:10D8C00003DB19461B68002BF7D145450360086050
:10D8D000D7D1BDE8F0810548F3F744FA0448F3F7DF
:10D8E00041FA00BF65D7001014B70020049A011058
:10D8F000C4990110A4A801102DE9F843F9F7FCFE22
:10D90000114E0546114C124F10E02168B1B14B6821
:10D91000EA1A002A12DBD1E902890A6807203B6073
:10D920002260FAF7EFFEB8F1000F09D13378002B2F
:10D93000EBD0FBF701F921680029E8D1BDE8F883B5
:10D940004846C047F2E700BFCFF8002014B70020D8
:10D95000A430002010B5074C23683BB1F9F7CCFE8A
:10D9600023685B68181A48BF002010BD4FF0FF30D5
:10D9700010BD00BF14B7002008B5FAF72DF96FEA03
:10D9800080406FEA9040014B188008BD7E1C00204B
:10D990002DE9F04F87B0002800F05D818A4600290C
:10D9A00000F05681AD4E0446B6F87A300133A6F841
:10D9B0007A304389072B40F2F280DFF8BC82D0F83E
:10D9C0000490D8F80010D8F8140003F0C5FD834681
:10D9D000B9F80000FAF718F90746B9F80200FAF7A3
:10D9E00013F99F4BD8F81420D3F800E003920346B4
:10D9F000BEF1000F00F00281D8F80400BBF1000F67
:10DA000041D1F4465D465A46CDE9044E05E0DCF8C6
:10DA10000C106246002975D08C46BCF81210994251
:10DA2000F5D19CF808E0BEF1000F05D090F8401049
:10DA30000131C9B28E45EAD1DCF8001011B1039C66
:10DA40008C42E4D19CF81010490702D4002D08BF85
:10DA50006546BCF81410B942D9D1DCF8041019B1EC
:10DA6000D8F810408C42D2D16546DDE9044E002A38
:10DA700000F0E5807A4BC3F800C0DCF80C30D360CE
:10DA8000CCF80CE041E000250132F4462A46CDE90D
:10DA9000044E05D16CE0DCF80C10624691B38C4664
:10DAA000BCF812109942F6D19CF808E0BEF1000FC4
:10DAB00005D090F840100131C9B28E45EBD1DCF8A9
:10DAC000001039B1039C84EA010EDAF808101EEA4E
:10DAD000010FE0D19CF810104C0702D4002D08BFB4
:10DAE0006546BCF81410B942D5D1DCF80410002901
:10DAF000BAD0D8F81040A142B6D0DCF80C1062467B
:10DB00000029CCD1049C002D78D0B9F806304BB157
:10DB1000544B1121009320462289043BFAF70AFB5B
:10DB2000002872D108212046FBF73EF9002840F07A
:10DB30008C80002D4FD0AE69002E64D0E86922465B
:10DB40002946494B0097B04707B0BDE8F08F9CF8D5
:10DB500008E0BEF1000F10D090F840100131C9B2BA
:10DB60008E450AD0DCF80C1062460029CAD08C46DB
:10DB7000BCF812109942F5D1E9E79CF8101049075A
:10DB80001CD5BCF81410B942ECD1DCF80410002903
:10DB90003FF46AAFD8F81040A142E3D164E7B6F889
:10DBA0008220B6F87E3001320133A6F88220A6F832
:10DBB0007E3007B0BDE8F04FFBF746B9002D3CD0F2
:10DBC000DAF804102C688C42DBD0DCF80040A1426B
:10DBD00008BF6546D5E7BBF1000F05D1D8F8143072
:10DBE00003F0F003E02B1AD1B6F88820B6F87E30A7
:10DBF000013220460133A6F88820D8E7DAF804304D
:10DC0000039A9A4217D02046D3E7B6F88020B6F898
:10DC10007E30013220460133A6F88020C7E7B8F8ED
:10DC20000C102046083109B2FBF7DAF80321204630
:10DC300002F00AFDD8E7002567E76546A1E7B6F8D8
:10DC40008E300133A6F88E305FE70848F3F78AF884
:10DC50000748F3F787F80748F3F784F89C44002057
:10DC60008CF800208843002084430020709A011023
:10DC7000549A01103C9A011074430020394B2DE94D
:10DC8000F041002914BF0C461C46002864D0364FD2
:10DC90003E68002E32D0314601E0C96811B1884299
:10DCA000FBD10121002A31D02568334615B91CE08B
:10DCB000DB688BB19842FBD0B3F812C09445F7D122
:10DCC0001C68AC4201D0002CF2D16FF00700BDE817
:10DCD000F0812568AEF800200560428291B10020F5
:10DCE000BDE8F081DB68002BF6D09842FAD05C8A60
:10DCF0009442EAD0DB68002BF7D1EDE72AB1236824
:10DD000042820360C6603860E9E731464FF6FF7231
:10DD1000DFF858E0BEF80030934216BF01334FF4ED
:10DD200040429AB2002ED4D04FF480454FF6FF788F
:10DD3000334602E0DB68002BCBD0B3F812C0944529
:10DD4000F8D1013DADB255B1424502D0013292B297
:10DD5000EEE74FF44042EBE76FF00F00C0E7AEF89C
:10DD60000020B2E7E0A801108CF800207E1C002003
:10DD70002DE9F04F85B0DDE90EBA002876D00D46CA
:10DD8000002973D09046002A70D0BAF1000F6DD0F0
:10DD9000BBF1000F6AD0428A99460446002A3DD062
:10DDA0004FF6F7732A899A4263D808212846FAF772
:10DDB000D5FF00283CD12E467389072B5CD9608A99
:10DDC0007768F9F721FF38804846F9F71DFF0023EF
:10DDD00078803089BB71FB71F9F716FFB880237C1E
:10DDE000DB0734D51123CDF808B00193A37A42465E
:10DDF000009351463046E37A03F00EFBAE420746ED
:10DE000002D03046FBF720F81D4AB2F878300133D3
:10DE1000A2F87830384605B0BDE8F08F0146FFF72C
:10DE20002DFF07460028BBD0384605B0BDE8F08F6F
:10DE30004FF4207208212220FAF798FE0646C0B15E
:10DE40002B89002BB8D02946FBF74EF8B4E7534690
:10DE5000328911213046CDF80080FAF76BF94FF680
:10DE6000FF73002818BF0346FB80BBE76FF00F0766
:10DE7000D0E74FF0FF37CDE70248F2F773FF00BF5E
:10DE80009C4400208C9A011070B582B0069CA8B109
:10DE9000A1B19AB194B1056835B9251DCDE9004508
:10DEA000FFF766FF02B070BD05F0F00CBCF1E00FAB
:10DEB000F3D06668B54204D10546EFE76FF00F0076
:10DEC000F0E76FF00300EDE7B0B32DE9F0410F4646
:10DED00082B071B3164662B30446007A9846C0B168
:10DEE000FAF7D0FD0546DDB12268BAB102F0F003C1
:10DEF000E02B13D06B689A4218D123460193324627
:10DF00004346394620460095FFF732FF02B0BDE890
:10DF1000F081104603F040F80546E4E72B1DEDE7DD
:10DF2000074AB2F886300133A2F886306FF003005A
:10DF3000ECE76FF00F00E9E76FF00F00704700BFEC
:10DF40009C44002028B370B50D46F9B11646428AAC
:10DF50000446AAB12A681049237C62600A6843F02B
:10DF600004032374A682134612B905E0DB681BB1D3
:10DF70009C42FBD1002070BD0020E2600C60FAE7FB
:10DF80000146FFF77BFE0028E4D070BD6FF00F0064
:10DF900070BD6FF00F0070478CF8002008B1C0E929
:10DFA00006127047014698B10A4A136883420AD0A4
:10DFB00033B11A46DB681BB18B42FAD1CB68D36010
:10DFC0000120FAF79FBBC36801201360FAF79ABBE0
:10DFD000704700BF8CF8002010B50120FAF764FBF1
:10DFE000044628B12022002109F0F4FEFF23E37249
:10DFF000204610BD88B102687AB171B10B6863B177
:10E000000A4B1B684BB110B41C68944206D0DB6805
:10E01000002BF9D15DF8044B704770470A681A600D
:10E02000DB68002BF6D00268EEE700BF8CF800201A
:10E030002DE9F843002871D00E4600296ED0054620
:10E0400090464FF49A714FF4207236209946FAF7B1
:10E050008DFD0746002861D04389B3F59A7F66D3CA
:10E06000B8F1030F3FD0B379002B5BD0314B186868
:10E070007C684FF49A7200213060204609F0AAFEB5
:10E0800040F20113238095F83C30A3703068F9F713
:10E09000BFFD4FF4C87323FA08F3DB0760603AD47E
:10E0A000B8F1030F33D0D5F836306FF07D02E3615D
:10E0B0006B8F53212384632384F8EC3084F8EF3092
:10E0C00040F2351384F8F28084F8EE1084F8ED20E5
:10E0D000A4F8F030B9F1000F02D00323A9F8003002
:10E0E0003846BDE8F8837379032BBCD044684FF4FD
:10E0F0009A720021204609F06DFE40F20113238040
:10E1000095F83C30A3703068F9F782FD6060737950
:10E11000043B012BC7D86B68E360C4E7002738468F
:10E12000BDE8F883F9F758FD024B1860A0E70248F4
:10E13000F2F718FEA4F80020BC9A0110002800F0A5
:10E140008D80816A002900F08980002210B58B6AD9
:10E1500082B05C1C4A8207D01E33B3F5701F68D2B0
:10E160003B2B70D801238B82CB6A5A1C24D01E33E0
:10E17000B3F5701F49D34FF6FF720B6B4A815C1CDD
:10E18000CA8167D01E33B3F5701F71D23B2B91BF8C
:10E190000123394AA2FB0323C3F34F138B810B8264
:10E1A00000234B81CB79DB071CD491F91C300A7F0B
:10E1B000002B54DBFF2316E00A6B4B89541C32D032
:10E1C0001E32B2F5701F3BD23B2A4FD92A4CA4FB1A
:10E1D0000242C2F34F1293428A810A82E0D2CB7983
:10E1E000DB07E2D50B6A4A7900934B6A0A2A01934E
:10E1F00004D00A220023A1F805200B816A4601AB56
:10E200001C31FAF757FB02B010BD3B2B92BF012324
:10E21000194AA2FB03230A6B88BFC3F34F13541C94
:10E220004B81CB81CCD18A899A42D8D8002AD6D0CA
:10E23000B6E74FF6FF738B82CB6A5A1C97D1BBE7C8
:10E240004FF6FF72C7E7A2F17732A2FB0323C3F3B5
:10E250004F13F0E78A89002AC1D0A1E77047BF2A8F
:10E260004FF6FF7388BF6FF07F43BCE70122B2E730
:10E270008A810A8294E700BF8988888870B5134D27
:10E280002C78CCB9124E3368D3B9FFF7A5FE3060B5
:10E29000C8B1427A0F4942F0200242724422FFF78D
:10E2A000EDFC43220B493068FFF74CFE22460A4939
:10E2B0003068FFF773FE2C7801342C70002070BD9D
:10E2C0000648F2F74FFD4FF0FF3070BDC4F8002054
:10E2D000903A0020E0A80110EDE80010FC9A01102F
:10E2E00070B5044642B310460E46154609F09AFE34
:10E2F00010B3C4F141029042234622D8FF2820D80F
:10E30000A21C02EB000CBCF1440FC1B21CD84FF0B0
:10E310000C0C06F804C00134A4B201333155334467
:10E32000284494B2442C15F8012B07D001348542BF
:10E3300003F8012FA4B2F5D1204670BD0448F2F7CE
:10E3400011FD0448F2F70EFD0348F2F70BFD00BF84
:10E35000849B0110249B0110409B0110002330B5C9
:10E360002B4D83B0EA780446C0E9083312B1294B3B
:10E37000DB6883622B79002B47D0264B1B696A79B7
:10E38000E36232B3234B5B6923630A69AB79E261D1
:10E390004BBBE37903F0FE03E371EB79002B2ED145
:10E3A0002B7AA3B11B4C206AF9F732FC034601A972
:10E3B00000200193F9F792FD6B7A43B1606AF9F797
:10E3C00027FC034601A901200193F9F787FD03B05B
:10E3D00030BDA36AC3EBC303DB0823630A69AB79CF
:10E3E000E261002BD5D00B4B9869F9F711FCE3796A
:10E3F000206243F00103E371EB79002BD0D0054B91
:10E40000D869F9F705FC6062CAE7A36A5B08B6E75A
:10E41000943A0020A03A002000232DE9F041856ABB
:10E4200084B06A790646062AEB6103D006222B8166
:10E43000A5F805200122294630460DF10E03FFF70D
:10E44000F7FD074600285FD0BDF80E304468181D60
:10E45000442804F1F00472D839220221E2545A1CF3
:10E4600092B2A154B18E9A1C03339BB24FEA112C85
:10E4700092B204F802C0E154326B214680B2FFF739
:10E480002FFF821D442A034659D8ADF80E203722AB
:10E490004FF0010E4FF00408032122544FF01C0CE2
:10E4A0004FF6067003EB0E0292B204F802809A1C3B
:10E4B00092B204F802E05A1892B2A1545A1D03EB2A
:10E4C000080107339BB292B289B2432B04F801C012
:10E4D000A05207D8C2F14202E018002192B209F01E
:10E4E00079FC4423F03399B23846FAF7F1FB154B27
:10E4F00015491868154ACDE9006143233946FFF7ED
:10E5000037FC3846FAF7A0FCAB79FF2B12D0013369
:10E51000DAB2052AAA710DD84FF47A7393400C49E8
:10E5200003F2F3139BB2A1FB03135B092B8104B02D
:10E53000BDE8F08178232B8104B0BDE8F081054867
:10E54000F2F710FC903A0020E0A80110DCA80110BE
:10E55000D34D6210409B01102DE9F04F866A804632
:10E56000737985B0032B04D003220023A6F805207D
:10E5700033810322314640460DF10E03FFF758FD6B
:10E580000746002800F08D80BDF80E404568221D2A
:10E59000442A05F1F00500F2A18039230221402030
:10E5A0002B55631C9BB2E95463189BB2E95404F1E8
:10E5B0000A0AE31C9BB2BAF1440FE85400F28E80C1
:10E5C00032234FF00409AB54631D9BB205F803904E
:10E5D000F069F9F71DFB04F1060E1FFA8EFE04F137
:10E5E000070C4FEA106B05F80EB01FFA8CFC04F113
:10E5F000080104F1090204F110034FEA104E05F876
:10E600000CE089B292B24FEA102C442B05F801C0FD
:10E61000A85463D898B237234FF0010E4FF0030C83
:10E620001C21062205F80A3004F10B039BB205F801
:10E63000039004F10C039BB205F803E004F10D0311
:10E640009BB205F803C004F10E030F349BB2A4B2D1
:10E65000E9542A552946D8F83020ADF80E00FFF7C6
:10E660003FFEFF23411C89B2432902462B5407D8A1
:10E67000C2F14302681892B2002109F0ABFB4421B9
:10E68000F031384689B2FAF723FB164A4323106863
:10E690003946154ACDF80080FFF7F6FB3846FAF701
:10E6A000D3FBB379FF2B14D00133DBB2092BB37149
:10E6B0000FD8C3EB431203EB8203DB000B4A03F2D8
:10E6C000F3139BB2A2FB03235B09338105B0BDE8C2
:10E6D000F08F1423338105B0BDE8F08F0448F2F7C2
:10E6E00041FB00BF903A0020DCA80110D34D62101E
:10E6F000409B0110002800F0EB802DE9F04F866A66
:10E70000074685B0002E00F0DE807379012B04D01F
:10E7100001220023A6F80520338103223146384622
:10E720000DF10E03FFF784FC8046002800F0B8804E
:10E73000BDF80E404568211D442905F1F00500F2A1
:10E74000C880392302222B55631C9BB2EA54B88E31
:10E75000A218E31C04F10A0B92B29BB24FEA102CF0
:10E76000BBF1440F05F802C0E85400F2B280322336
:10E770004FF004096B54631D9BB205F80390F069D8
:10E78000F9F746FA04F1060C1FFA8CFCE11D4FEA7A
:10E79000106E05F80CE089B204F1080204F10903D7
:10E7A00004F1100A4FEA104C05F801C092B29BB276
:10E7B000010ABAF1440FA954E85400F28A803623C2
:10E7C00005F80B3004F10B039BB205F80390B06918
:10E7D000F9F71EFA04F10C0E1FFA8EFE04F10D0C6F
:10E7E0004FEA106B05F80EB01FFA8CFC04F10E0115
:10E7F00004F10F0204F116034FEA104E05F80CE085
:10E8000089B292B24FEA102C442B05F801C0A854EB
:10E810005FD898B237234FF0010E4FF0030C1C2144
:10E82000062205F80A3004F111039BB205F80390A3
:10E8300004F112039BB205F803E004F113039BB249
:10E8400005F803C004F1140315349BB2A4B2E954D3
:10E850002A5529463A6BADF80E00FFF741FDFF231C
:10E86000411C89B2432902462B5407D8C2F1430206
:10E87000681892B2002109F0ADFA4421F031404607
:10E8800089B2FAF725FA144B14491868144ACDE9ED
:10E89000007143234146FFF76BFA4046FAF7D4FA7A
:10E8A000B379FF2B12D00133DAB2052AB2710DD839
:10E8B0004FF47A7393400B4903F2F3139BB2A1FB1D
:10E8C00003135B09338105B0BDE8F08F7823F9E7C6
:10E8D00070470548F2F746FA903A0020E0A8011088
:10E8E000DCA80110D34D6210409B0110A64B2DE90E
:10E8F000F04F5F681446BD6A8DB0002D00F0C880EF
:10E900002B79002B00F0C48053892B2B40F2C08060
:10E9100053681A78022A40F0BB8097F83C207AB3FB
:10E9200097F83600197F884240F0B280012A27D03C
:10E93000587F97F83710884240F0AA80022A1FD0EB
:10E94000987F97F83810884240F0A280032A17D0A9
:10E95000D87F97F83910884240F09A80042A0FD067
:10E9600093F8200097F83A10884240F09180052AE9
:10E9700006D097F83B1093F82120914240F0888010
:10E980005868F9F745F92B68984240F081800026D5
:10E99000DFF8FCB1CBF80460ABF808606389CBF812
:10E9A00000602B2B74D9F022B4F808A0B046514671
:10E9B0002E46B946A24615460392544607E02468FF
:10E9C000ED1AC91AADB289B2002C60D06389AB428E
:10E9D000F5D963688D42029380F04F8123465246F9
:10E9E000CDE90796CDF824800298445DFF2C00F015
:10E9F0003F81AF1CBFB2AF42C0F0DE81588905F144
:10EA0000010C844580F22C81029E2E4476783B2CAA
:10EA100044D8DFE814F05D000C014300FD00430022
:10EA20004300E90043004300430043004300430028
:10EA300043004300430043004300430043004300BE
:10EA400043004300430043004300430043004300AE
:10EA5000430043004300430043004300430043009E
:10EA6000430043004300430043004300430043008E
:10EA7000430043004300430043004300DC00CB005D
:10EA8000BF00AB004300430043001901600054463F
:10EA900020460DB0BDE8F04FFAF7D6B94FF6FD7439
:10EAA0003544A54200F388813744BFB23D468542D4
:10EAB000C0F0DB802D1A081AADB281B28D4280F011
:10EAC0007B811B68002B00F07781586802908BE7F0
:10EAD0001FFA8CF5EBE7042E40F06E814FF6F970CB
:10EAE000854200F269814FF005080635ADB200207D
:10EAF0000B90264801240BEB080900EB880A0591CE
:10EB000001930695049227E0042E354628BF04257C
:10EB10003B462A4601980BA9FAF7C6FA854240F00F
:10EB20004D81042E40F24C81B20740F047810B9892
:10EB300009F8014CF9F76CF83A1D92B2043E97427D
:10EB40004AF8040BF6B200F2398108F10108B8F175
:10EB50000A0F00F0B781174619F8012B002AD3D00D
:10EB60000599019B069D049A5889A0E7042E40F060
:10EB700023814FF6F970854200F21E8106354FF071
:10EB80000208ADB2B3E700BF74430020A03A0020F2
:10EB9000943A0020012E40F00F814FF6FE7084451C
:10EBA00000F00A810335B046ADB2A0E7012E40F077
:10EBB00003810398F02840F0FF804FF6FE708445F3
:10EBC00000F0FA8003354FF00008ADB28FE7042E55
:10EBD00040F0F2804FF6F970854200F2ED80063584
:10EBE0004FF00308ADB282E7B40740F0E5804FF67E
:10EBF000FD743544A54200F3DF80F519ADB2002E57
:10EC00003FF455AF082E28BF08264FF008086EE7DE
:10EC1000032E40F2D1804FF6FD703544854200F35B
:10EC2000CB80F5194FF007080426ADB25FE7042E3C
:10EC300040F0C2804FF6F970854200F2BD80063583
:10EC40004FF00608ADB252E7042E40F0B5804FF603
:10EC5000F970854200F2B0800635B046ADB246E7A5
:10EC60001E685EB376683678D1E68D42FFF4BCAE9E
:10EC70009246DDE90796DDF824809BF8003053B119
:10EC800000238BF80030914B1B68012B12D0022B14
:10EC900005D0032B0CD0B8F1000F00F0A9802C2375
:10ECA0004FF000086C210393BAF80A30039D84E604
:10ECB0004FF001086C23EC210393F5E73B2C3FF662
:10ECC000F5AE01A555F824F0D1EA0010B9ED001019
:10ECD000ADEA0010B9ED0010ADEA0010ADEA001089
:10ECE000ADEA0010ADEA0010ADEA0010ADEA001088
:10ECF000ADEA0010ADEA0010ADEA0010ADEA001078
:10ED0000ADEA0010ADEA0010ADEA0010ADEA001067
:10ED1000ADEA0010ADEA0010ADEA0010ADEA001057
:10ED2000ADEA0010ADEA0010ADEA0010ADEA001047
:10ED3000ADEA0010ADEA0010ADEA0010ADEA001037
:10ED4000ADEA0010ADEA0010ADEA0010ADEA001027
:10ED5000ADEA0010ADEA0010ADEA0010ADEA001017
:10ED6000ADEA0010ADEA0010ADEA0010ADEA001007
:10ED7000ADEA0010ADEA0010ADEA0010ADEA0010F7
:10ED8000ADEA0010ADEA0010ADEA0010ADEA0010E7
:10ED9000ADEA0010B9ED0010B9ED0010B9ED0010AA
:10EDA000B9ED0010ADEA0010ADEA0010ADEA0010B8
:10EDB000B9ED0010B9ED0010144669E6049C67E651
:10EDC0000599019B069D049A08D09DF82C003F4CA4
:10EDD00044F8280001200BF80800C5E60B98CDE99F
:10EDE00004320191F8F714FFDDE904320199EEE7EE
:10EDF0009BF8013035464F4646465446002B3FF4BB
:10EE000047AE324A61681379052B1CD0062B2AD0F5
:10EE1000022B7FF43DAE6B79062B7FF439AE9BF865
:10EE20000230002B3FF434AEBD6A90682E81019110
:10EE3000F8F7EEFE03460199AB610B693846EB61CA
:10EE4000FFF758FC24E66B7903F0FD02012A24D079
:10EE5000043B012B3FF61CAEB86AFFF77FFA384639
:10EE6000FFF76CF914E66B79DA1E022A02D9012B3E
:10EE70007FF40EAEBB6A5A790C2A04D00C21002212
:10EE8000A3F805101A81124B38461A461946F9F7AD
:10EE900011FD3846FFF7C0FAFAE5B86AFFF75EFAE7
:10EEA00097F83D301B07DAD5B96A4B79082B03D0A8
:10EEB00008230E81A1F80530CA693846343102F0C2
:10EEC000F9FBE5E50348F1F74DFF00BFA03A00204C
:10EED000E0A80110BC9B01102DE9F047836A84B0C3
:10EEE000002B00F087805A79002A00F083800129E6
:10EEF00076D0022906D0002979D104B0BDE8F047C8
:10EF0000FFF71CB904463E4B1A461946F9F7D2FCE6
:10EF1000D4F8288098F805300C2B05D00C2200235B
:10EF2000A8F80520A8F808300422414620460DF133
:10EF30000E03FFF77DF80746002858D0BDF80E50A5
:10EF4000466805F10609B9F1440F06F1F00654D8F8
:10EF50003223042273556B1C9BB2F254D8F81C0068
:10EF6000F8F756FE4FF0FF0805F1020E1FFA8EFE6D
:10EF700005F1030CE91D4FEA106A06F80EA01FFA0E
:10EF80008CFC2A1D6B1D89B24FEA104E06F80CE06E
:10EF900092B29BB24FEA102C432906F802C0F054FB
:10EFA00006F8098007D8C5F13D02701892B2002119
:10EFB00008F010FF4421F031384689B2F9F788FE95
:10EFC000104A0F4910684323CDE900410E4A3946E3
:10EFD000FEF7CEFE384604B0BDE8F047F9F734BF7F
:10EFE0000C2A1CBF0C22A3F8052014221A8104B09D
:10EFF000BDE8F0870548F1F7B5FE0548F1F7B2FE28
:10F00000E0A80110903A0020DCA80110D09B01106C
:10F01000409B011010B560B10B4681B1816A044676
:10F0200051B94822184608F0D5FE0222C271A062EA
:10F0300010BD0448F1F796FE0348F1F793FE03482C
:10F04000F1F790FE089C0110289C0110189C0110FB
:10F05000F8B5002847D090F83D300446DA0742D58D
:10F06000838E856AB3F5107F3AD395B32B7913BBA2
:10F0700048220021284608F0ADFE1E4A05F1340161
:10F08000204602F0EBFAFFF7F9F8064640BB0123F1
:10F090002B7194F83D305B0708D46B79022B03D0B9
:10F0A00002232881A5F805303046F8BD2046FFF739
:10F0B000B3F93046F8BD104B1E78BEB1013EF6B232
:10F0C0001E70002ED4D10D4F3868FEF76BFF3E60E6
:10F0D000CEE74820F9F7FEF9054608B1A062C7E778
:10F0E0004FF0FF36E0E76FF00F06DDE70448F1F779
:10F0F00039FE00BFD9EE0010C4F80020903A00207D
:10F100004C9C011008B5836A2BB15A79052A03D8A3
:10F11000022A03D852B908BD0A2A05D100229A71E1
:10F12000BDE80840FFF718BA0C2A05D800229A71EA
:10F13000BDE80840FFF770B90148F1F713FE00BFC2
:10F14000709C01102DE9F043856A06466B7985B005
:10F15000052B04D005220023A5F805202B810322CE
:10F16000294630460DF10E03FEF762FF07460028E0
:10F1700000F08680BDF80E30446803F1040CBCF149
:10F18000440F04F1F0047ED839220221E2545A1CC3
:10F1900092B2A154B08E5918DA1C4FEA102E89B2DF
:10F1A00092B204F801E0A05403F10A0044286AD89E
:10F1B000372206214FF004094FF001084FF0030EEB
:10F1C00004F80C204FF01C0C5A1D92B204F8029067
:10F1D0005A1892B204F80280DA1D92B204F802E0E2
:10F1E00003F1080209339BB292B204F802C0E15461
:10F1F000326B214680B2ADF80E00FFF771F8FF23A5
:10F2000000EB080189B243290246235407D8C2F112
:10F210004302601892B2002108F0DCFD4421F03175
:10F22000384689B2F9F754FD184A43231068394625
:10F23000009605F11802FEF727FE04463846F9F756
:10F2400003FEAB79FF2B15D00133DBB2092BAB7179
:10F2500010D82046C3EB431203EB82031B010C4A78
:10F2600003F2F3139BB2A2FB03235B092B8105B0CE
:10F27000BDE8F083282320462B8105B0BDE8F0834C
:10F280004FF0FF34DDE70348F1F76CFD903A0020C2
:10F29000D34D6210409B01102DE9F04F846A85B078
:10F2A00004B36279F2B10023A1690A2A0546C4E9D0
:10F2B0000633C4E90833C4E90B330391A362C4F8ED
:10F2C0000E30C4F8123010D0043A012A0DD9A4F837
:10F2D00005302381284604F1340102F0D5F9237961
:10F2E000002B6CD105B0BDE8F08F4FF0000907226C
:10F2F000214628460DF10A03A4F80590A4F80890C9
:10F30000FEF796FE804600284BD0BDF80A6047689D
:10F3100006F1060ABAF1440F07F1F00764D8362364
:10F320000422BB55731C9BB2FA540398F8F770FC87
:10F3300006F1020E1FFA8EFE06F1030C4FEA106B67
:10F3400007F80EB01FFA8CFC321D731D4FEA104EE9
:10F3500007F80CE09BB292B24FEA102C07F802C0FB
:10F36000F8544FF0FF33F11D89B2432907F80A30F2
:10F3700007D8C6F13D02781892B2494608F02AFD36
:10F380004421F031404689B2F9F7A2FC184A4323E0
:10F3900010684146009503AAFEF776FD4046F9F74E
:10F3A00053FD144B284619461A46F9F783FA2846A6
:10F3B00004F1340102F068F92379002B92D00E4B4E
:10F3C0001D7875B1013DEDB21D7025B1002323718B
:10F3D00005B0BDE8F08F064E3068FEF7E3FD3560FE
:10F3E000F4E70648F1F7BEFC0548F1F7BBFC00BFA7
:10F3F000903A0020E0A80110C4F800204C9C0110B5
:10F40000409B01102DE9F043724B85B01D68DDB1C2
:10F41000AC6AB4B16379A3B1A18A29B1628A01321D
:10F4200092B29142628212D0228A1AB1511E012AEE
:10F43000218213D0E28922B1511E012AE18100F01C
:10F44000AC802D68002DE3D105B0BDE8F0832846DF
:10F45000FFF722FF2846FFF7FBFDF2E75A1ED2B264
:10F46000092AEED840F2192121FA02F2D207E8D592
:10F47000042B04D004220023A4F8052023810322B6
:10F48000214628460DF10E03FEF7D2FD074600285F
:10F4900065D0BDF80E30466803F1040CBCF1440F92
:10F4A00006F1F00600F2928039220221F2545A1C31
:10F4B00092B2B154A88E5918DA1C4FEA102E89B2B4
:10F4C00092B206F801E0B05403F10A0044287DD856
:10F4D000372206214FF004094FF001084FF0030EC8
:10F4E00006F80C204FF01C0C5A1D92B206F8029040
:10F4F0005A1892B206F80280DA1D92B206F802E0BB
:10F5000003F10902083392B29BB206F803C0B1546A
:10F51000ADF80E2031462A6B80B2FEF7E1FEFF23E4
:10F52000335400EB08039BB2432B024607D8C2F1C9
:10F530004302F018002192B208F04CFC4423F0334F
:10F5400099B23846F9F7C4FB234A43231068394679
:10F55000224A0095FEF798FC3846F9F775FCA37926
:10F56000FF2B31D00133DBB2092BA3712CD8C3EBB5
:10F57000431203EB8203DB00194A03F2F3139BB23D
:10F58000A2FB03235B09A28A618A2381531A012B00
:10F590007FF757AF5B10238253E7013BDBB2092BA8
:10F5A0003FF64FAF40F2112222FA03F3DB077FF55B
:10F5B00048AF2846FFF7C6FDA389628A9B1A012B34
:10F5C000C4BF5B10E3813CE71423DCE70548F1F797
:10F5D000C9FB00BF0CB70020903A0020DCA8011046
:10F5E000D34D6210409B0110264B10B51C6824B906
:10F5F0002CE0013A1A81246844B3A36A002BFAD0A4
:10F600001A89012AF5D8F6D100215A791981013ACF
:10F610000B2AF0D801A151F822F000BF65F60010C6
:10F62000F7F5001057F60010F7F50010F7F5001089
:10F630004FF60010F7F50010F7F50010F7F5001081
:10F64000F7F50010F7F500104FF6001010BD20463A
:10F65000FEF7E2FECFE79B792046012B0FD9FEF79C
:10F66000DBFEC8E79B792046052B02D8FFF742F85E
:10F67000C1E7FFF711FE2046FFF7EAFCBBE7FEF704
:10F680006BFFB8E70CB70020FFF706BE2DE9F04F7F
:10F690000746904685B0002800F0CD80002A00F093
:10F6A000418100204FF00A099C4D834695F814A033
:10F6B0002E460446CE46CDE901090390BAF1000F6B
:10F6C0002FD023460A243A68686882426CD0BAF187
:10F6D000010FB5F812C058D00198844524BF604688
:10F6E0009E46019001331FFA83FCBCF10A0F1BB246
:10F6F00069D00A2C05D14FE001339AB20A2A1BB215
:10F7000023D003EB430206EBC202107D0028F3D0A6
:10F710003D6850688542EFD192689045ECD11C4617
:10F720002FE0A2B2531C1FFA83FCBCF10A0F1BB2DC
:10F7300000F0DC8095F82CA01835BAF1000FC2D18A
:10F74000931C9AB20A2A1BB2DBD1012940F0E38054
:10F7500004EB440306EBC3031B7D2546002B40F05E
:10F76000B580D7F800C005EB450306EBC303C3F82B
:10F7700004C06B0000222B4406EBC303C3F80880CF
:10F780005A82204605B0BDE8F08F286888B1DC4574
:10F7900024BFE3469946A5E795F82CA018351C46EA
:10F7A000BAF1000F8DD1BCE7A86880458FD11C4607
:10F7B000E7E70398844528BF60460390029828BF76
:10F7C000184602908EE70129944640F0A4800A2C46
:10F7D00073D17446092C13DC04EB440356F8333020
:10F7E00025464FEA4409002B40F02E810023A14416
:10F7F00006EBC90989F81430002FB2D16300B9E7CC
:10F80000029B0A2B15D1B9F1090F00F384804C46F5
:10F8100004EB440A4FEACA0A56F80A0025464FEAA2
:10F8200044090028E2D0F9F70FFB002346F80A301C
:10F83000DCE71C46ECE70A233848BC4606463C4653
:10F84000BB46BA4699469E46027D029322BBA5B2AC
:10F850006B1C9AB20A2A1BB253D090F82C20183095
:10F860006AB1012A458A1DD0654524BFAC469E4633
:10F8700001339AB20A2A1BB232D00A2C19D00129BC
:10F8800049D104EB440206EBC202127D2546630017
:10F89000002A3FF46FAF19E0012A2346458A4FF052
:10F8A0000A04E1D10268A2B15D4524BFAB46994686
:10F8B000DEE718301C46027DC8E704EB440306EB84
:10F8C000C3031B7D2546002B3FF44DAF1448F1F7D1
:10F8D00049FA5545029A24BF1A46AA460292C7E73A
:10F8E000012918D10A2C3FF474AFCAE7012912D1BB
:10F8F00096F8EC30002BE9D10924D7F800C0254652
:10F9000031E7012907D196F8EC30002BDED109242C
:10F91000122325462EE74FF0FF3432E7402B00201C
:10F920009C9C01104FF00A094948964606469346AA
:10F93000CA46CDE90119057D03925DBB93B25C1CFB
:10F94000A5B20A2D24B271D090F82C5018301DBBEE
:10F95000023398B20A2801991CB25AD004EB44032E
:10F9600006EBC303187D20B15B68386898423FF40A
:10F9700008AF0134A3B20A2B24B2EFD10129CAD1B6
:10F9800002EB420306EBC3031B7D1546002B9DD102
:10F990002C46E6E614460A223B6841688B423FF457
:10F9A000F0AE012DB0F812C00CD0F44524BFE646ED
:10F9B000A2460134A5B20A2D24B210D00A2A0AD0D8
:10F9C0000199CBE7056895B103998C4524BF614641
:10F9D000A1460391EDE718302246057DADE7019978
:10F9E0009C46012997D10A2A08D15446F2E6DC4503
:10F9F000029924BF2146E3460291DAE702EB420373
:10FA000006EBC3031B7D1546002B7FF45FAF2C462E
:10FA1000A9E601297FF47FAF182303FB02631B7D56
:10FA20001546002B7FF452AF2C469AE60199012926
:10FA30007FF471AF96F8EC30002B7FF447AF0925C7
:10FA4000D7F800C02C468EE60248F1F78BF900BFCC
:10FA5000402B0020849C01102DE9F04782B0DDF896
:10FA60002CA0BDF8344000284CD08846914606466C
:10FA70004FF420721C210E201F46F9F777F8054637
:10FA8000002838D043891B2B42D920466C68F8F7F0
:10FA9000BBF8E08096F83C30062B36D1304640F279
:10FAA000064640F60601D7F800C04B46C4F808C029
:10FAB000BF884246A781DAF80070C4F81270BAF81D
:10FAC0000470E7820A9F3F68C4F80E700C9F3F687D
:10FAD000A680114EA76126600091294601F0DAFF49
:10FAE0000E4A2846138B01331383F9F7ADF9002032
:10FAF00002B0BDE8F087094A4FF0FF30938C013324
:10FB00009384F5E70648F1F72DF90648F1F72AF94D
:10FB10000548F1F727F900BF000108009C440020C8
:10FB2000089C0110FC9C0110C89C01102DE9F041BB
:10FB3000284B02EB420203EBC2060D46317D84B036
:10FB4000012943D9D20002F10C07022904461F44BF
:10FB50000DD004F136084FF400663B464246294674
:10FB60002046009601F096FF04B0BDE8F081718A4E
:10FB7000B1F58E7F17D8B1F5877FEAD304321A44E6
:10FB800001230393144B00F136080193031D0292E5
:10FB900000933A4643464146FFF75EFF0028DAD11C
:10FBA00003233375D7E704321A44012303930A4B26
:10FBB00000F136080193031D02920093414643462B
:10FBC000064AFFF749FF0028C5D1E9E70448F1F7E5
:10FBD000C9F800BF402B0020E4A80110ECA80110D8
:10FBE000409D011070B51D4C002684B004F1F00555
:10FBF0000AE0012A1FD0032A2DD0042A01D10223B2
:10FC000023741834AC4214D0227C002AF9D0E38942
:10FC100001339BB2B3F5967FE381EAD354F8040C29
:10FC200018B1F9F711F944F8046C26741834AC4291
:10FC3000EAD104B070BD042BF0D803926068084A82
:10FC400000F136030192021D00921946054A029402
:10FC5000FFF702FFD5E704232374D2E7442B0020EB
:10FC6000E4A80110ECA8011038B5574C0546237DD7
:10FC700013B1A368984247D094F82C3013B1236A8B
:10FC80009D424AD094F8443013B1A36B9D426ED08C
:10FC900094F85C3013B1236D9D4252D094F87430C7
:10FCA00013B1A36E9D4278D094F88C301BB1D4F878
:10FCB00080309D423BD094F8A4301BB1D4F89830EA
:10FCC0009D425ED094F8BC301BB1D4F8B0309D4258
:10FCD00041D094F8D4301BB1D4F8C8309D4266D0DE
:10FCE00094F8EC301BB1D4F8E030AB4200D038BD12
:10FCF000D4F8D80020B1F9F7A7F80023C4F8D83019
:10FD0000002384F8EC3038BD206818B1F9F79CF86E
:10FD10000023236000232375AEE7A06918B1F9F72B
:10FD200093F80023A361002384F82C30AAE7A06F86
:10FD300018B1F9F789F80023A367002384F88C3001
:10FD4000B9E7A06C18B1F9F77FF80023A36400238A
:10FD500084F85C30A2E7D4F8A80020B1F9F774F871
:10FD60000023C4F8A830002384F8BC30B1E7206B2E
:10FD700018B1F9F769F800232363002384F84430AD
:10FD800086E7D4F8900020B1F9F75EF80023C4F8B4
:10FD90009030002384F8A43094E7206E18B1F9F76E
:10FDA00053F800232366002384F874307CE7D4F8EA
:10FDB000C00020B1F9F748F80023C4F8C030002390
:10FDC00084F8D4308CE700BF402B0020002900F0DD
:10FDD00086802DE9F04F46680446338889B0B3F534
:10FDE000807F02D13379062B0CD02046534B198DDE
:10FDF000DA8B013101321985DA8309B0BDE8F04FA1
:10FE0000F9F722B87379042BEFD17388082BECD162
:10FE10000D464A4F31467B8B284601337B8301F0E8
:10FE2000E5FCD6F80E206B680792002B58D19A4655
:10FE30004FF0020906F10808059395F83C30062BAF
:10FE400079D1002A3FD029461046049201F084FB64
:10FE50008346C0BB049A02F0F002E02A33D0494640
:10FE60002A4607A8FFF712FC00282CDB4FF0020EF1
:10FE7000334900EB400001EBC00282F814E09560CA
:10FE80004FEAC00CD8F800000CF10C0E41F80E003F
:10FE9000B8F804008E44AEF8040051F80C90A2F8B3
:10FEA00012B0B9F1000F0ED04FF4006341F80CB05E
:10FEB000284600934946434605F1360201F0EAFD23
:10FEC0004846F8F7C1FFF388B3F5807F17D0B3F544
:10FED000007F02D0BB8D0133BB8520468DE7704784
:10FEE000A3EB020ABAFA8AFAB1694FEA5A1A8B42AC
:10FEF00006F108081AD10123994605939DE7059B51
:10FF0000002BEAD0BAF1000FE7D1022607A905F1CC
:10FF100036030291291D0091424628461946CDF824
:10FF200004800396FFF798FD204666E700234FF014
:10FF30000209059381E70348F0F714FF9C44002071
:10FF4000402B0020909D01102DE9F04F0E460446F5
:10FF5000014685B03068174601F0FEFA002840F0EF
:10FF60009D80336803F0F002E02A00F09780002BB8
:10FF700000F09480224601213046FFF787FB051EE2
:10FF800055DBDFF840A105EB45080AEBC80898F8F7
:10FF9000142004F1360B4FEA450902BB4FF0010E65
:10FFA000C8F8084088F814E0CDE9026E404E04F12C
:10FFB000040C5B46594620463E4A0196CDF800C0E7
:10FFC000FFF74AFD003818BF0120404227B198F8DA
:10FFD0001420012A19D806D005B0BDE8F08F002FF3
:10FFE0002ED0012A11D13B4605E01A7B520647D498
:10FFF0001B68002B35D059891A899142F5D11A68AE
:020000041001E9
:10000000002AF2D02C48F0F7ADFE20464FF40064F1
:10001000A9440094294C0AEBC9095A46394609F10A
:100020000C03257001F036FD05B0BDE8F08F1FB15F
:10003000234A938C0133938468B205B0BDE8F08FF6
:1000400001251B4A20460192221D00925B4659461B
:10005000184A02960395FFF7FFFC10B34FF0FF30EC
:10006000BAE73846F8F704FF09EB05035AF83300FE
:1000700008B1F8F7E9FE4D444AF835700020ABE7C7
:100080003A464FF420710E20F9F7DCF807460028B5
:10009000EAD10B4A938C01339384DFE76FF00F00B2
:1000A0009AE798F81430012BE8D1A8F81200E5E798
:1000B000E4A80110ECA80110B49D0110C6F80020BE
:1000C0009C440020402B00202DE9F04184B0002802
:1000D00000F0FB800E46002900F0F4801546002A4F
:1000E00000F0ED8001460446106801F035FA024642
:1000F000002840F09680296801F0F003E02B72D0D0
:100100006368A0684B4003420AD04FF6A96388B2E7
:10011000984205D0E168002900F0CE8004F10C057A
:10012000DFF8C4816A4B98F800C00CEB4C0003EB7D
:10013000C00090F814E0BEF1010F02D98768A74211
:1001400071D0187D012802D9986884427AD093F83A
:100150002C20012A02D91A6A94427BD093F84420B9
:10016000012A02D99A6B944279D093F85C20012A33
:1001700002D91A6D944277D093F87420012A02D9DB
:100180009A6E944275D093F88C20012A03D9D3F843
:100190008020944272D093F8A420012A03D9D3F886
:1001A000982094426FD093F8BC20012A03D9D3F849
:1001B000B02094426DD093F8D420012A03D9D3F80B
:1001C000C82094426BD093F8EC20012A03D9D3F8CD
:1001D000E020A24269D032462946204604B0BDE85C
:1001E000F041FFF7B1BE01215E226B78ADF8081037
:1001F00003F07F038DF80B30AB788DF80A208DF873
:100200000C30EB788DF80D3002AB4FF400653146C1
:10021000204604F13602009501F03CFC04B0BDE834
:10022000F0812C4BF1E7406888428AD16246314622
:100230002046294DEB8D0133EB8504B0BDE8F0413C
:10024000FFF774BC5868814281D13146204688F856
:100250000020F2E7DA69914280D10122F5E75A6B7A
:10026000914282D10222F0E7DA6C914284D10322DA
:10027000EBE75A6E914286D10422E6E7DA6F9142AB
:1002800089D10522E1E7D3F8942091428BD106224F
:10029000DBE7D3F8AC2091428DD10722D5E7D3F824
:1002A000C42091428FD10822CFE7D3F8DC308B42B3
:1002B00008BF09228FD1C8E76FF00300AEE70748F7
:1002C000F0F750FD0648F0F74DFD0648F0F74AFDFF
:1002D000402B0020ECA801109C440020709D0110D0
:1002E000D09D0110089C0110C6F800202DE9F041B6
:1002F00082B000284BD005460F464FF420721C21D7
:1003000000F136080E20F8F731FC0646002837D0F9
:1003100043891B2B41D944680120F7F775FCE08025
:1003200095F83C30062B35D140F2064C40F60601DC
:10033000D5F836302846A360B8F80450184B194A4F
:10034000A58112681D689B88C4F80E20C4F812505D
:10035000E3823B684246A361134BA4F804C02360C8
:10036000124B0091314601F095FB114A3046138B38
:1003700001331383F8F768FD002002B0BDE8F08177
:100380000B4A4FF0FF30938C01339384F5E7094813
:10039000F0F7E8FC0848F0F7E5FC0848F0F7E2FC65
:1003A000E4A80110E0A8011000010800ECA8011069
:1003B0009C440020089C0110FC9C0110C89C01106A
:1003C0002DE9F04182B000284AD005460F464FF48F
:1003D00020721C2100F136080E20F8F7C7FB0646F4
:1003E000002836D043891B2B40D944680120F7F7F9
:1003F0000BFCE08095F83C30062B34D140F2064CE3
:1004000040F60601D5F836302846A360194BB8F8F7
:1004100004201D689B88A281C4F81250E3823B68C7
:100420004246C4F80E303B68A4F804C0A361124BE6
:100430002360124B0091314601F02CFB104A3046EC
:10044000138B01331383F8F7FFFC002002B0BDE8E3
:10045000F0810B4A4FF0FF30938C01339384F5E722
:100460000848F0F77FFC0848F0F77CFC0748F0F7F5
:1004700079FC00BFE4A8011000010800ECA80110FD
:100480009C440020089C0110FC9C0110C89C011099
:100490002DE9F047674E684FB6F86230D7F80890FC
:1004A000013384B0A6F8623099F80040054604F0A4
:1004B0000F04A400132C14D94389032B11D94368CA
:1004C0001B781BB3082B17D1786900F0F003E02BE1
:1004D00025D08846396801F03FF800BB2B89072BEF
:1004E00026D82846F8F7B0FCB6F86A300133A6F8EB
:1004F0006A3004B0BDE8F087B6F87020B6F8663010
:1005000001320133A6F87020A6F86630284604B000
:10051000BDE8F047F8F798BC5046F8F795FC284638
:10052000F8F792FCB6F874300133A6F87430E0E7BF
:100530002846F7F745FE002866D104F10E0A514619
:100540002846F8F70BFC002867D02B89191989B2C7
:100550008B42E4D84FF420720E20F8F707FB824656
:100560000028DCD0428904F108039A42D5D34946D9
:100570002246406807F0E0FC21465046F8F714FC9C
:10058000002853D129465046F8F786FD0028C3D1EC
:100590002846F8F759FC554621462846D5F80490D8
:1005A000F8F7DCFB0028B1D1D7E904314FF6F77238
:1005B0006F68F9603B6189F80000E873B9F80230B0
:1005C000214693428CBF093308339BB2A9F802300D
:1005D00000244FF0FF09BC7287F80890FC7238467F
:1005E000F7F7AAFD78810127CDF808800094B6F8C6
:1005F00060104B463944A6F86010224628460F4941
:10060000019700F06BFE81E72846F8F71DFCB6F86D
:1006100068300133A6F868306BE751462846F8F792
:10062000C3FB0028B8D00648F0F79CFB0548F0F75C
:1006300099FB00BF9C4400207443002088430020A5
:10064000109E0110DC9D01102DE9F04307463E8904
:1006500088461C2E28BF1C2606F10804A4B287B0C9
:100660004FF4207222202146F8F780FA002836D075
:1006700043890546A34235D3324603230026446806
:10068000D7F804903946237084F801800823267136
:100690006671A671E671F8F75BFCD9F80C3005A815
:1006A000059300F079FC0746B0B120466989A67031
:1006B000E670F7F741FD6080029701270B4C00962A
:1006C000B4F86000FF233844A4F86000314628469F
:1006D00005AA019700F002FE2846F8F7B5FB07B01F
:1006E000BDE8F0830248F0F73DFB00BF9C440020CA
:1006F000449E01102DE9F04307463E8988461C2E92
:1007000028BF1C2606F10804A4B287B04FF420725B
:1007100022202146F8F72AFA002836D043890546D8
:10072000A34235D332460B2300264468D7F8049001
:100730003946237084F80180082326716671A671FA
:10074000E671F8F705FCD9F80C3005A8059300F020
:1007500023FC0746B0B120466989A670E670F7F71A
:10076000EBFC6080029701270B4C0096B4F8600008
:10077000FF233844A4F860003146284605AA0197B3
:1007800000F0ACFD2846F8F75FFB07B0BDE8F0834A
:100790000248F0F7E7FA00BF9C440020449E011095
:1007A00010B550B10446406908B1F8F74DFB214639
:1007B000BDE810400620F7F7A5BF0148F0F7D2FAD0
:1007C000709E011081422DE9F04155D007468846C0
:1007D00011B10B6883424CD17C6863689A883AB344
:1007E00000262546636828461C68F8F737FB33184F
:1007F000B3F5803F3ADA28469EB2F8F725FB002C85
:10080000EFD1224B1A6897422DD0B8F1000F39D0A2
:100810003B68C8F8003039460520F7F773FF1C4ADB
:100820001388B3422BD39B1B30461380BDE8F08165
:100830001A68386979697A60FD68BA689860D96021
:100840001A605D60BA69012120461A61FFF752FF04
:100850002046F8F703FB06462046F8F7F5FA7C68D1
:10086000002CBED1CDE73A681A60D4E70948F0F70A
:1008700079FA0948F0F776FA0848F0F773FA084869
:10088000F0F770FA0748F0F76DFA00BF14F6002091
:10089000ACF800209C9E0110889E01107C9E0110E7
:1008A000D89E0110BC9E01102DE9F0470027054697
:1008B0000E46DFF8B080D8F80000002849D00024A8
:1008C000A64621462246D5F80CC0436963451FD091
:1008D000013492B392F81FA090F81F900368D1459D
:1008E0000CD98BB359698C4510D00146184690F845
:1008F0001F900368D14504F10104F2D873B35A691B
:100900008E469445024601D0CA46EEE70146184697
:10091000D5F8109083694B45DAD1B0F80C90AB88CC
:100920009945D5D1814671461046D9F800308E469A
:1009300002464BB149461846C7E78146D9F8003010
:100940008E460246002BF5D132B9B74201DA012CAE
:10095000B1DC3846BDE8F08710467146FFF732FF3C
:100960000744F2E714F6002038B50A4B1C684CB176
:100970000025E37F20465A1E246823B10546C2772E
:10098000002CF6D138BD2946FFF71CFF002CF0D112
:10099000F8E700BF14F600202DE9F04FB74DD0F86E
:1009A00004B06B8E87B001336B869BF8003006462F
:1009B00003F00F03052B40F08580BBF80600F7F726
:1009C00023F90746BBF80200F7F71EF99BF8003041
:1009D00003F00F03B0EB830F4FEA830267D3801A53
:1009E00083B230460193F8F739FADFF894928046E3
:1009F000B9F8003003440A2B00F31581DFF884A214
:100A0000DAF80040002C63D0DBF80C2002E0246808
:100A1000002C5DD063699342F9D1DBF81030A169F5
:100A20009942F4D1A189BBF804309942EFD1B5F8CD
:100A300046300133A5F84630BBF80600F7F7E4F876
:100A4000C0F30C00002800F0E580BBF80630C7F3C7
:100A50000C0713F020034FEAC707039308D1019B4B
:100A6000FB189BB29F4212D84FF6EB7293420ED8FE
:100A7000D6F804B0BBF80200F7F7C6F89BF80030D0
:100A800003F00F03B0EB830F4FEA830246D2636893
:100A90000293029B5BB9DAF80030A34240F07B81FD
:100AA000236821460520CAF80030F7F72BFEEB8EAD
:100AB00030460133EB86F8F7C7F90025284607B022
:100AC000BDE8F08FB5F844300133A5F84430EEE7C7
:100AD0000520F7F7E9FD0446002800F0D580002343
:100AE0000F21DAF80020E3612260CAF80040A36019
:100AF000E36023616361A3616360E177DBF8003049
:100B0000DBF80400DBF80810DBF80C20A360E060E1
:100B100021616261DBF81030A36196E7831ABBF8AC
:100B200006001FFA83FBF7F76FF80023C0F30C02EF
:100B30007168D2009344606804910B704B708B70A5
:100B4000CB708A80A1F806B01FFA8BF18A4205911A
:100B500002909ED8002800F0148101464FF0010B4E
:100B600094460FE0A3D0B3F806E0F4459FD332B12A
:100B7000D288824214BF4FF0000B0BF0010B1968B2
:100B800000295FD01A464B6898888445EAD21346FC
:100B900062469C46049B1960BCF1000F00F0828005
:100BA000BCF806309A4282D3059981423FF67FAF66
:100BB0009A4214BF4FF0000B0BF0010B039BCCF8D3
:100BC0000060002B48D1BBF1000F76D0029E756803
:100BD000AB88002B71D1049B1A68002A75D0059947
:100BE00003E01A68002A71D0D98853689A888A422B
:100BF000F7D0B9F800304344A9F80030039B002B2C
:100C00007FF45BAFA37F019A43F001031744A783EE
:100C1000A37752E7E089F6F7F7FFC0F30C0000284E
:100C20003FF413AF6AE701465846FFF73DFE28B18F
:100C3000B9F8003043440A2B7FF7E0AEAB8F0133A5
:100C4000AB8734E71E60039BF44514BF4FF0000BE5
:100C50000BF0010B002BB6D0029EA37FDA0706D55E
:100C6000BBF1000F03D07568AB88002BB3D0B9F887
:100C700000304344A9F800301FE700BF9C44002027
:100C8000ACF8002014F6002041465846FFF70CFE51
:100C90008045D3DC0520F7F707FD044600287FF4E4
:100CA0001EAFCBE7059B83423FF601AF039B666017
:100CB000002BD2D1BBF1000F89D1019B1F44A37F30
:100CC000A78343F00103A377D1E7049B9D4265D03E
:100CD000B9F800304344A9F80030039B002B4ED1F3
:100CE0000198A37F384480B243F00103A083A37727
:100CF000A368E668216962696E60A960EA602E688F
:100D00002B60A36914302B6180B2F6F77DFF0023BE
:100D10006880AB712846EB71AB72EB721421F7F768
:100D20000BFA688165685EB1142130467768F8F780
:100D30003BF831462846F8F7AFF83E68002EF3D16D
:100D4000DAF80030A34205D05BB31A68A24213D090
:100D50001346F9E72368CAF8003021460520F7F763
:100D6000D1FC2846F8F77AF8B9F8003083421BD353
:100D70001B1AA9F80030A1E622681A60EDE7A08BE3
:100D8000B6E7039B6660002B3FF421AFA37FDB0730
:100D90007FF56DAF67E70648EFF7E4FF0548EFF72B
:100DA000E1FF0548EFF7DEFF0448EFF7DBFF00BF88
:100DB0004C9F0110FC9E0110BC9E0110309F011041
:100DC0002DE9F04F8B8E8DB00A92B3F1140248BF1B
:100DD000A3F10D024368C2F3CF02029307921A46B1
:100DE0001B78054603F00F03052B05914FEA830797
:100DF00040F0C0804389132B40F2BC80D088F6F7C6
:100E000003FF2B89C0F30C02143B9BB2049200F445
:100E1000005203930B92002B00F0A7800024079B45
:100E2000DFF87091DB009BB20893089B039E4FF4A0
:100E30002072B34228BF334614210E209A46F7F79A
:100E400095FE8046002848D04389132B40F29880B5
:100E5000029943680A684E688868C9681A60D96050
:100E600002995E6098600A691A61D8F804300693A6
:100E7000BAF1000F7BD06B89DC1BBB42A4B27CD3E0
:100E80005646CDF824A01AE001946B6841223B44F9
:100E90000093214603460020F7F7FAFE824608B386
:100EA0002846361BF7F7E4FFB6B251464046CBE979
:100EB0000495F7F7F1FFD6B100272D686C89B4428D
:100EC00028BF3446002CF7D00620F7F7EDFB834609
:100ED0000028D9D14046F7F7B7FF4FF0FF300DB0EB
:100EE000BDE8F08F59460620F7F70CFCF2E72744DF
:100EF000DDF824A0BFB2059B049A9B8EC2F30C00C0
:100F0000039A133B934201DD0B9B0BB140F400505D
:100F1000F6F77AFE069EF0800AF1140080B2F6F72A
:100F200073FE002314217080B372F3723046F7F71A
:100F300003F9059B41460A9A708118465B699847F8
:100F4000114A4046138E01331386F7F77DFF039B4A
:100F5000079AA3EB0A0A049B13449BB21FFA8AF276
:100F600003920493002A7FF460AF0020B7E7274480
:100F7000BFB2C0E76FF00500B1E70448EFF7F2FE3B
:100F80000348EFF7EFFE00BF9C4400208C9F011048
:100F90006C9F0110A107011030B4184B1B68ABB156
:100FA00093F83D20D407F9D55107F7D559680029A2
:100FB000F4D004689D686140294204D09207EDD4C2
:100FC000DA689442EAD1184630BC70470C4B1B6873
:100FD00053B193F83D2002F00502052A04D15A6866
:100FE00012B102787F2AEED1002330BC05491846A1
:100FF000B1F856200132A1F8562070470CB70020F6
:1010000008B700209C4400202DE9F84FB04CD0F8E0
:101010000480B4F84A300133A4F84A3098F800301C
:101020001A09042A0ED0F7F70FFFB4F85C20B4F8C1
:101030004E3001320133A4F85C20A4F84E30002079
:10104000BDE8F88F054603F00F03B8F802009E00D4
:101050000F46F6F7D9FD2B898146834217D86B8955
:10106000B34204D32B894B4501D3132E17D82846FE
:10107000F7F7EAFEB4F85220B4F84E3001320133EB
:101080000020A4F85220A4F84E30BDE8F88F0146A5
:101090002846F7F71DFE6B89B342E3D2E7E73146F6
:1010A0004046F7F749F8002840F0D480D8F81020DF
:1010B000D8F80C00DFF8209297F83D3002F0F001EC
:1010C000E029C9E9040203F0010366D1002B00F016
:1010D0009C807B68002B00F09880002840F0B8804E
:1010E000BA46B8F8063023F0C0033BB12846FFF7F4
:1010F00053FC05460028A2D0D0F80480C9E900A717
:10110000C9F8088098F80030394603F00F039B00B7
:101110002846A9F80C30F8F7B9F80128834632D0F0
:1011200031462846F7F740FE98F80930062B00F0C4
:10113000BC80112B00F0B480012B00F0AC80BBF11F
:10114000020F1DD05146D9F8140000F005FA68B915
:10115000D9F8143003F0F003E02B07D031462846CD
:10116000F7F73EFE02212846FFF76EFAB4F8582042
:10117000B4F84E3001320133A4F85820A4F84E30B0
:101180002846F7F761FE0023C9E90033C9E90433B3
:10119000C9F80830A9F80C3051E7002B43D1D2B27E
:1011A0007F2A65D04B4BD3F800A0BAF1000F09D1CC
:1011B0005EE0514600F0D0F990B9DAF800A0BAF13B
:1011C000000F55D05745F8D09AF83D30DB07F4D5DD
:1011D000DAF80430002BF0D0D9F814008342E8D1BB
:1011E000D9F8100000283FF47CAF394600F0B4F97C
:1011F000002847D1D9F8103003F0F003E02B41D09C
:10120000BAF1000F7FF46DAF04E098F80930112BAC
:1012100017D0A0BBB4F84E3028460133A4F84E30A6
:10122000F7F712FE0BE77B68002BB8D0934248D04B
:101230001046394600F090F9002844D1D9F814201E
:10124000ADE708EB06035B88B3F5884FE1D147E7CC
:10125000BA46CAE72846F7F7F7FDB4F85020B4F8C5
:101260004E3001320133A4F85020A4F84E30E6E6A7
:1012700098F80930112B1DD0D9F81000C9E74FF0AC
:10128000000AB2E72846F7F7DFFDB4F84E30013325
:10129000A4F84E30D3E639462846FFF7F9F872E74E
:1012A00039462846FCF774FB6DE739462846FAF7BD
:1012B00013F868E708EB06035B88B3F5884FDBD1CA
:1012C0000EE7BA468EE7BA46D9F810008AE700BFA3
:1012D0009C4400200CB70020744300202DE9F04FFF
:1012E000904685B01D4604469DF838B09DF83C30C8
:1012F000109F827BB8F1000F64D0894609B109685C
:1013000009B907F10409012A78D114212046019373
:10131000F7F724FD019B8246002866D16289666842
:10132000132A6ED9452035727372D8F800104FEA2F
:101330000B2243EA052330700243080C86F801B003
:101340001D12316110FA81F10A4445EA0325208912
:1013500012FA85F5F6F758FC0346DFF8B8B086F8C0
:1013600006A086F807A073809A46BBF80000F6F73F
:101370004BFCD9F80010B08015FA81F303EB114350
:10138000534403449AB202EB134303EB1343DB438E
:10139000F160BBF8001073810131ABF800101A4AFC
:1013A000B2F848300133A2F84830BB8E13B122891D
:1013B0009A4212D84246214638467B69984705B082
:1013C000BDE8F08F012A19D14389132B0DD9436849
:1013D0000DF10C081B690393E1E7424639462046AC
:1013E000FFF7EEFC05B0BDE8F08F074A6FF0010093
:1013F000B2F85C300133A2F85C30E0E70348EFF765
:10140000B1FC0348EFF7AEFC9C4400209C9F011008
:10141000A89F0110AAF800202DE9F04F1746827B03
:1014200085B0012A99469DF838A09DF83C30109E61
:1014300040F0818004460193002F60D0884614213B
:10144000F7F78CFC019B834600286BD162896568A5
:10145000132A73D9452185F808906B7243EA092253
:101460003B6885F801A04FEA0A2A29704AEA010A76
:10147000190C4FEA22292B61208911FA83F39A442F
:1014800049EA0229F6F7C0FB03461AFA89F9DFF8A0
:10149000C4A06B80BAF8000085F806B085F807B0E4
:1014A0009944F6F7B1FBBAF80030A8800133AAF8E6
:1014B000003000EB0903B8F1000F28D0D8F8002065
:1014C00013FA82F303EB1243EA609AB202EB13437E
:1014D00003EB1343DB436B811A4AB2F84830013304
:1014E000A2F84830B38E13B122899A4212D83A46F4
:1014F000214630467369984705B0BDE8F08F4389AF
:10150000132B0FD9436803AF1B690393E4E70E4A1B
:101510001268D5E73A4631462046FFF751FC05B040
:10152000BDE8F08F074A6FF00100B2F85C3001337C
:10153000A2F85C30E0E70548EFF714FC0448EFF749
:1015400011FC00BF9C440020E0A801109C9F0110EA
:10155000A89F0110AAF80020421E0332034615D8A6
:1015600091F83D0010F002000FD04A689A420BD06B
:1015700089685A400A4207D1C84323EA0103181A6E
:10158000B0FA80F040097047002070470120704792
:101590002DE9F0414FF0000E7746036882B02D4DE3
:1015A0002D4C01AE0193002116F8018B0846C4466C
:1015B000A4FB0832D20802EB8203A8EB43033033CA
:1015C000013103F0FF035FFA82F8BCF1090F0DEB64
:1015D0000002C9B21370E9D806F8017C09B3BEF164
:1015E000100F0EF1010218D02B70431EDBB2691CE4
:1015F000C8B1102A0EF102010FD00DEB03021278D0
:101600000238C0B26A70FBB110290EF1030204D097
:101610000DEB00031B78AB70C8B1002002B0BDE831
:10162000F08129467246102A02F1010EF5D02E23D0
:101630000D4605F8013B02ABB342B4D10023054887
:101640000B7002B0BDE8F0810A46A91CEBE7E91C6B
:10165000E9E700BF40F80020CDCCCCCC10B572B18A
:10166000446C0A613CB1234601E01B681BB19942FE
:10167000FBD1002010BD0C604164002010BD01486A
:10168000EFF770FBD89F0110436C10B56BB10024CD
:1016900003E01A681C4642B113469942F9D10B681F
:1016A0000CB1236010BD436410BD0148EFF75AFB35
:1016B000F89F011038B5002501234A600B810D7396
:1016C0000C46F6F789FA0246054B2846A3FB02139F
:1016D000DB0803EB8303A2EB4302628138BD00BF4A
:1016E000CDCCCCCC436C23B100221A721B68002BEA
:1016F000FBD170473A4B2DE9F0411D68002D3CD0DD
:101700000027DFF8E4806C6C002C33D014260DE049
:10171000013B9BB2042A638139D8022A4ED8013A90
:10172000012A01D8002B3AD024681CB3237B0BB1CB
:10173000013B23736389227A002BE9D1042A1ED846
:10174000022A29D9637A13B90422637322722846C4
:10175000211DFEF735FE637A66810133DBB2012B72
:101760002FD905222369A2600021284698472468C2
:10177000002CDBD12D68002DC5D1BDE8F081072AF2
:10178000D2D101212846236927729847CCE7072A3E
:10179000CAD1002BC8D1F4E7013A012AC4D80223E8
:1017A00028462372211DFEF7A1FD637A0133DBB2C7
:1017B000022B637207D90B4BA360B5E7002BB3D1A3
:1017C000C0E76372B0E7F6F707FAA8FB0023DB086F
:1017D00003EB8303A0EB43000A306081A4E700BF62
:1017E0000CB7002003001400CDCCCCCC2DE9F04781
:1017F0000646D0F83600738F746C82B0D1F80E8034
:101800000090ADF80430002C38D00F46B8F1000F2E
:1018100037D1D1F8188001F1080907E025B16368D4
:10182000002B65D043455BD024683CB3257A032D5B
:10183000F4D92B1F022BF7D8D4F804A0BAF1000F6B
:10184000F2D106224946684606F018FA0028EBD085
:10185000062D71D0237B002B75D0637B02210133D1
:101860006373304623699847637B092B4AD801216B
:101870003046236984F808A09847D5E702B0BDE850
:10188000F087083706E015B16368984517D02468DB
:10189000002CF3D0257A032DF5D92B1F022BF6D877
:1018A00063689845F3D106223946684606F0E6F9A2
:1018B0000028ECD0062D38D0237B002B4AD0637B48
:1018C000022101336373304623699847637B092BF8
:1018D0001ED8002301212372304623699847D6E79A
:1018E0000622684607F1080106F0C8F900289BD0D7
:1018F000637B022101336373304623699847637B1E
:10190000092B0BD9072323724FF4167363818BE7DE
:10191000072323724FF416736381B8E70023012174
:1019200023723046236998477EE700230221237201
:10193000304623699847AAE702213046236984F894
:1019400008A0984770E73046211DFEF739FD642353
:10195000237369E73046211DFEF732FD64232373AC
:1019600095E700BF61B3B0B50B680D4682B02BB3ED
:1019700022B3116811B3446C04B34FF6A96702E0B7
:101980002468DCB12B6861689942F9D19BB2BB42F3
:10199000F6D11388BB42F3D0237A052B14D8032B3E
:1019A0000FD8013B022BEBD80023022123722369BD
:1019B000019200909847DDE90002E1E702B0B0BD76
:1019C000704706232372DBE7072BD9D1ECE700BF72
:1019D000438970B50E2B04462CD94068E37B0D4635
:1019E00086891BB991F840300133E3730378D90736
:1019F0000AD5012B39D00622244906F03FF918B93F
:101A0000637B43F008036373082E1FD0B6F5C16FE4
:101A100010D195F83D301B0713D50E212046F7F75E
:101A2000C3F968B31A4B598CDA8B013101325984EE
:101A3000DA8306E0164B198DDA8B013101321985F4
:101A4000DA832046F7F700FA002070BD95F83D30A4
:101A50001A07F6D50E212046F7F7A6F90028F0D18F
:101A600029462046FFF7D0FAEEE74378002BCBD18A
:101A700083785E2BC8D1637B43F010036373C3E7A5
:101A800029462046FEF7A2F9DEE700BFECA80110C8
:101A90009C4400202DE9F0410546BDF818000C4695
:101AA00016461F46F6F7B0F80E2180462046F7F797
:101AB00055F9A8B96168A1F80C803B680B60BB8838
:101AC0008B803368C1F80630B3884B8195F83C3081
:101AD000062B0DD121462846AB69BDE8F0411847D9
:101AE000054A6FF00100538901335381BDE8F0814D
:101AF0000248EFF737F900BF9C44002018A00110FE
:101B00002DE9F04F87B00746DDE910958846002A99
:101B100047D016469846DFF80CA1DFF80CB10591C6
:101B200000213F4803F018FC821C044621D0DAF85B
:101B300024309D420AD8DAF828204A4504D36FF0B1
:101B4000010007B0BDE8F08F9D42F8D1DBF800003E
:101B50000268936A1BB19847DBF800000268116BBA
:101B60002B464A468847002C52DB032CD8D1002054
:101B7000E7E7384606F056FA0446304606F052FAD1
:101B80004FF0FF320392059A0346CDE901822146C8
:101B90003A462348009603F037FF0028D1D10124AC
:101BA000C5E7204EDFF880A000211D4803F0D4FBDC
:101BB000831C044619D0736A9D4204D8B26A4A4510
:101BC000BDD29D42BBD1DAF8000003689A6A1AB10F
:101BD0009047DAF800000368196B4A462B4688479D
:101BE000002C15DB032CDFD1C1E7384606F01AFACA
:101BF0004FF0FF3200230146CDE90282CDE90033E8
:101C00003A46074803F000FF00289AD10124D2E7A2
:101C1000033414BF6FF007006FF0060091E700BFB8
:101C2000B430002000000B403C2C0020014B186019
:101C3000704700BF3C2C0020034B012200211B6891
:101C4000024803F02BBE00BF801C0020B4300020EF
:101C50002DE9F04784B00746904699460C46F0F7C8
:101C600035FA054638460E4606F0DCF9824644B39E
:101C7000204606F0D7F942460346514601924FF0FE
:101C8000FF3A00221048CDE9022A00943A4603F0B8
:101C9000BBFE98B94FF47A73E9FB03566FF000432B
:101CA000AA4573EB06023CBF1E46554643462246F4
:101CB0003846002100950196FFF722FF04B0BDE8E9
:101CC000F08722462346D8E7B4300020014B18683D
:101CD000704700BF3C2C0020034B186803689B6AC8
:101CE00003B11847704700BF3C2C002010B582B0EC
:101CF000FFF7ECFF68B10446204603F053FF0346AC
:101D000020461C46F5F7CAFC84B178B1002002B029
:101D100010BD684604F050FB69460F4804F052FBC2
:101D2000B0B10D48FFF782FF0B4CE5E7FFF7CEFFA0
:101D3000044603F053FF2046F5F7C8FC064B9C42CF
:101D400006D1236820465B6B98470020FFF76EFFA3
:101D50004FF0FF3002B010BD3022002008B5052042
:101D6000F0F766FA6421030C01FB03F3034A5B08F6
:101D7000A2FB03231B0A033BFDD208BD11239708D6
:101D800038B5D0F84C48A4B12168054631B1D4E942
:101D900001321548F5F77EFB0023236094F90C000F
:101DA000002813DA94F90D00002803DA0023C5F89F
:101DB0004C3838BDF5F7AAFB94F90D00F5F790FB08
:101DC000FF2363730023C5F84C38F2E7F5F79EFB59
:101DD00094F90C00F5F784FBFF2394F90D002373AD
:101DE0000028E3DBE6E700BFF4A8011006232DE995
:101DF000F04F87B0019301264FF6FF734FF018089C
:101E000000253F4C0296CDF800808146A381C0F8A2
:101E10004C4821463B482560231D04F10802F5F794
:101E200081FA002866D0D4E90131374803F1050C66
:101E3000826FDB01D243354F43EA0C3323F0C043BA
:101E400002F030020593BA67806F4FF4003BC04345
:101E50004FF4403A00F00100B867206801EB410CF4
:101E6000D0F8687100F5005EC7F1180706FA07F7A9
:101E7000CEF83870059F00EBCC0CCCF8C8B0CCF88D
:101E8000D0A0CCF8CC70224F3346CCF8DC701D22A9
:101E90000096F5F7ADF92168404601F12F4101F5B3
:101EA0006001090D0631C9B2EEF78EFE32462946B1
:101EB0004046EEF7A7FE31464046EEF7B7FE4EF23B
:101EC0000101A368226803EB430302EBC302C2F8DB
:101ED000D8102846F5F70AFB20732846F5F706FBCD
:101EE000237B40B260731843030603D4284607B02F
:101EF000BDE8F08F4846FFF743FF6FF00500F6E7B7
:101F0000582C0020F4A801100080034000900340EA
:101F100018771C242DE9F04F87B016461F46039111
:101F2000002900F01981D0F84C481820216801F1EF
:101F30002F4101F56001090D0631C9B2EEF744FEEB
:101F400021681D2001F12F4101F56001090D0631C5
:101F5000C9B2EEF739FE012200211D20EEF752FE34
:101F600019234FF0000242EC40302068A168039B27
:101F7000002F00F0F7804FF00108002B08BF3B4610
:101F80004FF0004CD0F800B0039308FA01F301EBD6
:101F900041022BEA0303D4F8049000EBC20E036065
:101FA000DEF8CC3009F1050A6FF3D01343EA0A33A7
:101FB0000EF5865243EAC913CEF8CC30C2F810C0F1
:101FC0000023C2F810C04FF08072CDE90023F5F76E
:101FD000DBF8D4E90031109801F01F010591811B55
:101FE000A268C900481E0146101D049002EB420081
:101FF00003EBC005101D03F5005A08FA00F0CAF8FB
:10200000000046F2200002F1080E4FEAC60C03EB76
:10201000820908FA0EFE0CF1FF3CCAF800E0C9F88C
:1020200010C0C5F8D80046F240004FF0A04BC9F8E8
:1020300010100599C5F8D800C5F8D81094F90C907F
:10204000DDE9035108FA09F04FEA891ECBF8640470
:102050000EEB0B0CDCF80C004001FBD44FF0010A36
:1020600094F90D8003954FEA881C0AFA08FA0CF1DE
:10207000A040CBF864A48246039DDAF80C0040012E
:10208000FBD40EF1A04ECEF800500395012503F1CC
:102090002F40DFF818A200F56000000D0AEA493968
:1020A0000AEA483A02EBC00849EA4848049101EBC1
:1020B000C00010994AEA404A48F080704FEA9608FA
:1020C000C8EB9109049995404AF0807203EB810AAC
:1020D0000CF1A04C0AF1100140F01900CEF804A058
:1020E00042F04902CEF80880CEF80C00CCF800107F
:1020F000B919CCF80410CCF80890CCF80C201A6868
:1021000015431D6094F90C20920102F1A04213695D
:102110005801FCD494F90D309B0103F1A0431969D7
:1021200011F08061FBD13246384605F053FE20683D
:10213000A1684AF2030401EB410300EBC3004FF036
:1021400001021923C0F8D84042EC4030FFF706FEE8
:10215000002007B0BDE8F08F002B7FF4E4AE6FF0F5
:102160000400F6E7002BE4D04FF001084FF0004CDC
:10217000036808FA01FB01EB410223EA0B03D4F8E0
:10218000049000EBC20E0360DEF8CC3009EB080AC5
:102190006FF3D01343EA0A330EF5865243EAC913AC
:1021A000CEF8CC30C2F810C00023C2F810C04FF0F7
:1021B0008072CDE90023F4F7E7FFD4E90031A2688B
:1021C00001F01F010491101D02EB420103EBC10558
:1021D00003F5005A08FA00F1CAF8001046F220018F
:1021E00002F1080E4FEAC60C08FA0EFE0CF1FF3C95
:1021F00003EB8209CAF800E0C9F810C0C5F8D8108E
:1022000046F240014FF0A04BC9F81070049FC5F88A
:10221000D810C5F8D87094F90CC0039D08FA0CF1D9
:102220004FEA8C1ECBF864140EEB0B07F9684901DA
:10223000FCD40EF1A0410D600395012503EB800055
:10224000486003F12F4000F56000000D02EBC00074
:102250009540164AB60802EA4C3242EA404242F041
:10226000807242F019028E60CA601A682A431A60AE
:102270000B695B01FCD40122A368216818339A40E2
:102280008A608B681342FCD0012300262068A16875
:1022900005688B4025EA0305056018220123009696
:1022A000F4F7A6FF2068A16843E700BFFDFF01FC2B
:1022B00010B51720EEF732FD4FF00104172044EC63
:1022C000440000220121EEF79DFC1820EEF726FDC8
:1022D000182344EC44304FF0000242EC4030192007
:1022E000EEF71CFD192344EC443044EC403010BDA3
:1022F00038B517254FF0000444EC4050142003F08B
:10230000F5FC4FF0010343EC4050FA2003F0EEFCE3
:102310001820EEF703FD182344EC443038BD00BF0D
:1023200030B5082300250E4C85B004EAC22444EAE7
:102330000174009344F08044042229466B4444F025
:102340000404039564BA0294FFF7E4FD18B90398F6
:1023500040BA05B030BD6FF0040005B030BD00BF1D
:1023600000F8FF0F944630B50D460422114C89B099
:1023700004EACC2444EA057444F0804414430294F3
:10238000A5F10104B4FA84F46409944008340021EE
:1023900002AB0094FFF7BEFD40B9012D14BF01232D
:1023A00005230DEB8303986809B030BD6FF004007E
:1023B00009B030BD00F8FF0F944630B50D46134C00
:1023C00089B004EACC2444EA057444F0804444F023
:1023D00002040294A5F10104B4FA84F4042264090D
:1023E00094400834002102AB0094FFF793FD40B9FC
:1023F000012D14BF012305230DEB8303986809B059
:1024000030BD6FF0040009B030BD00BF00F8FF0F11
:10241000944630B50D46134C89B004EACC2444EA06
:10242000057444F0804444F001040294A5F10104D1
:10243000B4FA84F40422640994400834002102AB05
:102440000094FFF767FD40B9012D14BF0123052358
:102450000DEB8303986809B030BD6FF0040009B03C
:1024600030BD00BF00F8FF0F2DE9F04F5BBA044606
:102470006E4DD4F84C4805EAC22545EA017521683D
:1024800087B001F12F4101F56001090D06311820D7
:1024900045F04042C9B242F0040252BACDE90423E9
:1024A000EEF792FB21681D2001F12F4101F560013B
:1024B000090D0631C9B2EEF787FB012200211D206C
:1024C000EEF7A0FB0027192347EC403001254FF021
:1024D00000462068A168D0F8009005FA01F201EBEF
:1024E000410329EA0202D4F804E000EBC30C0260C5
:1024F000DCF8CC200EEB05086FF3D01242EA08326C
:102500000CF5865342EACE12CCF8CC201E614FF077
:1025100080721E6100234FF03F0A46F22009CDE988
:102520000023F4F731FED4E90031A26801F01F0165
:102530000391101D02F1080602EB420105FA06F6AE
:1025400003EBC10103F5005E03EB820C05FA00FB0F
:10255000CEF800B0CEF80060CCF810A0C1F8D8904A
:10256000CCF8107046F240074FF0A048039EC1F827
:10257000D870C1F8D86094F90C60B540B701C8F8BC
:10258000645407EB0805E9684901FCD44FF0010CDD
:1025900007F1A041022703F12F4505F560052D0D38
:1025A00002EBC5050CFA02FC214A03EB800002EAAB
:1025B000463242EA454242F0807242F0190204ADCE
:1025C0000D6048608F60CA601A684CEA02021A60A7
:1025D0000B695B01FCD40122A368216818339A407F
:1025E0008A608B681A42FCD0012700252068A16808
:1025F000066807FA01F326EA030606603B4618223E
:102600000095F4F7F5FD4AF20300A368226803EB96
:10261000430302EBC3031921C3F8D80047EC401071
:10262000FFF79CFB284607B0BDE8F08F00F8FF0FCE
:10263000FDFF01FC2DE9F04F04466E4DD4F84C48E7
:1026400005EAC22545EA0175216845F0404501F1DA
:102650002F4101F56001090D063187B0182045F0C2
:102660000405C9B2CDE90453EEF7AEFA21681D2086
:1026700001F12F4101F56001090D0631C9B2EEF7F4
:10268000A3FA012200211D20EEF7BCFA002719232E
:1026900047EC403001254FF000462068A168D0F893
:1026A000009005FA01F201EB410329EA0202D4F895
:1026B00004E000EBC30C0260DCF8CC200EEB050854
:1026C0006FF3D01242EA08320CF5865342EACE127A
:1026D000CCF8CC201E614FF080721E6100234FF0B9
:1026E0003F0A46F22009CDE90023F4F74DFDD4E975
:1026F0000031A26801F01F010391101D02F10806CC
:1027000002EB420105FA06F603EBC10103F5005E98
:1027100003EB820C05FA00FBCEF800B0CEF80060A7
:10272000CCF810A0C1F8D890CCF8107046F2400751
:102730004FF0A048039EC1F8D870C1F8D86094F952
:102740000C60B540B701C8F8645407EB0805E968A8
:102750004901FCD44FF0010C07F1A041022703F11D
:102760002F4505F560052D0D02EBC5050CFA02FCA1
:10277000214A03EB800002EA463242EA454242F037
:10278000807242F0190204AD0D6048608F60CA602B
:102790001A684CEA02021A600B695B01FCD4012240
:1027A000A368216818339A408A608B681A42FCD06B
:1027B000012700252068A168066807FA01F326EAC8
:1027C000030606603B4618220095F4F711FD4AF215
:1027D0000300A368226803EB430302EBC303192140
:1027E000C3F8D80047EC4010FFF7B8FA284607B006
:1027F000BDE8F08F00F8FF0FFDFF01FC2DE9F04F61
:1028000004466E4DD4F84C4805EAC22545EA0175E8
:10281000216845F0404501F12F4101F56001090DA6
:10282000063187B0182045F00205C9B2CDE904533E
:10283000EEF7CAF921681D2001F12F4101F5600171
:10284000090D0631C9B2EEF7BFF9012200211D20A2
:10285000EEF7D8F90027192347EC403001254FF057
:1028600000462068A168D0F8009005FA01F201EB5B
:10287000410329EA0202D4F804E000EBC30C026031
:10288000DCF8CC200EEB05086FF3D01242EA0832D8
:102890000CF5865342EACE12CCF8CC201E614FF0E4
:1028A00080721E6100234FF03F0A46F22009CDE9F5
:1028B0000023F4F769FCD4E90031A26801F01F019C
:1028C0000391101D02F1080602EB420105FA06F61B
:1028D00003EBC10103F5005E03EB820C05FA00FB7C
:1028E000CEF800B0CEF80060CCF810A0C1F8D890B7
:1028F000CCF8107046F240074FF0A048039EC1F894
:10290000D870C1F8D86094F90C60B540B701C8F828
:10291000645407EB0805E9684901FCD44FF0010C49
:1029200007F1A041022703F12F4505F560052D0DA4
:1029300002EBC5050CFA02FC214A03EB800002EA17
:10294000463242EA454242F0807242F0190204AD3A
:102950000D6048608F60CA601A684CEA02021A6013
:102960000B695B01FCD40122A368216818339A40EB
:102970008A608B681A42FCD0012700252068A16874
:10298000066807FA01F326EA030606603B461822AA
:102990000095F4F72DFC4AF20300A368226803EBCC
:1029A000430302EBC3031921C3F8D80047EC4010DE
:1029B000FFF7D4F9284607B0BDE8F08F00F8FF0F05
:1029C000FDFF01FC2DE9F04F04466E4DD4F84C4854
:1029D00005EAC22545EA0175216845F0404501F147
:1029E0002F4101F56001090D063187B0182045F02F
:1029F0000105C9B2CDE90453EEF7E6F821681D20C0
:102A000001F12F4101F56001090D0631C9B2EEF760
:102A1000DBF8012200211D20EEF7F4F8002719232E
:102A200047EC403001254FF000462068A168D0F8FF
:102A3000009005FA01F201EB410329EA0202D4F801
:102A400004E000EBC30C0260DCF8CC200EEB0508C0
:102A50006FF3D01242EA08320CF5865342EACE12E6
:102A6000CCF8CC201E614FF080721E6100234FF025
:102A70003F0A46F22009CDE90023F4F785FBD4E9AB
:102A80000031A26801F01F010391101D02F1080638
:102A900002EB420105FA06F603EBC10103F5005E05
:102AA00003EB820C05FA00FBCEF800B0CEF8006014
:102AB000CCF810A0C1F8D890CCF8107046F24007BE
:102AC0004FF0A048039EC1F8D870C1F8D86094F9BF
:102AD0000C60B540B701C8F8645407EB0805E96815
:102AE0004901FCD44FF0010C07F1A041022703F18A
:102AF0002F4505F560052D0D02EBC5050CFA02FC0E
:102B0000214A03EB800002EA463242EA454242F0A3
:102B1000807242F0190204AD0D6048608F60CA6097
:102B20001A684CEA02021A600B695B01FCD40122AC
:102B3000A368216818339A408A608B681A42FCD0D7
:102B4000012700252068A168066807FA01F326EA34
:102B5000030606603B4618220095F4F749FB4AF24B
:102B60000300A368226803EB430302EBC3031921AC
:102B7000C3F8D80047EC4010FFF7F0F8284607B03C
:102B8000BDE8F08F00F8FF0FFDFF01FCF0B5012953
:102B9000054683B003F103001E460F46089C20F053
:102BA000030023D024234FF0040C174905EB8C0CB1
:102BB00001EAC221314341EA0771043041F080410A
:102BC000CCF8141004220090002128462B44FFF773
:102BD000A1F9074678B905F12801A14203D0324690
:102BE000204605F0A9F9384603B0F0BD14234FF094
:102BF000000C1030D9E76FF004010448F1F76AFEC9
:102C0000384603B0F0BD00BF00F8FF0F4CA0011024
:102C10002DE9F04F02298BB003F103049A460E46CA
:102C200005469346DDF8509024F003031ED0284A51
:102C30004AEA067602EACB2205F128001643484507
:102C400003F1040446F0404632D02F46524649462E
:102C500047F8246F05F070F90023224639462846CC
:102C600014930BB0BDE8F04FFFF754B940F2E734CE
:102C70004FF00808174F039304E0059B9B0623D4ED
:102C8000013C0DD304220021284604ABCDF800807E
:102C90000497FFF73FF90028EFD0039B002CC6D123
:102CA0000D48F1F797FD6FF005000BB0BDE8F08F10
:102CB000294600232246284641F8246F14930BB07E
:102CC000BDE8F04FFFF726B9039B002CAFD1E7E733
:102CD00000F8FF0F0440004080A2011038B583685F
:102CE00021F4FF4424F07F04A3420BD06340B3F1EE
:102CF000807F054607D213F47F0F0ED113F47F4F68
:102D000016D1AC6038BD230E01210D4AFFF75AFEE3
:102D1000AB68634013F47F0FF0D0230C01212846E9
:102D2000084AFFF74FFEAB68634013F47F4FE8D0CB
:102D300001212846044A230AFFF744FEE1E700BFC9
:102D40000C0001000B0001000A000100C31C70B55B
:102D50009D08A1F1020019D0012D52D023F0070CDB
:102D6000DE080B4601EB0C0E1C685A6843F8024C57
:102D7000C3F8022008339E45F6D1B5EB460F05D0C7
:102D800001EB0C0200EB0C0312681A60D1F8022070
:102D90000B8814BAC1F80240D1F806405BBA0B8028
:102DA00023BAC1F80630D1F80A30B2F18A4F1BBA03
:102DB000C1F80A3000D070BDB4F1006FFBD1B1F89A
:102DC000AE20D1F8B240D1F83E3015199D421BD843
:102DD00001F13A0313441C44A3423ED24FF0000CCD
:102DE000664604E0DD2D14D013449C421FD95A7866
:102DF00002329D18AC42F7D31D78302DF2D11E4619
:102E0000F2E70A460346BFE74FF0FF33C1F806304A
:102E100070BD9D78002DE7D1DD78502DE4D11D796E
:102E2000F22DE1D15D79012D08BF9C46DCE7331E10
:102E300018BF01239B00BCF1000F01D043F0020337
:102E4000B1F84A20D20691F8822048BF43F001032E
:102E500081F88630A1F8822070BD0023F0E700BF22
:102E60002DE9F0410E46054601213346184AFFF789
:102E7000A9FD334601212846154AFFF7A3FD26B3D5
:102E80004FF00308474640240AE0012002F02EFFDD
:102E90003346012128460E4AFFF794FD013C0ED02F
:102EA0000B4A01212846FFF7B3FA002800EA07027F
:102EB000EBDB4245E9D1FF28E7D0BDE8F0813146A0
:102EC000BDE8F0410348F1F705BDB0460127DAE758
:102ED0001F00010068A001102DE9F043C37C0546E6
:102EE0000F46164683B02BB9006802F04FFB01284D
:102EF00040F09580284602F04FFBAB7C2BB90121B6
:102F00002846FFF7ADFF0123AB74E97C00296ED0A2
:102F10004FF47A7402E0013C00F081800822002125
:102F20002846FFF71FFA421CF5D0C30540F1C580C3
:102F3000C0F34A235A1EB2F5C06F80F0B88010F07B
:102F4000020240F0B48005F12804022128460094D2
:102F5000FFF71CFE00283FD1298D6A8D51EA02033C
:102F600000F0AB800123EB744FF6FF7381EA020C93
:102F70009C4540F0A880D24392B2914240F0A0809C
:102F80000B2940F2A78095F82D3095F8302003F0FA
:102F90000F03022BAA7322D895F831C06A7BACEBE1
:102FA0000202D2B2142A98BF85F80DC00C291BD09A
:102FB000012B37D0022B66D01B2940F2978095F861
:102FC0002F302D8A23445A89954240F08C8010334B
:102FD0001C1B0C1B3C60336003B0BDE8F0830C2964
:102FE00018BF6FF00A00F7D16FF00300F4E7042276
:102FF0002846FFF7E1F9DFF80C911FFA80F8B9F8DD
:1030000000300446434502D010F0860F2DD1B8F1B0
:10301000000F31D1A106A9F800803FF579AF4FF03C
:10302000FF30D9E7102964D995F82F202244D078B1
:1030300002EB8002107C0432141B8828A1EB0401EF
:103040004BD1507B6C2848D1D07C00283FD1107DDB
:1030500010283CD1507D182839D11846183918321B
:103060003960326003B0BDE8F08341462248F1F791
:1030700031FCB8F1000FCDD0434604220021284690
:10308000FFF7BCFBC6E710292AD9184695F82F2070
:103090002244D37802EB8303043392781C1B0C1B6D
:1030A00044EAC2723A60336003B0BDE8F0830123A2
:1030B00028461946114AFFF785FC0023EB74AEE75A
:1030C0006FF0010088E70E48F1F704FCA7E76FF006
:1030D000090081E76FF002007EE76FF008007BE7F0
:1030E0006FF0060078E76FF0050075E76FF00400F9
:1030F00072E76FF007006FE78CA001100D00010070
:10310000B8A00110AEF800202DE9F04F044685B0BC
:1031100099468B46924602F03FFAA37C2BB90121D7
:103120002046FFF79DFE0123A374A37B13B32D4E0E
:10313000DFF8B880B76A0CE0A17BED1B19B9237BDF
:10314000627B9A421AD1454542D84FF47A7002F018
:1031500097FD204603AA02A9B56AFFF7BDFE012824
:10316000EAD1DDE90201FFF7F1FD0146204602F058
:1031700019FAE1E7237B627B9A42D8D00AF10C016D
:1031800089B289F8043089F805B0CDF80090A9F823
:103190000010C943BBF1020FA9F802104FF0000262
:1031A00014BF0C210E21581C0AF10F0389F80710D7
:1031B00089F80620A9F80820A9F80A20022120731E
:1031C00023F003032046FFF723FD05B0BDE8F08F91
:1031D000637B227B0448F1F77DFB6FF0010005B0B3
:1031E000BDE8F08F00000B40E4A0011040420F004A
:1031F0002DE9F04F284EDFF8AC80B76AB46A8A46F2
:10320000E41B44459346994683B02CD805460FE00D
:1032100002281FD0002803DB21462048F1F75AFB83
:103220004FF47A7002F02CFDB36ADB1B43451AD8C9
:103230006946284601AAFFF74FFE0446F8B1012867
:10324000E6D1DDE90001FFF781FD0146284602F0E5
:10325000A9F9E5E7DDE90013286821F00042C90F6C
:1032600002F03EF8DCE76FF001044B465A46514647
:103270000B48F1F72FFB204603B0BDE8F08F009B11
:103280004A46994528BF1A460C98019904F024FD36
:10329000204603B0BDE8F08F00000B4008A10110EC
:1032A00034A101103F420F002DE9F041044682B0E5
:1032B00008460E46904604F0B5FE0746314604F136
:1032C00044057E1C2846324604F036FE07F12103F1
:1032D000B3F5006F45F806801DD87E1D002107F16B
:1032E000150240F20717238A204601339BB223823E
:1032F0001B0443F00203E363A66304F12803216483
:103300006763FFF701FF30B933463A460221204692
:103310000095FFF76DFF02B0BDE8F0812DE9F047A1
:10332000044608461D468946904604F07BFE04F19B
:1033300044072946451C42467819089E04F0CCFCF7
:103340002A4649463846454404F0F6FD05F11C037B
:10335000B3F5006F20D8238A360301339BB246EAC7
:10336000034646F002060021E66340F20716238278
:103370002046A56304F1280305F110022164666369
:10338000FFF7C2FE40B92B4632462046089702217D
:10339000BDE8F047FFF72CBFBDE8F0872DE9F04707
:1033A00000F1440582B004460846984691460E4610
:1033B00004F038FE074631467E1C3246284604F0AB
:1033C000BBFD0021781D07F1250C05F80690AA1910
:1033D0002B184FEA182A4FEA18494FEA186EBCF525
:1033E000006F51709170D17005F8008083F801A0D2
:1033F00083F8029083F803E01DD807F1090607F16E
:10340000190240F20717238A204601339BB2238218
:103410001B0443F00203E363A663216404F1280361
:103420006763FFF771FE30B933463A460221204602
:103430000095FFF7DDFE02B0BDE8F08770B5836848
:1034400021F4FF4626F07F069E4204460D460AD030
:103450007340B3F1807F23D213F47F0F2AD113F48A
:103460007F4F32D1A660C5F30E020121204642F4FF
:103470000042FEF7CDFFA3680546B3F1C05F0DD053
:1034800083F0C053B3F1807F39D213F47F0F2BD177
:1034900013F47F4F20D14FF0C053A360284670BD76
:1034A000330E01211B4AFFF78DFAA368734013F412
:1034B0007F0FD4D0330C01212046174AFFF782FA40
:1034C000A368734013F47F4FCCD001212046134AE8
:1034D000330AFFF777FAC5E74FF4C01301212046FE
:1034E0000E4AFFF76FFAD6E74FF4C053012120468A
:1034F000094AFFF767FAA36883F0C053C8E71823A7
:1035000001212046034AFFF75DFAA36883F0C05308
:10351000BBE700BF0C0001000B0001000A00010026
:103520002DE9F843866821F4FF4727F07F07B7426B
:1035300004460D46904699460BD087EA060CBCF12E
:10354000807F3CD21CF47F0F2FD11CF47F4F25D1FC
:10355000A760C5F30E02B8F1010F4B4642F40042DA
:1035600017D001212046FFF765F8A368B3F1C05FCB
:103570000DD083F0C053B3F1807F3CD213F47F0FA2
:103580002ED113F47F4F23D14FF0C053A360BDE879
:10359000F88341462046FFF715FAE6E70121204669
:1035A0001A4A3B0AFFF70EFAD2E701212046184AD1
:1035B0003B0CFFF707FAA06887EA000CC5E73B0E53
:1035C0000121144AFFF7FEF9A36887EA030CB9E763
:1035D0004FF4C013012120460C4AFFF7F3F9D3E75B
:1035E0004FF4C05301212046094AFFF7EBF9A368C5
:1035F00083F0C053C5E7182301212046054AFFF791
:10360000E1F9A36883F0C053B8E700BF0A000100E6
:103610000B0001000C00010001292DE9F0410CBF55
:103620004FF438474FF4484704460CBFDFF88C830B
:10363000DFF88C830D464146FFF750FB3A460121E7
:103640002046FEF7E5FEA368B3F1C05F10D083F01B
:10365000C053B3F1807F80F0D08013F47F0F40F02F
:10366000D98013F47F4F40F0E3804FF0C053A36044
:1036700041462046FFF732FB3A4601212046FEF73D
:10368000C7FEA3680646B3F1C05F10D083F0C053F5
:10369000B3F1807F80F0788113F47F0F40F069816F
:1036A00013F47F4F40F05D814FF0C053A360F307E8
:1036B00040F17481012D0BBF4BF208454CF20845D7
:1036C000B84EB94E20463146FFF708FB03230121CF
:1036D0002A462046FFF776F9A368B3F1C05F10D001
:1036E00083F0C053B3F1807F80F0318113F47F0FFA
:1036F00040F0228113F47F4F40F016814FF0C05309
:10370000A36031462046FFF7E9FA2A460121204608
:10371000FEF77EFEA368B3F1C05F10D083F0C05304
:10372000B3F1807F80F0F68013F47F0F40F0E780E4
:1037300013F47F4F40F0DB804FF0C053A36041464D
:103740002046FFF7CBFA002301213A462046FFF737
:1037500039F9A368B3F1C05F10D083F0C053B3F15F
:10376000807F80F0BA8013F47F0F40F0AB8013F4B9
:103770007F4F40F09F804FF0C053A360012002F0C4
:10378000B5FA31462046FFF7A9FA01232A46194621
:103790002046FFF717F9A368B3F1C05F0DD083F09F
:1037A000C053B3F1807F7BD213F47F0F6DD113F43C
:1037B0007F4F62D14FF0C053A36031462046FFF7E0
:1037C0008DFA2A4601212046FEF722FEA368B3F1B6
:1037D000C05F0DD083F0C053B3F1807F43D213F4A8
:1037E0007F0F35D113F47F4F2AD14FF0C053A36020
:1037F0000120BDE8F04102F079BA182301212046EA
:103800006A4AFFF7DFF8A36883F0C05313F47F0F11
:103810003FF427AF4FF4C05301212046644AFFF71D
:10382000D1F8A36883F0C05313F47F4F3FF41DAF6A
:103830004FF4C013012120465E4AFFF7C3F814E796
:103840004FF4C013012120465A4AFFF7BBF8CCE7DA
:103850004FF4C05301212046554AFFF7B3F8A3683F
:1038600083F0C053BEE71823012120464F4AFFF7DB
:10387000A9F8A36883F0C053B1E74FF4C013012146
:1038800020464C4AFFF79EF894E74FF4C0530121BD
:103890002046474AFFF796F8A36883F0C05386E7AF
:1038A000182301212046414AFFF78CF8A36883F0D2
:1038B000C05379E74FF4C013012120463D4AFFF77A
:1038C00081F858E74FF4C05301212046384AFFF7EA
:1038D00079F8A36883F0C05349E7182301212046F3
:1038E000324AFFF76FF8A36883F0C0533BE74FF409
:1038F000C013012120462F4AFFF764F81CE74FF45C
:10390000C053012120462A4AFFF75CF8A36883F0E0
:10391000C0530DE7182301212046244AFFF752F82F
:10392000A36883F0C053FFE64FF4C0130121204683
:10393000204AFFF747F8E1E64FF4C0530121204643
:103940001B4AFFF73FF8A36883F0C053D2E6182361
:1039500001212046154AFFF735F8A36883F0C053CC
:10396000C4E64FF4C01301212046124AFFF72AF89B
:103970009AE64FF4C053012120460D4AFFF722F882
:10398000A36883F0C0538BE6182301212046074A21
:10399000FFF718F8A36883F0C0537DE60648F0F7F8
:1039A00019FF87E608341018084410180C000100AD
:1039B0000B0001000A0001005CA101100038101882
:1039C0000048101800234FF48072016083608281E8
:1039D00083730361C0F84C38704700BFFEF7D0B95D
:1039E00070B50446184602F11203B3F5006F9DF856
:1039F00010601CD82023E3860023154684F8381075
:103A000004F13A0C84F8393066B90146604604F096
:103A100063F9204604F12803AA1D0221BDE8704085
:103A2000FFF772BB614692B2F5F73EFBF1E76FF02C
:103A3000040070BD10B5044682B06946204601AA54
:103A4000FFF74AFA012805D002280CD00130F4D142
:103A500002B010BDDDE90001FFF778F9014620460C
:103A600001F0A0FDE9E7DDE90013206821F0004244
:103A7000C90F01F035FCE0E72DE9F0471F4602F1E0
:103A80001C03B3F5006FDDF820C02DD804464FF0BD
:103A9000000916464D084563008A4FEA410808F0C0
:103AA0000208013080B248EA0C3C4CEA0043E36370
:103AB00093B239462082A36304F14400C4F84090D5
:103AC00004F00AF94946204604F1280306F11002E1
:103AD000FFF71AFB50B933462A464146204608975D
:103AE000BDE8F047FFF784BB6FF00400BDE8F08746
:103AF00010B5044641B1837C03B910BD0021BDE877
:103B000010408174FFF7ACB901F046FDA37C002B97
:103B1000F3D101212046FFF7A3F90123A37410BDBF
:103B20000B462DE9F0410446764A1E0C03CA82B0CA
:103B300004F144056064A164D8B2C3F3072100F026
:103B4000D68000221B0E66F3070263F30F2240F2B9
:103B500007174FF0140884F84D1084F85510002111
:103B6000238A04F1280601339BB223821B0443F00D
:103B70000203226584F84C0084F85400E363242295
:103B800033462046C4E90D78A4F84E10A4F8561028
:103B90002164FFF7B9FA30B943463A46022120467C
:103BA0000095FFF725FB322002F0A0F84027002106
:103BB0004FF00408238A142201339BB223821B0492
:103BC00043F00203E36320463346C4E90D786164A1
:103BD0002164FFF799FA30B943463A46022120465C
:103BE0000095FFF705FB002220464749FFF75CFBE5
:103BF000012220464549FFF757FB08222046444949
:103C0000FFF752FB042220464249FFF74DFB0022FA
:103C100020464149FFF748FB404B60689B6A404A99
:103C2000191A914266D94FF0FF33E7224BF6EE7036
:103C30007F214FF0000E40F207174FF02908DFF800
:103C4000E4C0C4F85A30C4F85E30C4F86230C4F836
:103C50006630A4F85F0084F8621084F85C20C4F831
:103C60006930BCE80F006064EB60BCF8003069604C
:103C7000AA602B82238A714601339BB223821B04E4
:103C800043F00203E363392233462046C4E90D784A
:103C9000C4F840E0FFF738FA30B943463A4602210B
:103CA00020460095FFF7A4FA322002F01FF81022F8
:103CB00002250021208A3346013080B220829040C4
:103CC0002843E063C4E90D5120462164FFF71CFA44
:103CD000034628B92A46294620460093FFF788FA6A
:103CE000322002F003F8002002B0BDE8F0814FF06E
:103CF000FF322CE7C3F5123303F5F873184402F0D2
:103D000015F890E7D01B051078A1011084A10110CF
:103D10008CA101109CA10110A8A1011000000B4072
:103D2000EF490200B8A101102DE9F04104464FF01F
:103D3000000E4FF483761427038ADFF86CC001333A
:103D40009BB282B003821B04C0E90D67C0F840E05B
:103D5000C3630D4600F14408BCE80F006064DCF862
:103D60000000A164E2642365606571462422204658
:103D700004F12803FFF7C8F968B901463B4632460B
:103D80002046CDF80080FFF733FA38B9636C2B601A
:103D9000B4F84830AB8002B0BDE8F0816FF00100AC
:103DA00002B0BDE8F08100BFDC1B05102DE9F04733
:103DB0009E4B86B09B6A044643600F46FEF716F89A
:103DC00088B9FEF775FA0A25FEF792FA984E142282
:103DD00000212046FEF7A4FAB0420DD0012001F0E8
:103DE00085FF013DF3D19348F0F7F4FC6FF0050631
:103DF000304606B0BDE8F0870022204611468E4BC3
:103E0000FEF732FB05460028EDD10246014620466A
:103E1000FEF7A8FA294610231D222046FEF7D2FD00
:103E200001460028DFD1992304222046FEF7CAFD6F
:103E300001460028D7D1BE2306222046FEF7DEFC2D
:103E40000028D0D10823012120467C4AFEF7BAFD84
:103E50000A257A4A01212046FEF7DAFA420608D4FA
:103E6000012001F043FF013DF3D17548F0F7B2FCAA
:103E7000BCE70023714A01212046FEF7A3FD20463E
:103E80007049FEF72BFF4FF4384201212046FEF720
:103E9000BFFAA368B3F1C05F10D083F0C053B3F191
:103EA000807F80F0D38213F47F0F40F0978213F469
:103EB0007F4F40F08B824FF0C053A3602046614992
:103EC000FEF70CFF4FF4384201212046FEF7A0FA1E
:103ED000A3680546B3F1C05F10D083F0C053B3F1BF
:103EE000807F80F0698213F47F0F40F05A8213F4D0
:103EF0007F4F40F04E824FF0C053A360EB0740F17C
:103F00005B8320465049FEF7E9FE4FF44842012109
:103F10002046FEF77DFAA368B3F1C05F10D083F0AE
:103F2000C053B3F1807F80F0B88213F47F0F40F06C
:103F3000A98213F47F4F40F09D824FF0C053A360DD
:103F400020464149FEF7CAFE4FF44842012120466F
:103F5000FEF75EFAA3680546B3F1C05F10D083F0A8
:103F6000C053B3F1807F80F07B8213F47F0F40F069
:103F7000A68213F47F4F40F09A824FF0C053A360A3
:103F8000EE0740F11D8302212046FFF745FB032386
:103F9000042220462D49FFF7C3FA002304222046BD
:103FA0002B49FFF7BDFA2B4B2B4EB3F80E23B2F57E
:103FB000FA7F80F2AD8093F80D33002B40F0A8809B
:103FC000502A40F3A580254D05F15003A3EB0208CC
:103FD00002E0454500F09C8028460922204903F074
:103FE00047FF013D0028F4D10546DFF87880A6F1AF
:103FF00040092E46204631464035FEF76FFEC6F397
:104000000E0209EB0500009040230121204642F4F6
:104010000042FEF7FDFD064600287FF4E9AE454567
:10402000E7D18046DFF840A03BE000BF00000B4036
:10403000ADBEEDFECCA10110B30402000E000100E4
:1040400020A2011000381018004810181040001865
:1040500044400018A611051008A9011063140510AA
:10406000ECA10110C06B0300E018051013F47F0FE2
:104070003AD113F47F4F43D14FF4F023A3600AEBFE
:1040800008004038C5F30E02009001214B4620463F
:1040900042F40042FEF7BCFD00283DD1B8F5407F58
:1040A0003AD04546A16808F14008B8F53A7F8CBF80
:1040B0004FF028094FF0400905F5FF25B1F5F02F25
:1040C00081F4F02305F21455D9D0B3F1807FCDD31C
:1040D000002301212046C74AFEF774FCA36883F43D
:1040E000F02313F47F0FC4D0072301212046C24AD6
:1040F000FEF768FCA36883F4F02313F47F4FBBD072
:104100004FF4F06301212046BC4AFEF75BFCB3E7A5
:10411000BB48F0F75FFB69E6BA4B04222046BA4978
:10412000FFF7FEF901212046FFF776FA2046B7494E
:10413000FFF784F900F00303012B40F022812046B1
:10414000B349FFF77BF9C50700F11F814FF47A757A
:1041500005E0012001F0CAFD013D00F025820121AA
:104160002046AC4AFEF754F90006F2D5F0230422AB
:104170002046A949FFF7D4F9202301212046A74A68
:10418000FEF720FC4FF47A7505E0012001F0AEFD4A
:10419000013D00F00D82002108222046FEF7E2F8E2
:1041A0008106F2D501219E4A2046FEF731F9C3B2BD
:1041B00001219B4A43F002032046FEF703FC08233B
:1041C000F02200212046FEF7FDFB02230121914A47
:1041D0002046FEF7F7FB934A01212046FEF718F927
:1041E000C20740F17B810F2301218F4A2046FEF751
:1041F000E9FB002301218C4A2046FEF7E3FB012165
:10420000894A2046FEF704F9042200212046FEF7E1
:10421000D3F8C30700F16B81A368B3F1C05F10D07E
:1042200083F0C053B3F1807F80F0B48113F47F0F2B
:1042300040F0A58113F47F4F40F099814FF0C053B7
:10424000A36048F2085201212046FEF78BF8A368CC
:10425000B3F1C05F10D083F0C053B3F1807F80F022
:10426000748113F47F0F40F0658113F47F4F40F0A9
:1042700076814FF0C053A360204601F08DF9A37CF6
:104280002BB901212046FEF7EBFD0123A3744FF06B
:10429000000A4FF4767240F207184FF47C796349B4
:1042A000634BC4E9142AE16403CB6064A16404F1A4
:1042B0005800604903F040FE238A514601339BB207
:1042C00023821B0443F00203C4F840A004F1280A2F
:1042D000E3634FF4806253462046C4E90D8904F13C
:1042E0004405FEF711FF30B94B46424602212046F5
:1042F0000095FEF77DFF4FF0000E4FF483784FF0EE
:104300001309DFF844C1BCE80F006064AA60BCF880
:10431000002069602A829CF80220EB60AA74228A3D
:104320007146013292B222821204E2635346232282
:104330002046C4E90D89C4F840E0FEF7E5FE0146D9
:1043400028B94B46424620460095FEF751FF636C64
:10435000002B40F0BF80002220463749FEF7A4FF23
:10436000012220463549FEF79FFF002F00F0C6804E
:1043700000253B460622204631490095FEF7CEFF38
:1043800036E53048F0F726FAD9E62E48F0F722FA5B
:10439000DCE64FF4C01301212046184AFEF712FB59
:1043A000A9E54FF4C05301212046134AFEF70AFB4A
:1043B000A36883F0C0539AE51823012120460D4AD3
:1043C000FEF700FBA36883F0C0538CE54FF4C013E5
:1043D00001212046094AFEF7F5FA6CE54FF4C05377
:1043E00001212046044AFEF7EDFAA36883F0C0538A
:1043F0005DE500BF0C0001000B0001000A00010098
:10440000F8A10110BA0045FFFCFF0700083410189E
:10441000003810180E0001002420001808000100C8
:104420001E0001001F0001000F0001000610020025
:10443000F41B05100815051078A1011084A10110C6
:10444000A8A201104CA20110001C05101823012184
:1044500020465D4AFEF7B6FAA36883F0C05322E512
:10446000182301212046584AFEF7ACFAA36883F0CE
:10447000C0537AE54FF4C01301212046534AFEF79A
:10448000A1FA5AE54FF4C05301212046504AFEF7E5
:1044900099FAA36883F0C0534BE518230121204605
:1044A000494AFEF78FFAA36883F0C0533DE54FF405
:1044B000C01301212046454AFEF784FA5DE54FF41A
:1044C000C05301212046424AFEF77CFAA36883F0DC
:1044D000C0534EE53F48F0F77DF93CE7C3B20121F8
:1044E00020463D4A43F00103FEF76CFA7BE683B2B7
:1044F000042200212046FEF781F98DE6374B02AFFA
:1045000093E803000490ADF8141020463946FFF7F5
:104510000BFC50B90299049A91427FF469ACBA88B5
:10452000BDF814309A427FF463AC3946002001F0A4
:1045300079FB1DE74FF4C05301212046244AFEF7C2
:1045400041FAA36883F0C0538FE618230121204667
:104550001D4AFEF737FAA36883F0C05381E64FF493
:10456000C01301212046194AFEF72CFA81E64FF4C8
:10457000C01301212046154AFEF724FA5EE64FF4E7
:10458000C05301212046124AFEF71CFAA36883F0AB
:10459000C0534FE61823012120460B4AFEF712FABA
:1045A000A36883F0C05341E60D48F0F713F91DE40A
:1045B0000C48F0F70FF919E40B48F0F70BF9A0E4F9
:1045C0000948F0F707F9DEE40C0001000A000100D9
:1045D0000B00010090A201101F000100141C051027
:1045E00060A2011078A201105CA10110C82A28BFA6
:1045F000C822012A38BF01222DE9F04104461E4697
:1046000002EB820282B00D4652003949FEF74CFEA1
:10461000324620463749FEF747FE2046089A36497B
:10462000FEF742FE2046099A3449FEF73DFE562722
:104630004FF004080021238A04F1280601339BB2BD
:1046400023821B0443F002036564E36314223346B0
:104650002046C4E90D78216404F14405FEF754FDB9
:1046600030B943463A46022120460095FEF7C0FD88
:1046700001226E2700214FF00408238A626413444C
:104680009BB223821B0443F00203E36314223346EC
:10469000204667632164C4F83880FEF735FD30B9E1
:1046A00043463A46022120460095FEF7A1FD00212F
:1046B000334604278E26228A2046013292B2228275
:1046C000120442F00202E263C4E910111422C4E9A8
:1046D0000D67FEF719FD30B93B46324602212046F0
:1046E0000095FEF785FD002002B0BDE8F08100BF17
:1046F000B8A20110C8A20110D4A20110E0A20110BA
:104700002DE9F04F1446A9B0DDF8CC808B46082285
:104710001049059402930446FEF7C6FDB8F1000F58
:1047200000F0A1810C4B28F002029A421CD00B4BE6
:10473000984500F018820A4B984500F01982094B01
:10474000984540F01F82002304204FF48027CDE9D4
:1047500003300DE08CA10110040040000200200095
:10476000040000010400400180270023CDE9037309
:10477000029B402B00F20682002186264FF0040A9D
:10478000238A04F1280901339BB223821B0443F0DE
:104790000203E36314224B462046C4E90D6A84F801
:1047A000448084F8451084F8461084F8471021644A
:1047B00004F14405FEF7A8FC30B953463246022105
:1047C00020460095FEF714FDB8F10003C24E18BF55
:1047D000012300222046C149FEF7E0FD0FCE6064B0
:1047E000EB60B3884FF0000CAB82B3794FF0FF3E23
:1047F000AB751F2340F2071A30686960AA60286110
:10480000A363238A614601339BB223821B0443F0D6
:104810000203E3632F224B462046C4F85FE0C4F84E
:104820005BC0C4F834A0C4F840C0FEF76DFC30B9DA
:104830001F235246022120460095FEF7D9FC41F283
:10484000883300222046A649FEF7A8FDB8F1000FE4
:1048500034D0A44B984531D0012344264FF00008B2
:104860004FF4867A029A329908A8ADF81C20ADF868
:104870001E3003F061FB022001F038FA238A324631
:1048800001339BB223821B0443F00203E36307A9B5
:104890002846C4E90DA6C4F8408003F04DFB4B4602
:1048A000542241462046FEF72FFC38B907AB00934F
:1048B0005246334602212046FEF79AFCB7F5802F78
:1048C00000F0168101234FF01408002104266364D0
:1048D000238A424601339BB223821B0443F0020326
:1048E000E36320464B46C4F834802164A663FEF798
:1048F0000BFC30B933464246022120460095FEF7B4
:1049000077FC0023002116264FF0040884F8443079
:10491000238A142201339BB223821B0443F0020337
:10492000E36320464B46C4E90D6884F8451084F8DB
:10493000461084F847102164FEF7E6FB30B9434681
:104940003246022120460095FEF752FC802F1BBF05
:10495000A7F58022B2FA82F201225209204662496A
:10496000FEF7A2FCA52600210427039B142284F84D
:104970004430049B204684F84630238AC4E90D67FE
:1049800001339BB223821B0443F00203E36384F8E8
:1049900045104B4684F847102164FEF7B5FB30B94B
:1049A0003B463246022120460095FEF721FC059E3B
:1049B0005A463146C4F828B804F62C0003F0BCFA75
:1049C000349B002B53D04222002108A803F002FAA6
:1049D00031465A4608A8CDF81CB003F0ADFA4FF0A6
:1049E000FF330022CDE91133CDE91333349B8DF829
:1049F000402018689B881590ADF85830359B591C9D
:104A000006D01A46012342F48057ADF86070179320
:104A1000462207A904F1490003F08EFA40F2071676
:104A200000214B27314B5B2218681B7960642B7186
:104A3000208A4B46013080B22082000440F0020000
:104A4000E063C4E90D6720462164FEF75DFB30B9E1
:104A50003B463246022120460095FEF7C9FB002066
:104A600029B0BDE8F08F4746CDE9038884E623648A
:104A7000238A1A2201339BB223821B0443F00203D0
:104A8000E363242304F62806B446C4E90D2304F6A0
:104A9000480E674610350FCF77450CF1100C45F8DE
:104AA000100C45F80C1C45F8082C45F8043CF0D1D6
:104AB000DCF800004B462860342200212046FEF737
:104AC00023FB0028CBD124231A2202212046009662
:104AD000FEF78EFBC3E700BF00A30110F0A2011098
:104AE00018A30110040000013CA3011040A3011011
:104AF0000026802200210DF11E0003F06BF9029BBD
:104B000032991A460DF11E00ADF81C3003F014FA6C
:104B1000022001F0EBF8822220461C4907AB0096E8
:104B2000FEF7FCFB01234FF01408314626640426EF
:104B30006364238A424601339BB223821B0443F001
:104B40000203E36320464B46C4F83480A663FEF7B5
:104B5000DBFA30B933464246022120460095FEF783
:104B600047FB0323CEE604270023CDE90373FFE5CB
:104B7000029B802B06D8002304254FF48027CDE923
:104B80000335F9E56FF004006AE700BF2CA30110BC
:104B9000F0B500210425A526038A83B001339BB21A
:104BA00003821B0443F00203C3631422C0E90D65B2
:104BB0000164456400F128030446FEF7A5FA40B9F4
:104BC00004F144072B463246022120460097FEF7A7
:104BD0000FFB03B0F0BD00BF1A23002270B52421E3
:104BE000044600F6280582B043632B460264028A1D
:104BF0008163013292B200F1440100F6480C1004C6
:104C000040F002002282E0631E68D3F804E0986856
:104C1000DA68103363450E60C1F804E08860CA604A
:104C200001F11001F0D11B6834220B6020460021F5
:104C300004F12803FEF768FA30B924231A2202216E
:104C400020460095FEF7D4FA02B070BD2DE9F04F72
:104C50000446012588464FF4837A00214FF0080B63
:104C60001E46238AA5482B44406D9BB283B004F1B5
:104C7000280723821B0491466064A564E36318221D
:104C80003B462046C4E90DAB216404F14405FEF720
:104C90003BFA30B901465B46524620460095FEF786
:104CA000A7FA636C002B40F022813EB1944B9E42E8
:104CB0000C9B00F0AB81402B00F2AB81022220461E
:104CC0009049FEF7F1FA0123C4E9113804F14C03CD
:104CD00018462022002103F07DF84246494603F0A1
:104CE0002BF92822294604F1500002F0F5FF40F28A
:104CF00007184FF0000C4FF03409834B07CB60646A
:104D00006960AA60238A614601339BB223821B0437
:104D100043F00203E36344223B462046C4E90D8985
:104D2000C4F840C0FEF7F0F930B94B4642460221C4
:104D300020460095FEF75CFA00214FF01E084FF068
:104D400004090E9B14226364238A204601339BB21C
:104D500023821B0443F00203E363C4E90D893B464D
:104D60002164FEF7D1F930B94B4642460221204674
:104D70000095FEF73DFA3346012220466349FEF7CF
:104D80000DFB5F4B9E4200F0B68003F58003F31AE3
:104D9000B3FA83F35B0941F20202002140F20718E3
:104DA0004FF0080984F84830238AC4E90D8901339B
:104DB0009BB2238242EA0343E363554B18221868EF
:104DC00084F8491060643B46204684F84A1084F811
:104DD0004B102164FEF798F930B94B464246022148
:104DE00020460095FEF704FAC6B14A4B9E4200F0F9
:104DF0001381494B26F002029A4200F09380404B07
:104E00009E4200F00B8103F580039E4200F02B814F
:104E10000023012220464149FEF7C0FA0121238ADE
:104E200041F202020B446E264FF004086164002137
:104E30009BB2238242EA0343E36314223B462046AB
:104E400066632164C4F83880FEF75EF930B94346E2
:104E50003246022120460095FEF7CAF941F20202CD
:104E60004FF0000C4FF0160E40F207164FF00D08F1
:104E70002B4B03CB1B78606469602B72238A6146DD
:104E800001339BB242EA03422382E2633B461D2286
:104E90002046C4E90D68C4F84DE0C4F840C0FEF7F0
:104EA00033F930B943463246022120460095FEF7D9
:104EB0009FF9012041F20201228A4E26024492B259
:104EC0003B462282042741EA02420021E2636064F9
:104ED0001422204666632164A763FEF715F930B9F2
:104EE0003B463246022120460095FEF781F900201C
:104EF00003B0BDE8F08F02234DE700BFC81B0510CB
:104F0000040000018CA1011048A3011054A301105A
:104F10003CA30110020020000400400060A3011027
:104F200084A301108423012220466249FEF736FA49
:104F30000C9B5FFA83F9C3F307280123A4F84630DA
:104F400004F1480318464022002184F8449084F874
:104F5000458002F03FFFDDE90C2102F0EDFF022069
:104F600000F0C4FE41F2020000214FF486784FF0B9
:104F70004409238A542201339BB240EA034023822E
:104F8000E0633B462046C4E90D892164FEF7BCF886
:104F900030B94B464246022120460095FEF728F9DB
:104FA000454B26F480069E427FF438AF4FF0010A4D
:104FB00045F2020C4FF0000E40F207184FF01509B1
:104FC0003E4E0FCE6064EB6033786960AA602B744C
:104FD000238A714653449BB24CEA03422382E26324
:104FE0003B4625222046C4E90D89C4F855A0C4F8E3
:104FF00040E0FEF789F800287FF410AF4B464246A8
:10500000022120460095FEF7F3F807E7802B7FF694
:1050100055AE6FF004006BE7042384E720464FF49D
:10502000802301222349FEF7B9F90C9B80221B0A39
:1050300084F845300C9B002184F8443004F1460389
:10504000184602F0C7FEDDE90C2102F075FF0220D0
:1050500000F04CFE0120822200902B462046184989
:10506000FEF75CF9A2E720460122164B1149FEF734
:1050700095F90C9B80225FFA83F9C3F3072804F1AA
:1050800046031846002184F8449084F8458002F0D5
:10509000A1FEDDE90C2102F04FFF022000F026FE08
:1050A00001238222009320462B460549FEF736F95C
:1050B00043E700BF60A301100400000170A30110CA
:1050C0002CA3011080000400F0B500230446012742
:1050D00040F207150C2683B084F84C1084F84D304C
:1050E000194684F84E3084F84F302364238A104ADE
:1050F00001339BB2106823821B0443F002036064F7
:10510000E3631C222046C4E90D56A76404F128037A
:10511000FDF7FAFF40B904F1440733462A4602215D
:1051200020460097FEF764F8002003B0F0BD00BFF2
:1051300090A3011008B5006800F028FAA0F1010062
:10514000B0FA80F0400908BD38B540F2DC520446A0
:105150003A230A4D0A498286C0E9051590F83F10A6
:1051600080F83D3004F136023039406A00F08EFBA1
:10517000062384F83C30002038BD00BF8551011063
:10518000C900011001220B4600B583B0009290F8CF
:105190003F101A89406A303900F022FB10B903B081
:1051A0005DF804FB01460348EFF794FB6FF00B003A
:1051B000F5E700BF94A30110F0B501EBC103DB00DC
:1051C00003F6D4020C46064689B0871879BB002244
:1051D0006FF07F4343F27701CDE904232DA3D3E998
:1051E0000023CDE90623284A284B0090A0F8121985
:1051F00004A9CDE90132384605AA06ABF3F7AAFAAD
:10520000234B3846C6F80439F3F7FCFB3846F3F76E
:10521000FFFB204607A9F2F761FE384606F6641147
:10522000F9F7F8FE3846F9F713FF09B0F0BD9FED26
:10523000127B77218DED047B9FED117BC518124AFF
:10524000124B303485F8121985F8134904A9CDE9B9
:105250000132009005AA06AB38468DED067BF3F7C8
:1052600079FA0B4B3846C5F80439F3F7CBFB3846CF
:10527000F3F7CEFB09B0F0BDC0A80401FFFFFF00AB
:10528000C0A8040108080808D119011049510110EB
:10529000B8A30110C0A800010808080838B501EB40
:1052A000C10300EBC30000F6D40499B10B4B1B689B
:1052B0002BB100259C4203D01B68002BFAD138BDCE
:1052C0002046F3F757FB2368656084F83D50002BB8
:1052D000F0D138BD2046FAF7D7F9E7E70CB7002040
:1052E0002DE9F84301EBC10100EBC104054694F838
:1052F0001109400701D4BDE8F88396B200204FF4AD
:10530000C1724FEAC10931461F46F3F72FFC8046B0
:105310000028F0D039463246F3F704FF09F6D401ED
:105320004046D4F8E438294498470028E3D0404662
:10533000BDE8F843F3F788BD01EBC10100EBC10004
:1053400000F6D400F3F772BB01EBC10100EBC10022
:1053500000F6D400F3F780BB01EBC10300EBC303FD
:1053600093F8112902F00502052A06D1D3F8D8389E
:10537000002B0CBF02200320704700F035BB00BF9C
:10538000F8B51A4E35682DB10021FEF7B1FB0025A6
:105390002846F8BD04462946FFF780FF0121204634
:1053A000FFF77CFF172784F8505845EC4070142015
:1053B00000F09CFC4FF0010343EC4070322000F001
:1053C00095FC29462046FEF7F1FC05460028DFD172
:1053D00004F6AC112046FEF7A7FC32220448054B28
:1053E00030601A6000F0D4FB2846F8BDAC300020D5
:1053F000F9530110B03000202A4B1B68002B50D00D
:1054000010B5294C82B02046FFF794FE002840D109
:1054100094F869387BBB94F86B380BBB94F86A3806
:1054200083B9224B1B6823B102B0BDE8104000F0E5
:10543000A9BB01211C48FEF75BFB02B0BDE8104090
:1054400000F0A0BB0023184884F86A38FFF7C4FBBB
:105450000123C4F85C38154B1B68002BE4D1E8E746
:105460000023114884F86B38FFF792FB94F86A38F0
:10547000002BD6D0E6E70023692100931A4684F872
:1054800069380948FEF7F8FA94F86B38002BC5D054
:10549000E6E72046FEF7CEFA94F86938002BBAD03A
:1054A000E9E77047AC300020B4300020B030002075
:1054B0002DE9F04104460025182045EC44002A4619
:1054C0002946EBF79FFB1726012747EC44602A4645
:1054D00029463046EBF796FB45EC406021462046D6
:1054E000FEF770FA0322084B84F85058A4F870288D
:1054F00084F87258C4F85858C4F85C581D60C4F851
:105500006878BDE8F08100BFAC3000202DE9F84399
:105510001D4F044600F0A4FB3B6883B320460021E6
:10552000FFF7BCFE01212046FFF7B8FE2046FEF73C
:1055300055FA0025182045EC44002A462946EBF789
:1055400061FB17264FF0010848EC44602A462946C3
:105550003046EBF757FB45EC406021462046FEF70E
:1055600031FA032384F85058C4F85858C4F85C58EA
:10557000A4F8703884F87258C4F868883D60BDE8B3
:10558000F84300F075BB00BFAC3000204FF0504333
:105590005868C0F3006070473222014B1A607047B0
:1055A000B030002038B5D0F854380546DA070C463C
:1055B00033D46368452B1CD0312B1ED8DFE803F0B1
:1055C000611D1D6B1D1D7D1D1D1D1D8C1D1D1D1DAA
:1055D000941D1D1D1D1D1DA51D1D1D1D1D1D1D1DFC
:1055E0001D1D1D1D1D1D1D1D1D1D1D1D1D1DB71D51
:1055F0001DC8D5F85838012B37D0D5F85C3840F69F
:105600000162934200D038BD01232846C5F85C38BA
:105610000021BDE83840FFF78FBEECF757FDE9B930
:10562000684AA2FB0020810962886748EFF752F9B7
:105630006168582900F29380644B53F82130002BA5
:1056400000F08D8019466248EFF744F9D4E9021260
:1056500094F82E305F48EFF73DF9AAE74FF47A72DD
:10566000002302F075FE0146DEE7A268082A00F07A
:105670008D80D5F85C38002AC1D10222C5F858289F
:10568000BDE7A368002BB8D0032B00F0898002236C
:10569000C5F85C3838BDA368002B52D1D5F85C380A
:1056A00003F00F02042A04BF23F00F0343F00103A9
:1056B00043F40073C5F85C38A1E7A368002B9CD1C4
:1056C000E368022B99D10123434885F8693800F03B
:1056D0005FFAD5F85C3892E700212846FFF734FEE0
:1056E0000023C5F85C3838BDA368002B85D16388DA
:1056F00094F82E10DB0758D500295CD1D5F85C381A
:1057000043F48063C5F85C3879E7A368002B7FF425
:1057100074AFE368082B7FF470AF40F201132E489A
:10572000A5F86A3800F034FAD5F85C3867E7A36862
:10573000043B062B08D8DFE803F0160722071607FC
:105740001600062B3FF459AF0423C5F85C3838BD6A
:1057500001232148A5F86A3800F01AFA4DE71F48DE
:10576000EFF7B8F872E7E3680F2BEDD101231A4881
:1057700085F86A3800F00CFAD5F85C383FE7D5F8C0
:105780005C3843F40063C5F85C3838E7D5F8643812
:10579000D5F8600804F130019847D5F85C382EE759
:1057A000E268002A7FF473AFCFE72846FFF7CCFD0D
:1057B000D5F85C3823E72846FFF7BEFDD5F85C38FE
:1057C0001DE700BFD34D6210C0A301104C1C051093
:1057D000D4A30110DCA30110F9530110D8A30110C8
:1057E0002DE9F04FDFF8A0A083B004460E4617461F
:1057F00098469DF8309000F033FADAF8005095B1F1
:1058000000212046FEF774F943463A4631462046C9
:10581000CDF80090FEF7E4F8054600F029FA284696
:1058200003B0BDE8F08F29462046FFF737FD012180
:105830002046FFF733FD4FF0170B84F8505845EC26
:1058400040B0142000F052FA4FF0010343EC40B096
:10585000322000F04BFA29462046FEF7A7FA05460B
:105860000028DAD1204604F6AC11FEF75DFA3222A8
:105870000348044BCAF800001A6000F089F9C3E736
:10588000F9530110B0300020AC30002008B50020E2
:10589000114600F0DBF9002008BD00BFF0B5164648
:1058A00085B004460D461F4600F0DAF976B194F84B
:1058B000503823B3012D58D094F850382B41DB07D2
:1058C0003FD505B0BDE8F04000F0D2B9012DF8D1C8
:1058D00000F0C6F92046FFF753FD014610B92046F7
:1058E000FFF7F2FB00F0C4F994F8503823F00203FC
:1058F00084F8503805B0BDE8F04000F0B9B900F0C8
:10590000AFF92046FFF73CFD002856D13946204626
:10591000FEF706F9064600F0ABF9002ED1D100F0F3
:105920009FF92046FFF72CFD40B901230A261422D7
:1059300002212046CDE90036FEF758FE00F098F926
:10594000B8E729462046FFF7A9FC29462046FFF77D
:1059500033FC012294F85038AA40134384F850389D
:1059600005B0BDE8F04000F083B900F079F92046B9
:10597000FFF706FD88B994F8701804F6930294F8BE
:105980007258D4F86C38CDE90121204694F871188A
:1059900004F673020095FFF759F900F069F994F8DD
:1059A00050389A0710D500F05BF92046FFF7E8FC65
:1059B00018B901212046FFF787FB00F059F905B01F
:1059C000BDE8F04000F054B901212046FFF766FC25
:1059D00001212046FFF7F0FB94F8503843F0020312
:1059E00084F85038DFE700BF31B9D0F85C3803F0F5
:1059F0000F03013B032B01D900207047014A52F8E5
:105A0000230070473C1C05102DE9F041054684B089
:105A100098460E46174600F023F995F85038DB07F4
:105A200025D52846FFF7ACFC044678B90D9C4346C3
:105A300003940C9C3A4602940B9C314601940A9CB8
:105A400028460094FEF75CFE044628B100F010F9E9
:105A5000204604B0BDE8F0810B9B23B940F601035A
:105A6000C5F85C38F2E70123C5F85C38EEE700F0D2
:105A7000FFF86FF00304EBE7036801495B6A18471E
:105A8000841C002008B540224FF080700649EBF7D7
:105A900011F9012202211820EBF7E8F80121152065
:105AA000EBF778FA002008BDCD5A011008B50022A6
:105AB00002211820EBF7DAF84FF080700249EBF77B
:105AC0001BF9002008BD00BFCD5A01104FF0504314
:105AD0001B6823B10B4BDB6B9B0704D470470A4B4D
:105AE000DB6B9B07FAD50221182010B50022EBF7DB
:105AF000BDF8BDE81040054B0549186803685B6AAE
:105B0000184700BF9082024048820240A83000201F
:105B1000841C0020184B1B6863B370B5174D0446F6
:105B20002A680AB1013A2A6098472B6833B923687A
:105B30002046BDE870409B6911491847ECF7C6FA4A
:105B40004CF250334FF0FF35C3186FF0004041F175
:105B500000019D4270EB010C3CBF2B4601462568BD
:105B60002046074A6C69C2E902312346BDE870400D
:105B700003491847704700BFAC300020B030002008
:105B8000981C0020012202211820EBF76FB800BFFB
:105B9000024B0349186803685B6A1847A830002065
:105BA000841C002010B504460848FFF781FC2368D8
:105BB000074800220460074920461B69984723686C
:105BC00020460549DB699847012010BDB43000200C
:105BD000A8300020855A0110841C002038B50C4DD7
:105BE0002B68A3B1044603680A499B699847236858
:105BF00009491B6A20469847236800221B69074908
:105C0000204698470648FFF781FC00232B6038BDEB
:105C1000A8300020981C0020841C0020AD5A0110E0
:105C2000B430002010B50C4682B06846EFF73AF960
:105C3000DDF80230BDF8062023602378A28023F02F
:105C4000010343F00203237002B010BD034BD3F8ED
:105C5000AC090860B3F8B0398B807047B4300020CD
:105C6000024B186803685B68184700BFA830002023
:105C7000024B186803689B68184700BFA8300020D3
:105C800070B50446EFF30583DBB2174A1568ABB96C
:105C9000ECF71CFA4FF0FF3E6FF0004C021941F197
:105CA000000396457CEB0301296838BF72462846FD
:105CB000BDE8704038BF6346096B0847ECF706FA49
:105CC0004FF0FF3E6FF0004C021941F10003964582
:105CD0007CEB0301296838BF72462846BDE8704056
:105CE00038BF6346C96A0847A83000200E4B70B51C
:105CF0001D680446ECF7EAF90B4602464FF47A7049
:105D00004FF0FF3E6FF0004CE4FB002396457CEB28
:105D10000301296838BF72462846BDE8704038BF85
:105D20006346C96A084700BFA83000200C4B70B515
:105D30001D680446ECF7CAF94FF0FF3E6FF0004CC7
:105D4000221841F1000396457CEB0301296838BF16
:105D500072462846BDE8704038BF6346C96A0847A6
:105D6000A830002038B50546D1E906300C469847E2
:105D700002462B6821461B6A28462262984704F196
:105D80001000BDE8384002F013BB00BF303002F015
:105D9000FBBA00BF2DE9F04F4FF0010A0026044680
:105DA000264BDFF89C9085B0D3E900872046F1F7B9
:105DB000F7FC05468B46ECF789F9281A6BEB0101D5
:105DC000012871F10001F1DBBB4508BF454526D034
:105DD00094F84A3043B1D4E90A23AA1A6BEB0303BF
:105DE000012A73F100031DDA236C002B03DD216C03
:105DF000206AEBF7B3FFC4E90A5B206A84F84AA083
:105E00005B462A46CDE90146CDF80090EBF7D4FE7B
:105E10002064236C002B05DC84F84A60C6E7236C01
:105E2000002B02DC05B0BDE8F08F216C206AEBF797
:105E300095FF0023236405B0BDE8F08F40A5011055
:105E40007160011038B5044690F84900C0B9236C60
:105E5000002B03DD216C206AEBF780FF94F84830BB
:105E6000F3B904F13005284602F08EFA284602F014
:105E700087FA2046BDE838405022002101F0AABF31
:105E80000021EBF787F8084994F84900EBF7E8F9A7
:105E900094F84900EBF750FB002384F84930D6E72B
:105EA000206AEBF747FEDCE7AD5E011038B5EFF393
:105EB0000583DBB20C4A3E3B52F823407CB104F12F
:105EC00030050021284602F063FA40B194F83530DD
:105ED000012B05D02846BDE8384002F051BA38BD44
:105EE0002046FFF757FFF5E7402C0020383002F03E
:105EF00057BA00BF10461946EFF30583DBB20BB16A
:105F0000ECF71CB9EBF76CBF2DE9F0414FF05047AF
:105F100016463B68827E04469A420D468CB01FD0DE
:105F20002422002103A801F055FF2E4B012207A8CF
:105F30000021CDE909560493EBF71AFB236803A966
:105F40002046DB699847236820465B6A03A9984787
:105F500007A802F029FA0B9D28460CB0BDE8F08195
:105F600000F13008404602F00FFA3046A84794F896
:105F700035300546012B06D0404602F001FA28468E
:105F80000CB0BDE8F081A27E3B6820469A4221D049
:105F9000F1F772FC0028EFD0404602F0F1F9A27E42
:105FA0003B689A4219D0616C002902DD206AEBF748
:105FB000D5FE0D490022CDE900140023206AEBF73D
:105FC00069FE606404F1380002F0F2F928460CB072
:105FD000BDE8F081FFF7DEFECEE794F84900EAF76E
:105FE000FFFFEFE7655D01107160011008B590F8E3
:105FF000353043B14FF0504390F9342093F90030DD
:106000009A4200D108BD0148EAF7ACFE88A401100D
:1060100001224FF0504310B582B00A721B68827E95
:1060200004469A4216D0416C00290FDC0F49206AC1
:1060300000220023CDE90014EBF72CFE606404F18C
:10604000380002B0BDE8104002F0B2B9006AEBF7C8
:1060500085FEEBE790F84900EAF7C2FF04F138004B
:1060600002B0BDE8104002F0A3B900BF716001109A
:1060700000234FF0504210B50C4682B04B641268BA
:10608000897E84F84A30914217D0616C002910DC77
:106090000C49206A00220023CDE90014EBF7FAFD39
:1060A000606404F1380002F083F90020002102B09E
:1060B00010BD206AEBF752FEEAE794F84900EAF7D0
:1060C0008FFFEEE77160011030B590F8353004466F
:1060D000012B83B006D004F1300003B0BDE830409E
:1060E00002F04EB94FF05045827E2B689A4222D082
:1060F000F1F7C2FB0028EED004F1300002F040F9C5
:10610000A27E2B689A421FD0616C00290FDC1149D6
:10611000206A00220023CDE90014EBF7BBFD606488
:1061200004F1380003B0BDE8304002F041B9206A04
:10613000EBF714FEEBE7FFF72DFE04F1300003B0A0
:10614000BDE8304002F01CB994F84900EAF748FF76
:10615000E6E700BF71600110F0B504460D4600F19E
:106160003006304683B002F00FF929462046F1F799
:10617000D5FA94F835300546012B05D0304602F0AB
:10618000FFF8284603B0F0BD4FF05047A27E3B68B1
:1061900020469A4221D0F1F76FFB0028EED030461E
:1061A00002F0EEF8A27E3B689A4219D0616C002999
:1061B0000FDC0E490022CDE900140023206AEBF722
:1061C00069FD606404F1380002F0F2F8284603B07B
:1061D000F0BD206AEBF7C2FDEBE7FFF7DBFDCDE793
:1061E00094F84900EAF7FCFEECE700BF716001108B
:1061F000F0B504460D4600F13006304683B002F09B
:10620000C3F829462046F1F7BBFA94F83530054625
:10621000012B05D0304602F0B3F8284603B0F0BD9C
:106220004FF05047A27E3B6820469A4221D0F1F7BA
:1062300023FB0028EED0304602F0A2F8A27E3B6895
:106240009A4219D0616C00290FDC0E490022CDE979
:1062500000140023206AEBF71DFD606404F1380090
:1062600002F0A6F8284603B0F0BD206AEBF776FDF1
:10627000EBE7FFF78FFDCDE794F84900EAF7B0FEB2
:10628000ECE700BF71600110F0B504460D4600F167
:106290003006304683B002F077F829462046F1F701
:1062A0005FFA94F835300546012B05D0304602F0F0
:1062B00067F8284603B0F0BD4FF05047A27E3B6818
:1062C00020469A4221D0F1F7D7FA0028EED0304686
:1062D00002F056F8A27E3B689A4219D0616C002900
:1062E0000FDC0E490022CDE900140023206AEBF7F1
:1062F000D1FC606404F1380002F05AF8284603B07B
:10630000F0BD206AEBF72AFDEBE7FFF743FDCDE791
:1063100094F84900EAF764FEECE700BF71600110F1
:10632000F0B504460D4600F13006304683B002F069
:106330002BF829462046F1F703FA94F83530054644
:10634000012B05D0304602F01BF8284603B0F0BD03
:106350004FF05047A27E3B6820469A4221D0F1F789
:106360008BFA0028EED0304602F00AF8A27E3B6895
:106370009A4219D0616C00290FDC0E490022CDE948
:1063800000140023206AEBF785FC606404F13800F8
:1063900002F00EF8284603B0F0BD206AEBF7DEFCF1
:1063A000EBE7FFF7F7FCCDE794F84900EAF718FEB2
:1063B000ECE700BF71600110FF2100220170426014
:1063C000704700BF70B54C2204460D4604300021D2
:1063D00001F000FD4FF0504303221B682049A376D3
:1063E0006B68216022834BB32362012204F13800E1
:1063F0001146EBF7BDF804F13000EBF703F900208C
:106400002D78EBF7A1F8002816DB164BA0F12E0231
:1064100084F849001449C0B243F82240EAF7FCFD71
:1064200094F849000121EAF7B5FD94F8490029469E
:10643000EBF710F8012070BD002070BDEBF71CFBDE
:106440002062A67EEBF7CAFC8642CED0EBF7FEFDBB
:106450000421EBF715FB0123206284F84830C4E7E0
:10646000B01D0510402C0020AD5E01104368196975
:10647000186801F09FB800BF43680249186801F02E
:1064800099B800BF801A060030B5012283B00446D7
:10649000836842EC4030FF2543688DF80750186848
:1064A0000DF1070101F088FF4FF00002A36842ECF4
:1064B000403063688DF80750012218680DF107011C
:1064C00001F07AFF03B030BD10B5044682B04068D9
:1064D00000F07CF84FF00002A36842EC4030FF234C
:1064E0006168012208680DF107018DF8073001F09D
:1064F00063FF02B010BD00BF10B5012282B0044698
:10650000836842EC4030FF2341688DF8073008680B
:106510000DF1070101F050FF606802B0BDE81040C6
:1065200000F058B8406801F04BBF00BF00B54FF015
:10653000FF0C8E4685B001230DF10F020DF107010E
:1065400040688DF807E08DF80FC001F039FF9DF825
:106550000F0005B05DF804FB4FF0504301222DE918
:10656000F0415968836884B002FA03F70F40003F96
:10657000054618BF012742EC40304FF0FF38CDE907
:106580000188ADF80C80EBF7A1FD6FF0004310F52A
:106590007A7441F10006A04573EB06023CBF444605
:1065A0001E460A23002201A9686801F009FFEBF7E3
:1065B0008DFD201A66EB0101012871F10001F0DA6E
:1065C000AB6847EC403004B0BDE8F0813C3001F0EE
:1065D000C7BE00BF3C3001F0BFBE00BFF8B50446E7
:1065E0005A4801F0BDFE94F83030002B40F0838013
:1065F000E36B04F13C05002B00F0A480284601F079
:10660000AFFE23690BB9524B23610122002104F133
:106610003400EAF7ADFF4F49206800F051FFD4E99C
:10662000002013464FF0020E53F8046F02F5805716
:1066300003F5405CCCF800E0126803F5005382F0EB
:10664000070206EA0E0602F0CF023A6001211E6040
:10665000EAF7BAFA0121A068EAF7B6FA0121E06880
:10666000EAF7B2FA237E002B5CD100220121606898
:10667000EAF7C8FA0120F0F739FF03460120E36189
:10668000F0F734FF344E2768344AE169B74202EA32
:10669000413220624FEA40334DD04FF4481642F465
:1066A000401242F01102626201222C4F3B40334300
:1066B0001343A3622A4B02FA01F61B788240FBB116
:1066C0000B20284B2849294F1960294B6061C7F8D6
:1066D0001424C3F81464274B1B7803B38022EAF711
:1066E000CBFC60690121EAF755FC0123284684F8B8
:1066F000303001F031FE154801F02EFE0120F8BDCA
:106700000A20184B1C49194F1960194B6061C7F8D2
:106710000424C3F80464174B1B78002BDED1EAF77E
:106720007BFCDEE7617EA068EAF790FAA17EE06874
:10673000EAF78CFA99E742F450124FF4581642F0F7
:106740001102B0E72846EAF74FFF57E72022002062
:1067500080969800A086010000800840FDFF01FCA3
:10676000C9F8002034F80020511300200020005008
:1067700000300050B11C0020111300202DE9F04F13
:10678000C36A044683B000F12C05002B00F0BD80E5
:10679000284601F0E5FD2046FFF796FEE369D9079C
:1067A0005BD4EBF793FC4FF0FF326FF000430F46E2
:1067B000824273EB070106463CBF1F46164609E0BE
:1067C000EBF784FC301A67EB0101012871F100013D
:1067D000C0F29980FF212046FFF7A8FE0028EFD0E5
:1067E0004FF003086F464FF04D0A4FF000090DF1CE
:1067F000060605213846CDF800A08DF8049000F07B
:106800002DFEBB46400040F001008DF805001BF84E
:10681000011B2046FFF78AFEB345F8D14FF0100B5D
:10682000FF212046FFF782FE02066CD5BBF1010B6B
:10683000F6D1FF2867D1B8F10108DAD10026E36963
:1068400043F00103E361284601F086FD2046FFF78F
:1068500053FE304603B0BDE8F08F00232046A3620C
:10686000FFF70AFE2046FFF777FEEBF72FFC4FF00D
:10687000FF326FF000430F46824273EB070106467A
:106880003CBF1F46164608E0EBF720FC301A67EBCA
:106890000101012871F1000133DBFF212046FFF7E0
:1068A00045FE0028F0D04FF003086F464FF0400A35
:1068B0004FF000090DF1060605213846CDF800A07D
:1068C0008DF8049000F0CAFDBB46400040F0010086
:1068D0008DF805001BF8011B2046FFF727FE5E45DB
:1068E000F8D14FF0100BFF212046FFF71FFE0306E3
:1068F00009D5BBF1010BF6D1FF2804D1B8F101088D
:10690000DAD100269FE701269DE72846EAF76CFECC
:106910003EE700BF2DE9F04F0C290D460446164610
:106920009A4685B06ED14FF0000945F0400363F3FD
:106930000709330E63F30F29330C63F31749330A46
:1069400063F31F690323F6B201930DF10E07BAF149
:10695000000F79D1052102A8CDF808908DF80C60C0
:1069600000F07CFD400040F001008DF80D000DF1BD
:10697000080818F8011B2046FFF7D8FD4745F8D155
:106980000C2D00F066814FF01008FF212046FFF724
:10699000CDFD0206034605D5B8F10108F5D1FF2863
:1069A00000F0B8800E9A1E4602B11360180711D588
:1069B000172D40F05381590700F1568113F0120F43
:1069C00000F0A280AA4F0E9B03B11E60384605B0AE
:1069D000BDE8F08F5A0700F1438113F0120F79D10F
:1069E00013F0600740F0AA80262D00F3AA80072D3F
:1069F000E9DD083D052D00F29F80DFE805F0C89D28
:106A00009D9DA595EBF762FB4FF0FF3C6FF00042B8
:106A1000984FC71941F10008BC4572EB08033CBF11
:106A20006746904609E0EBF751FB381A68EB010125
:106A3000012871F10001FFF676AFFF212046FFF734
:106A400075FD0028EFD06EE7772302930023052120
:106A500002A88DF80C3000F001FD430043F0010363
:106A60008DF80D300DF1080818F8011B2046FFF7CE
:106A70005DFDB845F8D14FF01008FF212046FFF723
:106A800055FD010602D5B8F10108F6D1EBF71EFB62
:106A90004FF0FF3C6FF00042764B10EB030841F1E2
:106AA000000BC44572EB0B033CBFE04693460AE083
:106AB000EBF70CFBB8EB00006BEB0101012871F167
:106AC0000001FFF647AFFF212046FFF72FFD00280A
:106AD000EED03FE7262D664F33DC072D7FF773AFEF
:106AE000083D052D3FF66FAF01A252F825F000BF1B
:106AF000916B0110C7690110C7690110C7690110C6
:106B00004B6B0110CB6B011013F0600F3FF471AFB2
:106B1000594F58E7019A013A01927FF418AF0E9A43
:106B200002B11360554F51E7FF2120461E02FFF7C7
:106B3000FDFC064340F09A80002744E7262D4E4F87
:106B4000CBDD3A2D26D03EE70027EBF7BFFA4FF01A
:106B5000FF3C6FF00042474D451941F10008AC453C
:106B600072EB08033CBF6546904609E0EBF7AEFACE
:106B7000281A68EB0101012871F10001FFF623AF2B
:106B8000FF212046FFF7D2FC0028EFD01BE70027AB
:106B90000223A362FF212046FFF7C8FCFF21054620
:106BA0002046FFF7C3FC2D06FF2145EA004520469D
:106BB000FFF7BCFC0346FF2120461C46FFF7B6FC4E
:106BC00040EA050646EA0426FDE6FF2120461E02AD
:106BD000FFF7ACFC06432A4B2A4816F0010F18BFFA
:106BE0001F4616F0020F18BF074616F0040F18BF15
:106BF0001F4616F0080F18BF1F4616F0100F18BFDB
:106C00001F461B4916F0200F18BF07461A4A16F0F8
:106C1000400F18BF0F4616F0800F18BF174616F426
:106C2000807F18BF0027184C16F4007F18BF0F464E
:106C300016F4006F18BF274616F4805F18BF0F4682
:106C400016F4005F18BF174616F4804F18BF17469A
:106C5000B9E6FF212046FFF769FC94E60A4FB5E646
:106C6000082D04BF0423A362084FAFE60027B2E754
:106C70006EECFFFF80841E0075ECFFFF73ECFFFFDE
:106C80006DECFFFF72ECFFFF6FECFFFF76ECFFFF98
:106C9000002370B586B009211A4600930446FFF719
:106CA00039FE18B10020014606B070BDEBF70EFAB0
:106CB0004FF0FF3C6FF00042534D451941F1000683
:106CC000AC4572EB06033CBF6546164608E0EBF7A1
:106CD000FDF9281A66EB0101012871F10001E1DBE1
:106CE000FF212046FFF722FCFE28F0D10DF1070519
:106CF0000DF11706FF212046FFF718FC05F8010FDC
:106D0000B542F7D1FF212046FFF710FCFF210546D1
:106D10002046FFF70BFC0446102102A800F0B4FB4C
:106D20002D02ADB22C43A4B28442BBD19DF80830F1
:106D30009B0918D0012BB5D10020024606ABA3EB6E
:106D4000D20313F8073C02F007010B4103F00103E3
:106D500093400132162A40EA0300EFD100210130AE
:106D6000800206B070BD9DF80F109DF810009DF8D0
:106D70000E3001F00104C0F3801242EA840203F0F5
:106D8000010442EA8422C0118C0042EA400204F06D
:106D90000800024304F010048800224300F02000A1
:106DA0008D00024305F0400588002A4300F0800072
:106DB0000243880000F480700243C911980242EA3D
:106DC000412301219DF8114000F400609DF812500C
:106DD000184304EA010304FA01F28B4043EAD51395
:106DE00002F0040213439DF80D200844023302F020
:106DF0000F0298409140A0FB0101400A40EAC150B7
:106E0000490A06B070BD00BF80841E002DE9F04F16
:106E1000054614461E4600F12C03184685B00F4661
:106E2000039301F09DFA2846FFF74EFBD5E90812BF
:106E30000E9B1B1946F10006994272EB0606C0F044
:106E40008780EB699B0740F08380AB6A032B0E9B26
:106E500018BF6402012B22464FF0000362D91221B1
:106E600028460093FFF756FD044600284BD1DDF875
:106E700038804FF0FF3B6FF0004ADFF8F490EBF7FB
:106E800025F910EB090441F10006A3457AEB06034E
:106E90003CBF4FF0FF346FF0004608E0EBF716F907
:106EA000201A66EB0101012871F1000135DBFF2199
:106EB0002846FFF73BFBFE28F0D14FF400733A461B
:106EC00000212846FFF72EFB38B3FF212846FFF7A5
:106ED0002DFBFF2106462846FFF728FB04464FF40A
:106EE0000071384600F0D0FA3602B6B23443A4B28C
:106EF000844212D1B8F1010807F50077BFD10E9B8B
:106F0000012B27D10024039801F026FA2846FFF729
:106F1000F3FA204605B0BDE8F08F0E9B012B0FD190
:106F2000114CF0E7112128460093FFF7F3FC0446CB
:106F30000028E8D10E9B002BE4D04FF0010898E721
:106F400000230C2128461A460093FFF7E3FCE7E7ED
:106F5000064CD8E7434642460C212846CDF800802F
:106F6000FFF7D8FC0446CEE770ECFFFF75ECFFFF9F
:106F700080841E002DE9F04F054614461E4685B05C
:106F800000F12C0B5846DDF83890884601F0E8F9FE
:106F90002846FFF799FAD5E9082319EB040146F1D1
:106FA00000068A4273EB0606C0F0CD80EB699B07B2
:106FB00040F0C980AB6A032B18BF6402B9F1010F1E
:106FC00078D0002601234A46172128460096FFF76D
:106FD000A1FC2846FFF758FA2246192133462846D5
:106FE0000096FFF797FC0446002859D1DFF85CA112
:106FF000FC212846FFF79AFA4FF40073002241461D
:107000002846FFF78FFA4FF40071404600F03CFA33
:1070100004462846C4F30721FFF788FAE1B2284660
:10702000FFF784FAFF212846FFF780FA0746EBF7BF
:107030004DF84FF0FF326FF0004310EB0A0441F1BE
:107040000006A24273EB06013CBF14461E4608E050
:10705000EBF73CF8201A66EB0101012871F1000101
:1070600005DBFF212846FFF761FA0028F0D007F082
:107070001F07052F04D1B9F1010908F50078B7D130
:10708000FD212846FFF752FA2846FFF7FDF90023B5
:1070900003AA00920D211A462846FFF73BFC04463E
:1070A000584601F059F92846FFF726FA204605B060
:1070B000BDE8F08F00232246182128460093FFF7F1
:1070C00029FC04460028EBD1FE212846FFF72EFAC2
:1070D00022464FF4007341462846FFF723FA4FF447
:1070E0000071404600F0D0F904462846C4F3072159
:1070F000FFF71CFAE1B22846FFF718FAFF212846ED
:10710000FFF714FAEAF7E2FF4FF0FF376FF00042A3
:107110000E4C041941F10006A74272EB06033CBF76
:107120003C46164608E0EAF7D1FF201A66EB01015B
:10713000012871F10001A7DBFF212846FFF7F6F9CE
:107140000028F0D0A0E7024CAAE700BF80841E0010
:1071500075ECFFFF2DE9F047C36A044684B000F1E7
:107160002C05002B00F0E780284601F0F9F8227B7F
:10717000E3696AB14FF050410122206949688240B9
:107180000A40003A18BF012261698A4240F0B58086
:1071900023F00203E361D8072BD500232046A36226
:1071A000FFF792F92046FFF767F92046FFF7D4F979
:1071B0000A2603AF002320461A4619460097FFF718
:1071C000A9FB039B012B1BD0284601F0C5F82046E4
:1071D000FFF792F900216448EAF782FF284601F0A0
:1071E000BFF82046FFF770F9013EE3D12046FFF7D4
:1071F00083F9284601F0B0F8E06904B0BDE8F087F3
:1072000000234FF4D5720821204600970393FFF71F
:1072100081FB00287ED1A36A022B00F08280002629
:1072200001223B21334620460096FFF773FB3A21AB
:107230003346324620460097FFF76CFB0028D5D135
:10724000039BD90274D5A36A4FF0FF36A3F1020362
:10725000B3FA83F35B094FEA8379EAF737FF6FF0FC
:107260000042424B10EB030841F1000A464572EB25
:107270000A033CBFB046924609E0EAF727FFB8EBA5
:1072800000006AEB0101012871F1000157DB0123C5
:107290004A46292120460097FFF73CFB039B064600
:1072A000DA07EAD4002843D1002B4AD1A26A022A85
:1072B0004AD00123A3622046FFF7EAFCC4E9080193
:1072C000084393D000234FF400721021204600930E
:1072D000FFF720FB002889D12046FFF7C7F8E369B4
:1072E000204623F00103E361FFF706F9284601F089
:1072F00033F8E06904B0BDE8F087002243F00303EF
:10730000E3611B48A262EDF765FAE3699E077FF52A
:1073100042AF6EE7174B984281D02046FFF7ECF85A
:1073200067E7039BC3F30B03B3F5D57F3FF477AF58
:107330000423A3625AE72846EAF756F914E7002E19
:10734000F6D10423A362B6E71A463A2120460097F5
:10735000FFF7E0FA00287FF449AF039B5B00AAD552
:107360000323A362A7E700BFA086010080841E005C
:10737000A8A4011076ECFFFF2DE9F047314F324809
:1073800000F0EEFF3D78002D4FD1DFF8C4A0DFF80C
:10739000C490DFF8C4800FE0237E002B30D14FF083
:1073A0000106A06846EC4000E9F7B8FCA36846EC8B
:1073B000443046EC40300135E9F7A4FBA84224D91B
:1073C0002846E9F7A1FB0126204A037B0446C0E9D1
:1073D000A9A9C0F8B022C661C0F8AC82002BDBD0EE
:1073E0000069E9F79BFC002231462069E9F70AFCB5
:1073F0004FF00002236942EC4430237E002BCED0B4
:10740000617EA068E9F722FCC9E7002507E028466D
:10741000E9F788FBFFF7E2F80135044660B1E9F7C8
:107420007FFBA842F3D801233B700124064800F0FB
:1074300093FF2046BDE8F087034800F08DFF20460B
:10744000BDE8F087C8F80020282200207D670110E1
:1074500055710110756F01100D6E011000290FDDBF
:107460000246002010B4013A064C114412F8013FC4
:1074700083EA40039142E05CF8D15DF8044B704729
:1074800000207047EC1F0510002915DD8446002000
:1074900010B40CF1FF3C094C61441CF8012F0302AD
:1074A00082EA102234F812009BB28C4580EA030075
:1074B000F3D15DF8044B704700207047EC1D0510B8
:1074C000384B2DE9F047984214BF4FF400234FF496
:1074D000802307460E46344D344C354A2B602360DA
:1074E000956833EA0505FBD10620EAF7A1FE394687
:1074F0004FF0020A51F804EF4FEAD6594FEA462CF2
:1075000001F5405863464A4654460EEA0A0EC8F84A
:1075100000A008E013EB0C0304F1020442EB0902A3
:10752000B4F5807F03D0984275EB020AF2D24FF493
:107530008073C4EB042201E0012B30D0B0FBF2FCDD
:1075400066459946A2EB040203F1FF33F4D209FB2E
:1075500004F91D023C6102243B4603263A6801F50A
:1075600000516A4007F5805C02F47F42CCF80020AD
:10757000C1F800E07D68C8F8004053F8242B25408E
:1075800082F0070202F0CF0203F50053CCF800208E
:10759000B0FBF9F00D601E600C60BDE8F087A146FD
:1075A000D8E700BF00000840002002400030024041
:1075B000000002402DE9F04706464FF00209062080
:1075C0000D46EAF735FE31464C4651F8047F8646B3
:1075D0004FEAD55C680201F5405A4FF000080346B7
:1075E00062462740CAF8009007E01B1804F1020425
:1075F00042EB0C02B4F5807F03D09E4578EB020984
:10760000F3D24FF48073C4EB042201E0012B1AD0B3
:10761000BEFBF2FCAC451846A2EB040203F1FF33BB
:10762000F4D904FB00F01B023461326801F500510B
:10763000534003F47F4306F580563360BEFBF0F001
:107640000F60BDE8F08720460023EDE7024B0A46B5
:107650000146186800F002B8C820002038B5A1FB28
:10766000021434BB00F042F8054630B350F8042C45
:1076700022F00302043A242A0CD8132A0FD91B2A19
:10768000C0E9004412D9242AC0E9024418D000F10C
:10769000100205E0214600F09DFB284638BD024659
:1076A00000232846C2E90033936038BD00F1080288
:1076B000F6E700F029FC0C2303600025284638BDBE
:1076C00000F11802C0E90444EAE700BF024B01469A
:1076D000186800F00BB800BFC8200020024B01461C
:1076E000186800F029BD00BFC820002001F10B037D
:1076F000162B2DE9F04F074683B023D8102900F24E
:10770000AF8000F0AFFA102518230220BA4E3344A0
:107710005C68A3F10802944200F056816368384621
:1077200023F00303D4E902122344CA6091605A682B
:10773000083442F001025A6000F09AFA204603B081
:10774000BDE8F08F002B23F00705C0F28980A94225
:1077500000F2868000F086FAB5F5FC7FC0F07B82EF
:107760006B0A00F08480042B00F26281AB0903F104
:10777000390003F1380EC3009F4E3344A3F1080CC7
:107780005C68A44507D10DE0002AE16880F216810B
:107790008C450C4606D0636823F003035A1B0F2A5E
:1077A000F2DD7046DFF868823469444500F0F2800B
:1077B000636823F0030CACEB05030F2B00F374811B
:1077C000002BC6E9048880F26381BCF5007FD6F8FF
:1077D00004E080F0FF804FEADC0301224FEA5C1CEA
:1077E000013302FA0CF256F833104EEA020E06EBA1
:1077F000C302083AC6F804E0C4E9021246F833406E
:10780000CC6083104FF0010C0CFA03FCF44534D823
:107810001CEA0E0F07D120F003004FEA4C0C043095
:107820001CEA0E0FF9D006EBC00A8146D646DEF8F8
:107830000C300BE05A681C46DB6822F00302511B37
:107840000F2900F30181002980F215819E45F1D1B5
:1078500009F101090EF1080E19F0030FE7D158E103
:107860000C233B600024204603B0BDE8F08F4FF4AA
:10787000007340204FF03F0E7EE7B468636823F04A
:107880000309A945A9EB050302D30F2B00F385805B
:107890005A4B08201B6803F1100804EB09030093FE
:1078A00000F03CFB564AA84483461368013305D0D8
:1078B00008F1FF384342804403EA0808414638464D
:1078C00000F010FBB0F1FF3F82464D4A00F0078107
:1078D00004EB0903834200F200814A4B0BF1FF3CA9
:1078E00018684044186000F064811168013100F0AC
:1078F0006C8104EB0902AAEB020202441A601AF03E
:107900000702CDE9002300F02781C2F108023846C2
:1079100092445A44D04408EA0C01521A02EA0C0B71
:10792000594600F0DFFA421C019B00F06A81A0EB8F
:107930000A0000EB0B08186848F00102B442C6F8D0
:1079400008A05844CAF80420186017D0B9F10F0FE6
:1079500040F23E816168A9F10C024FF0050C22F063
:10796000070201F0010111430F2A616004EB0201DB
:10797000C1E901CC00F24D81DAF80420224B5446D3
:107980001968814238BF1860204B1968814238BF9E
:107990001860A6E0D6F804E033E7621945F0010567
:1079A00043F00103083444F8045C3846B260536085
:1079B00000F05EF9204603B0BDE8F08FA2682344D2
:1079C0003846D1608A60B2E6DC68A3427FF4A6AE96
:1079D0000230E7E6BCF5206F4FEA5C2276D3142A2A
:1079E00000F2CD8002F15C035B32DB00F118F3584A
:1079F0000839994211D1A5E0C01C00203C24002088
:107A0000B41C00200C240020342400203824002042
:107A1000C81C00209B68994204D05A6822F00302D7
:107A20006245F7D8D968C4E902318C60DC60E8E6C9
:107A3000142B63D9542B00F2AB802B0B03F16F0096
:107A400003F16E0EC30097E6D4F808C038466719F4
:107A500045F001056560CCF80C30C3F808C041F072
:107A60000103C6E90477C7E902887B60A1500834A6
:107A700000F0FEF8F7E622443846516841F0010173
:107A8000516054F8082FD3609A6000F0F1F8EAE6EC
:107A9000A44438460834DCF8043043F00103CCF841
:107AA000043000F0E5F8DEE6621943F0010145F02C
:107AB000010538466560C6E90422C2E902885160C2
:107AC00044F80C30083400F0D3F8CCE64FEA9C12AE
:107AD00002F139033832DB0088E7B44262D0B4687F
:107AE000626822F00308A845A8EB050302D30F2B18
:107AF0003FF753AF384600F0BBF8B3E603F15C0044
:107B000003F15B0EC30037E65AF80839534540F0DD
:107B1000A08010F0030F00F1FF30F5D1736823EA65
:107B20000C0373604FEA4C0C0CF1FF329A4204D301
:107B3000A3E64FEA4C0C09F104091CEA030FF8D044
:107B4000484670E692104FF0010C0CFA02F24EEA31
:107B5000020EC6F804E066E70AEB0802384602EABD
:107B60000C02ABEB020B0BEA0C0B594600F0BAF916
:107B7000431C019B7FF4DBAEDDF800B0DBE6542A4A
:107B80002AD84FEA1C3202F16F036E32DB002DE778
:107B9000B3F5AA7F2AD8EB0B03F1780003F1770E37
:107BA000C300E9E52E4B0BF1FF3C18684044186018
:107BB0009BE61AEA0C0F7FF498AEC844D6F808A0EA
:107BC00048F00102CAF80420D8E6C2F800A096E600
:107BD0000123CAF804308DE7B2F5AA7F24D84FEA12
:107BE000DC3202F178037732DB00FFE640F25452D8
:107BF000934224D8AB0C03F17D0003F17C0EC3004B
:107C0000BAE5009A4FF0000B083A9044A8EB0A0836
:107C100091E6384604F10801009300F08DFA009BCC
:107C2000D6F808A01868A7E640F254539A420CD838
:107C30004FEA9C4202F17D037C32DB00D6E64FF432
:107C40007E737F204FF07E0E96E54FF47E737E228A
:107C5000CCE6736866E7E80805F1080356E500BF5F
:107C60000C240020014800F055B900BF0824002072
:107C7000014800F051B900BF08240020032A30B4A5
:107C800012D941EA000484460B46A40721D11946C3
:107C9000604653F8044B5CF8045BA54219D1043AE2
:107CA000032AF4D860461946541E7AB1431E01399E
:107CB000021901E09A4209D013F8010F11F801CF1F
:107CC0006045F7D0A0EB0C0030BC7047002030BC02
:107CD0007047541EEAE700BF88420DD98B188342D3
:107CE0000AD900EB020C5AB3624613F801CD99424F
:107CF00002F801CDF9D170470F2A0DD802F1FF3CEF
:107D0000F2B10CF1010C431E8C4411F8012B6145BA
:107D100003F8012FF9D1704740EA01039B07F0B542
:107D20000C460ED002F1FF3C03460CF1010C013B66
:107D30008C4411F8012B614503F8012FF9D1F0BDF6
:107D40007047A2F1100501F1200E01F1100300F1BE
:107D5000100C25F00F05AE4453F8106C10330CF1E5
:107D6000100C4CF8206C53F81C6C4CF81C6C53F83D
:107D7000186C73454CF8186C53F8146C4CF8146C70
:107D8000EAD101EB050C12F00C0F05440CF11001C7
:107D900005F1100302F00F050E4618D0043DA0EBCC
:107DA000040E25F00304A4440CF1140C0F6801EB3D
:107DB0000E0504312F606145F8D1043402F003024E
:107DC000A119234402F1FF3C002AAED1F0BD2A469E
:107DD000F8E700BF830730B546D08418844604E036
:107DE00003F8011B9D0704D09C46A4456346F7D1C8
:107DF00030BD013A0244A2EB0C02032A29D9CCB2CD
:107E00000F2A04EB042404EB04442FD9A2F1100C34
:107E100003F110052CF00F0CAC44C3E90044C3E996
:107E2000024410336345F8D112F00C0F02F00F0E2C
:107E300018D02EF0030CAEF104051A469C4442F80B
:107E4000044B6245FBD125F0030404330EF003021A
:107E50002344002ACCD0C9B21A4403F8011B934230
:107E6000FBD130BD7246F4E70346C6E79646E0E72D
:107E700082B30B4630B540EA01048646A40717D109
:107E8000032A07D814E0043A22D01CF0803F1FD107
:107E9000032A23D9DEF80040194653F8045B7046E4
:107EA000A4F1013C0EF1040EAC422CEA040CEAD021
:107EB0000378013A0C78A3420ED1024406E03BB1AC
:107EC00010F8013F11F8014FA34205D19042F6D1BD
:107ED000002030BD10467047181B30BD7046194653
:107EE000E6E700BF38B50022064D044608462A6082
:107EF000ECF7EAFA431C00D038BD2B68002BFBD00E
:107F0000236038BD583F0020014B1868704700BF00
:107F1000C8200020704700BF704700BF082802D16A
:107F20004FF48050704708B5FFF7EEFF1622034666
:107F30004FF0FF301A6008BD844641EA000313F099
:107F4000030349D1403A23D30B6803604B68436075
:107F50008B688360CB68C3600B6903614B694361C5
:107F60008B698361CB69C3610B6A03624B6A4362AD
:107F70008B6A8362CB6AC3620B6B03634B6B436395
:107F80008B6B8363CB6BC36340304031403ADBD2B1
:107F900030320BD30B6803604B6843608B6883609F
:107FA000CB68C36010301031103AF3D20C3205D3D5
:107FB00051F8043B40F8043B043AF9D2043208D0AB
:107FC000D2071CBF11F8013B00F8013B01D30B881D
:107FD00003806046704700BF082A13D38B07B1D0D7
:107FE00010F00303AED0C3F10403D21ADB071CBFA9
:107FF00011F8013B00F8013BA4D331F8023B20F813
:10800000023B9FE7043AD9D3013A11F8013B00F84B
:10801000013BF9D20B7803704B7843708B788370F7
:108020006046704720F0030110F00300C0F100002B
:1080300051F8043B00F1040C4FEACC0C6FF0000245
:108040001CBF22FA0CF213434FF0010C4CEA0C2C2B
:108050004CEA0C4CA3EB0C0222EA030212EACC120B
:1080600004BF51F8043B0430F4D0C2F1000102EA2D
:108070000102B2FA82F2C2F11F0200EBD200704795
:108080002DE9F8430646DFF8AC8008208946FFF763
:1080900045FF05463046FFF7E5FDD8F808305F6834
:1080A00027F00307A7F11104A4EB09042C44B4FB47
:1080B000F5F4013C05FB04F4A54208DC0021304640
:1080C000FFF710FFD8F808303B44984205D03046FF
:1080D000FFF7CEFD0020BDE8F88361423046FFF790
:1080E00001FF01300FD03F1B104AD8F8083030464E
:1080F00047F001075F6013681B1B1360FFF7B8FDB3
:108100000120BDE8F88300213046FFF7EBFED8F8E8
:108110000820831A0F2BDADD43F001030349536073
:10812000034B1B68C01A0860D1E700BF0C24002075
:10813000B41C0020C01C002000295AD0F8B50C4601
:108140000746FFF78FFD734D54F804CCA4F10802E5
:10815000A8682CF001030CF0010ED1184E6888427B
:1081600026F003067CD088194E60406800F00100BC
:10817000BEF1000F2ED154F8084C05F1080C121B6B
:1081800023449468644560D0D2F80CE0C4F80CE055
:10819000CEF8084000287DD043F0010050600B600D
:1081A000B3F5007F2ED25809D908012383406868AF
:1081B0000131034355F831006B6005EBC103083B07
:1081C000C2E9020345F83120C2603846BDE8F840F4
:1081D000FFF74EBD70B9334405F1080C886843F0D1
:1081E000010460456ED0C968C16088605460D35096
:1081F000D6E770474CF00101B3F5007F44F8041C4A
:10820000D350D0D3B3F5206F4FEA532144D299090C
:1082100001F1390001F13804C100681869580838C3
:10822000884203D155E08968884204D04C6824F024
:1082300003049C42F7D8C868C2E90210826038463D
:10824000CA60BDE8F840FFF713BD80BB1E44D1E90A
:108250000213CB60996046F0010353609651B4E776
:108260001E44BEF1000F07D154F8083CD21A1E4438
:10827000D2E90213CB60996046F001035360264BAC
:10828000AA601B68B342A0D8244B38461968FFF790
:10829000F7FE9AE73344A1E714290DD954291FD8D2
:1082A000190B01F16F0001F16E04C100B5E743F055
:1082B000010050600B6088E701F15C0001F15B0494
:1082C000C100AAE7C5E90422C2E902CC5460D35038
:1082D0007BE7A4100123A3406C6823436B60ABE7EA
:1082E000B1F5AA7F06D8D90B01F1780001F1770426
:1082F000C10092E740F25450814206D8990C01F136
:108300007D0001F17C04C10087E74FF47E717E247B
:1083100083E700BFC01C0020B81C00203C240020C4
:10832000F8B500BF000000005FF800F02101002058
:108330005FF800F0250700205FF800F04D100020E6
:108340005FF800F0E90700205FF800F0D50F00208B
:108350005FF800F0DD1400205FF800F05D070020FA
:108360005FF800F09D0400205FF800F0AD0F0020E2
:108370005FF800F0091000205FF800F0BD06002053
:108380005FF800F0990700205FF800F01D0500205D
:108390005FF800F0F90500205FF800F0A905002063
:1083A0005FF800F0590300205FF800F0E5020020BC
:1083B0005FF800F0F50300205FF800F04D14002096
:1083C0005FF800F091130020C92800103D2800102C
:1083D000712800105D290010A9280010A1270010A5
:1083E000F12800108D2700109D150010F5280010B1
:1083F00079190010ED270010DD2800108D280010DD
:108400002D0F0010550F0010754E001011020010B6
:1084100053797374656D20636C6F636B206F662096
:108420002575206B487A2063616E6E6F74206265DB
:108430002065786163746C7920616368696576652D
:108440006400000050494F20496E696369616C699E
:108450007A6164612120416775617264616E646F45
:10846000206369636C6F732064652062617272615E
:108470006D656E746F20646F206D36386B2E2E2EF6
:1084800000000000436C69656E746520636F6E6563
:10849000637461646F210000436C69656E746520CC
:1084A000646573636F6E6563746F752E0000000002
:1084B0004572726F3A2046616C7461206465206D6C
:1084C000656DC3B37269612052414D206E6F2050BB
:1084D00069636F210000000050726F6772657373EB
:1084E0006F206E6F205069636F3A2025642F2564DA
:1084F0002062797465730A002D2D2D20415251554B
:1085000049564F20524543454249444F20434F4D21
:10851000205355434553534F204E4F205049434F0E
:1085200021202D2D2D0000004172717569766F3A62
:108530002025732070726F6E746F206E612052411F
:108540004D2E0A00435243333220646F2061727112
:108550007569766F20257320253038580A00000091
:108560004F72696F6E3638444F533A2041727175BD
:1085700069766F206C6962657261646F20706172E8
:1085800061206F2062617272616D656E746F2E0082
:108590004661696C656420746F20637265617465FF
:1085A00020504342000000004661696C65642074FD
:1085B0006F2062696E6420746F20706F7274202562
:1085C000640A00004661696C656420746F206C6900
:1085D0007374656E0000000054435020536572763A
:1085E0006572206C697374656E696E67206F6E20AA
:1085F000706F72742025642E2E2E0A00436F7265F0
:10860000203120696E696369616E646F206B6579E2
:10861000626F6172642050533200000057692D462A
:108620006920696E697469616C697A6174696F6ED9
:10863000206661696C656400436F6E6E6563746982
:108640006E6720746F2057692D46692E2E2E00000C
:1086500073616E746F7340696E666F30390000002D
:108660004F70656E536F66747761726534000000F9
:1086700057692D466920636F6E6E656374696F6E0E
:10868000206661696C656400436F6E6E6563746536
:10869000642120495020416464726573733A202537
:1086A000730A000053657474696E66205049525114
:1086B00020746F203100000050533220696E6963CE
:1086C0006961646F00000000303A00007364636108
:1086D000726420696E697469616C697A65642E2EB2
:1086E0002E0000004572726F7220696E69746961B4
:1086F0006C696E6720736463617264000A2A2A2AB7
:108700002050414E4943202A2A2A0A000A0000002C
:108710004E6F207370696E6C6F636B73206172654E
:1087200020617661696C61626C6500004E6F207536
:1087300073657220495251732061726520617661C0
:10874000696C61626C650000486172647761726592
:1087500020616C61726D20256420616C72656164BA
:108760007920636C61696D65640000004E6F206163
:108770006C61726D7320617661696C61626C650019
:108780004861726420617373657274004F75742060
:108790006F66206D656D6F727900000052656C65C3
:1087A00061736500626F6F74325F77323571303894
:1087B00030000000302E3100322E322E300000000A
:1087C0007069636F325F7700706473323030506964
:1087D000636F32004A756C203239203230323600F5
:1087E000666E692B00000000666E69006E616E00A7
:1087F000666E692D00000000555342207374646951
:108800006E202F207374646F757400005261737052
:108810006265727279205069000000005069636FD0
:1088200000000000426F6172642043444300000076
:108830005265736574000000556E68616E646C6506
:10884000642049525120307825780A00657020252F
:108850003032582077617320616C726561647920D1
:10886000617661696C61626C6500000043616E272E
:108870007420636F6E74696E75652078666572200A
:108880006F6E20696E61637469766520657020255E
:10889000303258004E6F2050494F20737461746518
:1088A000206D616368696E65732061726520617611
:1088B00061696C61626C65004E6F20444D412063BC
:1088C00068616E6E656C73206172652061766169A6
:1088D0006C61626C65000000646E73207365727673
:1088E0006572206F7574206F662061727261790005
:1088F000756E6B6E6F776E20646E735F7461626C01
:108900006520656E7472792073746174653A000035
:108910006D656D5F667265653A2073616E69747925
:1089200020636865636B20616C69676E6D656E744A
:10893000000000006D656D5F667265653A20696CC8
:108940006C6567616C206D656D6F72790000000069
:108950006D656D5F667265653A20696C6C6567610F
:108960006C206D656D6F72793A20646F75626C650D
:1089700020667265650000006D656D5F66726565F5
:108980003A20696C6C6567616C206D656D6F7279FA
:108990003A206E6F6E2D6C696E6B65643A20646F61
:1089A00075626C652066726565000000706C7567A5
:1089B0005F686F6C65733A206D656D203C20726155
:1089C0006D5F656E640000006D656D5F7472696D4A
:1089D0003A206C6567616C206D656D6F727900007F
:1089E0006D656D5F7472696D2063616E206F6E6C72
:1089F0007920736872696E6B206D656D6F72790096
:108A0000696E76616C6964206E657874207074722A
:108A1000000000006D656D5F6D616C6C6F633A20E6
:108A2000616C6C6F6361746564206D656D6F7279E4
:108A3000206E6F742061626F76652072616D5F6574
:108A40006E642E006D656D5F6D616C6C6F633A20B6
:108A5000616C6C6F6361746564206D656D6F7279B4
:108A60002070726F7065726C7920616C69676E65D9
:108A7000642E0000696E76616C696420706F6F6CA3
:108A800020646573630000006D656D705F6D616CDF
:108A90006C6F633A206D656D702070726F706572D7
:108AA0006C7920616C69676E656400006D656D703E
:108AB0005F667265653A206D656D2070726F7065D6
:108AC000726C7920616C69676E6564006E657469AB
:108AD0006620616C7265616479206164646564001C
:108AE000746F6F206D616E79206E65746966732C8A
:108AF000206D61782E20737570706F7274656420BC
:108B00006E756D6265722069732032353500000024
:108B1000706275665F667265653A20702D3E72659B
:108B200066203E203000000070632D3E6375737434
:108B30006F6D5F667265655F66756E6374696F6E93
:108B400020213D204E554C4C00000000696E76619E
:108B50006C6964207062756620747970650000002D
:108B6000706275665F616C6C6F633A206572726FDC
:108B70006E656F757320747970650000706275663C
:108B80005F7265616C6C6F633A207020213D204EEE
:108B9000554C4C00706275665F7265616C6C6F63FA
:108BA0003A207120213D204E554C4C006D656D5F83
:108BB0007472696D2072657475726E6564207220BE
:108BC0003D3D204E554C4C006D656D5F7472696D76
:108BD0002072657475726E6564207220213D20716B
:108BE000000000007020213D204E554C4C0000003C
:108BF0007062756620726566206F766572666C6F4E
:108C0000770000004372656174696E6720616E20B1
:108C1000696E66696E697465206C6F6F7000000024
:108C2000702D3E746F745F6C656E203D3D20702D1D
:108C30003E6C656E20286F66206C617374207062D4
:108C4000756620696E20636861696E290000000006
:108C50006F66667365745F746F203C3D20705F744F
:108C60006F2D3E6C656E00006F66667365745F669F
:108C7000726F6D203C3D20705F66726F6D2D3E6C93
:108C8000656E0000706275665F74616B653A20699D
:108C90006E76616C69642070627566006469642038
:108CA0006E6F7420636F707920616C6C20646174E6
:108CB00061000000706275665F636F7079206661A5
:108CC000696C656400000000726177207063622047
:108CD000726563762063616C6C6261636B20616CAA
:108CE00074657265642070627566207061796C6F5E
:108CF000616420706F696E74657220776974686F43
:108D0000757420656174696E67207061636B65744A
:108D10000000000070636220213D204E554C4C0045
:108D20007463705F667265653A204C495354454ED2
:108D3000000000007463705F7570646174655F7239
:108D400063765F616E6E5F776E643A20696E7661FE
:108D50006C696420706362006E65775F7263765F32
:108D6000616E6E5F776E64203C3D2030786666668B
:108D700066000000646F6E27742063616C6C207461
:108D800063705F72656376656420666F72206C69DC
:108D90007374656E2D706362730000007463705F9E
:108DA000736C6F77746D723A2061637469766520B5
:108DB0007063622D3E737461746520213D20434CC5
:108DC0004F534544000000007463705F736C6F770D
:108DD000746D723A20616374697665207063622DE8
:108DE0003E737461746520213D204C495354454EB7
:108DF000000000007463705F736C6F77746D723A7B
:108E000020616374697665207063622D3E737461BE
:108E1000746520213D2054494D452D57414954004A
:108E20007463705F736C6F7774696D723A207065EC
:108E30007273697374207469636B696E67207769F4
:108E4000746820696E2D666C69676874206461744B
:108E5000610000007463705F736C6F7774696D728A
:108E60003A2070657273697374207469636B696EFC
:108E700067207769746820656D7074792073656EFA
:108E80006420627566666572000000007463705F3E
:108E9000736C6F77746D723A206D6964646C6520D1
:108EA00074637020213D207463705F616374697620
:108EB000655F7063627300007463705F736C6F77DB
:108EC000746D723A20666972737420706362203D1B
:108ED0003D207463705F6163746976655F7063627F
:108EE000730000007463705F736C6F77746D723A17
:108EF0002054494D452D57414954207063622D3E01
:108F00007374617465203D3D2054494D452D574192
:108F1000495400007463705F736C6F77746D723ABC
:108F2000206D6964646C652074637020213D207439
:108F300063705F74775F7063627300007463705F67
:108F4000736C6F77746D723A2066697273742070F7
:108F50006362203D3D207463705F74775F7063626D
:108F6000730000007463705F7365675F636F70798F
:108F70003A20696E76616C69642073656700000051
:108F8000696E76616C696420736F636B65742073BE
:108F90007461746520666F72207265637620636108
:108FA0006C6C6261636B00007463705F7063625F1E
:108FB00072656D6F76653A20696E76616C696420C2
:108FC000706362007463705F7063625F72656D6F7F
:108FD00076653A20696E76616C6964207063626CB4
:108FE00069737400756E73656E74207365676D6563
:108FF0006E7473206C65616B696E6700756E61637A
:109000006B6564207365676D656E7473206C656154
:109010006B696E67000000006F6F73657120736588
:10902000676D656E7473206C65616B696E670000B7
:10903000646F6E27742063616C6C207463705F6171
:10904000626F72742F7463705F6162616E646F6EC1
:1090500020666F72206C697374656E2D7063627325
:10906000000000007463705F6163636570745F6E1D
:10907000756C6C3A20696E76616C6964207063620D
:10908000000000007463705F636C6F73655F7368EA
:109090007574646F776E3A20696E76616C696420CE
:1090A000706362007063622D3E666C616773202698
:1090B0002054465F5258434C4F5345440000000033
:1090C0007463705F667265655F6C697374656E3A30
:1090D00020214C495354454E000000007463705FDA
:1090E0006E6578745F6973733A20696E76616C6936
:1090F00064207063620000007463705F6566665F81
:1091000073656E645F6D73735F6E657469663A2034
:10911000696E76616C6964206473745F69700000C5
:109120007063622D3E736E645F71756575656C6505
:109130006E203E3D20706275665F636C656E286EC2
:109140006578742D3E7029007463705F7265636585
:109150006976653A2076616C69642071756575651C
:10916000206C656E677468007463705F7265636518
:109170006976653A2077726F6E67207374617465E3
:1091800000000000696E7365672E7020213D204E3F
:10919000554C4C00696E73616E65206F6666736531
:1091A000742100007062756620746F6F2073686FA1
:1091B000727421007463705F726563656976653AE5
:1091C000207365676D656E74206E6F7420747269AC
:1091D0006D6D656420636F72726563746C79207461
:1091E0006F207263765F776E640000007463705F57
:1091F000726563656976653A207365676D656E743F
:10920000206E6F74207472696D6D656420636F7277
:10921000726563746C7920746F206F6F7365712051
:1092200071756575650000007463705F72656365D4
:109230006976653A207463706C656E203E207263B7
:10924000765F776E640000007463705F72656365BB
:109250006976653A206F6F736571207463706C6511
:109260006E203E207263765F776E64007463705F79
:10927000696E7075743A20696E76616C69642070ED
:1092800062756600702D3E6E65787420213D204E1B
:10929000554C4C00702D3E6C656E203D3D203000DD
:1092A000702D3E746F745F6C656E203D3D20702D97
:1092B0003E6E6578742D3E746F745F6C656E000051
:1092C0007463705F696E7075743A20616374697657
:1092D00065207063622D3E737461746520213D20AA
:1092E000434C4F53454400007463705F696E707562
:1092F000743A20616374697665207063622D3E73F1
:109300007461746520213D2054494D452D574149D4
:10931000540000007463705F696E7075743A206168
:109320006374697665207063622D3E737461746541
:1093300020213D204C495354454E00007463705F1A
:10934000696E7075743A207063622D3E6E65787434
:1093500020213D2070636220286265666F7265205F
:1093600063616368652900007463705F696E70757E
:10937000743A207063622D3E6E65787420213D2022
:10938000706362202861667465722063616368653A
:10939000290000007463705F696E7075743A205420
:1093A000494D452D57414954207063622D3E7374D9
:1093B000617465203D3D2054494D452D5741495428
:1093C000000000007463705F696E7075743A2070FD
:1093D00063622D3E737461746520213D20434C4FC0
:1093E000534544007063622D3E736E645F71756512
:1093F00075656C656E203E20300000006E6F207336
:1094000065676D656E7420746F2066726565000017
:109410007063622D3E6C697374656E65722D3E617A
:10942000636365707420213D204E554C4C00000054
:109430007063622D3E726566757365645F64617406
:1094400061203D3D204E554C4C0000007463705F20
:109450006372656174655F7365676D656E743A20EC
:10946000696E76616C69642070636200702D3E7471
:109470006F745F6C656E203E3D206F70746C656E1E
:10948000000000007463705F77726974653A207041
:1094900062756673206F6E207175657565203D3E3F
:1094A000206174206C65617374206F6E6520717526
:1094B000657565206E6F6E2D656D707479000000A6
:1094C0007463705F77726974653A206E6F207062A2
:1094D000756673206F6E207175657565203D3E2041
:1094E000626F74682071756575657320656D707441
:1094F000790000006D73735F6C6F63616C2069733A
:1095000020746F6F20736D616C6C0000696E636F07
:109510006E73697374656E74206F76657273697AA1
:10952000652076732E20737061636500696E636FCA
:109530006E73697374656E74206F76657273697A81
:10954000652076732E206C656E0000006E65656484
:1095500020756E636861696E65642070627566006F
:109560007463705F77726974653A20524F4D207052
:10957000627566732063616E6E6F74206265206F22
:1095800076657273697A656400000000756E7365B4
:109590006E745F6F76657273697A65206D69736D3D
:1095A0006174636820287063622D3E756E73656E0A
:1095B00074206973204E554C4C29000070726576FA
:1095C0005F73656720213D204E554C4C0000000024
:1095D0007463705F77726974653A2063616E6E6F51
:1095E0007420636F6E636174656E61746520776863
:1095F000656E207063622D3E756E73656E742069B2
:109600007320656D707479007463705F777269742C
:10961000653A20657874656E73696F6E206F662099
:109620007265666572656E636520726571756972D3
:109630006573207265666572656E63650000000083
:109640007463705F77726974653A2076616C6964DF
:10965000207175657565206C656E67746800000023
:109660007463705F73706C69745F756E73656E742C
:109670005F7365673A20696E76616C696420706318
:109680006200000043616E27742073706C6974205F
:109690007365676D656E7420696E746F206C656E9E
:1096A000677468203000000073706C6974203C3D62
:1096B000206D7373000000007463705F73656E64E7
:1096C0005F66696E3A20696E76616C6964207063CA
:1096D000620000007365672D3E74637068647220D9
:1096E0006E6F7420616C69676E6564007463705F8F
:1096F000656E71756575655F666C6167733A206943
:109700006E76616C6964207365676D656E74206C3C
:10971000656E6774680000007463705F656E7175D4
:109720006575655F666C6167733A20696E76616C1A
:109730006964207175657565206C656E6774680075
:109740007463705F656E71756575655F666C616782
:10975000733A206E6565642065697468657220548B
:1097600043505F53594E206F72205443505F464917
:109770004E20696E20666C616773202870726F6777
:1097800072616D6D65722076696F6C6174657320AE
:1097900041504929000000007463705F656E717567
:1097A0006575655F666C6167733A20696E76616C9A
:1097B00069642070636200007463705F656E717528
:1097C0006575655F666C6167733A20636865636B96
:1097D00020746861742066697273742070627566A3
:1097E0002063616E20686F6C64206F70746C656EAE
:1097F000000000007463705F7265786D69745F7259
:10980000746F5F707265706172653A20696E76611F
:109810006C696420706362007463705F7265786D58
:1098200069743A20696E76616C69642070636200C5
:109830007463705F7265786D69745F666173743AA2
:1098400020696E76616C69642070636200000000BC
:109850007463705F7273743A20696E76616C6964C8
:10986000206C6F63616C5F69700000007463705FEF
:109870007273743A20696E76616C69642072656DEA
:109880006F74655F69700000636865636B2074685E
:1098900061742066697273742070627566206361FA
:1098A0006E20686F6C6420737472756374207463C7
:1098B000705F6864720000007463705F73656E644B
:1098C0005F656D7074795F61636B3A20696E766174
:1098D0006C696420706362007463705F6F7574708C
:1098E00075743A20696E76616C69642070636200F9
:1098F000646F6E27742063616C6C207463705F6F9B
:10990000757470757420666F72206C697374656EFF
:109910002D70636273000000525354206E6F7420E8
:109920006578706563746564206865726521000000
:109930006F7074696F6E73206E6F742066696C6CE3
:10994000656400007463705F7265786D69745F723E
:10995000746F5F636F6D6D69743A20696E76616CC8
:1099600069642070636200007463705F7265786D73
:1099700069745F72746F3A20696E76616C696420F5
:10998000706362007463705F6B656570616C6976AB
:10999000653A20696E76616C6964207063620000CC
:1099A0007463705F7A65726F5F77696E646F775FFB
:1099B00070726F62653A20696E76616C69642070BE
:1099C000636200007379735F74696D656F75743AD3
:1099D0002074696D656F757420213D204E554C4C87
:1099E0002C20706F6F6C204D454D505F5359535F65
:1099F00054494D454F555420697320656D707479F5
:109A00000000000054696D656F75742074696D65A0
:109A100020746F6F206C6F6E672C206D61782069E9
:109A200073204C5749505F55494E5433325F4D4176
:109A3000582F34206D736563730000007564705F88
:109A4000696E7075743A20696E76616C6964207015
:109A5000627566007564705F696E7075743A20692E
:109A60006E76616C6964206E657469660000000042
:109A7000706275665F72656D6F76655F686561645B
:109A80006572206661696C656400000063686563E7
:109A90006B207468617420666972737420706275DB
:109AA000662063616E20686F6C64207374727563E6
:109AB00074207564705F686472000000646863708D
:109AC0005F6372656174655F6D73673A2063686593
:109AD000636B2074686174206669727374207062AD
:109AE00075662063616E20686F6C64207374727594
:109AF000637420646863705F6D736700646863708B
:109B00005F696E635F7063625F726566636F756ED7
:109B10007428293A206D656D6F7279206C65616BD0
:109B200000000000444843503A20686F73746E612F
:109B30006D6520697320746F6F206C6F6E672100F4
:109B4000646863705F6F7074696F6E3A206F7074D1
:109B5000696F6E735F6F75745F6C656E202B20325A
:109B6000202B206F7074696F6E5F6C656E203C3DBA
:109B700020444843505F4F5054494F4E535F4C452B
:109B80004E000000646863705F6F7074696F6E5F91
:109B9000627974653A206F7074696F6E735F6F7568
:109BA000745F6C656E203C20444843505F4F5054B6
:109BB000494F4E535F4C454E00000000636865639B
:109BC0006B206465636F64655F6964780000000002
:109BD000444843502073686F756C6420626520654B
:109BE0006E61626C656420617420746869732070B2
:109BF0006F696E742C2062757420697420697320FB
:109C00006E6F7421000000006E6574696620213D4E
:109C1000204E554C4C0000006468637020213D20AC
:109C20004E554C4C000000006E6574696620616CF6
:109C30007265616479206861732061207374727544
:109C40006374206468637020736574006468637073
:109C50005F7063625F726566636F756E7428293A20
:109C600020726566636F756E74206572726F720024
:109C7000696E76616C696420646863702D3E7374EC
:109C8000617465006172705F7461626C655B695DCF
:109C90002E71203D3D204E554C4C00006172705F8E
:109CA0007461626C655B695D2E7374617465203DDF
:109CB0003D204554484152505F53544154455F45FF
:109CC0004D50545900000000636865636B20746850
:109CD00061742066697273742070627566206361B6
:109CE0006E20686F6C642073747275637420657481
:109CF000686172705F686472000000006E6574696C
:109D0000662D3E6877616464725F6C656E206D7568
:109D10007374206265207468652073616D652061CD
:109D200073204554485F4857414444525F4C454E68
:109D300020666F72206574686172702100000000F7
:109D40006172705F7461626C655B6172705F69649F
:109D5000785D2E7374617465203E3D204554484102
:109D600052505F53544154455F535441424C450057
:109D700069706164647220213D204E554C4C000096
:109D80006574685F72657420213D204E554C4C000F
:109D90006E657469662D3E6877616464725F6C6598
:109DA0006E203D3D204554485F4857414444525F32
:109DB0004C454E006E6F207061636B657420717549
:109DC0006575657320616C6C6F77656421000000B8
:109DD0007120213D204E554C4C00000069636D7090
:109DE0005F696E7075743A206D6F76696E67207268
:109DF0002D3E7061796C6F616420746F2069636DB2
:109E00007020686561646572206661696C656400D4
:109E100069636D705F696E7075743A2072657374F2
:109E20006F72696E67206F726967696E616C20700E
:109E30002D3E7061796C6F6164206661696C656448
:109E400000000000636865636B20746861742066BD
:109E50006972737420706275662063616E20686F2A
:109E60006C642069636D70206D6573736167650054
:109E700070637220213D204E554C4C007072657607
:109E800020213D2069707200707265762D3E6E65EE
:109E90007874203D3D206970720000007062756624
:109EA000735F6672656564202B20636C656E203C71
:109EB0003D203078666666660000000073616E695A
:109EC000747920636865636B206C696E6B656420D0
:109ED0006C6973740000000069705F726561737370
:109EE0005F70627566636F756E74203E3D207062B0
:109EF0007566735F667265656400000073616E6904
:109F0000747920636865636B0000000076616C699A
:109F1000646174655F646174616772616D3A6E65F6
:109F200078745F70627566213D4E554C4C000000A0
:109F300069705F72656173735F70627566636F7578
:109F40006E74203E3D20636C656E00006E6F742061
:109F50006669727374616C74686F756768206A757E
:109F6000737420656E7175657565640074686973D6
:109F7000206E656564732061207062756620696E6D
:109F8000206F6E652070696563652100702D3E6CE1
:109F9000656E203E3D20706F66660000702D3E723B
:109FA0006566203D3D203100636865636B20746801
:109FB00061742066697273742070627566206361D3
:109FC0006E20686F6C64207374727563742069709E
:109FD0005F686472000000006163645F636F6E66B7
:109FE0006C6963745F63616C6C6261636B20213DBB
:109FF000204E554C4C0000006163645F72656D6FCC
:10A00000766528293A20616364206E6F74206F6E34
:10A01000206C6973740A00006E657469662D3E6871
:10A0200077616464725F6C656E206D757374206215
:10A0300065203620666F722065746865726E65747F
:10A040005F6F757470757421000000006379773458
:10A05000335F726561645F627974657320657272E3
:10A060006F722025640000005B43595734335D2034
:10A0700063797734335F6B736F5F7365742825641E
:10A08000293A206661696C65640A00005B43595790
:10A0900034335D20427573206572726F7220636F76
:10A0A0006E646974696F6E20646574656374656459
:10A0B00020307825780A00005B43595734335D20FF
:10A0C0006572726F723A20686472206D69736D6197
:10A0D0007463682025303478205E20253034780A77
:10A0E000000000005B43595734335D205354414C0A
:10A0F0004C2825753B25752D2575293A2074696DE9
:10A10000656F75740A0000005B43595734335D2056
:10A11000646F5F696F63746C3A20676F7420756E4B
:10A120006578706563746564207061636B65742025
:10A1300025640A005B43595734335D20646F5F69BF
:10A140006F63746C2825752C2025752C20257529A6
:10A150003A2074696D656F75740A00005B43595746
:10A1600034335D20636F7265206E6F7420696E20DA
:10A1700072657365740000006275733A7478676C79
:10A180006F6D00006170737461000000616D706438
:10A19000755F62615F7773697A650000616D7064F5
:10A1A000755F6D7064750000616D7064755F7278C5
:10A1B0005F666163746F72006273736366673A65AA
:10A1C00076656E745F6D7367730000005B4359576B
:10A1D00034335D204661696C656420746F2073744C
:10A1E000617274204359573433000000566572730E
:10A1F000696F6E3A200000005B43595734335D208D
:10A20000636F756C64206E6F742066696E6420766F
:10A21000616C6964206669726D7761726500000027
:10A220005B43595734335D2074696D656F757420D5
:10A2300077616974696E6720666F7220414C5020A7
:10A24000746F206265207365740000005B4359578A
:10A2500034335D20636F7265206E6F7420757000FB
:10A260005B43595734335D204854206E6F7420721D
:10A2700065616479000000005B43595734335D2009
:10A280004632206E6F7420726561647900000000B0
:10A290005B43595734335D20434C4D206C6F6164F0
:10A2A000206661696C6564006375725F65746865DA
:10A2B0007261646472000000706D325F736C65657A
:10A2C000705F72657400000062636E5F6C695F624C
:10A2D000636E000062636E5F6C695F6474696D0039
:10A2E0006173736F635F6C697374656E0000000067
:10A2F0006273736366673A7375705F7770610000AD
:10A300006273736366673A7375705F777061325F0B
:10A3100065617076657200006273736366673A7395
:10A3200075705F7770615F746D6F00007361655F5A
:10A3300070617373776F7264000000006D66700067
:10A340006A6F696E000000006273736366673A7338
:10A35000736964006273736366673A777365630059
:10A360006273736366673A7770615F6175746800E2
:10A370007361655F6D61785F7077655F6C6F6F703B
:10A380000000000032675F6D7261746500000000BC
:10A39000627373005B43595734335D2073656E6499
:10A3A0005F65746865726E6574206661696C65646A
:10A3B0003A2025640A0000005069636F57000000CE
:10A3C0005B252038645D204153594E4328253034A5
:10A3D000782C000025730000257500002C25752CB5
:10A3E00025752C2575290A005345545F535349445C
:10A3F000000000004A4F494E0000000041555448FB
:10A40000000000004445415554485F494E44000057
:10A410004153534F430000004449534153534F436A
:10A42000000000004449534153534F435F494E4499
:10A43000000000004C494E4B0000000050534B5FA1
:10A4400053555000455343414E5F524553554C546C
:10A45000000000004353415F434F4D504C4554456D
:10A460005F494E44000000004153534F435F524543
:10A47000515F4945000000004153534F435F52452F
:10A4800053505F49450000006173796E635F636FED
:10A490006E74657874206C6F636B5F636865636B63
:10A4A000206661696C6564004E6F205344206361CF
:10A4B0007264206465746563746564210D00000036
:10A4C000C8A4011019FF010201E01220CA0020E017
:10A4D000224042BF0E40008000E0130021E02240F5
:10A4E0000E400080A08062A0086042B000E042AF51
:10A4F000922001E0E3A067A081E00000526563655F
:10A500006269646F2025732064652074616D616EDB
:10A51000686F20256400000020A501100DFF0100D8
:10A520002120A12027E0C3A021210140A120440037
:10A530002120A1202120A12021C000000000000036
:10A54000FFFFFFFFFFFFFF7F06005250D3F0754271
:10A550009C87011006005250E182887FA487011079
:10A56000060052503ABCA911B4870110060052509F
:10A57000ABB36053B887011006005250BBFF3CB626
:10A58000C087011006005250861C0302C8870110C4
:10A59000060052505422A29DD4870110050052504B
:10A5A000DE65F468BC430510000000000000F03FC9
:10A5B000000000000000244000000000000059409E
:10A5C0000000000000408F40000000000088C340F1
:10A5D00000000000006AF8400000000080842E4166
:10A5E00000000000D01263410000000084D79741B2
:10A5F0000000000065CDCD410D0A00000000000004
:10A60000F148001000000000F5480010014900105A
:10A610002D49001029490010000000000A00000028
:10A6200000000306A6000800020002009C001400BF
:10A63000030057494E55534200000000000000003F
:10A64000000080000400010028004400650076003E
:10A6500069006300650049006E00740065007200C7
:10A660006600610063006500470055004900440032
:10A6700000004E007B0062006300370033003900A9
:10A680003800630031002D003700330063006400A0
:10A690002D0034006300620037002D0039003800BF
:10A6A000620038002D0039003100330061003800AD
:10A6B00066006300610037006200660036007D00BE
:10A6C00000000000050F2100011C100500DF60DD07
:10A6D000D88945C74C9CD2659D9E648A9F00000323
:10A6E00006A60001000000000600525053B4F4A179
:10A6F000F8870110000000000C8801101C88011070
:10A7000090F80020248801103088011009025400BC
:10A71000030100807D080B00020202000009040012
:10A7200000010202000405240020010524010001AB
:10A730000424020605240600010705810308001011
:10A7400009040100020A000000070502024000009F
:10A75000070582024000000904020000FF00010515
:10A7600012011002EF0201408A2E090000010102CD
:10A77000030100000000000039620010A96200100F
:10A78000D962001025630010E5630010A564001075
:10A7900000000000000000009D650010F965001039
:10A7A0001566001039660010854900102D670010ED
:10A7B000000000006CA801105CA801104CA801105A
:10A7C0003CA801102CA801101CA801100CA8011015
:10A7D000FCA70110ECA70110DCA7011080B6002037
:10A7E000FC051000E4460020E8B6002074B6002006
:10A7F00010001000A8A60020E4B60020A4B6002097
:10A8000010000700C4A80020F4B6002068B600209D
:10A8100018000F0078450020E0B6002098B6002010
:10A820002000050020A80020F0B60020C8B60020B7
:10A8300010002000E0B3002000B70020BCB60020CC
:10A840001C00080038A90020FCB60020B0B600208B
:10A850009C0010001CAA0020F8B60020D4B60020EE
:10A8600020000400E4B5002004B700208CB60020CE
:10A870001C000400ACA70020ECB600205CF800200F
:10A8800054F8002050F8002064F8002003060C184B
:10A890003060780001020304050607070707070771
:10A8A00007000000FA00000095A40010E803000073
:10A8B00069090110E8030000E5FB001060EA0000F0
:10A8C00005F40010F4010000E9F500106400000038
:10A8D000F5160110E8030000057F0010FFFFFFFFE1
:10A8E000000000000000000000000000FFFFFFFF6C
:10A8F000FFFF0000FCA8011006FF010001604010EE
:10A9000080E042B0014084100000000065140000A7
:10A9100091130000911300009113000091130000A7
:10A920009113000091130000911300009113000097
:10A930009113000091130000911300009113000087
:10A940009113000091130000911300009113000077
:10A950009113000091130000911300009113000067
:10A960009113000091130000911300009113000057
:10A970009113000091130000911300009113000047
:10A980009113000091130000004800476514000077
:10A9900000000000000000000000000000000000B7
:10A9A00000000000000000000000000000000000A7
:10A9B0000000000000000000000000000000000097
:10A9C0000000000000000000000000000000000087
:10A9D0000000000000000000000000000000000077
:10A9E0000000000000000000000000000000000067
:10A9F00000000000000000004442505018600100B8
:10AA00000000000000000000C51B0000C51B000086
:10AA1000C51B0000C51B0000C51B0000C51B0000B6
:10AA2000C51B0000D9130000D51300001514000049
:10AA3000DD3D0000793900003B330000D93D0000C6
:10AA4000C9350000B13900001D3E00004FD501009E
:10AA5000D93A0000133400007F340000893E000022
:10AA60008B3E0000FB380000AD3D00004DD50100DD
:10AA7000C51B0000C51B0000C51B0000C51B000056
:10AA8000C51B0000C51B0000C51B0000C51B000046
:10AA9000C51B0000C51B0000C51B0000C51B000036
:10AAA000C51B0000C51B00009FDC0000C51B00008B
:10AAB000C51B0000C51B0000C51B0000C51B000016
:10AAC000C51B0000C51B0000C51B0000C51B000006
:10AAD000C51B0000C51B0000C51B0000C51B0000F6
:10AAE000C51B000047FC0000C51B0000A3FD0000C3
:10AAF000C51B0000C51B00009FFD00002BFC0000D3
:10AB0000C51B0000C51B0000C51B0000772E0100FF
:10AB10005B3301001B3501006F340100DF3301009E
:10AB20001F320100C51B0000C51B0000C51B000033
:10AB3000BD350100C51B0000C51B0000C51B000082
:10AB4000C51B0000C51B0000C51B0000C51B000085
:10AB5000C51B0000C51B0000C51B0000C51B000075
:10AB6000C51B0000C51B0000C51B0000C51B000065
:10AB7000C51B0000C51B0000C51B0000C51B000055
:10AB8000C51B0000C51B0000C51B0000C51B000045
:10AB9000C51B0000C51B0000C51B0000C51B000035
:10ABA000C51B0000C51B0000C51B0000C51B000025
:10ABB000C51B0000C51B0000C51B0000C51B000015
:10ABC000C51B00007916000081160000191F000047
:10ABD000352E0000892E0000ED3F0000F93F0000F7
:10ABE00069510000D1B10000B9DC0000B1FB0000E8
:10ABF000C1350100691600008D1600009D17000088
:10AC00009D180000E51B0000851C0000F51C0000DD
:10AC1000791D0000251F0000A12E0000953F0000B7
:10AC20000540000005490000474C00009D4D000014
:10AC3000A54D0000A94D0000C51B0000C54D00003A
:10AC4000FD4D0000054E00005B4E00005F4E000011
:10AC50006D4E0000956C0000C51B00008551000082
:10AC6000C51B0000056D00003D94000081A200009E
:10AC700059A30000C9A30000C5CA0000E5CA00002E
:10AC8000E1CE0000C1DC0000D1DC00002FE20000BA
:10AC900049E4000091E8000083FB000089FB00000C
:10ACA0001D17010001000000000000082000000046
:10ACB0000002000004000000FF030000500000003C
:10ACC00001000000010000000A0708010000000068
:10ACD000080000000104000001000000040004005E
:10ACE000080001000000000000000000000000005B
:10ACF0000000000000000000000000000000000054
:10AD00000000000000000000000000000000000043
:10AD10000000000000000000000000000000000033
:10AD20000000000000000000000000000000000023
:10AD30000000000000000000000000000000000013
:10AD40000000000000000000000000000000000003
:10AD500000000000000000000000000000000000F3
:10AD600000000000000000000000000000000000E3
:10AD700000000000000000000000000000000000D3
:10AD800000000000000000000000000000000000C3
:10AD900000000000000000000000000000000000B3
:10ADA00000000000000000000000000000000000A3
:10ADB0000000000000000000000000000000000093
:10ADC0000000000000000000000000000000000083
:10ADD0000000000000000000000000000000000073
:10ADE0000000000000000000000000000000000063
:10ADF0000000000000000000000000000000000053
:10AE00000000000000000000000000000000000042
:10AE10000000000000000000000000000000000032
:10AE20000000000000000000000000000000000022
:10AE30000000000000000000000000000000000012
:10AE40000000000000000000000000000000000002
:10AE500000000000000000000000000000000000F2
:10AE600000000000000000000000000000000000E2
:10AE700000000000000000000000000000000000D2
:10AE800000000000000000000000000000000000C2
:10AE900000000000000000000000000000000000B2
:10AEA00000000000000000000000000000000000A2
:10AEB0000000000000000000000000000000000092
:10AEC0000000000000000000000000000000000082
:10AED0000000000000000000000000000000000072
:10AEE0000000000000000000000000000000000062
:10AEF0000000000000000000000000000000000052
:10AF00000000000000000000000000000000000041
:10AF10000000000000000000000000000000000031
:10AF20000000000000000000000000000000000021
:10AF30000000000000000000000000000000000011
:10AF40000000000000000000000000000000000001
:10AF500000000000000000000000000000000000F1
:10AF600000000000000000000000000000000000E1
:10AF700000000000000000000000000000000000D1
:10AF800000000000000000000000000000000000C1
:10AF900000000000000000000000000000000000B1
:10AFA00000000000000000000000000000000000A1
:10AFB0000000000000000000000000000000000091
:10AFC0000000000000000000000000000000000081
:10AFD0000000000000000000000000000000000071
:10AFE0000000000000000000000000000000000061
:10AFF0000000000000000000000000000000000051
:10B000000000000000000000000000000000000040
:10B010000000000000000000000000000000000030
:10B020000000000000000000000000000000000020
:10B030000000000000000000000000000000000010
:10B040000000000000000000000000000000000000
:10B0500000000000000000000000000000000000F0
:10B0600000000000000000000000000000000000E0
:10B0700000000000000000000000000000000000D0
:10B0800000000000000000000000000000000000C0
:10B0900000000000000000000000000000000000B0
:10B0A00000000000000000000000000000000000A0
:10B0B0000000000000000000000000000000000090
:10B0C0000000000000000000000000000000000080
:10B0D0000000000000000000000000000000000070
:10B0E0000000000000000000000000000000000060
:10B0F0000000000000000000000000000000000050
:10B10000000000000000000000F459B20000000040
:10B11000FFF75E9F0000000000F463B10000000034
:10B12000FFF7419D00000000FFF76D9C000000004C
:10B13000F3F7AE9800000000E9F7679E00000000FA
:10B14000E5F7989D00000000E4F7829F00000000F2
:10B15000D3F77C9B00000000CFF7EC9900000000C3
:10B16000C9F7D89E00000000C8F75A9F00000000F1
:10B17000C8F7B49C00000000C2F7549F0000000014
:10B18000C0F7449C00000000C0F7329A00000000A5
:10B19000BFF78C9D00000000BFF7569F0000000025
:10B1A000C2F71E9D00000000E1F7C29C00000000F5
:10B1B000BFF7049800000000BEF7A69E0000000044
:10B1C000BDF77C9F00000000BBF76D9C00000000F5
:10B1D000A2F73E9D00000000B7F7E29A00000000D1
:10B1E000DDF7329B00000000B9F7889E00000000E8
:10B1F000B2F7669B00000000B2F7F69A000000006C
:10B20000B2F77C9900000000B1F7869A00000000B8
:10B21000DAF7669C00000000B0F76E9E00000000A8
:10B22000C1F7FE9A00000000AEF73B9B0000000053
:10B23000A0F7F69D00000000A0F7169C000000009B
:10B24000ABF7F09E00000000A2F7E09C00000000B9
:10B25000A2F7DE9A00000000A0F7FB9800000000B3
:10B260009FF7AE9F000000009EF7B6990000000017
:10B270009DF77C9D000000009BF7329D00000000C0
:10B280009AF7F89F00000000A0F7E09E0000000081
:10B29000A0F70F9F0000000099F7DE9A0000000061
:10B2A000A0F7939C00000000D7F7289F0000000043
:10B2B000D7F71C9A00000000D7F7169C000000008A
:10B2C000D9F78A9C0000000093F7709A00000000F4
:10B2D00093F776990000000093F7CD9D00000000E1
:10B2E00093F77D9B0000000093F7B89A00000000E0
:10B2F00092F7649F0000000092F7029D000000009A
:10B3000092F7D29A0000000092F700990000000026
:10B3100092F714980000000092F7129B00000000C2
:10B320008FF7249900000000D7F7449B000000002D
:10B33000D7F7129B00000000D6F7989E000000008F
:10B340008CF7539C000000008CF7939D00000000D8
:10B350008BF74B9F000000008CF78E9900000000D7
:10B3600089F7749E0000000000000000000000004B
:10B3700000000000000000000000000000000000CD
:10B3800000000000000000000000000000000000BD
:10B3900000000000000000000000000000000000AD
:10B3A000000000000000000000000000000000009D
:10B3B000000000000000000000000000000000008D
:10B3C000000000000000000000000000000000007D
:10B3D000000000000000000000000000000000006D
:10B3E000000000000000000000000000000000005D
:10B3F000000000000000000000000000000000004D
:10B40000000000000000000000000000000000003C
:10B41000000000000000000000000000000000002C
:10B42000000000000000000000000000000000001C
:10B43000000000000000000000000000000000000C
:10B4400000000000000000000000000000000000FC
:10B4500000000000000000000000000000000000EC
:10B4600000000000000000000000000000000000DC
:10B4700000000000000000000000000000000000CC
:10B4800000000000000000000000000000000000BC
:10B4900000000000000000000000000000000000AC
:10B4A000000000000000000000000000000000009C
:10B4B000000000000000000000000000000000008C
:10B4C000000000000000000000000000000000007C
:10B4D000000000000000000000000000000000006C
:10B4E000000000000000000000000000000000005C
:10B4F000000000000000000000000000000000004C
:10B50000000000000000000000000000000000003B
:10B51000000000000000000000000000000000002B
:10B52000000000000000000000000000000000001B
:10B53000000000000000000000000000000000000B
:10B5400000000000000000000000000000000000FB
:10B5500000000000000000000000000000000000EB
:10B5600000000000000000000000000000000000DB
:10B5700000000000000000000000000000000000CB
:10B5800000000000000000000000000000000000BB
:10B5900000000000000000000000000000000000AB
:10B5A000000000000000000000000000000000009B
:10B5B000000000000000000000000000000000008B
:10B5C000000000000000000000000000000000007B
:10B5D000000000000000000000000000000000006B
:10B5E000000000000000000000000000000000005B
:10B5F000000000000000000000000000000000004B
:10B60000000000000000000000000000000000003A
:10B61000000000000000000000000000000000002A
:10B62000000000000000000000000000000000001A
:10B63000000000000000000000000000000000000A
:10B6400000000000000000000000000000000000FA
:10B6500000000000000000000000000000000000EA
:10B6600000000000000000000000000000000000DA
:10B6700000000000000000000000000000000000CA
:10B6800000000000000000000000000000000000BA
:10B6900000000000000000000000000000000000AA
:10B6A000000000000000000000000000000000009A
:10B6B000000000000000000000000000000000008A
:10B6C000000000000000000000000000000000007A
:10B6D000000000000000000000000000000000006A
:10B6E000000000000000000000000000000000005A
:10B6F000000000000000000000000000000000004A
:10B700000000000000000000000000000000000039
:10B710000000000000000000000000000000000029
:10B720000000000000000000000000000000000019
:10B730000000000000000000000000000000000009
:10B7400000000000000000000000000000000000F9
:10B7500000000000000000000000000000000000E9
:10B7600000000000000000000000000000000000D9
:10B7700000000000000000000000000000000000C9
:10B7800000000000000000000000000000000000B9
:10B7900000000000000000000000000000000000A9
:10B7A0000000000000000000000000000000000099
:10B7B0000000000000000000000000000000000089
:10B7C0000000000000000000000000000000000079
:10B7D0000000000000000000000000000000000069
:10B7E0000000000000000000000000000000000059
:10B7F0000000000000000000000000000000000049
:10B800000000000000000000000000000000000038
:10B810000000000000000000000000000000000028
:10B820000000000000000000000000000000000018
:10B830000000000000000000000000000000000008
:10B8400000000000000000000000000000000000F8
:10B8500000000000000000000000000000000000E8
:10B8600000000000000000000000000000000000D8
:10B8700000000000000000000000000000000000C8
:10B8800000000000000000000000000000000000B8
:10B8900000000000000000000000000000000000A8
:10B8A0000000000000000000000000000000000098
:10B8B0000000000000000000000000000000000088
:10B8C0000000000000000000000000000000000078
:10B8D0000000000000000000000000000000000068
:10B8E0000000000000000000000000000000000058
:10B8F0000000000000000000000000000000000048
:10B900000000000000000000D41B800004000000C4
:10B9100000080000B42280000400000008080000B5
:10B92000782380000400000010080000C427800075
:10B930000400000018080000302880000400000007
:10B9400020080000D817810004000000280800002B
:10B9500000D0810004000000300800001C148200A8
:10B9600004000000380800002838820004000000AD
:10B97000400800006C6683000400000048080000D6
:10B98000ACAD8300040000005008000008088400EB
:10B9900004000000580800001C1A84000400000085
:10B9A000600800009822840004000000680800007D
:10B9B0002C8A84000400000070080000D8BE8400B7
:10B9C0000400000078080000C0BF840004000000EC
:10B9D0008008000010C384000400000088080000F4
:10B9E00078C9840004000000900800002C918400B5
:10B9F00004000000980800000C4C820004000000C5
:10BA0000A0080000FCD9840004000000A808000081
:10BA100084E3840004000000B008000018EC8400F7
:10BA200004000000B80800000C19850004000000A4
:10BA3000C008000084C0860004000000C8080000A0
:10BA40004466850004000000D008000010A28200B7
:10BA500004000000D8080000003B8500040000003E
:10BA6000E008000084B6850004000000E80800003B
:10BA7000E8B6850004000000F0080000CCBA85009C
:10BA800004000000F8080000F8C885000400000069
:10BA900000090000B0BE8200040000000809000098
:10BAA000ACD485000400000010090000E09B840075
:10BAB0000400000018090000B8FB85000400000025
:10BAC0002009000038E38600040000002809000077
:10BAD0006CEA86000400000030090000282586007A
:10BAE0000400000038090000F0C0860004000000D7
:10BAF000400900003CC38600040000004809000023
:10BB000018F98600040000005009000064FA86005D
:10BB100004000000580900004409870004000000E8
:10BB2000600900001013870004000000680900008D
:10BB30001033870004000000700900005C3B8700A0
:10BB40000400000078090000A0D98600040000006D
:10BB50008009000058DA860004000000880900000F
:10BB6000B8608700040000009009000018E086001B
:10BB70000400000098090000ACE48200040000000A
:10BB8000A009000058EF820004000000A80900008E
:10BB9000E4F1820004000000B0090000C0F282005D
:10BBA00004000000B8090000D4D1870004000000A0
:10BBB000C0090000D4D4870004000000C8090000B8
:10BBC000BCD6870004000000D0090000F4D987002B
:10BBD00004000000D8090000C0DA8700040000005B
:10BBE000E0090000DCDC870004000000E809000038
:10BBF000F8DC870004000000F009000088DD870001
:10BC000004000000F80900007CE287000400000046
:10BC1000000A0000CCE3870004000000080A0000CE
:10BC2000F4E5870004000000100A00009026880058
:10BC300004000000180A0000A40B830004000000A8
:10BC4000200A00007C0E830004000000280A000087
:10BC50000819830004000000300A000050588800D2
:10BC600004000000380A0000205988000400000089
:10BC7000400A0000D462880004000000480A000066
:10BC80008469880004000000500A0000DC988800E5
:10BC900004000000580A00006846836941690BB53A
:10BCA00003695A4651460EB44A46414606B4C36833
:10BCB00082684168FEB40368C269EFF303810EB481
:10BCC0008269EFF3058106B4034801680029FED0BC
:10BCD0006846884714B000BD3C14000062B6704747
:10BCE00072B6704704490840002803D003490A6827
:10BCF00002430A6070470000FFFF000000E100E01F
:10BD000004490840002804D003490A68C04302409F
:10BD10000A607047FFFF000080E100E00249096807
:10BD200090228858704700004414000002490968B6
:10BD30009C2288507047000044140000DDBAADBB5F
:10BD400000000000000000000000000000000000F3
:10BD5000000000000000000000000000024A11681E
:10BD60001060081C704700003C14000056485749FA
:10BD700000220A500168564A0A40564F0F403F427F
:10BD800006D15046004202D04046004229D1FEE78B
:10BD9000FC2141580A680F2313400F2BF1D0012BCF
:10BDA00001D00431F6E708314B4B13404B4CA34212
:10BDB00006D100F0C1F8804600F0CAF88146E9E7F4
:10BDC000474CA342E6D10B1F1B68464C2340182466
:10BDD000E3409C4600F0B0F8824600F0B9F8834694
:10BDE000D8E7414921224250374A40498958FF2328
:10BDF000194219D051683E4B194215D01168344B85
:10BE00001940D36A10E0A3420ED0C0460CE0394975
:10BE10008958194208D03849895819409942FAD1AD
:10BE2000364B11691942FCD049463F4204D1982350
:10BE3000CB581024E34001E0314BCB581C24234065
:10BE4000002B01D000F092F840462E490860484689
:10BE50002D49086050462D49086060462C4908600D
:10BE60002C490F602C4D2D490D602D482D49002285
:10BE700004C08142FCD8043DAD46009DEC43102334
:10BE8000DD41AC4210D1240CA400274D2C606B4640
:10BE90001B1B2648264D2860002C05D01D68056018
:10BEA00004330430043CF9DC81B0224B1B490D689B
:10BEB000ED1A0D606C46E41AA546684600090001BB
:10BEC000854600F0D7FCFEE70000001814060000CD
:10BED000FFFF0000000000F000FF0F00002A080034
:10BEE000000E0800000000FFE00100000406000052
:10BEF00000003800180600000C06000000100000CA
:10BF00000804000044140000481400004C14000011
:10BF1000501400004014000000000800945C010070
:10BF2000BC5F01009C6601009C5C01008C750200F6
:10BF3000985C01000000010008680F2204310240F3
:10BF4000052AF9D1014A1040F746000000F0FFFF32
:10BF500008680F2204310240052AF9D180221042DC
:10BF6000F6D0014A1040F74600F0FFFFFEE7000060
:10BF700000487047BC5F010000487047FC5F01004B
:10BF80000048704760600100004870470860010089
:10BF900003F04ABA01238B402DE9F74FB3F5001F98
:10BFA00028BF4FF40013042B38BF04230330019340
:10BFB00020F00304FFF7E0FF354B0022D3F800B078
:10BFC00015469446134627E0D1F800A0A24522D397
:10BFD00001F10807019E07EB0A08C6F10009C4EB4E
:10BFE000080609EA0606BE4215D3DDF8049009F1F9
:10BFF000FF3919EA070FCDF8009002D0F71B072F81
:10C0000009D9C4EB0A075F4505D2424635466FB1F0
:10C01000BB4684460B46084641680029D4D13BB94B
:10C020001C4A18461168013111602FE084460B4606
:10C03000521B111B072909D918682A19401A0839F7
:10C0400018602951596851605A6022461968891A46
:10C05000072903D85A68CCF8042004E05A50A1F10B
:10C0600008021A605B180C48002219685A600268BE
:10C070008A18026009480168083101608918084A75
:10C080001068814288BF116003F10800BDE8FE8F8F
:10C09000F4030000F0030000140400004804000052
:10C0A0000460010038B5194B50F8082C1968054692
:10C0B0008A1A1A60164BA0F108041A68083A1A6026
:10C0C000FFF75AFF02E0A34203D218464368002B51
:10C0D000F9D155F8082CA9188B4205D119685B686D
:10C0E0005218083245F8082C6360036803F108020F
:10C0F0008218A24207D155F8082C9B180833036018
:10C100006368436000E04460002038BD1404000010
:10C110004804000010B500214022044605F04ADC26
:10C12000104B2360104B6360104BA360104BE36017
:10C13000104B2361104B6361104BA361104BE36103
:10C14000104B2362104B6362104BA362104BE362EF
:10C15000104B2363104B6363104BA363104BE363DB
:10C1600010BD00BF00000000F8370100F8370100E3
:10C17000915C0100945C0100BC5F0100BC5F0100A8
:10C180009C6601009C660100FCB60200FCB6020041
:10C190008C6A0300FC0000000001000000000000A9
:10C1A00000000000F0B52D4D91B06846FFF7B2FFDA
:10C1B0002978002937D10898099C241A06D02246EC
:10C1C00005F0F8DB0898214609F06EDD2246244987
:10C1D000244805F015DC244B00241C7001232B702F
:10C1E000224D09F091DC2B68002B33D01A78002AFD
:10C1F00030D09F895E890CE02B681D4AD989106870
:10C200000AF076DC0134014630B1184B186806F0AC
:10C21000B1DBA319BB42EFDB164B2968186801227A
:10C2200006F0ECDB16E0144E317899B90A980B9CB5
:10C23000241A06D0224605F0BDDB0A98214609F0F3
:10C2400033DD08480D49224605F0DADB00232B7068
:10C250000123337009F058DC11B0F0BDFC0300007D
:10C260009AFB880055390100146001004404000065
:10C27000900400002C0400006C600100521E890034
:10C28000014B1868704700BF945C010000207047A4
:10C290002DE9F04F9DB00AA8FFF73CFFFFF7F0FF34
:10C2A0000446FFF7F3FF0A9B0B9A0F99D21A0E9BD5
:10C2B0000D9DC3EB01091199109B6E4ECB1A0C9981
:10C2C000DFF80082C1EB050B93443268D8F8001008
:10C2D00002F50052521A4A44D2185A44141924182A
:10C2E0000994DFF8E4A1644C644F2268DAF8005046
:10C2F0006348AD183A680893C5EB020CCDF81CC032
:10C3000005F07EDB089B09F57E71019303F57E73D2
:10C3100007339B0A07310BF57E72890A07320293B5
:10C320000823920A0091039359464B46554805F05D
:10C3300067DB336820683968DDF81CC0019003931F
:10C3400000F57E7003F57E730CF57E7601F57E7246
:10C3500007300733800A9B0A07320736B60A920A6B
:10C360000290049348486346009605F049DB09991A
:10C3700005F57E7201F57E7307339B0A0732920A38
:10C3800000932946099B414805F03ADB404B414F59
:10C390001968414805F034DB3968404B0A68464665
:10C3A0009A4203D03E4805F02BDB25E01A910B465C
:10C3B00004E015683948131D854203D11A461BABAA
:10C3C0009A42F6D333681AAD009336482B461A9238
:10C3D00005F016DB3B681A9AE91A3348D31A0A4665
:10C3E000009305F00DDB33681A9A591B2F489B1AEE
:10C3F0000A46009305F004DB2D4B1B684BB31A78FB
:10C400003AB35989DD891A8901FB05F638354D4360
:10C4100006F57E7307339B128DE8280005F57E73C1
:10C4200007339B1202932348334605F0E9DA236869
:10C43000DAF80020991B9B185B1B03F57E7001F551
:10C440007E720730800A07320090920A1A4805F07F
:10C45000D7DA1A4B1D6809F081DD044609F078DD52
:10C46000294603462246164805F0CADA1DB0BDE843
:10C47000F08F00BF0460010014040000F40300000A
:10C480008839010097390100D63901001B3A0100B3
:10C49000F003000068600100563A01004B4154531C
:10C4A000713A0100953A0100CC3A0100F13A0100DD
:10C4B00044040000173B0100443B01000404000059
:10C4C0006C3B0100106001004804000008B5714693
:10C4D000034805F095DA0120BDE8084009F0249EE4
:10C4E0009A3B010000487047186001002DE9F341B4
:10C4F00007460C4609F032DD10B909F035DD3AE0A7
:10C50000002620460DF106016A46ADF80660009649
:10C5100007F103080AF072D9009D28F0030845448A
:10C5200040F638039D4226D82DB328463146FFF702
:10C5300031FD0446F8B13146009A05F03BDA009B24
:10C54000A781ED1AE218C8EB050802EB0803A36007
:10C550006368013D62F3140363601B0C65F34F13C2
:10C56000E380204609F0DEDC01232080A370BDF8C3
:10C570000630E38104E0044B00241A6801321A609B
:10C580002046BDE8FC8100BF4C04000038B50446DD
:10C59000E389590621D4A278013AD2B2A270002AC6
:10C5A00027D1E27862B1134B204653F82250E98933
:10C5B0000AF0D4D928462146BDE8384006F0509A02
:10C5C000DA0516D40C4B2046A360218809F0D4DC90
:10C5D0002046BDE83840FFF765BD074B2046A36005
:10C5E0002188A56B09F0C8DC2046FFF75BFD2C46CF
:10C5F000CEE738BD50610100EFBEADDEF8B51F4E8D
:10C6000001220D463068002102F0AAFF0021082215
:10C610000746306802F0A4FF022D014610D107EA58
:10C62000000414F4806406D0306821F48061002294
:10C6300002F096FF2C46FA041ED544F004041BE0D9
:10C64000052D10D107F40064D4F1010438BF002493
:10C65000BB0511D5306841F48061002202F080FFF3
:10C6600044F0200408E035B9306829460522BDE8C9
:10C67000F84002F075BF00242046F8BD0004000019
:10C6800029B9034B11461868072202F069BF7047A9
:10C69000000400002DE9FF470446FFF723FF23684D
:10C6A000C462032B03D1474B18680FF0EFD92368FE
:10C6B000A3F110020F2A04D804B0BDE8F04709F036
:10C6C000CF9B032B0FD1404AE36C22F0010293422F
:10C6D00009D1626C06339361636C4FF0FF321A60CC
:10C6E00004B0BDE8F087656CFFF7CAFD374E636C98
:10C6F000F169C3EB000A3268354805F081D9A36CB3
:10C7000021680093636C22460193A3683148029329
:10C71000E36800270393E36C05F072D9E36904F141
:10C7200010010093236A2C480193636A4FEA9A0A26
:10C730000293A36AB94603930EC905F061D9A36BAE
:10C7400004F12C010093E36B24480193236CB84659
:10C7500002930EC905F054D9EB682148009395E87F
:10C760000E0005F04DD9EB6905F1100100931D484D
:10C770000EC905F045D918E07A59D3070FD5FF2A1D
:10C780000DD9194B9A4204D902F16243B3F5801FC7
:10C7900005D81648394605F033D909F1010904379F
:10C7A000B9F10F0F08F1010801D8D045E4D1336881
:10C7B000002043F4806386E8180004B0BDE8F04729
:10C7C00009F0B29C00040000D1C08000706001003C
:10C7D000C63B0100DC3B0100113C0100443C010070
:10C7E000733C0100913C0100F8370100AF3C0100AF
:10C7F000036810B5022B044603D0084B18680BF0F1
:10C80000BDDE2046FFF746FF2368022B05D0034B11
:10C810001868BDE810400BF0F19E10BD0004000048
:10C82000014B1868704700BFB46001002DE9F0416A
:10C8300004464C200E46154698460AF0D1D80746C5
:10C84000A0B100214C2205F0B5D84FF4F0637B6312
:10C850004FF47A73FB631C233B640C237B64042337
:10C86000C7F80C803E607D60BC60BB643846BDE8A4
:10C87000F081704710B515F04BFF15F059FF15F01A
:10C88000B3F816F005F8044615F06CF820461BF0D6
:10C89000D9FCFFF787FC2046BDE8104009F0AE9AAE
:10C8A000002301E0013340080028FBD1C3F1200040
:10C8B0007047C0177047431E23EA0000FFF7F9BF17
:10C8C0004840FFF7F8BF22EA0002084010437047D3
:10C8D00008B5FFF7F8FFC0B208BD2DE9F843DDF851
:10C8E000208006460D4614469946002707E0E95D7C
:10C8F000E25D3046FFF7ECFF08F8070001374F45CF
:10C90000F5D1BDE8F8830379013BDBB2A3EB51130A
:10C9100000EB83008068D0F1010038BF0020704731
:10C9200010F0010130B51AD002230122591E012452
:10C930009DB214FA01F1202D02D09C40013C01E08F
:10C940004FF0FF3400FB02F52C40A14234BF8918A0
:10C9500011460133212B0A46E8D1084630BD08466E
:10C9600030BD38B5054600F51770FEF3BDF700245D
:10C970000AE004F1760005EB8000436813B104304F
:10C98000FFF304F70134A4B2B5F85831A342F0D84C
:10C9900038BD2DE9F041061D9AB0044604313046F9
:10C9A00004321D46FEF384F60746002D30D02046A3
:10C9B00001210AAA202305F10408FFF3FDF647B977
:10C9C00020462946FFF368F60028D4BF0020012046
:10C9D00000E001200021FFF773FF31460546424683
:10C9E0003046FFF3FBF4012112AA20232046FFF377
:10C9F000E3F602AEE8B20AA912AA20230096FFF7D6
:10CA00006CFF63682046012132469B0000F0AEDADD
:10CA10001AB0BDE8F081F0B5071D9BB004460431A3
:10CA2000384604321D46FFF3D9F4064625B32023C9
:10CA30000AAA01212046FFF3BFF630460021FFF786
:10CA40003FFF2A1D064639463846FEF331F60121DE
:10CA500012AA20232046FFF3AFF602ADF0B20AA9D6
:10CA600012AA20230095FFF738FF636820460121B2
:10CA70002A469B0000F07ADA1BB0F0BD2DE9F041A8
:10CA8000B8B0154606468846FFF3C4F66A68044601
:10CA900002329300502B4FD8D8F8043003339B0058
:10CAA000902B49D824A9FFF379F50746002844D0F4
:10CAB0006A6805F10801920026A804F0F7DED8F8AC
:10CAC0000420204669460332FFF368F50446002837
:10CAD00033D02846FFF3A2F66D686D01451B00E0D8
:10CAE000203515F11F0FFBDB20464146FFF306F60C
:10CAF0003DB13846294600F079DA2046294600F053
:10CB000075DA201D391DFFF39FF220463946FFF3E9
:10CB1000C3F5002805DB204621463A460023FFF7EF
:10CB20007AFF1DB12046694200F060DA30462146A6
:10CB3000FFF3E4F5012000E0002038B0BDE8F0810B
:10CB400008B528B1FFF36AF6D0F1010038BF002024
:10CB500008BD2DE9F0410446ACB00D461646FFF382
:10CB600059F66B6862682B94B2EB430F01D3201D1A
:10CB700008E001210022DB00FFF3CAF42B9000281B
:10CB80004ED00430291DFFF3DBF23046FFF7D8FF0B
:10CB90000121FFF795FE20230BAA012180462046A4
:10CBA000FFF30AF62B981BAD201A18BF01200121B4
:10CBB000FFF786FE2B9907462046FFF39FF50121DC
:10CBC00013AA20232046FFF3F7F5F8B213A90BAA06
:10CBD00020230095FFF781FE01212A4620232046CD
:10CBE000FFF3EAF5324620462B99FFF747FF06464A
:10CBF000B8B1012123AA20232046FFF3DDF503AEBF
:10CC00005FFA88F023A92A4620230096FFF765FEE5
:10CC10003246204601212023FFF3CEF5012600E015
:10CC200006462B9B9C4202D02BA8FFF3AFF5304663
:10CC30002CB0BDE8F0812DE9F74FD2F804A00779B8
:10CC40005FFA8AF991F80480144600F1080609F1A8
:10CC5000FF390D4630460021BA005FFA89F90834E1
:10CC600004F0A8DE013F08F1FF3104EB890B6FEA05
:10CC70000909C9B24FEA8909FFB208354FEA8808A5
:10CC800005EB8105CDF80490002306EB8706C8F17B
:10CC9000000900211DE05FFA8AF84FEA88085C4627
:10CCA000C8EB0608304600270DE03A46076854F8FE
:10CCB00004C90023D2196F5843F10003E7FB0C238A
:10CCC00040F804291F464045EFD1019804393350FC
:10CCD000043E4945DFD10020BDE8FE8F2DE9F04F2D
:10CCE000BDB088464699D0F80C900C1D8568039419
:10CCF00000684C6808F10401049109F104010591F0
:10CD00000790114628461A460023FFF794FF98F82B
:10CD1000042099F804302E790892002109F10800C6
:10CD20009A000835069306F1FF3A04F043DE0398B3
:10CD300005EB8A0AA50040194FEAC40B0A90CBEB19
:10CD40000A0B5146A4460020AE462BE00B68079A1A
:10CD50000A9F53430E4609932546002002910EE098
:10CD600057F8043931680B93002342180B9809993E
:10CD700043F10003E1FB002346F80429184615F1AE
:10CD8000FF35EDD20299A5004D1B07E01E68002378
:10CD9000821943F1000345F804291846AB452B4698
:10CDA000F4D304391CF1FF3CD0D2059A069B75469A
:10CDB00002EB8306CBF80000CEEB0A0A22460023E2
:10CDC00003E05AF80310F150043B013A971CF8D1E4
:10CDD0000021D9F80800FFF773FD0599039A07466B
:10CDE0000498FFF3FBF202212B4640460CAAFFF306
:10CDF000E3F40498089900EB810303E056F8042952
:10CE000043F8042914F1FF34F8D202211CAA2B465E
:10CE10004046FFF3D1F42CACF8B21CA90CAA2B4667
:10CE20000094FFF75AFD4046022122462B4600F0AF
:10CE30009DD800203DB0BDE8F08F2DE9F04F0446AD
:10CE40008BB0184609921F460891FFF3E3F47B6804
:10CE500004F5AC7206929B00002200250590A4F810
:10CE6000582107932E4668E004EB8609D9F8041090
:10CE7000002960D00698FFF3D7F0804600285AD1E9
:10CE800001214246079B0598FFF342F305F1200A72
:10CE900004EB8A0ACAF85C01D9F8040004EB8503A4
:10CEA000C3F85C01FFF7FCFCC0F11F00C0B20490A6
:10CEB0000999DAF85C01FFF321F4C146DDF810A00E
:10CEC00032E04FF0010B05F1200884F860B204EB6A
:10CED0008808D8F85C1104F5177C60460A460B46B2
:10CEE000CDF80CC00097FFF7F9FE049ADDF80CC0EE
:10CEF00053B2C9EB03030BFA03FB04EB86035B6835
:10CF00001BEA030F0AD0002384F86032D8F85C11C2
:10CF10006046089A0B460097FFF7E0FE0AF1FF3AD9
:10CF20005FFA8AFA09F101091AF0800FC9D00135B8
:10CF3000EDB2A4F858510136F6B294F84431B34238
:10CF400092D801200BB0BDE8F08F2DE9F04F834659
:10CF5000ADF52F7D18461C4689469246FFF35AF4DC
:10CF6000676801258046BE0000212422A1A804F0A4
:10CF700021DD2946002233464046A195FFF3C8F241
:10CF8000294600223346AB904046FFF3C1F22946C2
:10CF900000223346AC904046FFF3BAF202217B19DF
:10CFA0008B40AD90A1AA4046FFF3B2F2AA90AB9895
:10CFB00000F008D8267904F10805013EF6B255F8CC
:10CFC000260010F0010000F093804946AA9A2346FB
:10CFD000AC98FFF32DF72346AB99AA9AAD98FFF3CF
:10CFE00027F755F82600FFF79BFC002105464FF474
:10CFF0001E7203A804F0DEDC05236A4221469AA8CB
:10D000008DF80C30FEF37CF4514603A8FEF3DEF3FA
:10D01000234603A8AC99AD9AFFF70FFF9DF8507116
:10D0200007F1FF381FFA88F80FFA88F3002B4FDB5F
:10D0300003A800EB8303596859A8FEF3BBF61F2829
:10D0400046D803A901EB8003D3F8DC11AD98FFF3B8
:10D0500055F3C8F1000800252DE0AD9901238DF8A6
:10D060006C329AA80A460B460094FFF737FEBB1EA7
:10D070001BB203A8EA18C3185B1993F804313146B0
:10D0800001369942E9DB00EB8203596891B1002334
:10D0900059A88DF86C32FEF38DF61F2818D803A915
:10D0A00001EB8003AD990094D3F8DC219AA80B46DC
:10D0B000FFF714FE013D45454FF00006D7D19AA871
:10D0C0005946AD9AAB9B8DF86C620094FFF706FE53
:10D0D00003A8FFF746FCACA8FFF358F3ADA8FFF395
:10D0E00055F3ABA8FFF352F3AAA8FFF34FF30120C7
:10D0F0000DF52F7DBDE8F08F2DE9F04FB3B0039013
:10D1000018461C468A469346FFF384F3D4F80490ED
:10D11000012509F10107BF0080464FEA8906002179
:10D120003A4605A804F046DC29460022334640462C
:10D130000595FFF3EDF12946002233462E90404637
:10D14000FFF3E6F12946002233462F904046FFF3D5
:10D15000DFF129460022334630904046FFF3D8F1F4
:10D1600002213B46319005AA4046FFF3D1F12D90B4
:10D170002E98FFF327F7267904F10805013EF6B251
:10D1800055F82600DAF8047010F0010000F08B80EA
:10D1900051462D9A23462F98FFF34AF62E992D9A41
:10D1A00023463098FFF344F655F82600FFF7B8FB06
:10D1B0007F014242214626A8FEF3A2F3013F01E08F
:10D1C000A6F12007BEB258463146FFF79CFB002867
:10D1D000F6D109F1FF393FB20BF1080AA9EB671745
:10D1E0005AF82700FFF75CFB361A3BE0309901251F
:10D1F0000A460B4626A88DF89C500094FFF76EFD5A
:10D20000294616AA20233098FFF3D6F230994FF022
:10D2100000080B462F9A26A88DF89C800094FFF7F3
:10D220005DFD1EAA294620233098FFF3C5F206F0C3
:10D230001F0015FA00F0A9EB67175AF8273041468E
:10D240001840FFF73DFB0EAFC0B216A91EAA20235F
:10D250000097FFF742FB309829463A462023FFF318
:10D2600085F6013EB6B237B2002FBFDA002303992C
:10D27000309A8DF89C3026A82E9B0094FFF72EFD47
:10D2800026A8FEF331F32FA8FFF380F230A8FFF3B6
:10D290007DF22EA8FFF37AF22DA8FFF377F231A8E2
:10D2A000FFF374F2012033B0BDE8F08F2DE9F04FA9
:10D2B000BFB0039018461D4689469246FFF3AAF276
:10D2C0006E6802230124B60000278DF8F7300A2388
:10D2D0003C9321463A463346804637973B978DF834
:10D2E000F640FFF315F121462D903A46334640466D
:10D2F000FFF30EF121462E903A4633464046FFF3A7
:10D3000007F102212F903A4633464046FFF300F1E1
:10D31000214630903A4633464046FFF3F9F0214625
:10D3200031903A4633464046FFF3F2F021463290C0
:10D330003A4633464046FFF3EBF0214633903A46F7
:10D3400033464046FFF3E4F0214634900DF1F602F7
:10D3500023463398FFF30AF621460DF1F7022346E0
:10D360003498FFF303F621463A4633464046FFF32E
:10D37000CFF0214635903A4633464046FFF3C8F099
:10D38000214636903A4633464046FFF3C1F02146E7
:10D3900038903A4633464046FFF3BAF0214639907A
:10D3A0003A4633464046FFF3B3F021463A903CAA52
:10D3B00023463098FFF3DAF530982B46024629468B
:10D3C000FFF729FB03992A462D98FFF7C2FB2B464E
:10D3D00030992D9A2E98FFF32BF52E992A462F98E7
:10D3E000FFF7B7FB2E982F9A01462B46FFF7D1FA8D
:10D3F0002E98FFF7A5FB2146FFF762FA29468446DF
:10D40000349A2F982B46CDF808C0FFF704FB2E99CD
:10D410002F9A2B463198FFF76FFE4A462B463099DC
:10D420002E98FFF305F52E9829460246FFF374F275
:10D4300051462E9A2B463598FFF3FAF452462B4666
:10D440002E982946FFF7E7FA484629462F9AFFF318
:10D4500063F22E982F9A01462B46FFF3E9F42F989A
:10D460003399319A2B46FFF794FA2E992F9A2B462F
:10D470003698FFF3DDF4202321461DAA3598FFF3EB
:10D480009BF12023214625AA3698FFF395F1DDF87C
:10D4900008C00DF1540B5FFA8CF01DA925AA334684
:10D4A000CDF800B0FFF719FA334621465A464046F8
:10D4B000FFF32EF02A46014637902E98FFF749FBDE
:10D4C0002E98379A01462B46FFF3B2F44946379A15
:10D4D0002B462F98FFF3ACF42E982F9A01462B463B
:10D4E000FFF757FA524639982E992B46FFF751FA13
:10D4F00030992D9A2B462E98FFF39AF42B462E99AD
:10D50000379A3898FFF394F438992A462E98FFF703
:10D5100020FB2E98389A01462B46FFF389F44946A2
:10D52000389A2B462F98FFF383F42E982F9A0146B2
:10D530002B46FFF72EFA52463A982E992B46FFF7C4
:10D5400028FA339A2B462E982946FFF764FA2E982C
:10D550002146FFF34BF52E982B4602463999FFF7EB
:10D56000CBFD2E98FFF7ECFA214681462E98FFF36B
:10D57000AFF2214640EA0900FFF7A2F921468146B1
:10D580001DAA20233998FFF317F15FFA89F92023A8
:10D59000214625AA3A98FFF30FF148461DA925AA6E
:10D5A0003346CDF800B0FFF798F921465A46334686
:10D5B0004046FEF3ADF720233B9021461DAA379845
:10D5C000FFF3FAF02023214625AA3898FFF3F4F060
:10D5D0000DF1140A48461DA925AA3346CDF800A02E
:10D5E000FFF77BF92023284621461DAAFFF3E4F02C
:10D5F00006F1FF393EAB994419F8843C03F003036C
:10D60000032B03D0444804F0FBD954E03A4640468B
:10D6100021463346FEF37CF73B4680462946339A43
:10D620002E98FFF7B6F92E980221FFF3DFF42B4670
:10D630003B992E9A4046FFF75FFD21461DAA202305
:10D640000398FFF3B9F025AA202321464046FFF3B3
:10D65000B3F019F8840C19F8641C00F0010001F013
:10D660000101FFF72DF929462B46074642462E9821
:10D67000FFF7D1F921461DAA20234046FFF39CF075
:10D68000214625AA20232E98FFF396F00AEB0605E3
:10D69000F8B21DA925AA33460095FFF71EF92146C9
:10D6A000524633464898FFF361F4499821462A468A
:10D6B0003346FFF35BF42DA8FFF368F02EA8FFF3C9
:10D6C00065F02FA8FFF362F031A8FFF35FF030A8F8
:10D6D000FFF35CF032A8FFF359F033A8FFF356F0E4
:10D6E00034A8FFF353F035A8FFF350F036A8FFF34A
:10D6F0004DF037A8FFF34AF03BA8FFF347F038A8F6
:10D70000FFF344F039A8FFF341F03AA8FFF33EF0ED
:10D7100000203FB0BDE8F08FE93C010000487047B1
:10D72000883D010000487047103D010000487047E7
:10D730004C3D010000487047C43D0100012801D163
:10D74000FFF7F0BF022801D1FFF7F0BF032801D196
:10D75000FFF7F0BF042801D1FFF7E0BF00207047BA
:10D7600000487047DC60010000487047305D0100F0
:10D77000014B43F82010704750610100034B53F8F0
:10D780002000431A584240EB0300704750610100EB
:10D7900042893C2928BF3C21034691422CBF0846C0
:10D7A000104698817047000000F13402342A08B511
:10D7B000034606D905482021054A04F061D90348EB
:10D7C00008BD044A434252F8230008BD30610100FD
:10D7D0007F3E01000CA2880038B5049C1D467CB138
:10D7E000FF2B0DD002B95BB96B1C2070A170637068
:10D7F00025B11146E01C2A4604F058D803356419B7
:10D80000204638BDC0F3804070470000044B00F450
:10D810004032134303420CBF00200120704700BF79
:10D82000D091540038B50546FFF7F0FF38B10B4BE7
:10D830002B4033B915F4900418BF182402E00446B5
:10D8400000E01024284605F0BDDF20B1034B2B403B
:10D85000002B18BF1024204638BD00BFC4D10400DF
:10D8600000487047685D0100004870477852010029
:10D870000020704708B5FFF7F3FF417802780123D5
:10D8800013FA01F113FA02F20A4381788B4042EA5B
:10D89000030008BD2DE9F7434FF0000804460F468A
:10D8A000164699464546012303FA08F313EA090F81
:10D8B0002BD063692046222B0ADDE3695A0607D57F
:10D8C00040F6270100220EF0AFDA0146204600E0C4
:10D8D00000214FF4C4620EF047D9C0F8008063699C
:10D8E0002046222B0ADDE3695B0607D540F62701B7
:10D8F00000220EF099DA0146204600E0002140F2B5
:10D9000024620EF031D903681D4308F10108B8F113
:10D910001F0FC8D19DF828304BB145B101230093AA
:10D9200020462B4639463246FFF7B4FF05432846CA
:10D93000BDE8FE83816838B540F63C039942044651
:10D9400028D1C3680B2B03D84FF0A871994001D49C
:10D950000C2B1FD949F218239A4205D049F64043AF
:10D960009A4217D10C4D00E00C4D63692046222BE2
:10D970000ADDE369590607D540F6270100220EF0BB
:10D9800053DA0146204600E0002140F2DC620EF04E
:10D99000EBD8056038BD00BF99010100B601010058
:10D9A00038B543690446222B0ADDC3695D0607D5F5
:10D9B00040F6270100220EF037DA0146204601E04A
:10D9C000204600214FF4C0620EF0CED805682046F4
:10D9D00005F07C05AD08FFF747FF03E08378AB4215
:10D9E00007D00C3010B10388002BF7D12046FFF789
:10D9F0003FFF03884FF47A70584338BD70B5044632
:10DA000016460D460AF0B0DD94F86023094B002855
:10DA100018BF0123012A94F8682308BFD4F85C33A7
:10DA2000012A0CBFD4F864236FF000422B603260EF
:10DA300070BD00BF0100820E2DE9FF471D464369FE
:10DA400090460022222B044689460292039209DD69
:10DA5000C3695F0606D540F627010EF0E5D90146F9
:10DA6000204601E0204600214FF4C4620EF07CD82D
:10DA70000560236A20460C2B636916DD222B0ADD24
:10DA8000E3695E0607D540F6270100220EF0CCD9E7
:10DA90000146204600E000214FF4C5620EF064D834
:10DAA00007683F0CBF05BF0D14E0222B0ADDE369B8
:10DAB000590607D540F6270100220EF0B5D90146D8
:10DAC000204600E000214FF4C5620EF04DD80768F3
:10DAD0003F0AFFB20123AB4000262046494642469A
:10DAE0000096FFF7D7FE0546012212FA06F32B42F5
:10DAF00007D00092204649464246FFF7CBFE25EA72
:10DB0000000501361F2EEFD1204602A903AAFFF718
:10DB100075FF029B002625EA030A35460123AB4028
:10DB200013EA0A0F08D0204649464246EBB2FFF7F7
:10DB300083FF864238BF064601351F2DEED1B81C43
:10DB4000801904B0BDE8F0872DE9F041069E044637
:10DB500015461F46FFF78EFE002870D010EA060813
:10DB600000EA07072CD063692046222B0ADDE3690F
:10DB70005A0607D540F6270100220EF055D9014676
:10DB8000204600E0002140F21C620DF0EDDF6369E9
:10DB90000646222B20460ADDE3695B0607D540F6E0
:10DBA000270100220EF040D90146204600E0002166
:10DBB00040F21C620DF0D8DF036843EA08033360CB
:10DBC000002F2BD063692046222B0ADDE3695E0615
:10DBD00007D540F6270100220EF026D9014620463F
:10DBE00000E000214FF4C3620DF0BEDF636906461A
:10DBF000222B20460ADDE369590607D540F62701A6
:10DC000000220EF011D90146204600E000214FF419
:10DC1000C3620DF0A9DF03681F433760079B9A03B7
:10DC200005D4BDE8F0810A2008F0C8DB01E040F22D
:10DC3000DD54D5F8E0319B0301D4013CF3D1BDE8BC
:10DC4000F081F7B51E4643690446222B0F46154660
:10DC50000BDDC3695A0608D540F6270100220EF0F5
:10DC6000E3D800970146204602E0009720460021B5
:10DC70004FF0FF334FF4CA620EF026DC6369222BAB
:10DC80000CDDE3695B0609D540F62701204600223A
:10DC90000EF0CAD800960146204602E000962046C3
:10DCA000002140F254622B460EF00EDCFEBDF7B5AB
:10DCB0001E4643690446222B0F4615460BDDC369F9
:10DCC0005B0608D540F6270100220EF0ADD800977C
:10DCD0000146204602E00097204600214FF0FF3326
:10DCE0004FF4CB620EF0F0DB6369222B0CDDE369AD
:10DCF000590609D540F62701204600220EF094D897
:10DD000000960146204602E000962046002140F29F
:10DD10005C622B460EF0D8DBFEBDF7B51E464369AC
:10DD20000446222B0F4615460BDDC369590608D55C
:10DD300040F6270100220EF077D8009701462046D2
:10DD400002E00097204600214FF0FF334FF4CC62F1
:10DD50000EF0BADB6369222B0CDDE3695A0609D5A4
:10DD600040F62701204600220EF05ED800960146BC
:10DD7000204602E000962046002140F264622B46D5
:10DD80000EF0A2DBFEBD436913B5222B04460DDD68
:10DD9000C3695B060AD540F6270100220EF044D87D
:10DDA0004FF4806301460093204604E04FF4806303
:10DDB0000093204600214FF4C0620EF085DB1CBDAD
:10DDC0002DE9F04F013AD2B2082A85B004469A46AE
:10DDD00015D8374B9E5C374B9F5C374B13F802903E
:10DDE000364B9B5C0393364B13F802B0354B9B5C70
:10DDF0000293354B13F80280344B9D5C07E00025FD
:10DE0000A8460295AB460395A9462F462E46636960
:10DE1000222B0DDDE3695B060AD540F6270120467B
:10DE200000220EF001D8CDF800900146204603E014
:10DE3000CDF80090204600214FF0FF334FF4CB6225
:10DE40000EF042DB6369222B0FDDE36958060CD527
:10DE500040F62701204600220DF0E6DF07EA0A031C
:10DE6000B34001460093204605E007EA0A03B340A9
:10DE700020460093002117FA06F340F25C620EF090
:10DE800023DB039B83B148FA0BF208EA0A0848FA3D
:10DE90000BFB2046029C2946A2400BFA04F305B076
:10DEA000BDE8F04FFFF703BF05B0BDE8F08F00BF3E
:10DEB0005C510100655101006E5101007751010074
:10DEC00080510100EC530100F851010001520100A2
:10DED0002DE9F843044689460DF040DE0021064650
:10DEE00020460EF0EBDB80462046FFF7B9FC0746E4
:10DEF00020460EF055DA4946054642463B78204614
:10DF0000FFF79AFD0B2302305843074B3146EB18BD
:10DF1000B3FBF5F5454320460EF0D0DB0A23B5FBF5
:10DF2000F3F5A8B2BDE8F8833F420F0038B5436966
:10DF30000446222B0ADDC3695D0607D540F627019A
:10DF400000220DF071DF0146204601E0204600214D
:10DF500040F214620DF008DE63690568222B20464A
:10DF60000ADDE369590607D540F6270100220DF0C6
:10DF70005BDF0146204600E0002140F214620DF014
:10DF8000F3DD03689D4214D063692046222B0ADD2D
:10DF9000E3695A0607D540F6270100220DF044DF59
:10DFA0000146204600E0002140F214620DF0DCDD65
:10DFB0000568284638BD38B51C461D68FFF7B6FF12
:10DFC00003462360401B38BD2DE9F7430025044676
:10DFD0000F46164698469DF828900195FFF7A6FF34
:10DFE000019063692046222B0ADDE3695B0607D5B1
:10DFF00040F6270100220DF017DF0146204600E021
:10E0000000214FF4C2620DF0AFDDB9F1010F0068DD
:10E0100001D108B90EE050B9B8EB451F09D9204627
:10E020003946324601ABFFF7C6FF2D18D9E700206D
:10E0300000E001200B9B6D011D60BDE8FE832DE912
:10E04000F04F002685B0804689469246039601250A
:10E0500003AF40464946524643F698230095019740
:10E06000FFF7B2FF044688B98DE88100402340469F
:10E0700049465246DDF80CB0FFF7A6FF039B38B9BE
:10E080009B445E4443F697239E42E0D9284600E035
:10E09000204605B0BDE8F08F2DE9F8439946436965
:10E0A0000446222B0E461546DDF82080099F0ADD26
:10E0B000C3695A0607D540F6270100220DF0B4DEE9
:10E0C0000146204601E0204600214FF4C3620DF0D6
:10E0D0004BDD03682046C9F800306369222B0ADD56
:10E0E000E3695B0607D540F6270100220DF09CDEB0
:10E0F0000146204600E0002140F21C620DF034DDB4
:10E1000003682046C8F80030D5F8E0313B60FFF7DF
:10E11000B1FB0746002872D0D5F8E031990304D44A
:10E12000204631462A46FFF78AFF63692046222BA4
:10E130000ADDE3695A0607D540F6270100220DF0F3
:10E1400073DE0146204600E000214FF4C3620DF06B
:10E150000BDD63690646222B20460ADDE3695B0678
:10E1600007D540F6270100220DF05EDE014620466D
:10E1700000E000214FF4C3620DF0F6DC0368FF43BA
:10E180003B40336063692046222B0ADDE3695E066B
:10E1900007D540F6270100220DF046DE0146204655
:10E1A00000E0002140F21C620DF0DEDC63690646EF
:10E1B000222B20460ADDE369590607D540F62701E0
:10E1C00000220DF031DE0146204600E0002140F241
:10E1D0001C620DF0C9DC036840F2DD541F4037605B
:10E1E00002E00A2008F0EAD8D5F8E0319A0301D518
:10E1F000013CF6D16420BDE8F84308F0DF98BDE8A3
:10E20000F88337B5044601AB4FF400616A460EF05F
:10E2100063DA63692046222B0ADDE3695D0607D5D0
:10E2200040F6270100220DF0FFDD0146204600E008
:10E2300000214FF4CE620DF097DC056815F0005315
:10E2400016D063692046222B0ADDE369590607D5FB
:10E2500040F6270100220DF0E7DD0146204600E0F0
:10E2600000214FF4CE620DF07FDC0560012500E057
:10E270001D4620469DE806000EF04CD928463EBDBE
:10E2800070B504460E460DF069DC002105462046B7
:10E290000EF014DA314602462046FFF781FB29468C
:10E2A000064620460EF00ADA304670BD014B186073
:10E2B000704700BF94610100F8B5484F04463A68C2
:10E2C000002A40F089804369222B09DDC3695B067F
:10E2D00006D540F627010DF0A7DD0146204601E0F6
:10E2E0002046002140F214620DF03EDC63690568AF
:10E2F000222B20460ADDE3695E0607D540F627019A
:10E3000000220DF091DD0146204600E0002140F2A0
:10E3100014620DF029DC03689D4214D06369204625
:10E32000222B0ADDE369590607D540F627010022B2
:10E330000DF07ADD0146204600E0002140F2146233
:10E340000DF012DC056842F2107008F037D86369EE
:10E350002046222B0ADDE3695A0607D540F627013D
:10E3600000220DF061DD0146204600E0002140F270
:10E3700014620DF0F9DB63690668222B20460ADD82
:10E38000E3695B0607D540F6270100220DF04CDD5E
:10E390000146204600E0002140F214620DF0E4DB6B
:10E3A00003689E4214D063692046222B0ADDE3698C
:10E3B0005E0607D540F6270100220DF035DD014647
:10E3C000204600E0002140F214620DF0CDDB06682B
:10E3D000751B642675433D603868F8BD9461010083
:10E3E0002DE9F74F0446884691461F460DF0E8DFB9
:10E3F0008346002840F0D98020460DF0AFDB594617
:10E40000824620460EF05AD9636905462D2B0CD161
:10E41000D0F8F430B9F1000F02D023F0007301E01E
:10E4200043F00073C5F8F430B8E02046FFF718FA5F
:10E43000C37801269E4000F0B180B9F1000F5ED094
:10E4400063692046222B0ADDE369590607D540F6A9
:10E4500027015A460DF0E8DC0146204600E0002185
:10E460004FF4C3620DF080DB036841463B6043EA32
:10E4700006070123009320463B462A46FFF70AFA87
:10E4800063690743222B20460ADDE3695A0607D554
:10E4900040F6270100220DF0C7DC0146204600E0CF
:10E4A00000214FF4C3620DF05FDB414607602A464E
:10E4B0002046FFF7C4FD4FF47A7007F07FDF40F28B
:10E4C000DD5702E00A2007F079DF63692046222B3E
:10E4D0000ADDE3695B0607D540F6270100220DF04F
:10E4E000A3DC0146204600E0002140F20C620DF062
:10E4F0003BDB0368334242D1013FE3D13FE03A685E
:10E500009AB963692046222B09DDE3695F0606D5C7
:10E5100040F627010DF088DC0146204600E000218E
:10E520004FF4C3620DF020DB026822EA06070123E4
:10E53000009320463B4641462A46FFF7ABF9636904
:10E54000074337420CBF00260126222B20460ADD56
:10E55000E369590607D540F6270100220DF064DC77
:10E560000146204600E000214FF4C3620DF0FCDAC2
:10E57000414607602A462046FFF761FD00E001267C
:10E5800040F22D1702E00A2007F018DF2B6903F490
:10E590008053B3EB063F01D0013FF4D120465146F2
:10E5A00003B0BDE8F04F0EF0899803B0BDE8F08FDE
:10E5B000F0B589B004460D4606AA07AB4FF40061DA
:10E5C0000EF08AD829462046FFF75AFE4FF47A7695
:10E5D0000022B0FBF6F6134602212046FFF79DFB12
:10E5E00000220746134600F00F0503212046FFF7DF
:10E5F00094FB4FF680733B40DF094FF4000320F09B
:10E600007F42009303A804A9334603F09DDE05A8CA
:10E610000399049A1823774303F0DADE05B92D60D5
:10E62000059A4FF4006300934FF4805303A804A9A4
:10E63000BA1893FBF5F303F087DE02A80399049A56
:10E640000C2303F0C5DE20460699079A0DF062DF21
:10E65000029809B0F0BD10B504460DF0E7DE0146A2
:10E660002046BDE81040FFF7A3BF70B5044616462C
:10E67000FFF7F1FF63690546222B20460ADDE369B7
:10E680005B0607D540F6270100220DF0CDDB0146E1
:10E69000204600E000214FF4CC620DF065DA04233F
:10E6A0000360D6F864364FF47A70DBB2B5FBF3F54D
:10E6B000684370BD70B504460E460DF04FDA002178
:10E6C000054620460DF0FADF314602462046FFF7A8
:10E6D000CCFF2946064620460DF0F0DF304670BDDF
:10E6E000FFF7E8BF37B50446FFF7B5FF4FF4006109
:10E6F0006A4601AB054620460DF0EEDF00221346C8
:10E7000020460421FFF709FB00F47F40030A00B90B
:10E710001B60B5FBF3F520469DE806000DF0FADE20
:10E7200028463EBD70B504460E460DF017DA0021AE
:10E73000054620460DF0C2DF314602462046FFF76F
:10E740007EFC2046FFF78CF863690646222B2046A4
:10E750000ADDE3695A0607D540F6270100220DF0CD
:10E7600063DB0146204600E0002140F20C620DF020
:10E77000FBD9F378012111FA03F3026829461A4202
:10E780000CBF0026012620460DF098DF304670BDF4
:10E7900070472DE9FF47836E002204460D46029222
:10E7A000039263B1D0F8CC1000EB8101D1F8D40012
:10E7B000216E884205D1606E9847814602E09946F5
:10E7C00000E0914620460DF0C9D90021824620463E
:10E7D0000DF074DF02A9804603AA2046FFF70EF968
:10E7E000029F00260396F7B13B4620462946424643
:10E7F0000096FFF74FF863693843222B02902046BA
:10E800000ADDE369590607D540F6270132460DF0C7
:10E810000BDB0146204600E000214FF4C3620DF0FF
:10E82000A3D9029B0360039EFEB100273346204616
:10E83000294642460097FFF72DF863693043222BA3
:10E84000039020460ADDE3695A0607D540F6270102
:10E850003A460DF0E9DA0146204600E0002140F298
:10E860001C620DF081D9039B036029464246204675
:10E87000FFF7E5FB204651460DF020DFE36E5BB16C
:10E88000D4F8CC2004EB8202D2F8D410226E91424C
:10E8900002D1606E49469847BDE8FF8710B5002257
:10E8A0000C4608F0B1D8A0B90A4B1B688BB11A7896
:10E8B0007AB1DA8994420CD8184604F0E1D820B134
:10E8C000054B1A6801321A6010BD044B1A680132F8
:10E8D0001A6010BD44040000986101009C610100B1
:10E8E000037E2BB14069D0F1010038BF0020704792
:10E8F00001207047014B03EBC0007047A06101008D
:10E90000014B03EBC0007047C061010070B50C46BD
:10E91000164609F0B3DD80B100252846FFF7F0FF69
:10E9200003681BB980E85000184670BD0135EDB290
:10E93000042DF2D14FF0FF3070BD4FF0FF3070BDAD
:10E940006FF01600704770477047000003682DE9AC
:10E95000F041C0F8203143680022C0F824318368B8
:10E96000C0F82831C368C0F82C310369C0F83031D1
:10E970004369C0F834318369C0F83831C369C0F8DD
:10E980003C3100F59073534E1C69DF699559D3F8FB
:10E9900014C07D194FEAB41787EAF42787EA746731
:10E9A000ED199F6927EA040704EA0C047C402C193E
:10E9B0008D1811F802C0EF78043247EA0C6795F819
:10E9C00001C0AD7847EA0C4747EA05256419DD61C7
:10E9D000DD68402A2544DD6093E8A01087EA0C0832
:10E9E00008EA05080CEA070C88EA0C074FEAB50CA0
:10E9F0008CEA753C8CEAB5553D442C4443F8044DF3
:10EA0000C1D100F1E00306F13C0500F120071A69CD
:10EA100055F8044FD9695E6961184FEAB21484EA67
:10EA2000F22484EA726409199C69D3F85CC024EA70
:10EA30000204324062409E6B5C6A66444FEA744C4A
:10EA40008A188CEAF44C996D8CEA942434194FEAB4
:10EA5000F11686EAB14686EAD10161185218D961E9
:10EA6000D9688918D96093E8520084EA060C0CEA48
:10EA7000010C26408CEA06044FEAB10686EA71369C
:10EA800086EAB1516118891843F8041DBB42BED112
:10EA9000036842685918436A0160D318436082686A
:10EAA000836AD3188360C268C36AD318C3600269DB
:10EAB000036BD31803614269436BD31843618269C6
:10EAC000836BD3188361C269C36BD318C361BDE87C
:10EAD000F08100BFC0540100F0B5034696100F4608
:10EAE000002510E057F8044B01354FEA146C83F809
:10EAF00000C04FEA144C83F801C04FEA142C83F88D
:10EB000002C0DC700433B542ECDB26EAE67312F097
:10EB1000030200EB83000AD051F8234018210023A0
:10EB200034FA01F5C554013308399342F8DBF0BDDE
:10EB30000048704764540100D0F8B43170B5D31860
:10EB4000934204460E461546C0F8B43104D2D0F8BC
:10EB5000B0310133C0F8B031D4F8AC21AB183F2B41
:10EB60000AD8A21802F5B67031462A4602F09EDE97
:10EB7000D4F8AC315D1925E0E2B1A0183146C2F1FC
:10EB8000400200F5B67002F091DED4F8B831201DD5
:10EB900004F5B6719847D4F8AC31C3F14002403B5C
:10EBA000B6185D1906E03146D4F8B831201D9847F3
:10EBB0004036403D3F2DF6DC04F5B67031462A461E
:10EBC00002F074DEC4F8AC5170BD0000012910B52C
:10EBD000044640F8041B05D10A4B0B49C4F8B83170
:10EBE000142204E0094B0A49C4F8B831202202F08B
:10EBF0005DDE0020C4F8AC01C4F8B001C4F8B40173
:10EC000010BD00BF0D430000C0550100454000008D
:10EC1000A0540100F8B5044600F5AA760D4600F5AB
:10EC20008A7721463046142202F040DE3069664978
:10EC3000726841183068331F01EBF061F06820EA18
:10EC4000020CB06810408CEA0000091846F8041C59
:10EC5000687895F800C0000440EA0C6095F803C09D
:10EC60004FEAB20240EA0C0095F802C0043540EACF
:10EC70000C2041189F42306146F8041C72601E4609
:10EC8000D4D304F5827530694F497268411853F83E
:10EC90000409F76801EBF061B06827EA0207104049
:10ECA00078400918376BF0694FEAB2027840B76CC8
:10ECB00072607840376D78404FEAF0703061081824
:10ECC00046F8040C043EAB42DDD804F1B4061A4603
:10ECD00015693E495068691853F80459D76801EB23
:10ECE000F561956845407D404919176BD5694FEA34
:10ECF000B0007D40976C50607D40176D7D404FEABD
:10ED0000F57515614D1942F8045C043AB342DFD839
:10ED100004F1640C1A4615692D49101D691853F841
:10ED20000459C1C801EBF56186EA07050540374083
:10ED300085EA07068919D569166B4FEAB000754058
:10ED4000966C50607540166D75404FEAF57515610B
:10ED50004D1942F8045C043A6345DCD804F114060A
:10ED60001D691C49586869181D68DF6801EBF56169
:10ED70009D681A4645407D4049191F6BDD694FEA81
:10ED8000B0007D409F6C58607D401F6D7D404FEA14
:10ED9000F57549191D6143F8041C043B9E42DFD3FD
:10EDA00023685918216013686168CB186360536841
:10EDB000A168CB18A360E1689368CB18E360216970
:10EDC000D368CB182361F8BD9979825AA1EBD96E2B
:10EDD000DCBC1B8FD6C162CA30B5034685B00C4679
:10EDE00015466846194607F0B3DE20466946102DE1
:10EDF000B4BF2A46102202F059DD05B030BD07F03D
:10EE0000039F08B507F0ECDE002008BD38B50446C6
:10EE10000D46FFF78DFE0346E4B1002222606260DA
:10EE20000122AA4001680A420AD100F11401406996
:10EE3000024204D103F128019B6A1A420DD00B460D
:10EE400004F1100063602560A0609B682946984724
:10EE5000002038BD6FF0010038BD6FF0160038BDDE
:10EE600008B5436813B1DB688068984708BD08B5EA
:10EE7000436813B11B698068984708BD01380628AC
:10EE80009ABF024B18560020704700BFD4550100AE
:10EE9000F8B5044600680E461546FFF7EFFF002858
:10EEA0004AD0D4F8AC218021A31883F86C11531CEC
:10EEB000A842B8BF0546382BC4F8AC3111D9A01808
:10EEC00000F5B6700021C2F13F02013002F072DDA0
:10EED000D4F8B831201D04F5B67198470023C4F862
:10EEE000AC31D4F8AC210021A01800F5B670C2F105
:10EEF000380202F05FDDD4F8B021D4F8B431D2008A
:10EF000042EA5372DB00C4F8B021C4F8B4310822DD
:10EF100004F5D27004F5D871271DFFF7DDFD3846E2
:10EF200004F5B671D4F8B8319847304639462A46C8
:10EF3000BDE8F840FFF7D0BDF8BD07280AD84FF06C
:10EF4000C243834004D44FF0F053834004D401E023
:10EF50004020704700207047802070472DE9F0471F
:10EF60000C46B0B090469A460746002846D0084660
:10EF7000FFF784FF81462046FFF7DFFF5045064636
:10EF800007F1800513DA21462846FFF73FFF414687
:10EF900052462846FFF764FF284620A94A46FFF755
:10EFA00066FF4E45B4BFB246CA460DF18008002345
:10EFB00009E018F8032082F0360182F05C020DF8B7
:10EFC0000310FA5401335345F3DB2AEAEA7A07E0E7
:10EFD00036230DF80A305C2307F80A300AF1010ADB
:10EFE000B245F5DB21462846FFF710FF044638B945
:10EFF000284669463246FFF733FF01E06FF001040F
:10F00000204630B0BDE8F08710B18030FFF728BF50
:10F0100070472DE9F843DDF82080044615469946EF
:10F0200061B10E46002707E032881AB120467168A8
:10F03000FFF7EAFF01370836AF42F5DBB9F1000F01
:10F0400009D0B8F1000F06D0204649464246BDE837
:10F05000F843FFF7D9BFBDE8F8832DE9F0478A46AA
:10F0600090B09046064600282BD0D0F8807000F172
:10F0700080043846FFF761FF81463846FFF7FEFE01
:10F0800005462A4620466946FFF7F1FE39462046E6
:10F09000FFF7BCFE204631464A46FFF7E1FE204618
:10F0A00069462A46FFF7DCFE204669462A46FFF7F6
:10F0B000DEFE504669464545B4BF2A46424602F048
:10F0C000F5DB10B0BDE8F087F0B51446ADF5337D43
:10F0D00007460E461D4602A8234639463246FFF72C
:10F0E0003DFF044660B9BA9B02A800932946B89A2E
:10F0F000B99BFFF78EFF02A8BB99BC9AFFF7ADFF43
:10F1000020460DF5337DF0BD2DE9F04F93B01E9FE5
:10F1100081468B4692461C461F9D002F68D0002DCD
:10F1200068D02BB1184602F0F1DC00F1010800E0D4
:10F1300098464846FFF7A2FE064600285CD0431ECC
:10F14000EB1893FBF0F3FF2B079355DC4FF6FF739F
:10F15000984551DC1D9A9A424EDC2B4BADF8342079
:10F16000002C08BF1C461C9B01220E9312AB03F817
:10F17000012D1093032300930023ADF82400ADF874
:10F180003C2001930293A842D4BF049004955946B1
:10F19000484652460BAB0C940A97ADF82C80039767
:10F1A000FFF792FF044600282AD14FF0020819E029
:10F1B000AD1B002D0A9723DD042300930023019348
:10F1C0000293BF1948465946524609AB8DF847800D
:10F1D0000397B542D4BF04950496FFF775FF08F175
:10F1E000010860B9079A08F1FF339342E0DD07E0B8
:10F1F0003C4605E02C4603E06FF0160400E00446B0
:10F20000204613B0BDE8F08F05EA89000B4B10B51E
:10F210001A681C46904204D15A68914201D118469E
:10F2200010BD6369054A984206D190691432814243
:10F230000CBF1046002010BD002010BD6C5D010009
:10F2400073B504460CF0F6DE14237422204640F613
:10F250000C410CF04FDE2046012104220DF030D885
:10F260002046022104220DF02BD801250021204642
:10F2700040F61C624FF0FF3300950CF0A7DE11231F
:10F2800000930021204640F618624FF0FF330CF047
:10F290009DDE41F2021300930021204640F64442D5
:10F2A0004FF0FF330CF092DEF32320464FF45E6103
:10F2B0004FF0FF320CF01EDE0023204640F6F851DE
:10F2C0004FF0FF320CF016DE0023204640F6E451EA
:10F2D0004FF0FF320CF00EDE0823204640F6EC51D2
:10F2E0004FF0FF320CF006DE0023204640F6E851D6
:10F2F0004FF0FF320CF0FEDDDB2320464FF45D6162
:10F300004FF0FF320CF0F6DD0C220023204640F6D1
:10F3100054410CF0EFDD284B00210093204640F6CD
:10F32000BC524FF0FF330CF051DE244B29460093C2
:10F33000204640F6BC524FF0FF330CF047DE204B26
:10F3400002210093204640F6BC524FF0FF330CF0F0
:10F350003DDE2A462B46204640F624610CF0CADDED
:10F3600040F6FF7300930021164E204640F6B4523B
:10F370004FF0FF330CF02ADE0021204640F6B85251
:10F380004FF0FF3300960CF021DE4BF698230093EC
:10F390002946204640F6B8524FF0FF330CF016DEF7
:10F3A00020464FF45C614FF0FF32334602B0BDE8B7
:10F3B00070400CF09F9D00BF10111213141516170A
:10F3C00018191A1B1032547613B50C4602B949B1FC
:10F3D000084913B10B681C4003E00B681C4324EA86
:10F3E0000304224000920021702223460CF0BADB75
:10F3F0001CBD00BFA404000013B5144642690A2ACC
:10F400000FDD29B1012905D002290AD1842202E0A9
:10F41000782200E07C220093002123460CF0A2DB3E
:10F4200001E04FF0FF301CBD2DE9F04104460CF027
:10F430007BDF00210A460B4607462046FFF7C4FF44
:10F4400000210A460B4606462046FFF7D5FF00225C
:10F450000546022120461346FFF7CEFFD4F87880F8
:10F4600015E0D8F8083083B198F80420002AD8F8BD
:10F470000C200CBF2846384600EA020012D0324069
:10F48000904202D0D8F800109847D8F81080B8F110
:10F49000000FE6D1204641462A462B46BDE8F04102
:10F4A000FFF7AABF0028EDD1EFE74FF48030704797
:10F4B00038B500251D70D1F8CC304FF400611360D1
:10F4C0002A4604460DF0ECD8054638B1D0F8E031B4
:10F4D000DA0103D4204601210DF0BCDC284638BDFA
:10F4E00073B504460DF02AD818B920460DF0D2D8CD
:10F4F00060B3204621466A460DF10703FFF7D8FFA7
:10F500000646C0B140F22D1502E00A2006F056DF93
:10F51000D6F8D431180706D4013DF6D103E00A200D
:10F5200006F04CDF01E040F22D15D6F8D431590732
:10F5300001D5013DF3D1204600210DF08BDC9DF873
:10F5400007301BB9204600990DF0B8D87CBD10B526
:10F55000044607F0CDD82046FFF7C2FF012010BDBA
:10F56000F0B585B004460D4617460DF093D8002837
:10F5700000F09480A66E6EB1D4F8CC3004EB830317
:10F58000D3F8D420236E9A4203D1606EB04706466A
:10F5900000E000262046214602AA0DF10F03FFF7E6
:10F5A00087FF002863D0082F61D8DFE807F0051433
:10F5B0001C2735404A550D000095204600214FF488
:10F5C0009C724FF0FF334EE00021009120464FF433
:10F5D0009C720B4647E04FF0FF330093204600211A
:10F5E0004FF49A723FE0002120464FF4EC720B4634
:10F5F00000910CF0B7DA00F0010539E025B12023C5
:10F6000000932046002103E0022300932046294670
:10F610004FF4E872222326E0002120464FF49A722C
:10F620000B4600910CF09EDAC0F3C02520E00021CB
:10F6300020464FF4E0720B4600910CF093DAC5B20D
:10F6400016E0002120464FF49A720B4600910CF010
:10F6500089DAC0F340250BE0EDB200952046002189
:10F660004FF4E072FF230CF07DDA054600E001253F
:10F670009DF80F301BB9204602990DF01FD8E36E9C
:10F680006BB1D4F8CC2004EB8202D2F8D410226EF5
:10F69000914204D1606E3146984700E00546284605
:10F6A00005B0F0BD00487047C05D01000020704704
:10F6B00010B50C4641B18B6823B9C06F09680EF0D4
:10F6C00029DBA060A06810BDC06F10BD1FB5084A3F
:10F6D00003460092074A08460192074A0749126802
:10F6E00002921A68064B02F0D5DB05B000BD00BFE0
:10F6F000145601004039010090600100E5550100F9
:10F700000856010008B1D0F888007047642910DC61
:10F71000632921DA4A291FD005DC07291FDB0829C4
:10F720001ADD3C2912E0502916D018DB5C39032978
:10F7300011E0C32904DCC2290EDAA83902290AE043
:10F74000B1F5847F08D003DCB1F5807F07D103E0F9
:10F75000A1F58971012902D86FF0160070470020C9
:10F76000704700207047C88810F0080018BF6FF07D
:10F77000160070474A6810B593424C8829DBE306AF
:10F7800003D503681B7E002B26D1210703D5036810
:10F790001B7E002B23D0A20602D5437E002B21D056
:10F7A000630722D414F0030322D002994CF05EDEEA
:10F7B00000281FD0E10702D58379002B1DD114F05A
:10F7C00002041DD08379002B0CBF6FF005000020D0
:10F7D00010BD6FF0010010BD6FF0040010BD6FF0A0
:10F7E000030010BD6FF00A0010BD6FF0160010BDD1
:10F7F000184610BD6FF01D0010BD6FF0060010BD63
:10F80000204610BD37B50546900723D58C6A0CB34A
:10F81000A168226963680905C3F30043117A44BFF4
:10F8200043F00203DBB211B1D2F8080101E0D2F8D3
:10F8300004017F228DE80C000022383004F13C01E5
:10F84000134675F081DB2846214603B0BDE8304001
:10F850007CF0E69F03B030BD2DE9F04F87B0002368
:10F860000F4610AC1599049305938046934694E88F
:10F870007002DDF850A04CF0F9DDB7F90630002B2E
:10F880001ADA1BF0010FB9883A890CD04900CDF87B
:10F8900000900196CDF80890CDF80CA0D8F8100093
:10F8A0000131334605E08DE86006D8F810004900C4
:10F8B000234607F0B3FD0FE0032D0BD9042204A863
:10F8C000214601F0F3DF072D04D905A8211D0422EC
:10F8D00001F0ECDF6FF0160007B0BDE8F08F00001C
:10F8E00038B50C4605460846484902F0D3DA48497F
:10F8F000204602F0CFDA4749204602F0CBDA4649EB
:10F90000204602F0C7DA4549204602F0C3DA4449EE
:10F91000204602F0BFDA2046424902F0BBDAD5F8B1
:10F92000340137F043DA20B9D5F8380139F0DEDA9E
:10F9300018B120463C4902F0ADDAD5F8340137F071
:10F9400035DA18B12046394902F0A4DAD5F8380181
:10F9500039F0CCDA18B12046354902F09BDAD5F8F7
:10F9600030013AF001DC18B12046324902F092DA57
:10F97000D5F8300105F0ACF918B120462E4902F057
:10F9800089DA20462D4902F085DAD5F84C0165F078
:10F990004FDF18B120462A4902F07CDA2B6893F831
:10F9A0003B301BB12046274902F074DA2649204635
:10F9B00002F070DA2549204602F06CDA2B6A1869E9
:10F9C00009F020FC820707D52149204602F062DABF
:10F9D0002046204902F05EDA20461F4902F05ADA3A
:10F9E00020461E4902F056DA20461D4902F052DA3E
:10F9F00020461C4902F04EDA20461B4902F04ADA42
:10FA00001A492046BDE8384002F0449A1D560100CC
:10FA100021560100265601002B56010034560100E4
:10FA20003D56010041560100465601004D56010069
:10FA300057560100615601006A56010073560100D5
:10FA400082560100875601008E560100955601002E
:10FA5000A1560100AA560100B7560100BC5601008C
:10FA6000C6560100CB560100D0560100D856010001
:10FA700030B585B0054668460C4602F0F5D92846F3
:10FA80006946FFF72DFF204605B030BD2DE9F04F48
:10FA900003F00103A9B004461493D4F87C34106930
:10FAA0001B680E46C358D0F858131B7891460F9325
:10FAB000D4F88034B2681B681991C35808901B7839
:10FAC00009921593138860680B9303F00C039B084D
:10FAD000022B08BF0B9913930B9A0CBFC1F3C013F1
:10FAE0000023DBB21A9302F44073A3F540756B4216
:10FAF00043EB050331461C93379F03F08DDA369BA9
:10FB000004300E9083B11B7A0B2B07D1236893F836
:10FB1000AD304BB136988379072B05D836990E9ABC
:10FB200091F90F30D2180E92D4F8B031002B2DDAA3
:10FB3000369B03B31B7A022B1FD194F8B022F2B983
:10FB40000898036D13F008031CD136998A7921684F
:10FB5000D1F8B8108A4217D2032A15D90B2A13D824
:10FB6000B269900010D4339A012A0FD10E9B012064
:10FB700008330E9304E0369A04E0002304E00020EA
:10FB80000C9005E00C9203E00C9301E000210C9135
:10FB9000B568B389AA1F7633A5F176001D92B381AB
:10FBA00000217022B060189001F004DFB38BD904FB
:10FBB00002D4B269520502D51B051B0D20E0D9F80D
:10FBC0000420A04B1340BBB10B9901F0FC03882B20
:10FBD00012D1099A1379D8070ED43398F289411EAD
:10FBE00002F007023298583209EB42028842D38869
:10FBF00006D1591CD18003E01399012906D111E0E7
:10FC0000139801280ED00021079102E010220792DC
:10FC1000002332981B019BB200F00F020999134395
:10FC2000CB8201E000220792099BA068DA8AB38B9D
:10FC300023F47E6323F01F0343EA1213B38314F00B
:10FC400003DA010703D5B38B43F40053B38334982D
:10FC5000042808D12046089935F82A2C14F080DEB3
:10FC6000ADF8980019E03299339801F00F02B4F81A
:10FC70005A33411E329842EA0312884292B202D1AC
:10FC80000133A4F85A333499520147F6E073134014
:10FC900001F007021343ADF8983099F8D7303BB91B
:10FCA0000B9A02F0FC03802B02D0089883791BB9D1
:10FCB000079941F020010791634B3B40002B40F036
:10FCC000828007F04072B2F1807F00F08180139A49
:10FCD000012A30D9B369DA062DD4002B2BDB96F933
:10FCE0001F30002B27DB226A574BD2F8488008EAE6
:10FCF000030323B908F04073B3F1807F03D109985F
:10FD00000379DF0766D4D2F844804F4B08EA030337
:10FD100023B908F04073B3F1807F04D109990B79BE
:10FD200013F0010359D0099A1379D80703D4D9F8ED
:10FD30000830190705D599F8407007F07F07B846D5
:10FD400049E002238DF8863027AB0093D4F85C019C
:10FD50001FAB494626AA7CF053DD0B98DDF87C806A
:10FD600000F0FC03482B209F01D0C82B0BD141464B
:10FD7000089800222AF0F4DE99F84070804607F0D7
:10FD80007F07002308E0B369329943F00063B36151
:10FD9000D1F1010338BF0023BDF89C20D20703D561
:10FDA000B26942F40052B261226892F8E120BAB11D
:10FDB000D4F8F8064946BDF8982005937CF0D4DACB
:10FDC000059B12900DE00022B8461292134608E0FF
:10FDD000B84603E04746002300E04746129300E0A0
:10FDE00012922268D4F8840492F84F2090F80CB054
:10FDF00012F0030200F09C818278012A09D9216A5D
:10FE000091F94D10A1F1010EDEF1000141EB0E015F
:10FE100000E00021012A5FFA81FA17D9226A92F9DB
:10FE20004D20013212D1D9F8042012F080420ED0B8
:10FE30000E300221059302F0E7DC021C18BF0122FC
:10FE4000059B04E040000100FF0000C0002218F004
:10FE5000407FD0B25FFA88F207D01F2A02D9202A49
:10FE600007D0553A072A04D91CE0A0498A56002A2F
:10FE700018DAB8F1000F15DB28F4801828F4407860
:10FE800018F0407209D0BAF1000F03D1B2F1807FAF
:10FE900003D110B148F4801804E0BBF1010F08BF92
:10FEA00048F4807817F0407FFAB207D01F2A02D9B1
:10FEB000202A07D0553A072A04D91BE08B498A56D5
:10FEC000002A17DA002F15DB27F4801727F4407774
:10FED00017F0407209D0BAF1000F03D1B2F1807F60
:10FEE00003D110B147F4801704E0BBF1010F08BF44
:10FEF00047F48077B4F8582402F46052B2F5C05F3A
:10FF00002CD118F4E0221FD118F0407F17D0D9F877
:10FF10000420120313D5226892F83B2092B108986E
:10FF200082797AB1D0F80821528E02F46052B2F58B
:10FF3000C05F0CBF4FF400324FF4803204E04FF446
:10FF4000803201E04FF4003218F0407F13D05FFAA6
:10FF500088F1202908BF4FF400320CE05FFA88F2E4
:10FF6000F9B2202A08BF4FF08078202908BF4FF04F
:10FF700080774FF4803227F4E02A17F0407F28F48E
:10FF8000E02848EA020818BF4AEA020A226A08BFC3
:10FF90004AF4803A516C564A0A40002A53D101F083
:10FFA0004071B1F1807F4ED018F0407F94F81C2250
:10FFB00004D0012A02D148F4000802E00AB928F46A
:10FFC00000081AF0407F94F81C2205D0012A03D1C2
:10FFD0004AF4000A00F009BE002A40F006862AF41E
:10FFE000000A00F002BED9F80410C8032BD5D9F8D6
:10FFF0000810090627D5013225D118F0407F0FD00F
:020000041002E8
:100000005FFA88F2A2F15701012909D9632A07D0C2
:10001000642A05D0652A03D0662A18BF48F48008F0
:100020001AF0407F0FD05FFA8AF2A2F1570101293E
:1000300009D9632A07D0642A05D0652A03D0662A25
:1000400018BF4AF4800A2046494605931AF060DC3E
:1000500018F04072059B45D01599022908D108F483
:10006000E02BABF50032D2F1000B4BEB020B01E0C1
:100070004FF0000B5FFA88F21F2A04D8072A94BFBA
:10008000002101210AE0202A06D0A2F1550107290A
:1000900094BF0021012100E00021C9B239B199F8D3
:1000A000FE1021B199F8FF10003118BF012118F49A
:1000B000000F11911ED01F2A04D8072A8CBF0022DE
:1000C000012209E0202A05D0553A072A8CBF0022D8
:1000D000012200E00122D2B2002A0CBF0246042213
:1000E0000D9208E00D929346119204E05816890093
:1000F000FF0000C00D901AF0407226D01AF4000FD5
:1001000025D05FFA8AF21F2A04D8072A8CBF002262
:10011000012209E0202A05D0553A072A8CBF002287
:10012000012200E00122D2B2002A18BF04200EE012
:1001300028F4E02827F4E02A48F480384AF4803A8A
:1001400010920D929346119202E0109200E01090EE
:1001500093B1089A3398D2F8301102EBC103C2B2BE
:10016000C3F838210131089A01F03F01C3F8348106
:10017000C2F83011C9F820A218F0407703D15FFA15
:1001800088F31B9303E0404674F058DE1B901398ED
:10019000022800D088B9B4F868340E99994202DC7C
:1001A000B3695B010CD5099A1198137903F0010327
:1001B000002B08BF0120179004E01199179101E06E
:1001C000119A1792236A597D41B10F9B33B12FB910
:1001D000884A5FFA88F3D356002B07DB236893F82D
:1001E0004F30980727D037B3159820B3339A012A98
:1001F0000ED90F9B002B0CBF4FF0300A4FF0160AA0
:10020000B3694AF4803A23F00063B361D04612E048
:1002100089B10F9878B167B908F07F03022B0AD033
:10022000042B08D00B2B06D0162B18BF4FF0010B58
:1002300001E04FF0010B18F040710F911AD108F056
:100240007F03162B16D86C4A9A4013D5149A62B1C4
:100250005FFA88F3022B0BD0D9F8103093F92C31C8
:1002600013F1FF3318BF012300E0149B0D9301E04D
:100270000F980D901AF0407116911BD10AF07F0370
:10028000162B17D85C4A9A4014D5149A6AB15FFAB3
:100290008AF3022B0CD0D9F8103093F92C2112F1EB
:1002A000FF3218BF0122109204E0169B109301E068
:1002B000169810901399D9F80430022908BFC9F88C
:1002C000588113F480334AD094F80D32002B46D075
:1002D00094F81132002B42D0159A032A30D00F9B8C
:1002E0004BB908F07F03022B2CD0042B2CD00B2B06
:1002F0002DD0162B2ED00998037913F001032BD1A2
:100300000B9901F0FC02882A29D1349A032A26D8B5
:10031000B3691C9843F48053B361079B0999002883
:100320000CBF18221E2243F4A04307938B5A23F0DC
:1003300060031B041B0C43F020038B52012207E0D7
:1003400000230CE00F9808E00F990A9108E00F9A3B
:100350000A9205E00F9B02E000200A9000E00A9359
:100360001D99204600910E9A41460B9B20F08CD996
:1003700022AF204651460E9A0B9B009720F084D95D
:100380000622A5F14000394601F090DA169A62B9CA
:100390000AF07F03162B08D8174A9A4005D50E9B02
:1003A00005F83C3C1B0A05F83B3CB3690F995A051C
:1003B00012D591B1369A22B1127A042A01D00B2AB1
:1003C0001CD143F40063B361179894F8DA32002B20
:1003D00018BF0120179011E081B9064A5FFA88F32F
:1003E000D356002B0ADA15F8063C03F00F031493DA
:1003F00007E000BF581689000002102815F8062CE7
:1004000014920B9BA42B14D009980379DB0710D40A
:100410000A9981B9B36920465F05414602D517F0B4
:1004200021DD03E00D9A359B20F008D9099A508010
:1004300014E00A9B53B1414620460D9A40F62A1318
:100440001FF0DCDE099980B2023048800B9AA42AA2
:1004500004D10998438825F83A3C19E009990B79A9
:10046000D90701D40A9A2AB1002305F83A3C05F8C5
:10047000393C0DE0B36920465A05514602D517F0C4
:10048000F1DC03E0109A359B20F0D8D825F83A0C1F
:10049000B269930509D5B38C25F8343CF38C25F863
:1004A000323C079B43F400530793329818B90799DD
:1004B00041F00801079109980379DF0712D4D004AD
:1004C00010D494F810320BB151060BD4520505D458
:1004D0001A9919B1199A92F828301BB9079B43F061
:1004E00001030793924B34981399185C02291590D5
:1004F0001CD1349A032A19D894F80D32B3B11B9B3E
:10050000042B13D9D4F8340136F062DA70B9199893
:10051000159900EB41039B8B13B1B3695B0505D5BE
:10052000119A1AB9079B43F480530793236A1869F9
:1005300066F018DC00F46050B0F5C05F03D1079896
:1005400040F4807007900C9919B1079A42F4004268
:100550000792079B25F8763C369810B394F8B03292
:1005600013BB08990A6D12F0080221D1037A0B2BF4
:1005700006D1236893F8AD30D3B18379072B14D813
:10058000369A93792268D2F8B82093420FD2B26992
:1005900097000FD43698027B02F0070242EA03125A
:1005A00003E03699079107E00022079204E0002358
:1005B000079301E00020079010994B1EDBB2012B3E
:1005C00004D8079A42F400539BB20793A5F1720036
:1005D0000999022201F06AD9002305F8703C05F858
:1005E0006F3C05F84A3C05F8493C369B002B2FD060
:1005F00094F8B032002B2BD10898036D180727D43C
:1006000036990B7A0B2B06D1236893F8AD30FBB1EA
:100610008B79072B1CD8369B9A792368D3F8B8308E
:100620009A4215D2B369990012D41C9818B9099945
:1006300001F1180202E0099B03F11E021A9800B1B1
:1006400002320023009320461899369B2EF078DC66
:10065000099906220431A5F15000139101F026D921
:10066000BDF8983025F82A3CD4F84401089960F088
:10067000E7DC35F8303C80B243EA002325F8303C13
:10068000002305F8283C05F8273C05F8263C05F82A
:10069000253C05F8243C05F8233C05F8223C05F8E8
:1006A000213C05F8203C05F81F3C179A1AB9BBF10C
:1006B000000F01D1E1E09B460022414608982AF054
:1006C0004FDA00220690514608982AF049DA069B34
:1006D000089013F04073189306D10699154BC8B2D1
:1006E0001B56002B03DA14E0069874F0A7DB0238DF
:1006F00018BF012070B1D9F8103093F92C31012BBB
:100700000AD0079A42F480439BB2079301230C93CB
:1007100004E018980C9001E000210C91089B13F064
:10072000407209D1D8B2034B1B56002B07DA1DE0EB
:100730006CE1880058168900089874F07FDB023855
:1007400018BF012078B1D9F8103093F92C31012B62
:100750000BD0079801216FEA40436FEA53439BB2E5
:100760000793119103E0119001E00022119235F8F6
:10077000763CBBF1000F02D043F4006301E043F08C
:10078000060325F8763CBBF1000F0CBF4FF0140CAC
:100790004FF00E0CA5F11E03624600932046069909
:1007A0000B9BCDF814C01FF06FDFDDF814C024AF31
:1007B00062460B9B2046089900971FF065DF39467B
:1007C0000622A5F1480001F071D80C980D990E9AF7
:1007D000A5F118030B93009001910292002759464E
:1007E000069A4346204603971FF06CDF25F8160C47
:1007F000119B10980E990093019002912046594642
:10080000089A534603971FF05DDF25F8420CA5F1C7
:100810001400BBF1000F09D06FF03B0305F8183C42
:1008200005F8177C099A02F10A010EE06FF04B03FC
:1008300005F8183C05F817BC1399062201F036D8C4
:10084000099BA5F10E0003F10A01062201F02ED842
:100850001498189A81B252B906989F4AC3B2D356D7
:10086000002B04DA15F81E3C03F00F0301E015F825
:100870001E3C1B02194314911FE059460622A5F1A4
:100880001E0001F097D859461022A5F1180001F07A
:1008900091D8A5F148005946062201F08BD805F8F9
:1008A00042BC05F841BCCDF820B0CDF818B0CDF869
:1008B0002CB0CDF844B0CDF830B0B3695A050FD59F
:1008C0000F9969B128AB002223F8022D0093D4F8C8
:1008D0003401494642460E9B36F096D805F8430C43
:1008E000079B25F8743C149825F8640C1699B1F10F
:1008F000807F0BD031B90AF07F03162B02D8774ADC
:100900009A4001D4012002E0169800E00220069AE5
:1009100080B202F04073B3F1807F0BD033B902F0A4
:100920007F02162A02D86D49914000D401239B0012
:100930009BB200E008230899184301F04073B3F11B
:10094000807F0BD033B901F07F02162A02D86349A9
:10095000914000D401231B019FB200E02027236AAD
:100960000743186966F0FED9C0B247EA002725F8A8
:10097000627C0F9AB2F1807F0CD032B908F07F030D
:10098000162B02D8554A9A4001D4012300E00F9B50
:100990009BB200E002230D98ADF89A30421ED2B20D
:1009A000012A09D843F01003ADF89A302368D3F830
:1009B00088309A6901329A6141462046BDF89A70A2
:1009C0007EF080DCB3690743B9B21B01ADF89A1021
:1009D0000ED5236893F8E13053B1236A186967F0A4
:1009E00099DB236A0DF19A011869129A67F0ACDB62
:1009F000BDF89A30414625F86E3CB4F8582420469C
:100A000027F09AD925F86C0C51462046B4F85824A2
:100A100027F092D925F86A0C179911B9BBF1000F8C
:100A20000FD00699B4F85824204627F085D925F828
:100A3000680C08992046B4F8582427F07DD925F889
:100A4000660C0F9A4AB10D9B042B06D120464146F5
:100A50000E9A1FF077DC25F8380C169848B11099DB
:100A6000042906D1204651460E9A1FF06BDC25F86A
:100A7000360CD9F80430580640F1AE801A9A002A94
:100A800000F0AA801998159900EB41039B8B002B6D
:100A90007BD0B369590500F19F80329A002A40F05B
:100AA0009B800E9B204641460D9A1FF0A7DB0B9BB7
:100AB0000990ABB106990C9A204617F041D80899D5
:100AC0000746119A204617F03BD80B99B1F802B0AF
:100AD000BB4435F8427C1BE0581689000002102800
:100AE0000A9ABAB941460D9A0A9B20461FF0A6DD24
:100AF000099B514600EB030B109A0E9B20461FF0FA
:100B00007DDB51460746109A20460A9B1FF096DD72
:100B1000C71902E0DDF824B00B9F1FFA8BF225F80D
:100B2000702C25F84A7C1998159900EB41039B8B92
:100B30000998C3189B1A9BB21A0419D4204641463F
:100B40000D9A16F0FFDFFF2805D9B4F85A24904219
:100B500038BF024601E04FF48072349992B204EB40
:100B60004103B3F85C34934202D0204618F076D8A3
:100B7000236893F84430002B2ED0349A032A2BD8C4
:100B8000D4F8600115995A4623E0236893F844305D
:100B900013B3349B032B1FD81A480B99C75C20460C
:100BA00039B10C9A069916F0CBDF0B9B5A88821844
:100BB0000CE041460D9A0E9B1FF020DB0D9A054676
:100BC000414620460B9B1FF039DD4219D4F86001E5
:100BD00039464B4650F0F0D8B369BDF8980043F061
:100BE0008403B36129B0BDE8F08FD4F8842428F4DD
:100BF000800892F913202AF4800A012A7FF4F3A9CD
:100C0000FFF7FBB96CE1880070B50B6912B154783D
:100C1000032C01D8002212E04D6845F480744C602A
:100C20005679012E8DBF24F4806445F4A0654D6093
:100C30004C605478052C2FD9062C03D1012283F85F
:100C4000A42370BD147A14F0040F4C6814BF44F050
:100C5000806424F080644C60147A04F00804D4F1B9
:100C6000010438BF002483F8A4438B6823F00403F5
:100C70008B605478062C0FD9127AD2060CD50268F4
:100C800043F004038B6092F80C21D00704D592073F
:100C90005CBF23F004038B6070BD00002DE9F04FB2
:100CA000B5B09A463F9B05460B2B894616463E9F9C
:100CB000409C40F2E6800C3B04931AF07DDE00215C
:100CC000C8220590204600F075DE314606222046F7
:100CD00000F0ECDDFA7ABB7A494643EA022303F0DE
:100CE0000302012AA4F86230E38808BF84F83420A4
:100CF000BAF1000F14BF4FF4807200221343E38057
:100D000028465BF09BDF60857A7A3B7A07F10C0B13
:100D100043EA022307AFE385002128220DF14408AE
:100D2000384600F047DE2DAE00212822404600F074
:100D300041DE4FF0FF3300210C223046ADF8CE30BB
:100D400000F038DE0DF1CE032F93049BBAF1000FB3
:100D50000CBF4FF0600A4FF0700A8DE8480028463B
:100D6000002152465B462D97CDF8B8801CF0D6DAAC
:100D7000002840F08680059B4246DEB2284604F1FA
:100D8000380339461FF0D0DBBDF8CE304FF6FF7286
:100D9000934217D05A1E92B2DE2A75D843F480527D
:100DA0000E2B8CBF4FF440430023D5F8580143EA83
:100DB000020152F043D858B9D5F864319B889B059D
:100DC00006D461E0731E9BB2DE2BADF8CE605BD81B
:100DD000BDF8CE309E4203D1E28842F00202E280AA
:100DE000EB1893F83C20494684F86120284652B21B
:100DF0005BF0C8DEBDF8CE30A08543F480520E2BE8
:100E00008CBF4FF4404300231343638600210C2220
:100E100030A800F0CFDD1F4B0DF16C0830931E4B56
:100E2000002128224046319325AF329500F0C2DDE3
:100E3000BDF8CE300021202238468DF872301B9448
:100E400000F0B8DD049BD5F89406029300215246C9
:100E500030ABCDF8B080CDF894908DF8A4608DE8DB
:100E6000800857F011D988B9608E431EDBB2DE2BA3
:100E70000AD802F059DA00280CBF00206FF01300E6
:100E800004E04FF0FF3001E06FF0130035B0BDE833
:100E9000F08F00BF112A8200812B82002DE9F04FD4
:100EA000A5B00446D2F808A18B4615460021282299
:100EB00005A8984600F07EDD0FA80021282200F04A
:100EC00079DDD4F86C3313B104F55B7008E0236866
:100ED00093F82F3073B9236A5B7D052B04D16948E1
:100EE00005A973F0EFDF05E0042B03D1204605A927
:100EF0001FF066DD05AF3B460FAE204629460AF1DE
:100F000038020DF16409009628F090DA00212422BD
:100F1000484600F04FDD0021082222A81A971B96B0
:100F200000F048DD94F84135CDF88C90DA0702D511
:100F30002A6DD70708D49E0708D52B6D03F006034A
:100F4000023B18BF012302E0002300E001232268D6
:100F500092F84F2012F003020BD0D5F8EC2012F4D7
:100F6000805205D19DF8BC10002908BF1A4600E048
:100F7000002224AB03F8082D1FFA8BF600933246AB
:100F80000023D4F89406294657F056D82E9A00F13B
:100F90000C0913680746994571D8404600210C2278
:100FA00000F008DDBAF82E30A8F80830AB7923B18C
:100FB000012388F80A30002306E0D5F8EC2012F46B
:100FC000803204D088F80A3088F80B3004E002231D
:100FD00088F80A3088F80B202A6D40F23713134046
:100FE00043B195F858302BB1B8F80A3043F01003EC
:100FF000A8F80A30236893F830306BB9236A1B686D
:10100000022B09D1BAF86230980605D5B8F80A3033
:1010100043F02003A8F80A30236A5B7D43B194F8BB
:1010200072342BB1B8F80A3043F48063A8F80A3060
:10103000236893F8A9305BB1D5F8EC30590407D494
:10104000AB792BB1B8F80A3043F48073A8F80A30B2
:1010500022AB009308F10C030193D4F8940600230B
:1010600029463246029756F055DFBBF1800F03D177
:10107000D5F890301C9A5A612E9BC3F8009025B089
:10108000BDE8F08FD40D89002DE9F04F4E688FB088
:101090001746C6F3C0420C46D1F808A00292054696
:1010A000002104A82822994600F084DC2369C6F3B5
:1010B000004B26F08646039326F4EA162AF08303B3
:1010C0006660A360002F00F0BF803B7897F8018036
:1010D00043EA0828A4F80081BB7884F8023146F47A
:1010E000803363602B6893F84120B2B193F84230AB
:1010F0009BB146F4A026D4F82431666093F85D30A5
:101100007BB91AF4007F03D094F82430D90608D5AF
:101110002846214636F04EDC03E02846214636F0CC
:101120003BDC0622284621462DF05EDFA26812F045
:10113000006222D108F00C039B10012B94F8FE00F2
:1011400094F8FF1006D0032B09D043B9012284F88C
:10115000FE2001E084F8FE3084F8FF3003E084F8DC
:10116000FE2084F8FF2094F8FE30834207D194F8E3
:10117000FF60761A18BF012602E0002600E0012673
:1011800018F4407F03D0636843F08043636018F035
:10119000010F03D0A36843F08003A36018F0200F71
:1011A00003D0A36843F00103A36018F0400F03D0FD
:1011B000A36843F00203A360A3680AF0030A03F0E4
:1011C00003039A4518BF012618F0100F03D1636876
:1011D00043F48013636018F4804F03D0636843F0D6
:1011E00000736360C8F34008B9F1000F38D005F50B
:1011F0003E7003304946162200F058DBB8F1000F6C
:1012000003D099F80180C8F3800899F801301A07D3
:1012100003D5636843F08073636099F8023013F07C
:1012200008030ED0039A41F61001D2F8083140F6B7
:1012300008425B8E03F44043B3F5404F14BF0B46A6
:101240001346A5F8DC320BE02846214606222DF095
:10125000CBDE2846214636F09FDB3E46B84619E0F5
:101260001022F91C0DF1250000F020DBD5F88434A4
:1012700004A8997873F0E4DED5F86812284624F0C3
:1012800095DEFF230190002204A800930146134637
:1012900073F05ADEBBF1000F11D0636813F4803392
:1012A00010D009AA0023E11812F8010F91F851108B
:1012B000884206D10133102BF5D1002302E05B46B2
:1012C00000E00123626802F48031C2F300429345DA
:1012D00000D163B104F1510029B10DF125011022B3
:1012E00000F0E4DA02E0102200F064DB0126B8F13D
:1012F000000F03D0636843F400236360029B4345FF
:1013000000D146B1D5F8843493F87B301BB9284618
:1013100021467BF085DA0FB0BDE8F08F00F506615D
:101320002DE9F041093104464AF0D6DF94F87238CD
:101330000546002B74D0002872D06A21206948F03D
:10134000CFDC460006F114084146206948F0C8DCAD
:10135000002207464146206949F004DB380406D4E0
:10136000304831493A46BDE8F04100F0499BD4F895
:101370008484012388F86D3198F828313BB1A06846
:10138000D8F8301111F044DE002388F828312046C7
:1013900029460CF0C2F998F81D3153B1012388F8A1
:1013A0002831A068D8F83011D8F82421002311F092
:1013B00009DE206906F1160148F092DCB4F87038B5
:1013C00083422DD10022134679B22846D5F8106108
:1013D0005BF094DC28465BF0D7DBAB798BB9D5F8B2
:1013E0001421D5F80831128A5A852B7C4BB1D5F8D7
:1013F000EC30990405D473791BB92846012144F0D7
:10140000E5DA0023B37194F80C22D6F8F0309A4252
:1014100006D0284684F80C32BDE8F04124F04A9A00
:10142000BDE8F0811B5A8900F14D89002DE9FF418B
:1014300004460D4616461F460A994BF017D820461B
:10144000294632463B46FEF761F9B0F10008C0F28A
:10145000A18023685B7E4BB9206956F02BDC28B154
:10146000A06811F0DBDD4FF0FF3893E03EB1032FB1
:1014700005D903A83146042200F018DA01E0002360
:101480000393342D18D008DC022D11DB032D13DD5E
:10149000A5F11B03012B0BD80EE0D62D0CD001DCDF
:1014A000A32D04E0FB2D07D040F20B139D4203D087
:1014B000002E65D0002F63DD3E2D02D0402D62D17D
:1014C00035E023681B7E002B60D0D4F88424039978
:1014D00092F81C318BB1CBB282F84631D4F8842417
:1014E0001172D4F88424206992F8AC100122009281
:1014F0000192002249F0C0DB3FE0204649B27DF076
:1015000095DEB0F1000845DBD4F88434039A204618
:101510001A722CF095DF20467DF028DF2046D4F8A3
:10152000B0141EF051DA204624F038DA32E0039B82
:101530005A1C042A2CD8013301D103230393D4F875
:101540008434039993F81C2172B1C9B283F8AD10A9
:10155000D4F88434002293F84531206900920122A6
:10156000019249F089DB04E0236AC9B2186965F089
:101570007BDAD4F88434039ADA714FF0000809E07A
:101580006FF0010806E06FF0160803E0984601E0EE
:101590006FF01C08404604B0BDE8F0812DE9F3412E
:1015A000089C07460E46154698460094FFF73EFFF6
:1015B00010F12F0F0CD010F1170F0BD13846314618
:1015C0002A464346089402B0BDE8F04118F0B09BAB
:1015D0006FF0160002B0BDE8F08113B504462CF0A0
:1015E00011D820461CF0B8DBD4F88434012293F8DB
:1015F000AD10206993F846310092019249F03CDB2E
:10160000206902B0BDE8104056F0669B37B503680C
:1016100004465B7E002B40F01A81006956F04ADBDD
:10162000002840F01481236893F8203033B92069F2
:1016300047F072DE2368012283F82020206905F03C
:1016400012FE236893F8693113B120464BF042DC57
:10165000D4F88434032293F8513000928022002B76
:1016600014BF134600232046042126F04FDA2368D6
:10167000DB6EE3B9206948F0CFDF093017D122686B
:10168000D36E13F0020512D143F00203D366D4F8EF
:101690006432595941B18B7933B94B7923B10B7C01
:1016A00013B120464AF05EDC0435202DEFD12368CB
:1016B000DB6E1BB1204619F087D9C6E0206948F0DF
:1016C000F7DC206990F934114D1C03D1012148F059
:1016D000EDDC01E048F042DC01236376204627F090
:1016E000ABDD23682046596B0323009321B14FF4EF
:1016F00080720021134602E04FF480720B4626F000
:1017000005DAA06811F006DD236801221A7694F844
:10171000CF3173B120462CF093DED4F854332046F9
:10172000598E2BF0BFD9002384F8CF31204624F006
:1017300035D9D4F844260321204624F033D9204655
:1017400016F0E8DBB4F83415204629F095D9206965
:1017500048F04EDF03232022009320461346012148
:1017600026F0D4D9236893F82F301BB1D4F818058C
:101770003BF0AADF20461DF08BD820467AF0D0DD62
:1017800001254FF47A72D4F8E8110123A06811F012
:1017900019DCD4F89C0184F82A5280F001DE20463E
:1017A0007DF0E4DDD4F88434204693F9121017F06C
:1017B000F1DD20462DF034DD20462DF01DDD2046E4
:1017C00029462DF0BFDDE36884F86056D3F8242164
:1017D000294642F04002C3F82421236A00221869F6
:1017E00065F048D9236884F88C5693F8693113B1B1
:1017F00020464BF0AFDB6A21206948F071DA0030F7
:1018000018BF012084F873087E21206948F068DA47
:10181000421E92B24FF6FD739A4206D84300013041
:101820004000A4F85038A4F85208B4F8501821B178
:101830002046B4F870272DF065DFB4F8521849B18E
:101840002046B4F854282DF05DDF002003E06FF04F
:10185000080000E008463EBD2DE9F04FB5B0DDF8C8
:10186000FC800D93B8F80A700D46ADF8587011461B
:10187000BFB29146129704461AF09ED8B9F8167076
:10188000C0B21A97B9F8047010900D9948461B978A
:1018900073F056DC419F4FF0000A87F800A008F172
:1018A0000C071597409F0F900C3F1897109FDDF87D
:1018B00060B00C97159ECDF844A0CDF824A0CDF8CB
:1018C00064A0CDF828A0CDF838A0CDF82CA0CDF894
:1018D00050A0CDF84CA0CDF820A0CDF81CA02F46EC
:1018E0004FE03378951C2D2B21D007D8012B13D036
:1018F00043D3032B12D02A2B40D114E03D2B1DD013
:1019000005D80899322B08BF3146089136E04A2B9A
:101910001BD0DD2B32D11FE007962FE0B2784FF0BD
:10192000010A0C922AE0B31C1393149226E020467D
:1019300031462A4658F03ADA0A901FE020463146EE
:101940002A4658F009DA0E9018E0204631462A4619
:1019500057F09CD9199011E0032A0FD9B01C04222A
:101960009149FFF38FF7119B002808BF2B46119375
:10197000099B08BF3346099300E00B967619C5EB27
:101980000B0BBBF1010F03DD7278531C5B45A8DB29
:101990003D46099F3FB10A9F2FB920460999119AE8
:1019A00058F0B8D90A90002D7AD1129FBE0740F1A5
:1019B000DA830B9B002B00F0D6832046991C5A78C3
:1019C0004AF00EDD3190002800F0CD83037C002B1F
:1019D00040F0C983037A002B00F0C583D0F80831AA
:1019E000588E01F06FDC0C9F874240F0BC83319F22
:1019F0002046394617F054DD002847D0384649467E
:101A00000D9A43461DF09ADF00283FD040993E9B37
:101A1000D7F8046103F110020191204649460123E1
:101A2000CDF800800296FFF739F9002830D1B6F8DA
:101A300030B0BBF1000F2ED1216AD4F8843450317C
:101A40005A469B7806F1380073F052D940993846CF
:101A500000910D9A4946434643F034D9CDF800B081
:101A6000CDF804B03B7C2046D3F1010338BF0023FE
:101A700002937D22394607F1DC03CDF80CB0CDF896
:101A800010B01EF08DD901220B9206E00B9504E0F8
:101A900000230B9301E000210B914FB33D4601E081
:101AA00000270B971A9F3E9917F4404F0CBF4FF039
:101AB000000B4FF0010B01F10A07204629463A4678
:101AC0005B467AF04DDB064600BB2B7C002B40F0DA
:101AD0004D83204629463A465B467AF043DC06466B
:101AE000002800F04383204631467AF0ABDA0DE05F
:101AF00094F88E32002B00F039833E9F204607F188
:101B00000A0131AA7AF0D6DA064610B17368D8070E
:101B100020D4089F27B17878B91C27F07BDD58B90D
:101B2000079F67B1B91C787827F074DD10F1000BBE
:101B300018BF4FF0010B04E04FF0010B01E0DDF89E
:101B40001CB066B1BBF1000F07D1736843F001030D
:101B5000736004E04FF0000B01E04FF0010BCDB1DA
:101B6000AB79DBB92B7A0BB3D5F808315B8E0793D1
:101B700003F46053A3F5C052534243EB02030798AA
:101B8000089301F09FDB0C9FC11B484240EB010012
:101B900009900EE00895079509950AE00027089737
:101BA0000797099705E000BFFE37010008930793E8
:101BB0000993B4F88E32002B7FD0236A5B7DC3B1CA
:101BC0000C9FD4F87C040E2F8CBF4FF440420022AF
:101BD00047F48051129F114307F02003D3F1010312
:101BE00038BF00230193139A149BCDF800B071F015
:101BF000CDDE236893F84F309B0712D00C9FD4F8AA
:101C000080040E2F8CBF4FF44043002347F48051D3
:101C1000089F19430E9A0A9BCDF800B0019772F005
:101C2000D9DB94F88E32002B47D000210C222EA84D
:101C3000FFF3C0F6944B1CAF2E93944B3846002113
:101C400028222F933094FFF3B5F6BDF858100DF10C
:101C5000980CDDF830E0ADF87610604600212022C7
:101C6000CDF818C01C968DF874E08DF878B0FFF3AD
:101C7000A1F62D970D9F236827973E9F93F84F302D
:101C80002897109F03F003038DF8A8700F9FDDF8CD
:101C900018C02B97159F8DF8B0300197189FD4F876
:101CA0009406002190222EABCDF89890CDF8A48018
:101CB000CDF800C0029756F0E7D994F88C32002B8B
:101CC00000F05682099F002F00F05282236893F89B
:101CD0004F20970700F08A800E9F002F00F086802B
:101CE0000A9F002F00F0828093F8A93033B1D4F816
:101CF0007801294653F0F2DC002877D10E9F204668
:101D00007A78397824F0ACDC079F034617F4404F0B
:101D10000CBF002201220A3254F822201192D5F879
:101D2000082162B1D28812F0200208D00A9F3A78C6
:101D300012F0020203D00E9F7A78C2F38002099259
:101D4000BAF1000F0BD1109FDAB2BA4207D0184691
:101D5000069301F0B7DAB842069B40F00982D5F845
:101D60000821002A2DD01846069301F0ABDA074669
:101D7000079801F0A7DA8742069B22D1D5F80821FF
:101D8000528E9A4232D0002E30D02A7A002A2DD09C
:101D9000204611992A4625F055DEFF28074600F017
:101DA000E781DDF824E0204629463A465FFA8EF3C3
:101DB00015F088DED0B1204629463A462DF0C6D926
:101DC00014E0BAF1000F11D01846069301F07ADA48
:101DD0000C9F069BB84200F0CB8103F46053B3F52F
:101DE000805F03D0B3F5C05F40F0C281419F012303
:101DF0003B702368D5F818A193F84F30980716D098
:101E0000AEB10A9F37B1199F2046009731460A9A12
:101E10000E9B0AE02B7C53B97368D90307D50A9F40
:101E20002046009731463A463B4617F075D92B7C41
:101E3000002B00F0BF803E9F0D9B204629464A465E
:101E40008DE8800115F02ADF236893F83B3043B119
:101E50000D9F2046294632464B468DE880015EF0B4
:101E600013DA9AF809301BB1284600212BF028D943
:101E70009AF80D30DBB1D4F830371A680AB11F7AFE
:101E800037B12846002110E0F1CF8100F5CF810065
:101E900004F020D9D4F830371A69821AB2F57A7F63
:101EA00005D901221A72284639462BF001DCD4F8F4
:101EB00030371B68002B48D01B9F0123C7F3C0128B
:101EC0000F9920461EF08EDB98F8023098F801102A
:101ED0001B0443EA012398F80010B8F808700B437C
:101EE00098F80310024643EA0163329398F80630EB
:101EF00098F805101B0443EA012398F8041034A84D
:101F00000B4398F80710002F08BF642743EA0163CA
:101F100040F8043D32A900F0E7D93846329A3399A7
:101F200080F05ADAD4F83037BF021A68BA1A9042F1
:101F30000BD95A68BA1A904207D23F1A5F60D4F898
:101F40004401294601225FF0CFDC236A5B7D2BB17F
:101F5000129F2046C7F380212CF076DAD4F858017E
:101F6000079950F0B7DD80B1D4F85801079950F0C7
:101F7000A7D9236A186964F0F5DE079FB84204D137
:101F8000002120460A4625F079DE4A460D9BD4F80A
:101F900044012946CDF800805FF06ED8D5F8EC30CA
:101FA0009A0458D5D4F84C0129464246409B63F028
:101FB000F7DF50E0BBF1000F03D1129FC7F34013CE
:101FC00000E00123DBB23EB1726813B142F00402BB
:101FD00001E022F004027260226A527D4AB101934C
:101FE000D4F87C042946139A149BCDF800B071F004
:101FF00025DD236893F84F309B070AD0089FD4F85B
:10200000800429460E9A0A9BCDF800B0019772F021
:1020100039DA0B9FFFB9D4F868329D420CD02846BC
:1020200049460D9A43461DF089DC28B128464946A9
:102030000D9A43462CF0BEDA94F88E325BB9D4F890
:1020400068329D4207D1284615F090DE18B120462F
:1020500041461BF02BD800210C222EA8FFF3AAF436
:10206000454B1CAF2E93454B0021282238462F9319
:102070003094FFF39FF4BDF85810DDF830E01C9663
:1020800026AE2022ADF87610304600218DF874E09F
:102090008DF878B0FFF38EF42D970D9F2368279766
:1020A0003E9F93F84F302897109F03F003038DF85D
:1020B000A8700F9F8DF8B0302B97159F8022019745
:1020C000189F2EABD4F894062946CDF89890CDF8F9
:1020D000A4800096029755F0D7DF9AF80230013BB2
:1020E000DBB2012B13D8AB798BB92A7C7AB1D5F846
:1020F000182192F86C20022A09D14FF0FF32019288
:102100002046294605F1DC02009329F07DDD0F9F72
:1021100017F0407F01D1384602E00F9872F08EDE52
:1021200000F07F0002280AD0042808D00B2806D02F
:10213000A0F1160CDCF1000040EB0C0000E00120E7
:102140000190B9F80400B9F80610800B0290012044
:102150000022039099F91C302046090A0092049548
:102160000BF00DFB04E000270B97C1E40026D0E440
:1021700035B0BDE8F08F00BFF1CF8100F5CF810011
:102180002DE9F04F91F91530A1B0002504468A469B
:102190001E951F9573B11BF0D7DD58B12368BAF8AF
:1021A0001C20D3F88830D3F8C8118A18C3F8C82186
:1021B00000F0A3BCBAF80230606803F00703052BF7
:1021C0000B900A9300F2A48463690A9953F82100E2
:1021D000002800F09D849AF81820022A089200F046
:1021E0008984714B0221DB6B9847814638B92046C0
:1021F0000A9914F0BDDE8146002800F0898420464B
:10220000494611AA23F0FEDF236893F89C30012B86
:1022100006D0BAF80220BDF848309A4240F07384E4
:10222000B9F80E30614E03F007030993604DF35C7B
:102230004946EB5C11AA0C93189B0D9318881EABB2
:102240000E90009320461FAB18F094D9236893F8A2
:102250004F309B0717D011A81BF0A4DC38B12368BE
:10226000D3F88830D3F8A4220132C3F8A42211A8ED
:102270001BF0AADC38B12368D3F88830D3F8AC223D
:102280000132C3F8AC22D9F818305D056CD511AD18
:10229000204629462CF040DE08BB5346D4F83401D2
:1022A0001E994A46009534F05DDB236893F8E130CF
:1022B000002B59D01E99002956D0BDF85000BAF80D
:1022C00002200090BDF84E30D4F8F8067AF086D897
:1022D000D4F85C011E990C9A7AF0D2DB44E01F9985
:1022E000A1B1089A072A11D1D1F8EC3098030DD486
:1022F000D4F84C0163F0C0DC28B9D4F84C011F9924
:1023000063F01CDD10B11F984AF0F2DA11AB0093B4
:10231000D4F8340153461E994A4634F085DA2368CE
:10232000054693F8E13093B11E9981B1BDF8500094
:10233000BAF802200090BDF84E30D4F8F8067AF0D2
:102340004DD8D4F85C011E990C9A7AF099DB1F984D
:10235000002800F0D2838379002B40F0CE830AF16D
:1023600008016FF0B9DBC8E3204611A9D9F8347031
:102370001BF040DCBAF81C60FF0E07F001070F905D
:10238000BAF81A80E6B12368D3F88830DA68013ADF
:102390009219DA601E9B9BB167B1D3F82C22013AE7
:1023A0009219C3F82C220BE010A78800BAD5880038
:1023B0006CE18800D3F83822013A9219C3F8382228
:1023C000B8F1000F06D02368D3F88830DA68013AF4
:1023D0004244DA600E98494600F48063D3F1010369
:1023E00038BF00230B98079300F016DED9F8185079
:1023F0009AF91930C5F3C06B002B00F08680236872
:102400001E98D3F88830D3F8A8210132C3F8A82148
:10241000D3F8C821013A9219C3F8C82128B1036939
:102420001BB1DB68DA6B0132DA63012E05DDD4F80B
:102430008C54013DAD19C4F88C54079900294DD036
:102440002368D3F88830D3F8D8210132C3F8D821D3
:1024500028B103691BB1DB685A6B01325A6301234F
:102460000999002208F065F8D4F88C347BB1236810
:10247000D3F88830D3F8B4210132C3F8B4211E9BBD
:102480002BB11B691BB1DB68DA6A0132DA62D4F85E
:102490008C34012B14D923681E98D3F88830D3F8D4
:1024A000B8210132C3F8B82128B103691BB1DB6838
:1024B0001A6B01321A6309990C22012308F039F8CA
:1024C0001E9B5BB12FB1D3F828220132C3F828221A
:1024D00004E0D3F834220132C3F834221E9B13B136
:1024E0002268926A9A621F9B002B00F015829A79EB
:1024F000002A40F01482197C002900F01482D3F8DD
:10250000103101259A7190460FE215F4825543D09F
:1025100023681E98D3F88830D3F8A8210132C3F875
:10252000A82128B103691BB1DB68DA6B0132DA63D9
:10253000079A0AB32368D3F88830D3F8D821013238
:10254000C3F8D82128B103691BB1DB685A6B01328B
:102550005A6301230999002207F0EBFF1E9B5BB130
:102560002FB1D3F828220132C3F8282204E0D3F88F
:1025700034220132C3F834221E9A002A00F0D88196
:102580001F9B002B00F0DA819D79002D40F0DC814B
:1025900023689B6A9362D8E1089B032B09D0042B24
:1025A0000CD12368D3F88830D3F810220132C3F855
:1025B0001022A8462F460126AB46DDE108980528E3
:1025C00029D123685A6BD3F88C103AB1B9F80E2090
:1025D000954802F00702825C9448825C143201EB59
:1025E000C2014A68D3F8883001324A60D3F8A02289
:1025F0001E980132C3F8A02209990422012307F092
:1026000098FFB4F83455002D00F0A381204623F044
:10261000DFDA00259DE10899012916D11F9B93B1AE
:102620009B7983B11E9B73B11A7DD20704D493F8B2
:1026300024309B0740F16582204649465246079B5D
:102640003CF09ADC4BE0089E4DE0089A062AB0D098
:10265000072A51D11F99002900F05382D1F8EC309C
:102660009F0040F14E829E030DD4D4F84C0163F0DC
:1026700003DB28B9D4F84C011F9963F05FDB10B17C
:102680001F984AF035D91E99002900F03A821F9B05
:102690009B795BB191F824309D0707D58B6858066C
:1026A00004D50122204613463CF0B4DBD9F818309B
:1026B000590544BF43F48073C9F81830D9F818306D
:1026C00023F40043C9F818301F9BD3F8EC309A0369
:1026D00040F1178220461E994A4625F0BBDB06468C
:1026E000002800F03A81002520460AF114011BF071
:1026F00021DBA8462F465FE7BAF8063033B12368DE
:10270000D3F888309A6B01329A6352E71B9B1B788F
:10271000DB0741D57EB12368D3F88830D3F8A821F0
:102720000132C3F8A8211E9B2BB11B691BB1DB68CA
:10273000DA6B0132DA63079B002B00F01381236808
:102740001E98D3F88830D3F8D8210132C3F8D821A5
:1027500028B103691BB1DB685A6B01325A630999CE
:102760000022012307F0E5FE002E00F0FD80236823
:102770001E9DD3F88830D3F8AC210132C3F8AC21C8
:10278000002D00F0CD812D69002D00F0C981EB688E
:102790009A6B01329A63C2E11F9B002B48D09A7951
:1027A000002A45D11B7C002B42D00D98037CDD070D
:1027B0003ED53EB12368D3F88830D3F8A821013242
:1027C000C3F8A8210799002900F0CC8023681E983F
:1027D000D3F88830D3F8D8210132C3F8D82128B1F2
:1027E00003691BB1DB685A6B01325A6309990022F5
:1027F000012307F09EFE002E00F0B68023681E9D88
:10280000D3F88830D3F8AC210132C3F8AC21002DC5
:1028100000F086812B69002B00F07C81DB689A6BCD
:1028200001329A6376E100BFBAD588006CE1880076
:102830000F9AB4F86A341AB1984503DAB4F86C34D4
:102840009E4261DB22680798D2F88830D3F8C851DD
:10285000AD19C3F8C851002800F08980D3F8B01131
:102860000131C3F8B011D4F8843493F81D1109B3C1
:10287000D4F868128979E9B992F8642122B193F801
:102880006D210AB183F86D11D4F88414204601F546
:1028900082710BF048F9D4F88434012283F828219E
:1028A000D4F88434A068D3F83011D3F8242100235D
:1028B00010F088DB1E9860B12FB1D0F830320133B0
:1028C000C0F8303230E1D0F83C320133C0F83C324D
:1028D0002AE101230999082207F02BFE1E9B2BB148
:1028E0001B691BB1DB689A6A01329A6200250223D8
:1028F0008DE8280020461F9914221B9B0295039502
:1029000004951DF04DDA33E023680025D3F88830B4
:10291000DA690132DA614CE60125984605E00125C5
:102920004FF0000801E0012588462F462E4623E09F
:102930000127154690463E4693461DE001271D4659
:1029400098463E469B4617E000250127A8463E468E
:1029500032E6A8462F4601260EE005468046074689
:10296000834609E0079DDBE03546B046D9E0079D88
:102970004FF001082F464646B4F8343543B1D4F839
:1029800038352BB10899052902D0204623F00ED9FD
:10299000BBF1000F4ED01E9B002B4BD011A81BF09B
:1029A00001D99DF84E30834603F00303023BDBB2AE
:1029B000012B04D8204611A92CF0B6DA00E0FF2044
:1029C0000A9A032A0AD85B498B5C04EB4303B3F8E9
:1029D0003622130903F00F03120B03E0B4F86E3430
:1029E000B4F87024009200220392BDF84C200190AC
:1029F000C2F300320492D4F85C011E995246CDF81D
:102A000008B07AF0BFD8236893F8E13093B11E99EB
:102A100081B1BDF85000BAF802200090BDF84E30E8
:102A2000D4F8F80679F0DADCD4F85C011E990C9A37
:102A30007AF026D820460A9901222CF0E7D81E9871
:102A400060B15EB1E368D3F88021D9F830309A42A2
:102A500004D91DB10999D21A07F079FD1F9DB5B1AE
:102A60000AF1140120462CF03DDB014628462CF0EB
:102A7000EFDB0E9A02F0FC03082B01D0882B06D165
:102A8000079B23B11F980AF108016FF025D81E9902
:102A9000C9B10B7DD80716D41F9BA3B19A7992B9FF
:102AA0001A7C82B11A7A72B1D3F8EC2092040AD45B
:102AB000D3F810315B7933B9204652463B46CDF806
:102AC000008043F075D97EB10AF1140120462CF044
:102AD00009DB49460246D4F8880463F01DDE0B98F2
:102AE0004946012203F0B2DF079828B10025C4F857
:102AF0008C5402E0002500E0079D284621B0BDE887
:102B0000F08F0126EFE50B984946012203F09EDF86
:102B10000125F2E7D5F868310133C5F868310025A1
:102B2000A84601273E4627E7D0F84C310133C0F8CC
:102B30004C31CEE66CE188002DE9F04F002BB5B0AA
:102B400007930CBF04230A230993079B15690DF112
:102B50002C0918BF2023044615AF88469346002150
:102B6000282248460693D5F80C610DF1B80AFEF309
:102B700021F7002128223846FEF31CF700210C2201
:102B80005046FEF317F7336B20468DE808042946BC
:102B9000069AF36ACDF8B8902F9714F0F3DD002869
:102BA00040F0F880B8F80630D80715D5216A4B7D7B
:102BB00093B10A6D0CA854310B92FEF377F6D5F859
:102BC000EC30990405D5D4F84C0129464A4663F007
:102BD0008BD90023159308E015AB009320462946B6
:102BE00008F138020BAB26F021DCF36A83B128A888
:102BF00000211822FEF3DEF6F36A2D942893336B3E
:102C00002993674B2B93674B2A93674B2C9328ABE5
:102C10001FAF0021242238460893FEF3CBF60BABFE
:102C200000210822219331A815AB2293CDF87CB066
:102C3000CDF88080FEF3BEF62368294693F84F2036
:102C400034AB12F0030218BFDBF80420D4F894066A
:102C500018BFC2F3004203F80C2D0093069A089B9C
:102C6000329755F0E9D9099B069900EB030A33AB7B
:102C700002932046424605F1E2038DE8000523F069
:102C80003FD8074630B920463946B5F82E2140F0E6
:102C900015DB80E0204629464246DDF8CC901CF04A
:102CA0005BDBA9F80000738CA9F80230339B043376
:102CB0003393079B13B9AAF1040A13E006F1240920
:102CC0004846FFF3E3F410B93398494602E03398DD
:102CD00005F1F8010622FEF3E9F5339BAAF10A0A91
:102CE0000633339331AB0093339BD4F894060193AE
:102CF0002946069A089BCDF808A055F00BD98146C5
:102D000028B160683946012203F0A0DE42E0339B1F
:102D100000900190029003932046294657224B468B
:102D2000CDF810A01DF03CD8706B18B103F06ADE2E
:102D3000C6F83490079B23B1339B0AF1060A063B81
:102D40003393339B0AF1040A043B3393079B5046A9
:102D500086F83C3003F044DE706308B9B06305E0E8
:102D600033995246FEF3A2F5C6F838A0B8F862309F
:102D70000095C3F340130193002302930393394654
:102D80002046D4F8BC255B4626F09AD9002808BF17
:102D9000002700E00027384635B0BDE8F08F00BFBF
:102DA000CDCE8100DDCE8100FDCE81002DE9F04F3A
:102DB00095B0064606910792209C219DD0F8009080
:102DC0009B46002B00F0B380ECB91E9A012A1CD15F
:102DD0001F9A931E012B18D8032A16D1002D40F0FC
:102DE000AB80C36E5A1C05D01C3350F82350002D05
:102DF00040F0A28048460021B6F82E2140F0D6DDF2
:102E00004FF0000894E0002500E025464FF0B008A0
:102E100006270DF1200A002124225046FEF3CAF5B0
:102E20001E9B1F9A0893229B099211A80021082239
:102E3000CDF828B00B930594ADF83040FEF3BAF509
:102E4000CDF848A044B1089B032B0FD14C2C0DDBCF
:102E50004D2C01DD7E2C09D111AB0093D9F89406DD
:102E60003146B022002355F0E7D83F18079B414672
:102E70008DE8880013AB02934846069A06F1E203F8
:102E800022F03EDF8046002852D075B10023009327
:102E900001932A46139B4846314658F00DDC95F9BC
:102EA0000E30139AFF1AD21813921E9BDDF84CA015
:102EB0009AB2AAF800201F9BAAF80230059BAAF834
:102EC00004300AF1060313933CB1032A17D14C2CAA
:102ED00015DB4D2C01DD7E2C11D111AA8DE80C00E3
:102EE000063F0297D9F894063146B022002355F0E8
:102EF00011D824B9BDF830300BB1AAF80430B37939
:102F000013B1F368DA6801E0D9F8BC259DF88C307C
:102F1000414601930023039348465B460096029581
:102F200026F0CED8002808BF4FF0000800E09846F1
:102F3000404615B0BDE8F08F95F90E7044F2B00828
:102F4000063766E72DE9F0470446A4B090469A4656
:102F50000D4600296DD0D1F86433002B69D004AF41
:102F60000EAE33463A460DF1600923F01BD900211D
:102F700024224846FEF31EF5236A00216533082209
:102F800021A81893CDF864808DF868A01B971C9633
:102F9000FEF310F52368CDF8889093F84F3013F0C6
:102FA000030307D0D5F8EC3003F48053D3F10103C9
:102FB00038BF002324AF07F80C3D294640220023E8
:102FC000D4F89406009755F037D82D9B01900093C4
:102FD00023AB02938046402120462C9A05F1E20360
:102FE00022F08EDE064620B3239BD4F8940601938C
:102FF0002946402200230097CDF8088054F08ADF4C
:1030000028B160683146012203F020DD11E0D5F8D7
:10301000EC3013F4005306D0D4F84C012946324664
:1030200063F0D8D905E020463146D4F8BC2528F015
:10303000DDDD24B0BDE8F0872DE9F04390F8A0373E
:1030400087B004462BB1002380F8A0374FF0010869
:1030500000E0984623681A7E32B9B8F1000F00F0FC
:103060003B822046022135E2206954F023DE18B16C
:10307000A0680FF0D3DF27E220461BF05DDB236A58
:1030800020461F69D4F86832D3F814219D79167C44
:103090001CF0FCD9031C18BF0123384671B22A4624
:1030A00063F094DC94F88C36ABB12369D3F88830A4
:1030B000D3F8245115F040050DD120462BF0C0D98E
:1030C000236A84F88C56186929462A4663F0D2DCB4
:1030D000204622F063DC236820469A6A01329A6215
:1030E0001CF0D4D918B9D4F8843483F829012046C7
:1030F0000AF0B7FD236A186965F05AD801462046E0
:1031000059F028DD236A186965F00CD9014620467C
:1031100059F0D8DC236893F93D307BB1D4F8240111
:1031200003A9002278F098DB01E00023C361D4F802
:10313000240103A978F0A6DB0028F6D194F8D43155
:103140004BB1204616F03EDB28B194F8E43113B1C0
:10315000013B84F8E431204626F082D8204617F05F
:103160001DDC204626F0D6D894F8D43113B1204681
:1031700024F068DA2368DA6E002A40F0A58193F81B
:10318000693113B120464BF023D9204647F030DB9C
:10319000236893F82F20CAB193F83030B3B120469A
:1031A0001CF09CD890B1D4F864120023CA582AB1FC
:1031B000907918B1507908B112791AB10433202BE3
:1031C000F4D103E0D4F818053AF07EDAD4F82835C3
:1031D0001B68A3B120462AF0CFDCD4F828355A6802
:1031E0001B68B2FBF3F103FB112313B9204615F062
:1031F00089D8D4F828355A6801325A600AE0236821
:103200009A6A1E23B2FBF3F103FB112313B9204684
:103210002AF0B2DC94F88C3243B194F8F034013BDC
:10322000DBB2022B02D8204615F048DE0025D4F888
:1032300064325F591FB3BB790BBB3B7AFBB1D7F844
:1032400018319B7ADBB1384625F090DEB8B13B7C73
:10325000ABB1D7F818319B7A8BB13B7A7BB107F1D0
:10326000DC063046FFF312F2034640B94FF0FF325E
:103270000090019220463946324628F0C5DC0435DC
:10328000202DD4D1204616F003DB236A5B7DB3B139
:1032900023689A6A3C23B2FBF3F503FB152575B945
:1032A000D4F86432585938B183792BB9037A1BB1F9
:1032B000037C0BB917F028DC0435202DF0D1204613
:1032C0002AF038DC20B9D4F8180539F0A9DF38B174
:1032D000236A20211869002264F03ADD002604E008
:1032E000236A202118690122F6E7D4F864329D5937
:1032F000FDB1D5F8A83013B1013BC5F8A830D5F819
:10330000AC701FB1013FC5F8AC7012E0AB7983B16E
:103310002B6D99070DD595F8A43053B102F0DADE84
:10332000D5F8B01040F052DE18B1C5F8A87085F895
:10333000A4700436202ED8D1B4F850371BB1013B0D
:10334000A4F8503702E0204622F076DD002635460C
:103350000BE0D4F8C4329B195B6A23B1D4F8C822BD
:1033600052F82500984701353836236893F8B42081
:103370009542EEDB93F83B5045B193F83C502DB1AC
:1033800094F8FC5515B1E368D3F880510026D4F8C1
:10339000643253F80690B9F1000F40D099F8063026
:1033A000002B3CD199F80830002B38D099F85633CF
:1033B000DA0704D52046494699F8542305E09807D2
:1033C00005D599F855232046494624F0A7DB94F803
:1033D000FC3523B399F804300BB3D9F818314A46B9
:1033E0001978204629F02CDE236893F83B20B2B1EF
:1033F00093F83C309BB194F88E3283B9D9F80831F8
:10340000D4F85001DF8D93F86030BF0201335F4381
:1034100099F844102B463A465CF066DFED19043605
:10342000202EB4D1236893F83B206AB193F83C3046
:1034300053B194F88E223AB994F8FC3523B1D4F8FC
:10344000500101215CF07ADF002384F8FC3522680A
:10345000D4F88434926AB3F89E30B2FBF3F103FBE4
:10346000112313B9204609F095FAD4F8683223B134
:10347000D3F818210AB112781AB1D4F864020022E4
:1034800002E01B7ACBB9F8E7835893B19D79D3F862
:10349000EC1015B1890405D40BE011F4005F08D0DD
:1034A000C90306D4197A21B1D3F818310BB11B78AE
:1034B0001BB10432202AE7D103E0A06802210FF0FB
:1034C00027DE204619F0ECDFB8F1000F04D02046CB
:1034D000022100222BF050DF07B0BDE8F08300008E
:1034E0002DE9F04F92F82A301446B2F81CB08DB096
:1034F00006460D46D0F804A00F6952692BB19368B7
:1035000094F8228003F11A0903E09268984602F1C8
:103510001809A368072B0DD93046494613F0E8DC9B
:1035200040B1B9F806304FEA132949EA03291FFAD6
:1035300089F901E0B4F8089095F8243003F01203FB
:10354000022B0DD148F68E03994509D12068D7F892
:10355000081110300622FEF395F1002840F0C883D0
:1035600094F82C30EBB9A38B1B051AD53368D3F82C
:103570008830D3F84C230132C3F84C23D5F82422E9
:103580000132C5F8242205EB4802B2F8A410B4F8C1
:103590007E20914205D1D3F8BC210132C3F8BC2171
:1035A000A6E3BB79CBF3802B002B32D1D7F81831AF
:1035B0001A7B92B194F82C207AB9BBF1000F0CD190
:1035C00095F8CA10626A51FA02F2D00705D438465B
:1035D000A18B029317F05CDB029B3268526BC2B185
:1035E0001B7FB3B194F82A309BB194F8283083B193
:1035F0000021384629F008DAD7F8EC30990408D5CC
:10360000A28B12F4005204D1D6F84C01394662F074
:1036100003D9238C5A0700F16B83A38B03F48043F7
:1036200063633BB93A6D40F237131340EBB197F83F
:103630005830D3B10023A3633046234651462A466F
:10364000CDF800807AF042DB636B40B9002B00F0CC
:103650004F83D5F864310133C5F8643148E323B1B1
:10366000D5F860310133C5F8603194F82C3043B996
:1036700008F15003B4F87E0005EB43039A88988064
:1036800000E0002294F82C3043B3636994F82A20B8
:103690009B680AB11A3300E01833B9F5006F40F0A7
:1036A0006E81A268072A40F26A811A7A1209042AF6
:1036B00040F065819A6912BA002A00F060815B7C53
:1036C000012B40F05C8102F07043B3F1604F00F0D9
:1036D0005681D2B2FF2A40F00B8350E1B4F87E004D
:1036E00008F1180910F00F0340F0A38005EB8909D9
:1036F000D9F8041079B11A465046029303F0A6D9BE
:10370000029B05EB8802C2F8843008F14A02C9F82E
:10371000043045F82230BBF1000F00F03081E3683F
:103720006269039305EB88035A66A16B31B105F515
:103730001C70053014311022FEF3B8F063699A68EA
:103740005868510DC0F3140E9889DB8849058E44E2
:10375000C3F34A133168013302EB000C7344C969A7
:10376000CCEB0303CEEB020E896803EB0E021018BC
:10377000884234DA5046FBF791F808F1180905EB56
:103780008909C9F80400002800F0B28262698068E3
:103790009168536821F07F4E2EF4600E9289C3F336
:1037A0001403C3EB0E03C91A9A18FEF37FF0616984
:1037B0008B684A6823F07F4323F46003C2F314024A
:1037C0009A1AD9F804309868801898609889821AF3
:1037D0009A81888900229881504603F037D9D6F81B
:1037E000E015039B05EB880259186FF005035B1A7F
:1037F0003168A148C96989685B18C2F8843061687A
:103800000822FEF33FF06B6810B943F0080301E0B3
:1038100023F008036B60994861680822FEF332F0D8
:10382000AB6810B943F0200301E023F02003AB6044
:10383000A5E005EB8901496800293ED0504020F001
:103840000F0020B902F00F02013293420FD0002284
:10385000504603F0FBD808F1180205EB8202002362
:10386000536008F1200205EB8202536021E0A16B56
:1038700049B105F51C70053014311022FEF302F039
:10388000002840F0358208F1200905EB8909A3687A
:10389000D9F8042008F1180C93421DD905EB8C07C8
:1038A00050467968002203F0D1D800237B60C9F824
:1038B000043008F14A0845F828303368D3F88830D6
:1038C0001A6E01321A662B69002B00F01182DB6838
:1038D0005A6D01325A650BE28DE8080405EB8C0C39
:1038E000DCF80410304609F104026368CDF808C022
:1038F00013F036DF50466169002203F0A7D8DDF8E7
:1039000008C0BBF1000F3AD1DCF8042008F14A03EB
:103910006261CCF804B045F823B09368928903F152
:103920001801C9F804B06160A2F11801A16094F80F
:1039300029102360E26021B103F11E011E3A61608B
:10394000A26094F82A203AB1626884F82280023298
:103950006260A268023AA2601A785B7842EA0323A6
:10396000A383636B5BB1A36B4BB193F90E206168CA
:103970008A18626093F90E30A268D31AA360A36B11
:1039800063B11B7A042B04D1304621467AF02ADA3F
:1039900004E00B2B02D120461AF0ACDBBBF1000F88
:1039A00040F0C481626993695B0613D5BB792BB97A
:1039B000D4F88010384618316EF08ED863699B6950
:1039C000180640F19581D6F830012946224601F0CB
:1039D000B5F9ABE123689888D988ADF81000ADF847
:1039E000121018895989ADF81400ADF8181098898B
:1039F000D989ADF81A00ADF81C10188A598AADF8AB
:103A00002000ADF82210988A94F82910ADF824000F
:103A100041B1198B588B9B8BADF82810ADF82A005B
:103A2000ADF82C30A38B13F4807F03F4007304D122
:103A300004A9616723B108AB05E008A961670BB968
:103A400006AB00E00AAB6168236793683046C3EBBE
:103A5000010813F04DDA6369998988B1072940F2AA
:103A600047819A68A8F106084244C8EB01089A60A9
:103A7000A3F80C80E26615E02C1D890003380100D4
:103A80000D2940F235819A68A8F10E084244C8EB2E
:103A900001089A60A3F80C802389E266190A41EABA
:103AA00003239381A36B6BB11B7A012B0AD0032BE9
:103AB00008D0304651462A46234679F0C7DE002812
:103AC00000F01681A36B33B11B7A022B03D1304671
:103AD00021467AF087D997F85C339BB1E36E9B89D6
:103AE0001A0A42EA0323934A1BB293420AD1304690
:103AF00061690622002315F0BBDD18B13046394656
:103B000049F006D9626FE36E118819805088588099
:103B100091889980216F0888D88048881881898881
:103B20005981616994F822E0C8890EF0070E20F0EF
:103B300007004EEA0000C8811178C9070BD531682B
:103B4000D1F88810D1F8D0010130C1F8D001F9685E
:103B5000886D0130886597F8591061B195F8241087
:103B6000C80608D49989080A40EA0121714809B2B7
:103B7000814240F0BD80D6F89811795C79B195F812
:103B80002410C9060BD49B89190A41EA03236A4908
:103B90001BB28B4203D026398B4240F0A980BB79FF
:103BA000EBB992F8008018F0010818D1D7F8183155
:103BB000384693F87420013283F87420D4F88010CA
:103BC00018316DF089DF61695046FFF325F201215C
:103BD000034642463846CDF800806DF0FDDFD6F84A
:103BE000D0361B68FB58002B35D01B68002B32D019
:103BF000D4F86C80B8F80C301A0A42EA03234D4A14
:103C00001BB2934227D197F8A73313B197F8F63335
:103C10000BB350466169424612232BF0C1DB0028EA
:103C20003BD0B8F8103050461A0A42EA03236169C3
:103C300008F112029BB22BF0B3DB00282DD0636B8E
:103C4000D6F8D006003318BF0123394642467DF02E
:103C500077D900284CD17B69002B2FD0D4F86C8009
:103C6000B8F80C301A0A42EA0323324A1BB29342D4
:103C700024D150466169424612232BF091DB60B19A
:103C8000B8F8103050461A0A42EA0323616908F175
:103C900012029BB22BF084DB30B93368D3F8883042
:103CA0005A6E01325A6623E0626B7869003218BF9F
:103CB000012241462B4643F0B3DAC8B9D5F8943116
:103CC000DB070BD594F8293043B9E36E9B891A0AB8
:103CD00042EA0323174A1BB2934209D1636994F85D
:103CE0002920009330462946636F26F045DC1DE00D
:103CF00033685A6BAAB161691048CA89D3F88C300D
:103D000002F00702825C0E48855C50460C3503EBDE
:103D1000C5056B68AE6801336B60FFF37DF18019F8
:103D2000A86050466169002202F090DE0DB0BDE847
:103D3000F08F00BF8E88FFFFB488FFFFBAD58800E0
:103D40006CE188002DE9F04F4FF0000AAFB0CDF8DC
:103D5000B0A0CDF8B4A0D68A984610939B890446AB
:103D6000212B0F461546CDF864A08DF84EA0CDF856
:103D700050A08DF857A08DF854A08DF88CA08DF828
:103D800058A011922B92CDF888A001D803684AE080
:103D9000D8F808901046494671F0D2D909F10603C7
:103DA0000890C8F82C000B93B9F806301946ADF806
:103DB000483001F00C02184601F0F00301F44071A4
:103DC000A1F5407E92081B09DEF1000141EB0E01D6
:103DD000022A08BF4FEAD30AADF84A205FFA8AF2F6
:103DE000ADF84C308DF855108DF85620B5F804E03C
:103DF0000EF0030EBEF1020F04D100B2002801DA6A
:103E0000DB0800E00023D8B28DF85700002914BF6A
:103E10002823222302B1023300B104331098808991
:103E2000984206D22368D3F888305A6E01325A6617
:103E30007EE399F80A3003F001038DF8583009F158
:103E40001E030C9311B109F124030C9300238DF888
:103E500059304AB10C9B5A781B7843EA0222DB099D
:103E600007928DF8593000E0079241463846FFF33B
:103E7000D3F0109909908B68384606338B608B8994
:103E8000063B8B819DF859301BB1FEF365F5014669
:103E90003846042202F084DD16F4404F9DF8552088
:103EA0000CBF4FF0000B4FF0010B00232D9302BB12
:103EB000BDF848300B9913F4407F09D101F1100689
:103EC00020460A315A462DAB78F00CDA2C9005E0EA
:103ED000D80501D50E1D01E001F10A062D9B23B97D
:103EE0002046314648F0F8D92D902D9B003318BF5D
:103EF00001238DF85C302D9B13F1000A9DF858309A
:103F000018BF4FF0010A43B90B992046043148F01D
:103F100009DA061C18BF012600E00026D4F8043296
:103F20001BB9236893F82C306BB3236893F83E20B9
:103F3000002A08BF4FF0000A7EBBBDF84820D2051A
:103F400006D49DF858201AB1BAF1000F40F0F6825D
:103F50009DF8552012B19DF858203ABB93F82C30AB
:103F6000002B00F0C982BAF1000F04D12046294687
:103F700058F064DEC0E22D9B9B79002B40F0BC82A0
:103F80004FF0010A14E09DF858301BB9002E00F0E4
:103F9000B38202E0002E00F0D1829DF855302BB99B
:103FA000BAF1000F00F0A8829A4601E04FF0000A33
:103FB0009DF856300BB39DF859304BB194F80E3242
:103FC000002B00F09982109B9A6942F040029A619E
:103FD00007999E4A01F00703D25C9D498DF84E3047
:103FE0008A5C0799149201F0100212118DF8542086
:103FF0000C9A8DF88C3002320C92109BD9899889DA
:1040000011F4005218BFB3F850200C999B68821825
:10401000CB1A0E924146D21A38460D920693FEF301
:10402000FBF7069B0B9AC31A0F93937DD17D43EA4E
:104030000123ADF8AA30BAF1000F2FD12CAB0093B9
:104040000E9B204601932DA92B4618F0ABDE0028CD
:1040500040F0528274E22D99002900F04D820B9AB3
:1040600020460A325B4678F07BD82C90002840F03E
:104070006D820B9A2D9920460A325B4678F072D9F0
:1040800001462C9030B92368D3F88830DA6E0132BB
:10409000DA6631E2204677F0D5DF57E2BDF84830E6
:1040A00013F4407F04D12D9B1B7C002B3AD106E0FA
:1040B0009DF855301BB92D9B1B7C002B32D0204620
:1040C0002D990A325B4678F04DD92C9018B913E23D
:1040D0002C9B1B692D931EB123689A6A2C9B9A62B4
:1040E0002D9BD3F810210792BAF1000F21D19DF832
:1040F0005520F2B99DF858201AB1BDF84820D005D6
:1041000010D49979BDF8482011B1D1050AD510E035
:104110001B7C02F44072002B14BF4FF40073002389
:104120009A4206D02368D3F888309A6D01329A6596
:10413000E2E12046294658F081DD002388F823007B
:1041400083462D9888F822308379ABB9BBF1000FF4
:1041500012D0594695F91D20334658F0CFDD294637
:10416000D4F8C426204658F00DDD3246014688F8C2
:1041700022002D9858F010DE2C9B93F8922112B952
:10418000D3F8F42052B3BBF1000F27D0D3F8F010CE
:10419000D3F8EC2042F821B0D4F88424517911F0FE
:1041A0000100D3F8F01018BF95F91F0003EB81014F
:1041B000C1F89C015279521012F00101D3F8F0209D
:1041C00018BF95F9201003EB8202C2F8BC11D3F896
:1041D000F020013202F00702C3F8F0209DF85520CC
:1041E0002D9B0AB1DB6D3CE09A792C99002A31D0E5
:1041F0004B6B25934B685A061BD59DF85620C2B1D0
:10420000BDF8AA20100714D191F8D7208AB10A7DF1
:10421000D2070ED4BDF84820D0040AD59A0308D599
:10422000149A91F8C9301341DB0702D520463AF0C1
:104230000FD9BDF8483013F4805F2C9B5A6814BF27
:1042400042F4003222F400325A600BE0BAD5880002
:104250006CE188004A6B25921A7C1AB9DB6DD8078D
:1042600000D525932D988379A3B9037C93B19DF84C
:1042700058307BB9BAF1000F0CD1079B83F806A028
:1042800094F80C22D3F8F0309A4203D084F80C3220
:1042900021F010DB9DF85830FBB12D998B79002B64
:1042A00040F02A810B7C43B10B98E231103006229A
:1042B000FDF3E8F2002800F01F810B980430FEF3B4
:1042C000D9F150B92D9890F8453033B90B99043194
:1042D00048F076D9002840F00F81BDF8AA30089A3E
:1042E000A8F81C300B9BC8F82C201B7C2C9913F0D1
:1042F000010F099E4FF0000707D0D1F85431013368
:10430000C1F85431F1E9622306E0D1F850310133AC
:10431000C1F85031F1E96023921943EB0703C1E979
:1043200000239DF858309BB999F8003099F8012086
:104330001A4399F8023013430AD0D8F82C10D4F855
:104340005C016A8A78F0C6DB2C9B0899C3F85C1183
:1043500099F90330002B07DA2368D3F88830D3F8B3
:10436000A8220132C3F8A82299F8033013F0300FC5
:1043700007D02368D3F88830D3F8B0220132C3F8CD
:10438000B0229DF85830002B71D1D8F82C0023684A
:1043900010F0407FD3F8886001D1C0B201E070F026
:1043A0004DDD16283AD00CD80B2825D004D8022889
:1043B00016D004285BD119E00C2823D0122856D13E
:1043C00026E030283CD004D818282DD024284ED1FF
:1043D00030E0602840D06C2844D0482847D135E0F0
:1043E000D6F838320133C6F8383240E0D6F83C32DD
:1043F0000133C6F83C323AE0D6F840320133C6F811
:10440000403234E0D6F844320133C6F844322EE06C
:10441000D6F848320133C6F8483228E0D6F84C3294
:104420000133C6F84C3222E0D6F850320133C6F8D8
:1044300050321CE0D6F854320133C6F8543216E03C
:10444000D6F858320133C6F8583210E0D6F85C324C
:104450000133C6F85C320AE0D6F860320133C6F8A0
:10446000603204E0D6F864320133C6F864329DF855
:1044700058301BB12D980BA91AF01ED99DF8583051
:104480002BBBD8F82C0010F0407F01D070F0D6DCA8
:1044900000F07F00022809D0042807D00B2805D09F
:1044A000A0F11601484240EB010000E0012000228B
:1044B000E98895F91C3000920190A888090A800BC0
:1044C00002902D9803920490204609F058F92C99F7
:1044D0004B685A030BD59DF8583043B9BAF1000F19
:1044E00005D1D4F838010BAA33F038DE33E020468A
:1044F0000BAAFEF7F5FF2EE023685A6BC2B19DF8B8
:104500005820AAB910991548CA89D3F88C3002F0FE
:104510000702825C1248845C38460C3403EBC40406
:104520006368A56801336360FEF376F54019A06007
:1045300038461099002202F089DA0CE0B24637E5DD
:10454000BDF8483013F4407F3FF485AD2D9B002B20
:104550007FF4C1ADBCE52FB0BDE8F08FBAD58800BF
:104560006CE188000B68C968DB691A6889B14B780F
:10457000012B0ED1B2F8BE3023F040031B041B0CFC
:10458000A2F8BE308978890644BF43F04003A2F800
:10459000BE3000207047F8B591E88800DC690368F8
:1045A0000D461A6892F8626126B1D3F8600806F0E9
:1045B00073FF0646F86DF9F725F958B156B1E8686A
:1045C00058B14378012B04D00C23A3804FF0FF3067
:1045D000F8BDA0610023A3800020F8BD38B50368B2
:1045E0004C681A6892F8625125B1D3F8600806F059
:1045F00053FF0546E06DF9F705F950B145B9D4F818
:10460000A00300F02000002814BF0320002038BDC4
:10461000032038BD2DE9F84391E808020568DC69FC
:104620002B680E4693F86271D4F8008027B1D5F854
:10463000600806F031FF0746D9F85C00F9F7E2F8A8
:1046400088B187B1F06888B14278012A05D00C237F
:1046500023844FF0FF30BDE8F8836062D5F860082E
:10466000414607F0D9FC002323840020BDE8F883ED
:104670002DE9F04F1C4692F801909B68D1F85CC080
:1046800089B0002723F4C063B9F1010F80460E46BC
:104690001546CDF810C005970697A36040F23C81FF
:1046A000D278AB7843EA0223012B40F03581A9F19F
:1046B0000203DBB2032B0ED81CF0400F00F02C815C
:1046C00004222DF0F5DC002800F0268140236363EE
:1046D0000423A36329E12F1D384696490322FDF3E5
:1046E000D1F08246002840F0178140463146EA79F1
:1046F0002DF0DEDC002800F00F8104F1380B384685
:104700005946FFF31DF0A9F10603DBB2012B11D8C6
:10471000049B5F0640F100814046314604222DF0A3
:10472000C7DC002800F0F880402363630423A36300
:104730005746FAE06A7A2B7A43EA0223012B40F0CB
:10474000EB8005F10A0738467A490322FDF39AF017
:10475000002840F0E180404631466A7B2DF0A8DC1D
:10476000002800F0D98038465946FEF3E9F7A9F150
:104770000C03DBB2012B06D8049B580640F1CC8019
:1047800040236363CEE0EA7BAB7B43EA0223012B49
:1047900040F0C08005F1100066490322FDF372F07D
:1047A000002840F0B780EB7C012B01D0052B02D113
:1047B000049A510617D4062B02D1049A120612D479
:1047C000D8F8002092F862212AB1082B03D1049A6C
:1047D00012F4802F05E0022B40F09C80049A12F026
:1047E000800F00F097805A1FD2B2012A01D9082BFE
:1047F0000BD1336D5B0504D4049B13F4922F00F0AE
:104800008F80A36843F48063A360336D5F0503D595
:10481000A368580540F1848005F1100004A9002226
:10482000FEF31AF7002877D0049BA9F11202D2B246
:10483000012A63638CBF2A7D0022B3F5802F01D14A
:1048400051066BD5D8F87C06316D0DF11F0304F0CD
:104850005FFA002864D09DF81F301BB1A36843F4B1
:104860000073A360A9F11407FFB2002F4AD095F896
:1048700001A0A9F11609C7EB0A0A05EB0A0393F890
:1048800003C003F1020B9B785FFA89F943EA0C2C11
:104890004FEA1919002723E00BEB071302330593A6
:1048A0001023ADF81C3004F114030093636B304601
:1048B000019306A905AA07ABCDF80CC057F09ED905
:1048C00001372028DDF80CC00AD1059A62B1069B99
:1048D00053B1012100914046214638F033D903E01D
:1048E000674501D04F45D7D15544EA78AB7853EAB4
:1048F000022317D0059BBBB1069F002F0CBF3527A5
:10490000002712E0404621463A463B46009738F0E1
:1049100019D90AE02B2708E00C2706E02D2704E030
:104920001F2702E0002700E03527384609B0BDE820
:10493000F08F00BF22380100F8B591E82800076821
:104940005B681E683B6893F862415CB1D7F8600809
:1049500006F0A2FD31460446D7F8600806F0A0FD37
:10496000064600E02646E86DF8F74CFF30B124B16A
:10497000002E14BF03200020F8BD2046F8BD2DE90D
:10498000F34191E8480007685B680C46D3F8008063
:104990003B6893F862315BB1D7F8600806F07CFDA4
:1049A00041460546D7F8600806F07AFD074601E063
:1049B0001F461D46F06DF8F725FFA0B19DB197B1D8
:1049C0000122002101A8FCF3F5F701A80521FEF35F
:1049D000C9F30122A369F42001A9FDF30FF52368AF
:1049E000A2695B681A620020BDE8FC8173B50368A8
:1049F0000C461A684D6892F8626126B1D3F86008D7
:104A000006F04AFD0646E86DF8F7FCFEB8B11EB99F
:104A1000D5F8A033980612D50122002101A8FCF395
:104A2000C9F701A80521FEF39DF30122A369F42033
:104A300001A9FDF3E3F42368A2695B685A610020D1
:104A40007CBD73B503680C461A684D6892F86261C4
:104A500026B1D3F8600806F01FFD0646E86DF8F7AA
:104A6000D1FE98B11EB9D5F8A0339B060ED5012210
:104A7000002101A8FCF39EF701A80521FEF372F3C3
:104A8000F42001A90122A369FDF3B8F400207CBD44
:104A90002DE9F3471746027A04460E46D0F80090F7
:104AA000D1F800800AB1002B6AD0E3199D7A002D5D
:104AB00067D098F8023194F8272003F01C039B0874
:104AC000934238BF13463371304630F093DD98F887
:104AD00002314FF4005203F0030312FA03F3F360C0
:104AE00098F80231204603F003030D3386F83D3178
:104AF000414607F1360A2FF00BD856F82A5045B92F
:104B00004FF4417001F06CDF0546002839D046F8BB
:104B10002A00284600214FF44172FCF34BF7022390
:104B20002B700023AF7085F8ED30D9F80030C5F850
:104B3000F48093F869318BB1484649F041DC38B1D3
:104B4000E37C984228BF184684F80434E07405E0FA
:104B500094F8043413B1E37484F80404A27CE37C75
:104B6000009294F82F2048460192D5F8F4103A4666
:104B700032F036DFD4F850321A6D01321A6500E097
:104B80001D462846BDE8FC872DE9F041D0F8E82213
:104B9000002507460E46A8462B46D2F8B010043230
:104BA000002918BF98460133182B0D44F5D128F081
:104BB00007083046184908F10708FDF36BF105BBFB
:104BC00022E0D7F8E83204F12C0253F822206423C3
:104BD00053433046B3FBF5F31049FDF35BF1104B43
:104BE0002340002B03DA013B63F007030133072B5B
:104BF00005D1444503D030460A49FDF34BF1013459
:104C000000E000244445DCDD30460749FDF342F175
:104C10000020BDE8F08100BF225701002C570100A1
:104C200007000080375701001A2D890037B500238F
:104C30000193079B0546032B144604D901A8069946
:104C40000422FCF333F60E2C2B6806D11B680020DF
:104C500093F8D120089B1A6001E06FF016003EBD6A
:104C6000F8B5C269002307460D461E46D1580433E5
:104C7000602B0E44FAD128461149FDF30BF1C6B161
:104C80000024FB69284653F82420642353430D492C
:104C9000B3FBF6F3FDF3FEF004F00703072B05D199
:104CA000172C03D028460849FDF3F4F00134182CE2
:104CB000E7D128460549FDF3EDF00020F8BD00BF1F
:104CC0005C5701002C570100375701001A2D89004D
:104CD0000020704710B51C4603699B794BB98805C5
:104CE00001D5101D03E0C90510D502F10A002146C7
:104CF00008E0CB0502D502F10A0002E0880505D5DF
:104D0000101DA11D0622FCF3BDF580B920460299B5
:104D10000622FCF3B7F568B1204603990622FCF39E
:104D2000B1F500280CBF4FF0FF30002010BD4FF050
:104D3000FF3010BD4FF0FF3010BD00002DE9F04FE7
:104D40005D4B07461868EFB06A9015469A886C6903
:104D5000ADF8AC2153F8060FA2686C909B880491C3
:104D6000ADF8B4317B68A98BD3F814B06B680591AA
:104D70009B1A9BB2D218A260A289D5F81090D31AC0
:104D8000A3810026B84664E0642E64D0A368E2895B
:104D900003F10E0712F4005218BFB4F85020BF07F9
:104DA000A089998905D04746FB6E1A6C01321A64B6
:104DB0005BE01218DFF808A10F0A92B247EA012758
:104DC0000392A18ADAF800200E3752F82120BFB2F0
:104DD0001AB13A4AF91C0A4000E03A460399914256
:104DE00005D04746FB6EDA6B0132DA633DE06AAA12
:104DF00000926CAA0192049805992A68FFF76AFF4D
:104E0000002832D1E3899B0407D5B4F8503023B190
:104E1000A389FF1AA4F8507000E0A7812246D8F8B1
:104E20000000594619F0BCDEE38995F8222023F0F2
:104E3000070302F007021343E38106AB43F8264061
:104E4000A28ADAF80030013653F82240039BC3EB04
:104E50000909002C98D14746B9F1000F01D105ABE3
:104E60000FE0FB6E5A6C01325A64584669690022A1
:104E700001F0ECDD1DE053F8042F0021918209F1CF
:104E80000109B145F7D124B158462146002201F06D
:104E9000DDDD00240BE006AB53F8243095F8292023
:104EA0000093386804999B6825F066DB0134B442AE
:104EB000F1D16FB0BDE8F08F2B380100FCFF01008D
:104EC000E80300002DE9F04FB1B0DDF8F48007935E
:104ED00000230F922F9308F138023A9B0B92D1F8DE
:104EE00008215B880C92079A0E931388814603F081
:104EF000FC03A3F120077B4243EB07030C463C9ED7
:104F0000856908932BB13A9B4FF0300B04330A9319
:104F100003E0089A4FF0100B0A920021282210A8F3
:104F2000FCF348F51AA800212822FCF343F5D5F834
:104F30006C332BB110A805F55B712822FCF3B6F495
:104F40000C9B0DF1400A03F138070DF1680C3A464D
:104F5000534628462146CDF800C0CDF818C024F0AD
:104F600065DAD5F8843439469B7824AF00220B9853
:104F70006FF0BEDE384600212422FCF31BF508F159
:104F80004D03DDF818C02593CDF898A0B8F8683027
:104F90000DF1B40A504600210822CDF89CC0289398
:104FA0002496FCF307F57368CDF800A0C3F3004323
:104FB0008DF8B43021465A460023D5F894062E9732
:104FC00053F03AD804F1DC0300F1060A079A0D9376
:104FD0008DE808042FAB0A3202930746594628464B
:104FE00004F1E203099220F08BDE844618B9112205
:104FF000A8F86820E9E02F9B0022012119705A705F
:105000002A6A1268022A04D194F92C210AB92122B1
:105010001A70216D40F237120A4032B194F85820CC
:105020001AB11A8842F010021A8095F8722432B12F
:105030002A6A527D1AB11A8842F480621A80B8F83E
:10504000682021465A80B8F820209A802F9B2DAAEC
:1050500006338DE88C002F93D5F894065A4600232A
:10506000CDF818C052F056DFDDF818C0002840F027
:105070009980009498F81820E368029003900192B8
:10508000DA6828463346614624F01AD8B8F8683002
:1050900023B13046022176F0A5DB83E02F9B063B4F
:1050A0002F93B36898050CD596F8243003F00303CA
:1050B000032B06D1D5F87C06214632465DF0C6DAD0
:1050C00083E0B8F820303146A6F8CC30284676F098
:1050D000B9DF0C9A022192F860300E9A3046934262
:1050E00038BF1346A6F8FA3076F004DED4F8EC3078
:1050F000190309D5284621461AF038DD012803D1C5
:105100002846214646F0F2DE2B689B6AF362089B34
:1051100053B10D980A990622FCF3B4F320B1484626
:105120000999E26836F0A6DF0999E268484636F048
:10513000C5DC2A68D4F8EC1092F84F2011F4005323
:1051400018BF022312F0030205D0CA045ABF7268C6
:10515000C2F3004200227F218DE806000B9806F181
:105160003C0100226FF0F0DE2846314677F058DB34
:10517000606920B106F11401012201F0D9FFD4F8D1
:10518000EC309B0404D5D5F84C01214660F064DB7B
:105190002B6893F8693133B128462146012202F089
:1051A000BDFF00E0BA463B9B3A9A01932F9B0092C9
:1051B0000293484621460F9A079BCDF80CA004960F
:1051C000CDF8148036F054D905E048462146079AB8
:1051D000434635F029D931B0BDE8F08F2DE9F04FC5
:1051E0008569E3B0924698469DF8B421D5F86431BC
:1051F0000C4607921BB19B79002B40F06A812B680B
:1052000093F82F30ABB1236D990712D594F8A430E1
:105210007BB100F05FDFD4F8B0103EF0D7DE00289D
:1052200000F06C810023C4F8A830C4F8AC3084F8D6
:10523000A430A3791BB12379002B00F04A81BAF87E
:1052400000B01BF4804B65D00AF10A0328462146C2
:105250001A46069376F080DF0746002800F0398171
:10526000D0F8D030002B00F0348198F803909DF8EE
:10527000B8314FEA99190BB3D5F89C3253F829602D
:10528000E6B13369D3B1337AC3B1414603225BA897
:10529000FCF30CF35BA806F1140132690330FCF354
:1052A00005F331695BA8033108AA02F0AFDA6C9A02
:1052B00008F10400111F08AA02F0CADA09F11C095A
:1052C00054F8293093B11A696C984146143308F0A8
:1052D000F5DCC0B901230090019302900390049083
:1052E000214628461722069B1AF05ADDD7F8D0002F
:1052F00001F088DB0023C7F8D03003230F26069384
:105300004FF00109D2E06C9A08F10408083A6C9257
:105310000F2601E05E465F46B8F80230B8F800900C
:1053200006932B6893F8623173B1B9F1030F0BD177
:105330006C9A079B00920193D5F86008214652466B
:10534000434674F057D8C4E0069A032A00F2C1809D
:10535000BBF1000F67D1012A40F0CC80B5F8AA015B
:1053600022F014D90AF10A0B031C214618BF0123AD
:1053700028465A4676F0F4DE014610B1284676F00B
:10538000F1DE284621465A4676F0E8DF0746002837
:1053900000F0B2804368DA0408D52A6892F8302019
:1053A000002A40F0A98023F4805343602846394600
:1053B00025F0B2DDB9F1000F03D0B9F1010F2BD107
:1053C00012E0B4F9543094F94420384601211BB955
:1053D00016B976F0B9DC01E076F01EDA97F82430E1
:1053E00013F001031DD118E0B4F95430012B18D08B
:1053F0003846494694F9442076F00EDA00238DE8C9
:1054000008020293039304932846214617225B4621
:105410001AF0C6DC0D2649E0002301220093019218
:10542000EFE7002E42D100210C225FA8FCF3C2F26C
:10543000344B0DF5927B5F93334B00212822584665
:1054400060936195FCF3B6F2069BADF8346153AE00
:105450003046002120224A93CDF824914B97FCF34B
:10546000A9F26C9A08F106030193931F0096029328
:10547000D5F894062146B0225FABCDF868B152F062
:1054800003DEBDF834618EB987B197F82430D807B0
:105490000CD52846214604220AF10A0300960196FB
:1054A000CDF80890039604961AF07ADC069A204606
:1054B000531C0193002303930493079B0AF10A01F1
:1054C000059304F1DC023B46CDF800900296FDF70F
:1054D0006DFC284621460AF10A0276F03DDE68B1ED
:1054E000A3795BB190F82430D90707D52B689B6A64
:1054F000836203E00E26D9E70126D7E763B0BDE853
:10550000F08F00BF11148400151484002DE9F04FB2
:105510009A46836EADF5077D81468669CB58D1F8F2
:105520000C01919C0D460D92DDF8408212930C9077
:10553000002C00F0AA82002131A86C22FCF33AF280
:105540009DF848320D998DF8DC30B4F8CC303391A9
:10555000CDF8D0A0CDF8C4903295CDF8D480369453
:1055600023B9206947F04AD8A4F8CC00B4F8CC207D
:10557000D5F808310021ADF8E4204CA8282210937A
:10558000FCF318F20D98BAF800200388ADF82C202F
:1055900003F0FC03A3F12000434243EB0003D9B224
:1055A0008DF8473093B20A934B010E9394F8243050
:1055B0000F9103F00303032B03D1A368990500F1B6
:1055C0003F82D6F864311BB19B79002B40F05782A3
:1055D000336893F82F30ABB12B6D9A0712D595F83D
:1055E000A4307BB100F076DDD5F8B0103EF0EEDCF3
:1055F000002800F04A820023C5F8A830C5F8AC3076
:1056000085F8A4300F9820B1B8F1090F40F2378225
:1056100009E0B8F1030F40F23282A8F104010AF167
:10562000040B099104E0A8F10A020AF10A0B09929D
:1056300000276763A763304621463A4676F0B4D91F
:10564000099BCDF8F4B0012B3E93CDF8ECB040F3BC
:1056500016829BF80130099802339842C0F20F82FB
:1056600039460C2283A8FCF3A5F1704B394683938D
:105670006F4B282284936AAB184608938596FCF3F7
:1056800099F156AA0DF5E87C6B9260AA6C9260467F
:1056900039462022CDF81CC06A94ADF8C871FCF3DD
:1056A00089F1089B09997B933368DDF81CC093F856
:1056B0004F30029103F00303CDF800C0CDF804B0E1
:1056C0008DF8E8310E9AD6F89406294683AB52F04D
:1056D000DBDCBDF8C8210E9208B11746BFE1BDF86A
:1056E0002C30D4F8E000A4F8F83038B14178023119
:1056F000FDF322F7D0F1010038BF00200B900B988A
:10570000EB6D8DF8E60023B12A6D40F2371313409C
:1057100013B92B6D5B060BD5D4F8E03043B9AB79E8
:10572000002B00F08F81D5F8EC30980440F18A818D
:10573000304656A960AA4CAB1AF0F6DE002840F0BD
:10574000858196F81C259DF844319A4240F07E816F
:1057500094F8243099070BD594F8D73023B130460C
:105760002146012239F0C0D92046FE2176F03AD8F0
:1057700095F94430002BC0F2718194F82430DA0797
:1057800040F16C81336893F8A9304BB1D6F87001C1
:105790002AF04EDD022803D10A99CB0540F154814D
:1057A0006D2215A80021FCF305F10023DDF830E19E
:1057B0001A4612E086A8C11811F8E41C01F07F0116
:1057C0006C2909D81B48405C30B115AF40B2795400
:1057D00032EA200228BF012201337345EAD1616811
:1057E000336A21F007016160587D12F1000C18BF87
:1057F0004FF0010C18B112B941F0010161605B7DFD
:1058000033B10A99480503D4636843F00203636027
:105810000A9A12F02002139203D0636843F0040343
:105820006360109B986B002314E000BFB1118400EB
:10583000CD138400581689001099CA1892F83C209C
:10584000110606D502F07F0215A98A5C002A00F035
:10585000FD8001338342EFD1336893F84F309A07CC
:105860002AD06D9941B34A7830460232CDF81CC037
:1058700054F09CDA002207460092304621463A4610
:105880000023FBF701FCDDF81CC0AFB151A81022CA
:105890000130F91CFCF30AF051AA0023F11891F829
:1058A000011312F8010F0840884240F0CF80013305
:1058B000102BF3D14FF0020C129B9C45C0F0C68018
:1058C000EA6D22B1296D40F237130B4013B92B6DED
:1058D0005B060BD5636B23B1A16B40F237130B4012
:1058E00023B92B6D13F0410F00F0B8800A98C00661
:1058F00018D5296D40F237130B409BB9490601D5E5
:105900000B9979B130460D9E00230122009301923C
:105910000293039304932946172206F10A031AF00F
:105920003FDA9BE0E2B12A6D40F237131340BBB17E
:10593000D30715D594F8D630012B11D1636B7BB109
:1059400005F1DC03009305F1E203019302273046E1
:105950002946224604F11403029726F097D87EE0E8
:10596000336893F830304BB9336A1B68022B05D18A
:1059700095F92C3113B91398002869D0336A1B6844
:10598000022B05D199F8003013B10A99480561D569
:10599000304619F07BDDD9F8283098425CD2304689
:1059A00029461AF0E3D8D5F88430984254D2D5F875
:1059B000EC30990408D5D6F84C0121465A46099B8B
:1059C00060F016DA002849D10E9A4CA9ADF82C21C6
:1059D0003FA82822FBF36AF70C99486B08B101F045
:1059E00011D80F9A1AB1AAF1060A08F106089DF813
:1059F00047000C9B83F83C00404600F0F1DF0C9917
:105A0000486308B9886306E042465146FBF34EF707
:105A10000C9AC2F8388001238DF8F03104F114019A
:105A2000002306227DA8ADF8F231FBF33FF731AB3E
:105A30000093304629467CAA234635F051DD24E008
:105A40001E270CE00D270AE0162708E0122706E0C3
:105A5000132704E0192702E0112700E00C2731ABDF
:105A60000393484629467CAA0D9BADF82C71CDF8CE
:105A700000A0CDF804800294FFF724FA05E0484620
:105A800029460D9A31AB34F0CFDC0DF5077DBDE82A
:105A9000F08F00BFD1F80C0130B5446B4CB1816B75
:105AA00039B190F83C50002D0CBF04250A25A942BD
:105AB00003D200211160196030BD251D15601960E9
:105AC00090F83C0018B106390A34196014601A685D
:105AD000043A1A6030BD0000024B00F00F0053F88A
:105AE00020007047746501002DE9F04FCB88D0F895
:105AF00010218BB09B0605460E460468D0F80C7149
:105B00000892D0F804A11DD5036D9A0712D5580745
:105B10000BD501F16F0004217CF0BADC90B906F1DD
:105B2000830004217CF0B4DC60B994F8413513F0B3
:105B3000020F05E0DA0705D594F8413513F0010F9F
:105B400040F02B8320462946728E16233CF0D6D88F
:105B5000002840F04083738E204613F4404F0CBF62
:105B6000002201220A3254F822902A46494621F0A6
:105B700069DFFF28804600F02E8394F8903243F0CE
:105B8000040384F89032236893F83B303BB12046FD
:105B9000294642465AF000D9002840F01C83236A67
:105BA000186961F0DFD840454DD0236A186961F06B
:105BB000D9D8FDF387F383464046FDF383F383454D
:105BC00009D1236A186961F0CDD808F4605300F454
:105BD0006050984237DC7B68022B0AD1BAF8BE309D
:105BE000DB0706D5BB68182B03D0089A536B042B30
:105BF00029D1D4F8580141464CF062DB204628F008
:105C00001FDC7B68022B08D1B5F954302BB9D4F8CE
:105C1000D4062946324651F0B5DA2046414626F0F0
:105C200041DF236893F83B304BB1D5F83C335968DA
:105C3000D4F8C035994202D0204623F0ABD8204694
:105C40001FF0ACDE0FE0D4F8580141464CF042DFC3
:105C500048B1D4F8580141464CF032DB00212046CF
:105C60000A4622F00BD8236893F83B3093B1D5F85D
:105C70003C335A68D4F8C0359A420BD0204628F0FD
:105C8000DFDBD5F83C332046596823F083D8204623
:105C90001FF084DE09F15003C822504631460993B3
:105CA000FBF304F6D9F80030AAF83280022B07D1B2
:105CB00099F81580D8F1010838BF4FF0000801E0CD
:105CC0004FF00008F38813F020030DD0236893F8F9
:105CD0004F3013F0030307D0D5F8EC3003F48053B2
:105CE000D3F1010338BF0023DBB20AF1380B07936D
:105CF000FF22B8F1000F18BF00238DE80C005846B2
:105D00005946002243466FF01FD9D4F884345846D0
:105D1000099901229B786EF0EBDF00282ED1B9F8AB
:105D20000820D9F80090B8F1000F05D1204641466F
:105D3000069220F03BD9069ABAF8323003F4605349
:105D4000B3F5205F08D0B3F5C05F07D0B3F5805F2F
:105D500014BF0A23142302E0A02300E02823FF211C
:105D600001910290CDF800800393D4F88434584612
:105D70001B79099904934B466FF0AAD8D5F8EC30FB
:105D800098040CD52946204620F010D9FF23009313
:105D9000019059465846002202236FF0D5D820467C
:105DA000594623F0D9DA96F93420204600322946A4
:105DB00018BF012246F0F2DC96F93430E3B9D5F889
:105DC0000831012283F86020D4F8440129465BF0B1
:105DD00097D9284631463BF023DA28460E213DF07C
:105DE0005BD82946204646F051DE204629467A688F
:105DF000BB6845F007D8CCE1D5F8EC30990405D55F
:105E0000D4F84C01294652465FF0BADC20462946B8
:105E1000324676F0A3DA804638B9204629463A461B
:105E20000BB0BDE8F04F3BF09D9F079AF2B1DAF856
:105E30006830BAF86C900C33A9F10C0919464A463F
:105E40002046069353F0CCDF069B844619464A460B
:105E50002046CDF818C053F099DFDDF818C00022B5
:105E6000034600922046414662460AE04368DA0350
:105E700009D5F3889B0606D4079B2046009341462C
:105E80001A46FBF701F9D8F80430D5F8EC2043F4B2
:105E90008053C8F8043012F400524FF07F0308F129
:105EA0003C01009305D0079A584601920223002234
:105EB00003E0079B5846019313466FF045D82046F0
:105EC000414676F0ADDC204629463AF0C1DD236834
:105ED00093F862315BB1EB6D580308D5BAF8BE2078
:105EE000D4F860084146C2F3801206F095F898F89D
:105EF000243013F00C0F40F04681B5F954A023680C
:105F0000C5F800A193F86231002B7DD0EB6D190626
:105F100005D5D4F86008294673F054DB10B9EB6D51
:105F20005A033CD500232946C5F80031D4F860084F
:105F300073F032DA29468246D4F8600873F040DA0A
:105F400088B14FF4802920462946324608238DE83F
:105F500000063DF019D830B10323C5F80031C5F86B
:105F60005C909A461BE0D4F86008294673F02ADB5F
:105F7000A0B14FF0800B4FF0000920462946324671
:105F80000223CDF800B0CDF804903CF0FDDF28B13D
:105F9000C5F80091C5F85CB0CA4600E08246D5F865
:105FA0000031032B0BD1D4F8DC0629463246EB6DC9
:105FB0006CF002D818B10023C5F800319A46D5F824
:105FC0000031032B20D1D4F8600805F065FA50B1F8
:105FD000D4F86008414605F063FA20B1D4F86008AF
:105FE000294605F01FF9D4F8600829464246334691
:105FF00073F092DA30B1284608210BB0BDE8F04FBB
:106000003CF04A9FC5F800A1D7F80490B9F1020FFF
:106010001DD1BAF1000F1AD1D4F8D4062946324660
:1060200051F0C8D898B1D5F80801FCF32FF370B936
:10603000D4F8D00629463246C5F800917BF00EDA36
:10604000D4F8D4062946324651F016DBCA460C2154
:10605000404675F04FDE7B68022B23D1089A536BC4
:10606000093B012B1ED893464FF00009134616E05A
:106070000A2000FB0930D5F8081162300622069389
:10608000FBF300F4069B30B94FF49672ABF868202E
:10609000012283F8502009F101090BF10A0BDA6C97
:1060A0009145E5D37B68022B33D12B7A002B30D07E
:1060B000BAF1020F2DD1B6F8BE30DB0729D5089A08
:1060C000536B042B25D0BB68182B22D0284622F016
:1060D0004DDF18B12846002127F058D8284618214E
:1060E0003CF0DADED8F80C30D4F8D406D5F8082124
:1060F0001BB11969002908BF00230093B6F862306C
:106100002946C3F340130193434651F013DA064680
:1061100029E0284608213CF0BFDE4FF001090023AA
:10612000CDF800A0CDF80490029303930493B6F841
:1061300062303246C3F3401305932846434608F1C4
:106140001401FCF733FE2368064693F869311BB14E
:106150002046494648F0D2D8A06839684FF4967274
:1061600000230CF02FDF46B1D4F888041B49B5F8A2
:106170002E21334660F0F8DA0BE0A06839684FF45E
:106180009B72334603E00022A068396813460CF086
:1061900019DFBB7F0133BB771DE0F388708E23F4DA
:1061A0006663F380FDF38EF040F480501FFA80F8B0
:1061B000708EFDF387F0B6F8BE300E288CBF4FF41A
:1061C0004040002048EA000823F00A03A6F8328085
:1061D000A6F8BE30B6E40BB0BDE8F08FA590840001
:1061E0002DE9F04F9A461388D0F80C61A3B003F064
:1061F000FC030993B36894460B3BBAF80220012BC9
:1062000004468B46DDF8B0900568D0F80471ADF80F
:1062100028201FFA82F80BD80CF11000394606220C
:10622000CDF818C0FBF32EF3DDF818C0034660B1BB
:10623000099A2046B2F1100318BF012300930023EE
:10624000019306210CF10A0248E0306C20B106935C
:1062500000F0D8DB069B7364484600F0C1DB306475
:1062600028B1C6F8449051464A46FBF31FF32B6809
:1062700093F844303BB1D5F86001BAF802104AF007
:1062800037DCAAF80200B8F10B0F10D17368012BAC
:1062900013D0B3680C2B10D000230093214628465E
:1062A0005A463B463BF0C6D820460C2177E0B8F171
:1062B000000F16D0B8F11E0F13D07368204613F1EB
:1062C000FF3318BF0123009397F934303A46D3F1D6
:1062D000010338BF002301930121434639F0AEDBAF
:1062E000C1E02B684FF000089B6AA9F10602CBF8C9
:1062F0002C300AF106030793089203930492434655
:10630000284621465822CDF80080CDF80480CDF8EB
:10631000088019F045DD41460C221FA8FBF34AF323
:10632000524B41461F93524B282220930DAB1846E7
:1063300006932195FBF33EF3BDF828200DF15C098F
:106340004146ADF8382048462022CDF834B0FBF362
:1063500031F3069B089A1E93079B02920193CDF896
:106360000090D5F894062146099A1FAB51F08CDEB7
:106370008046002877D1BDF83890B9F11E0F11D1B1
:10638000129B2846F36421463AF062DBF26CA8685F
:1063900031681E3243460CF015DE204619213CF0D0
:1063A0007BDD60E0D4F8EC309B0406D5D5F84C01D9
:1063B0005946079A089B5FF07BDDBAF80420A4F8E1
:1063C000F62095F87338A5F8582383B1920428690C
:1063D000C421920C44F0C6DA05F50660093039464E
:1063E0000622FBF363F297F83230A5F87038736831
:1063F000204613F1FF3318BF0123009397F934307F
:106400003A46D3F1010338BF0023019300214B46E4
:1064100039F014DB204659463AF026DAD5F86832CE
:106420009C4220D0E36DF3B9236DD8071BD5E36EF2
:10643000591C18D01C3354F82320A2B1117A012919
:1064400001D003290FD15089D3798DE8030002F1DF
:1064500014010291002104910591039728462146D9
:10646000126954F0C3DD23B0BDE8F08FD554840029
:10647000616184002DE9F04FA5B092460C939DF820
:10648000B820D0F80C310D920993BAF80220D0F858
:10649000043101F10A07BAF8049004460B9105682B
:1064A0000892384619460622BAF800B01FFA89F851
:1064B0000A93FBF3E7F100282ED1284621463A46FD
:1064C00075F04ADE0646002826D0099A9368082B04
:1064D00001D00A2B20D1726842F4805272602A687F
:1064E00092F8622172B1BBF1030F0BD10C9B0D9A94
:1064F00000930192D5F8600821460B9A534672F03A
:1065000079DF92E0082B02D1089B022B03E00A2BD3
:1065100007D1089A042A04D00023009320460621BC
:1065200080E0B8F1000F06D0CDF800B02046012180
:106530003A46434677E041460C2221A8FBF33AF263
:106540003B4B414621933B4B282222930FAB1846ED
:1065500007932395FBF32EF2089AADF84C900DF1BA
:1065600064091092414620224846CDF83CB011966D
:10657000FBF320F2079B0C9A20930AF10603019388
:10658000931F0293CDF80090D5F894062146B022CF
:1065900021AB51F079DD002847D1BDF84C30002BFC
:1065A0003AD1BBF1010F37D1089A022A34D10A211E
:1065B00020463CF071DCF368129A06F114011BB11D
:1065C0001869002808BF002303930D9B01204FF09A
:1065D000030C4FF0000E8DE8015004920593204605
:1065E00033460A9AFCF7E2FB2146064628463AF073
:1065F0002FDA46B1D5F888040F49B4F82E21334676
:1066000060F0B2D811E0099AA868116833464FF4D7
:106610009B720CF0D7DC08E0191CCDF800B02046C6
:1066200018BF01213A463DF025D825B0BDE8F08FCE
:106630006D61840071618400A59084002DE9F041B2
:10664000876806467D68B86851F805800C46FAF3FD
:10665000D1F2C8F80400002830D0635900215868EE
:10666000E422FBF3A7F1F86854F80580FAF3C2F2CC
:10667000C8F8080010B3635900219868E822FBF3BA
:1066800099F163592949D3F8088033683246C8F82C
:106690000030986800230CF03FDDC8F8680068B14E
:1066A00063592349D3F80880336822469868002349
:1066B0000CF032DDC8F8C00000282FD163599B6868
:1066C000FBB1996E39B1336898680CF00DDD6359F0
:1066D00000229B689A6663599B68D3F8C01041B149
:1066E000336898680CF000DD635900229B68C3F89A
:1066F000C0206359F8689968FAF3A2F2635900223E
:106700009A606359596861B1B868FAF399F26359AC
:1067100000225A606FF01A00BDE8F0810020BDE849
:10672000F0816FF01A00BDE8F08100BF55BE840013
:106730009DBC84002DE9F04F9FB006468B46144661
:10674000D0F800900493002B00F0DE828368049A56
:106750005B681146D35848465D689B681CAA059340
:106760001BAB36F043D860B15CB9059C202204F124
:1067700048001B99FBF39AF02022E2804FF0870C2F
:106780000DE0062C00F2C382DFE814F00700C1021E
:106790006F00C1026C01C102E4014FF0710C049C56
:1067A00063464846716804F11402CDF80CC07DF0D0
:1067B0003DDBDDF80CC08046002800F0AC82BBF168
:1067C000030F06D1D5F8D030B3F5802F08BF4FF0B6
:1067D000000BD8F80840ACF112039BB21B0204F185
:1067E000120A238200215F225046CDF80CC0FBF331
:1067F000E1F04BF088039BB21A0AE27423752B8BED
:1068000005F11C071A0AA37562754846394620220D
:106810001FF048DD04F11F0039462022FBF346F04B
:10682000DDF80CC0ACF1710C1FFA8CF3BBB11A028D
:10683000A4F86F20023BDD2284F8712084F87230C6
:106840008749032204F17300FBF330F0042384F83A
:10685000763004F177001C991022FBF327F00B230C
:106860005F462B604FF0000B5AE2BBF1030F07D1DC
:10687000D5F8D070B7F5802F14BF0327002700E0AC
:106880005F46D5F8D000802802D0B0F5802F04D123
:1068900047F49E5747F0080703E0042802D147F465
:1068A000E477BFB2D9F8003093F8624154B1F6F7FB
:1068B000A9FF40B1D9F8600804F0EEFD18B1B5F8B1
:1068C000D40000E02046AC88D5F8D0300419A4B23A
:1068D000802BADF8764002D0B3F5802F25D117F488
:1068E000805323D0B6F8108018F0010808D1304644
:1068F0003FF03EDD30463FF05FDD013000F00B82BF
:1069000033687168D3F87C065BF062DDB6F87C30E2
:10691000BDF876202633C31812F007029BB205D0CB
:10692000C2F108029B189BB200E0002371341B19CE
:10693000049C4846716804F114029BB27DF076DA3B
:106940008046002800F0E781846800215F2204F17E
:10695000120A227461745046FBF32CF03B0AE37474
:1069600027752B8B05F11C011A0AA375627504F1BA
:106970001F002022FAF39AF7AA8804F17100A9688F
:10698000FAF394F7BDF876301A0A42EA0323A4F822
:106990006F30D9F8003093F86231B3B1D5F8D00038
:1069A000F6F730FF88B1D9F8600804F075FD60B1E2
:1069B000AB68002B00F0B381A888D5F8D8105044FC
:1069C0005F30B5F8D420FAF371F7D5F8D030802BCA
:1069D00002D0B3F5802F33D1F80431D521460DF123
:1069E000760230463FF074DCBDF876301A0A42EA8F
:1069F0000323A4F86F30049A936899050FD5336880
:106A00002246D3F87C0671680DF176035BF02CDD2D
:106A1000BDF876301A0A42EA0323A4F86F30A37B4C
:106A200030460093294652465B463FF0ABDA0130D0
:106A300006D1D9F804004146002200F007D866E1EB
:106A400094F86F2094F8703043EA0223228AD31816
:106A50009BB21A0A42EA032323820C2316E100BFE9
:106A60003738010096F87A704BF4607B3F0107F0ED
:106A700030074BEA0707B6F87CC0BFB20023BA075D
:106A800054BF0CF1710C0CF1790C049C1FFA8CFCB6
:106A9000ADF8763048466346716804F11402CDF8CB
:106AA0000CC07DF0C3D9DDF80CC08046002800F092
:106AB000328184685F234FF0000B04F1120AACF1BD
:106AC00012022374594684F811B05046FAF372F753
:106AD0003B0AE3742775B6F87C3006F1BE011A0A4A
:106AE000A375627504F11F002022FAF3DFF610226D
:106AF00006F18E0104F13F00FAF3D8F6082206F100
:106B0000FE0104F14F00FAF3D1F6B6F87C2006F14D
:106B10005A0104F17100ADF87620FAF3C7F6BDF81A
:106B2000763030461A0A42EA0323A4F86F30A37B7A
:106B300029460093524607F003033FF023DA013061
:106B400040F096804146D9F804005A46FFF37EF79C
:106B5000D846E0E0D5F8D030802B03D0B3F5802FB5
:106B600040F0D5803368AC88D3F87C067168ADF806
:106B700076405BF02DDCB6F87C30BDF8762026330D
:106B80007134C31812F00702A4B29BB203D0C2F151
:106B900008029B189BB2E318049C4846716804F1F4
:106BA00014029BB27DF042D98046002800F0B380E9
:106BB00084684FF0000C5F224BF49C5704F1120ADA
:106BC00084F811C06146BFB222745046CDF80CC0A3
:106BD000FAF3F0F63B0AE37427752B8B05F11C01E1
:106BE0001A0AA375627504F11F002022FAF35EF6FB
:106BF0000DF1780BA968AA8804F17100FAF356F632
:106C00003BF8023D21461A0A42EA0323A4F86F30FA
:106C10005A4630463FF05CDBBDF876301A0A42EA4D
:106C20000323A4F86F3033687168D3F87C062246DA
:106C30005B465BF019DCBDF8763030461A0A42EA52
:106C40000323A4F86F30A37B2946009352463B46AA
:106C50003FF098D90130DDF80CC009D141466246B9
:106C6000D9F80400FFF3F2F6DDF80CC0E04652E07C
:106C700094F86F2094F8703043EA0223228AD318E4
:106C80009BB21A0A42EA032323820D232B604FF0A2
:106C9000010B45E0B3F5802F14BFFE23022300E073
:106CA0000223504605F15C01082200F8053BFAF387
:106CB000FDF517F0030104D1D5F8D000FDF38EF1F6
:106CC0000146BBF1000F0CD0204605F18C0207AB4A
:106CD000FDF394F1F0B10AF14D0007A91022FAF387
:106CE000E5F573684146DA68484624F093DF059C71
:106CF000D9F80800D4F8C0104FF47A7200230CF0D1
:106D000061D94FF0010806E0DDF8108003E04FF094
:106D1000000800E0804640461FB0BDE8F08F9B466B
:106D20000323E373D5F8D030802BB3D1B8E700BF8D
:106D30002DE9F04F054689B00E46D0F800A01F4659
:106D4000002B00F0878183685B68FB585C68D3F890
:106D50000880D4F8D000F6F765FD002800F07C81AB
:106D6000B8F1000F00F07A81BB68580507D4BB6BFF
:106D700003F00203002B14BF0123022300E00323CE
:106D8000D4F8D0000793802805D0B0F5802F02D02A
:106D9000042840F06581337D96F8139043EA092971
:106DA00019F00303069302D1FDF318F1069004F1E4
:106DB0005C0B0120082306F117015A46FCF3F0F59D
:106DC000834500F04F8123680C2B00F0B7800D2B1A
:106DD00000F018810B2B40F0458109F4DC73B3F50A
:106DE000847F40F03F8104F13C032022184606F1E5
:106DF0001F010493FAF35AF5BA68049B12F4806FEA
:106E000009D12A68126892F86221C2B1D4F8D02060
:106E1000B2F5802F13D108F148020092B8F806208D
:106E20006968019204F18C020292A28A07F11400AF
:106E30000392E23104F11C02FCF346F522E069689A
:106E400007F1140C6046E23106220493CDF814C019
:106E5000FAF318F5049BDDF814C0002800F0028155
:106E600008F148020092B8F806206968019204F11E
:106E70008C020292A28A60460392E23104F11C0263
:106E8000FCF322F719F4807F10D0338A1A0A42EA01
:106E900003239BB25C2B40F2BF803046069904F17D
:106EA0008C02FCF377F7002800F0DC80338A1A0AA2
:106EB00042EA03239BB25E2B40F2AE8096F86F103D
:106EC00096F8702042EA012202F15F018B42C0F085
:106ED000A380C2B1E188B4F8DC30CB189A4212D159
:106EE00006F17100E16806F11209FAF3CBF488B1FA
:106EF000E388D4F8E010994409F15F00B4F8DC208D
:106F0000FAF3C0F430B1686807F1140111227DF082
:106F100025D9A7E0002384F8CD302B68D8F8C0101D
:106F200098680CF075D858460821FDF35DF02846A6
:106F3000079902223B46FFF7FDFB93E009F4D87363
:106F4000B3F5807F40F08E8019F4807F08D0304602
:106F5000069904F18C02FCF31DF7002800F08280F2
:106F6000002384F8CD302B68D8F8C01098680CF056
:106F70004FD8228A07F11406238B50468DE844002F
:106F8000696804F1AC027DF089D8D4F8D030802B48
:106F900002D0B3F5802F02D11023236018E0042B18
:106FA00016D10D2323602B8AD90707D428463FF03A
:106FB000DFD928463FF000DA013053D05846082187
:106FC000FDF312F02846079904223B46FFF7B2FB77
:106FD000D4F8D030802B04D0B3F5802F01D0042B0F
:106FE00008D16B685046DB6879210093324606234E
:106FF000FAF7D4FAD4F8D030802B27D0B3F5802F0D
:1070000030D123E019F4807F15D0338A1A0A42EA7E
:1070100003239BB25C2B07D8DAF80030D3F8883012
:107020005A6E01325A661DE03046069904F18C0210
:10703000FCF3B0F6B0B1002384F8CD302B68D8F85B
:10704000C01098680BF0E4DF1023236028463EF060
:10705000F3DF07E0184606E0E92004E0404602E0DE
:10706000002000E0012009B0BDE8F08F2DE9FF47C6
:107070000D9C064617469A468946002952D0002C98
:1070800052D0836800685B68E3585D68D3F8088075
:10709000294606F01DFF09232B6048463946302259
:1070A000FBF382F0736848B1626BDB6DB2F5802F41
:1070B0000CBF03F4802303F0800302E0DB6D03F0D8
:1070C0000403C5F8D0300C9B3068029321462A4651
:1070D0004B468DE8800406F018FF30B37369012B2E
:1070E00002D1B8F8060000B3002385F8CD3033682C
:1070F000D8F8C01098680BF08BDF0A232B60A368C8
:107100005B0507D4A16B01F00201002914BF012126
:10711000022100E00321304600222346FFF70AFB4C
:10712000012002E0084600E0204604B0BDE8F087F8
:107130002DE9F04390E86000D6F808318E465B8E6A
:10714000174603F440437246A3F5404EDEF10003B8
:1071500089B004463146284643EB0E0375F000D84B
:10716000804600287CD047B1E368002B78D12046C8
:107170004146FFF763FA002872D1A3685B6858F8AC
:1071800003309F68238AD90702D420463FF04CD8A9
:107190002B68C4F80C8093F86231ABB198F8D63004
:1071A000032B0BD1D8F83430B3F5802F0CD12846FF
:1071B000414607F1480270F01BDC0FE023B9D8F814
:1071C0003430B3F5802F09D0238A9A0708D507F108
:1071D000480004F11A012022FAF368F32023FB800F
:1071E000FB88202B35D12B684FF00009D3F8E8003D
:1071F000CDF81890CDF81C900590FFF3F1F30746F9
:1072000000282DD005AB8DE8080228465021D8F87B
:1072100010203B46F9F742FED5F81805314606AA7C
:1072200007ABFEF737FC07F10C030093059B2046E4
:107230000C3B0193E36801210293069A079B40F0FF
:10724000D9D92B683846D3F8E8300593FFF3DAF341
:1072500006E0706906F11901327E43463FF054DAC8
:1072600009B0BDE8F0834FF0FF30704770B50446B9
:10727000D0F8880000220A21D4F8D8300D0A33F85B
:107280001230CEB2CB189BB2013B46EA032605F082
:10729000030503F440731D436FEA42636FEA5343EF
:1072A000A0F84035A0F82065A0F82C55A0F840358E
:1072B000D4F8D83033F8125001324919062A89B26D
:1072C000DAD1204698215A8843F04CDBD4F8D830E4
:1072D00020469A219A8843F045DBD4F8D8302046DE
:1072E000DA881B889C2143EA022292B243F03ADBFF
:1072F000D4F8D83020465A891B899E2143EA0222BD
:1073000092B243F02FDB2046BDE8704040F0EE9C87
:10731000F8B503688E210446D3F8845442F0E0DCCB
:10732000236840001B6886B293F8643106F150016F
:1073300006F1940789B2BFB213B1002385F86D310D
:10734000D5F82031012B1CD002D3022B30D122E002
:1073500095F8E820012010FA02F295F8583192B21F
:10736000FF2B03D010FA03F31A4392B2204643F0E6
:10737000F9DA95F8E83001229A402046394692B26F
:1073800014E02046B5F82A2143F0ECDA20463946CD
:10739000B5F82C210AE095F8E83001229A40204601
:1073A00092B243F0DFDA20463946002243F0DADABF
:1073B00095F81C2142B94C364FF6FE7120463140FB
:1073C000BDE8F84043F0CE9AF8BD0000D0F8941024
:1073D00010B50831044641F0F3D803492046BDE812
:1073E000104041F0D59800BF6C4F010038B5437C88
:1073F00004468B420D4606D039B142F005DB38B960
:107400004FF0FF3038BD002038BD4FF0FF3038BDA1
:10741000002084F87600657438BD00002DE9F04343
:107420008BB0129F98460023032F04460D46139EEF
:10743000DDF85090089309930CD9042208A841461E
:10744000FAF334F2072F05D909A808F10401042240
:10745000FAF32CF25A2D089900F0B38032D8212D7E
:1074600000F0D08016D80E2D00F0A78008D8052D8A
:107470005BD00C2D00F09D80042D40F09B817CE0C2
:10748000142DC0F09781172D40F2A081202D40F0DF
:107490009181C5E03F2D00F0F88009D8272D00F03C
:1074A000CE803E2D00F0EC80262D40F08381D4E08C
:1074B000522D00F02A81542D00F02A81442D40F0F5
:1074C0007981E7E06A2D00F0618116D8642D00F023
:1074D000408109D85D2D00F08680632D00F01B816E
:1074E0005C2D40F067817BE0682D00F0398100F26F
:1074F0003A81662D40F05E812FE1792D00F05281B6
:1075000009D8712D00F04681782D00F04E81702D44
:1075100040F050815AE17C2DC0F04C817D2D40F22D
:1075200055818C2D40F0468163E0E06F98E8A00023
:10753000C66916F004060ED0002335FA03F2D6070A
:10754000D9B203D401330F2BF7D119462A463B4653
:1075500004F0DADC2CE129463246022304F0CADECC
:1075600029462A460223E06F04F000DFE06F294637
:107570003A46022304F0E0DE2DE1B9F10B0F40F3AF
:107580001C8100210A460223E06F04F0B3DE0021D3
:107590000A4607460223E06F04F0CEDE00210546CE
:1075A0000A46E06F022304F0E1DE37607560B060E8
:1075B000FEE0E06F04F0B8DE3FE0D4F880008849D8
:1075C00002E0D4F880008749FBF390F020B100215D
:1075D0000A46FAF327F630E04FF0FF333360E9E074
:1075E00094F81C31E3E0003118BF012184F81C112C
:1075F000DEE0099A4A4500F3E0802046334640F039
:1076000069D845E0072F40F2D8800029C0F2D88021
:1076100002230093E06F0122099B04F01DDFC7E005
:10762000032F40F2CA800029C0F2CA8002230093CF
:107630000022E06F134604F00FDF3060B8E00B2F3C
:1076400040F2BB800029C0F2BB80099B002BACBF7D
:107650006FF016066FF00106BDE0072F40F2AD8017
:107660000029C0F2AD80099A002AC0F2A980002545
:107670000095E06F2B4604F0FBDE30602E46AAE05A
:10768000E06F314604F034DE02E0E06F05F006D82A
:107690000646A0E0236898680BF046DD0746E06FD9
:1076A00004F09ADE10B3E06F04F0B2DE054618B9BC
:1076B000E06F012105F004D83368E06F0093736830
:1076C000083601930023029603934168D4F888207A
:1076D000A368FAF3A1F0002814BF4FF0FF3600268C
:1076E0006DB9E06F294604F0EBDF08E0E06F04F0CD
:1076F00067DE002814BF6FF01D066FF016062368C2
:10770000394698680BF018DD65E0D4F860314EE03A
:10771000D4F864314BE03146102204A8FAF3C6F0E5
:10772000059D0C352846FFF35BF1044600284AD03E
:1077300031462A46FAF3BAF0238820461B0B012B68
:1077400004D0FFF35FF14FF0FF3644E0FFF35AF14E
:107750003CE0236893F8183629E04FF4B06326E044
:10776000B4F81E3123E089B201292FD80323A4F8ED
:107770001E112046009319B120220221134602E077
:1077800002212022002342F083D811E0204640F05D
:107790008BD952E74B1C022B1BD8204649B242F032
:1077A000DDDB75E7C4F8381102E0D4F83831336016
:1077B000002610E06FF01D060DE06FF00D060AE0E8
:1077C0006FF0010607E06FF01A0604E06FF016068E
:1077D00001E06FF01C0630460BB0BDE8F08300BF3F
:1077E000FA6C8900026D8900F0B587B0044606681E
:1077F000D0F8885000210C2202A8FAF3DBF0002315
:1078000020464FF0FF31704A059342F031D823688B
:107810001B6893F8693113B1204640F08BD820469D
:1078200043F014D84FF40037204640F039DC00977D
:1078300004233069242105AA41F0AADA00210A466E
:10784000E06F04F081D96149204640F0A1DE204676
:10785000FFF70CFD02A9204640F05EDB20468021A8
:10786000082243F07FD80A2220465C2143F07AD8D0
:107870002046D4F8201140F0EDD9554A204655490C
:1078800041F0F6DF4FF00043C5F888314FF0007348
:10789000C5F88C314FF48043C5F828314FF480335C
:1078A0006B620121204641F0D9DFE06F04F0F0D88F
:1078B000A4F81201A5F8A80616212046B4F848201D
:1078C00043F050D82046C021B4F86C2043F04AD889
:1078D0002046C221B4F86E2043F044D82046182137
:1078E00004F1A4020223009741F09EDA022320460D
:1078F0001C2104F1A602009741F096DA96F858365A
:107900001BB1002386F8583606E000973069242121
:1079100005AA042341F088DA20464421B4F8A820BF
:1079200043F020D820464621B4F8AA2043F01AD8C4
:10793000B5F888361B051B0DA5F888360123A5F878
:107940009C360025B5636319586910B1224B5B68FA
:1079500098470435182DF6D11F4D6069AB6D9847D7
:107960006B6F606998472046002142F0BDDC2368B8
:107970001B6893F8693113B1204640F00DD8A36F0E
:107980002046598B4FF48072CC3142F0EBDF637CA0
:10799000032200921022002B14BF1346002320461E
:1079A000042141F075DF2046AE2142F099D94FF411
:1079B000D8634000C4F82401C4F82831304640F0B0
:1079C00091DC07B0F0BD00BF04040004943E010048
:1079D000000002400000064010A7880070B5036850
:1079E00004461B6893F86931002B00F08180836F97
:1079F000598B363142F074D9236D0646D80777D5B6
:107A0000636D190674D4E36F9A69920002D5DA693E
:107A1000D00704D5DB69D90701D45A0768D5E36ECE
:107A20009B0065D5D4F888304FF49675B3F8B4262A
:107A300092B242F00302A3F8B426D4F88820B2F838
:107A4000B83623F0C0031B041B0CA2F8B836236D14
:107A5000D80719D5636D190616D4E36FDB695A0789
:107A600012D5E36E9B000FD5D4F888300121A3F81E
:107A7000F016D4F88830B3F8F22692B2130A03F065
:107A80000F0302F03F0213E0D4F888300022A3F87D
:107A9000F026D4F888300121B3F8F226A3F8F016C6
:107AA000D4F88830C2F30512B3F8F236C3F30313E7
:107AB000042A02D10BB1042E02D04FF4FB750AE068
:107AC0006420FEF37BF4013DC1D1F6E7013D08D00F
:107AD0000A20FEF373F4D4F88830B3F8B626D00742
:107AE000F4D4B3F8B82692B242F0C002A3F8B82694
:107AF00070BD38B58B7905460C463BB190F88E22A7
:107B0000002A21D190F88F22002A20D1012262710F
:107B100093B12B6893F8623173B1E36D58030BD5C1
:107B2000D5F8600803F0B8FC30B1637923B1D5F81B
:107B30006008214603F076FBA07950B12846214623
:107B4000BDE8384044F0A29F4FF0FF3038BD4FF001
:107B5000FF3038BD43690BB90223436183690BB918
:107B600014238361C36913B94FF41673C361836827
:107B700013B94FF47A73836003690BB9034B036144
:107B8000C3680BB9024BC360704700BF00350C00DF
:107B9000804F12002DE9FF4703680446D3F8009098
:107BA000D9F810309B6FB3F81AA099F81930002B50
:107BB0005AD040F2A47600253146D9F8100042F0A0
:107BC0008FD8B11C0746D9F8100042F089D86B084D
:107BD000023504AAEDB202EB830347EA0040043603
:107BE000062D43F80C0CE7D10AF1A40A5146D9F846
:107BF0001000019F039E029D42F072D851468046BC
:107C0000D9F8100042F06CD84BF6FF720240514692
:107C1000D9F8100042F0A6DE236A9F4202D2DB436D
:107C2000D81900E0F81A636A9E4202D2DB43991920
:107C300000E0F11AA36A9D4202D2DB435A1900E028
:107C4000EA1AA368276298426662A56203D30323F7
:107C500084F838300AE02369994207D2E3689A42EF
:107C600004D2C8F3803002E0F52000E0012004B027
:107C7000BDE8F087F7B5099D0023032D064617469A
:107C8000089C009301930BD9042268462146F9F31E
:107C90000DF6072D04D901A8211D0422F9F306F6DB
:107CA0001C2F07D1D6F88030002093F838200A9B8B
:107CB0001A6001E06FF01600FEBD2DE9F0410446A8
:107CC00016461F460D46002900F09D8030F0C4D8AE
:107CD000D4F8A031804693F8661093F86C20002900
:107CE00040F08880002A40F08580998842F20E7228
:107CF000013989B291422DD8206940F2EA3140F031
:107D0000D3DD90B120694FF47B7140F0CDDDD4F824
:107D1000A0319A8841F64B539A4204D9206940F227
:107D2000ED3140F0C1DDC5B200E00546206940F20A
:107D3000EB3140F0B9DD012330B13B70D4F8A03114
:107D4000002283F86E2033E03870D4F8A02182F846
:107D50006E302DE05A8D910706D5206940F2EE3144
:107D600040F0A2DDC5B223E012F0010214D0B3F856
:107D70007B10002973D0B3F87920002A6FD00A2035
:107D8000414391FBF2F2062A69DDB3F87130012B11
:107D900067D0022B0DD166E032703A70D4F8A02182
:107DA000012382F86C30D4F8A02182F86E3000E014
:107DB0003DB900233370D4F8A031012283F86C2040
:107DC0001BE0D4F8A03193F86D20022A07D90122D4
:107DD00083F86620D4F8A03183F8675002E00023CE
:107DE00033703B70D4F8A03193F86D20013283F8E2
:107DF0006D2002E00AB100233370D4F8A031C3F83B
:107E00006880BDE8F081D0F8A03193F866202AB9E7
:107E1000DB6E13F0FF1F13D1BDE8F0810222134681
:107E20002FF03EDC01232046294602222FF038DCC9
:107E3000D4F8A03183F86650D4F8A03183F86750A5
:107E4000D4F8A021002382F86C30D4F8A02182F865
:107E50006E30D4F8A02182F86D30BDE8F08106259F
:107E6000AFE70225ADE70825ABE770B5036886B03C
:107E70000C460546002103A80A221E68F9F39AF56C
:107E8000BDF80C3043F01003ADF80C3094F8AC3072
:107E9000A3B1D4F88830D3F82031D8070ED52046C6
:107EA00042F0B8D9022200922046BDF80C300021E1
:107EB000102241F0EDDC204641F064D9012185F823
:107EC0003910336A186901F0C4FA06B070BDF0B514
:107ED000036887B00C460746002103A80A221D68E4
:107EE000F9F368F5BDF80C3023F01003ADF80C3051
:107EF0002B699B6F5E8B94F8AC30002B3CD0D4F890
:107F00008830D3F82031DB0736D5204642F082D9BD
:107F10000222BDF80C30009220460021102241F0D0
:107F2000B7DC236DD80724D5636D190621D4E36F20
:107F30009A69920002D5DA69D00704D5DB69D907BE
:107F400001D45A0715D5E36E9B0012D5D4F88830BA
:107F5000B3F8B82692B242F04002A3F8B826D4F89B
:107F60008820B2F8B83623F080031B041B0CA2F85B
:107F7000B836204641F006D9002487F8394006F18A
:107F800036012869224642F0EDDC06F10801286935
:107F9000224642F0E7DC06F1F80122462869A436C1
:107FA00042F0E0DC3146286941F09ADE4BF6FF7280
:107FB00002403146286942F0D5DC2B6A97F8391027
:107FC000186901F046FA6B7E43B1286940F2A4714A
:107FD00022460C2342F0DAD8204601E06FF00A0076
:107FE00007B0F0BD7FB551F8383B00221868D0F8D3
:107FF0006832009201920292012203910492194682
:108000009822DC3317F0CCDE07B000BD38B504464B
:10801000FFF7A0FD94F83830032B04D02046FFF77B
:10802000B9FD054600E0002594F83830013B032BEC
:1080300073D8DFE803F00213304C01202146FFF72C
:10804000D1FF012D08D1E36A626901339342E362F3
:1080500063D3022384F83830002351E00220214604
:10806000FFF7C0FF012D4FF000030BD1226BA16978
:1080700001328A422263E3624FD3032284F838201C
:10808000236338BDE26A616901328A42E262236396
:1080900043D3012232E003202146FFF7A3FF94F8E7
:1080A0003930012B07D120466168FFF710FF00230C
:1080B00023626362A362636BE26901339342636389
:1080C0002BD300236363042384F8383038BD0420A5
:1080D0002146FFF787FF94F839301BB920466168C5
:1080E000FFF7C3FE012D4FF000030BD1E26A616977
:1080F00001328A422363E2620FD3032284F83820DC
:10810000E36238BD226BA16901328A42E3622263D5
:1081100003D3012284F83820236338BDF7B5036800
:10812000044693F83C20002A40F0AC8093F8693173
:10813000002B00F0A78044F06BDF022840F3A28000
:10814000204644F003DF002800F09C80206940F0C6
:1081500059DA23680646DA6ED4F86872002A40F0CD
:1081600091801B7E002B00F08D8094F8D4312BB1D0
:1081700020461FF067DA002840F08480D4F8A03150
:108180005A6B5278D1070CD4DD795DB1D4F86832DE
:10819000D3F814311B695B42AB42CCBF08250025E4
:1081A00000E0002506F00403002B18BF0825BB796A
:1081B00016F0100618BF4FF4007623BBD7F808312D
:1081C00093F93430FBB13B7AEBB13B7C23B107F13F
:1081D000DC00FAF35BF2B0B994F88D32012B12D1C6
:1081E00094F88E3223B1D4F8180535F019D850B967
:1081F000FB6DA3B13A6D40F2371313407BB197F892
:108200006030D3B10BE094F88D325BB1D4F88C229E
:108210001D4B1340B3F5807F10D13B7C73B13543C8
:10822000ADB20BE094F88E323BB1D4F8180534F0BF
:10823000F7DF002808BF002500E01D460221204688
:108240004FF402722B4600911FF060DC354219D0CA
:108250000023D4F86422D15889B18A797AB90A7A8C
:108260006AB10A7C5AB1D4F8440158F0E9DE0146FB
:10827000D4F8440103B0BDE8F04059F0A9990433A3
:10828000202BE6D103B0F0BD00FFFF002DE9F8433D
:1082900005680446D5F8A031D0F83480D3F81090A2
:1082A0002B699B6F5E8BFDF315F7A36CA064C31A5B
:1082B000B3F5617F01D2BDE8F883204645F0BAD915
:1082C00084F83000204644F033DF84F83100204643
:1082D00045F088D894F8453084F85A005BB194F89A
:1082E000403084F8303094F8413084F8313094F8DC
:1082F000423084F85A3098F801305B0721D5E76B9B
:10830000284694F9311094F9302094F95A30B8473E
:108310005FFA89F94845074613D02846394645F0A3
:10832000A7D82869026D12F480020AD14EB1012F3C
:1083300006F1A40101D1602301E06022134642F05E
:1083400013DA28460122D5F86812FFF7E7FE98F8FD
:108350000130980715D5A66B94F95A30284694F940
:10836000311094F93020B04794F8323006468342F9
:1083700007D02846044932461FF0F8D808B984F8D7
:108380003260BDE8F88300BF6FB0890073B5046840
:108390000546204644F0DADDD4F8A031064693F8CD
:1083A0005E20013283F85E20236893F86931002B48
:1083B0004AD0002848D0236A1B68022B44D10128E8
:1083C00003D12046294645F0B5DB6B6B5B78DB07B4
:1083D00003D52846FFF75AFF36E0204645F05CD823
:1083E000D4F8A031DA7A72B1D4F86812D1F8141145
:1083F00009694942914206DD721E012A1ED95E7347
:10840000204601210EE09A7A7AB1D4F86812D1F8A8
:10841000141109694942914207DA042E0ED05E73A5
:108420002046042145F024D808E0597B31B120468C
:1084300045F01ED8D4F8A03100225A732046D4F853
:1084400068120122FFF76AFE236893F86921002A67
:1084500051D0226A1268022A4DD101228DF80620DD
:108460008DF807204EB3042E27D093F8412022B375
:1084700093F842200AB3D4F864210AB19279E2B9A0
:1084800093F83E30CBB1D4F8A03142F20E72998805
:10849000013989B2914203D9598D11F0030105D0F8
:1084A000013E012E09D82046012100E020460DF1B1
:1084B00007020DF10603FFF700FC9DF807109DF879
:1084C0000630A1F101025142A3F1010041EB02018A
:1084D000434243EB000302228DF806302046134648
:1084E0008DF807102FF0DCD820469DF806100222E8
:1084F00001232FF0D5D8236893F8693123B1236A7B
:108500002846196845F00CDFD5F88000FFF77EFD9E
:1085100000207CBD2DE9F04705689A462B6804468B
:1085200093F844008EB00F461646002838D00DF15F
:108530000C094FF00008002124224846F9F33AF2D2
:10854000414608220CA8CDF81080CDF80C80F9F334
:1085500031F242464346D5F8C0063946CDF834904C
:1085600051F0FADCD4F8444180460FE08DE8400138
:1085700001330493D5F8C00639464FF6FF720CABB1
:10858000059451F0C9DC50B924684644049B002C82
:10859000ECD1039A01209B18CAF8003000E00020BB
:1085A0000EB0BDE8F08702680146D2F86C31D2F80F
:1085B000D80603F5C67203F5CE7305F077B8000050
:1085C00000487047C4580100024B542202FB00309F
:1085D000704700BFBC650100004870476466010039
:1085E00038B58B781C1DA24230D30A78012A30D1CD
:1085F000142B34BF1A4614224B78022B04D0032BC1
:108600001ED0012B28D101E0002315E0002307E054
:10861000CC18257990F8234001332C4380F823406F
:1086200001309342F4DB0FE0CC18257990F8234019
:1086300001332C4080F8234001309342F4DB03E007
:1086400024300431F9F332F1002038BD6FF00D0011
:1086500038BD6FF0240038BD002038BD38B5044661
:1086600010468A78151DAB420FD30B78012B0FD122
:10867000142A28BF142214238270C37004F1240129
:108680000430F9F313F1002038BD6FF00D0038BD50
:108690006FF0240038BD982970B504460D46164683
:1086A00011D8243012B1FAF35DF501E0F9F3D6F7F1
:1086B0002C2D0BD10121321CA06818BF01221DF006
:1086C00071D9002070BD4FF0FF3070BD002070BD2B
:1086D00070B505460C464EF067D8064680B190F856
:1086E00061309BB9836923B9E420FEF37FF1B06167
:1086F00030B1F36953B9E820FEF378F1F06128B99D
:1087000028462146BDE870404DF04E9E70BD0000E9
:108710002DE9F04F9A469BB00D46D1F80C31D1F8B7
:108720000461002800F0318189794468002940F013
:108730002C81297C002900F028819AF80110022957
:108740001FD19B68182B1CD102F10A00D5F8081123
:108750000622F9F397F0A0B90AF108003146062283
:10876000F9F390F068B920462946D5F8082173F04E
:10877000F3DC30B120462946324673F0EDDC074683
:1087800020B9002300932846062138E0BAF80E30BD
:108790008BBB00210C2217A8F9F30CF17C4B0DF1D7
:1087A000140917937B4B002128220DF13C08484601
:1087B00018931994F9F3FEF000230021202240467B
:1087C000ADF82430F9F3F6F00AF110030193249B7D
:1087D000CDF80080103B0293D4F8BC062946D02285
:1087E00017ABCDF8589051F0D3DB002840F0CD8086
:1087F000BDF824302BB102220092284601213246D6
:10880000C1E0D5F8103193F8F430F3B9D5F8183148
:108810001B7AD3B994F890322846590744BF23F005
:10882000040384F89032012124F0B0DCD5F8103133
:10883000012283F8F4204FF4FA70FDF3BFF594F8A9
:10884000903243F0040384F89032B6F83280236A01
:10885000D3F804B008F44043A3F54042D2F1000A33
:108860004AEB020A003318BF01230A3354F823905D
:1088700008F46053B3F5005F03D14046FAF3A2F564
:10888000804608F46053B3F5C05F27D1236893F89E
:108890004F309B0714D0D4F85801D9F8041049F090
:1088A0000FDB00070CD499F8E530990708D5D9F803
:1088B0000030022B12D1D5F868339B789A070DD57A
:1088C0004046FAF3FFF440F480539BB20E288CBF6D
:1088D0004FF440484FF0000848EA0308236A18693B
:1088E0005EF040DA40451CD04146D4F8580149F0CA
:1088F000E7DC204625F0A4DD2046414624F0D2D80E
:10890000236893F83B304BB1D5F83C335968D4F821
:10891000C035994202D0204620F03CDA20461DF0B6
:108920003DD8204606F1380120F016DDD34524D08D
:10893000236A204639465A682B4673F03DDA23688D
:10894000206A93F84F30503013F0030307F13C01D5
:1089500008D03B69D3F8EC3003F48053D3F1010322
:1089600038BF00237F228DE80C00002213466CF0F4
:10897000EBDA2046394673F053DF022300210093DF
:10898000284632460B463AF075DE1BB0BDE8F08F44
:10899000A9B885000DBA85000B89F0B5C48F03F026
:1089A000F0060419360934F81650428FB0F83CE04E
:1089B000013634F81670CC688218864487B0521994
:1089C0000EEBC50E2CB14E69C4EB060C8E696644E5
:1089D00000E026467D1BADB2CDF800E00195C068F1
:1089E000029008680494039005964868194600238D
:1089F0004FF084DF07B0F0BDF0B50C460989C58E95
:108A000001F0F006878E4519360935F81630C7197A
:108A10004FF00C0E0EFB037787B0428E01360097A5
:108A200035F816508218ED1AADB201958068D2184B
:108A30000290206800230390A0690490E0690590EB
:108A400060684FF041DE07B0F0BDF0B50C46098913
:108A5000C58E01F0F006878E4519360935F81630B7
:108A6000C7194FF00C0E0EFB037785B0428E01360E
:108A7000009735F816508218ED1AADB2019580684E
:108A8000D218029020680023039060684FF0F6DE51
:108A900005B0F0BD2DE9F341B0F81280878AC68A8F
:108AA00084798044C7198619F4B9254605F00F0367
:108AB00036F81310013336F813208A420ED00C4BCF
:108AC000521A181980884FF00C0E009092B208EBE1
:108AD0000100E3580EFB01714FF0CEDF0135083481
:108AE0000D2DE3D1002001E06FF01600BDE8FC8100
:108AF000685901000378FF2B01D01846704743786E
:108B000013B18078FF3070474FF6FF70704791E8DF
:108B10000C0009895268B02902D11268032A08D0D2
:108B200090F8420630B1D3F86433587810B102306F
:108B300070470020704706207047036873B50446ED
:108B4000D0F82454D4F81C1498680AF061DA26E0AE
:108B5000EE690BBBD4F8243405F10E029D4208BF28
:108B6000C4F824642068214673F0F6DA024640B166
:108B7000012102238DE80A0020682146002372F0BB
:108B800053DF23682946586851F088DC94F8203474
:108B9000013B84F8203401E0013BAB6135461DB157
:108BA000AB695A1CD4D116E02368D4F82424986801
:108BB000D4F81C143AB90AF097DAC4F81C5484F8B3
:108BC000205402B070BD42F210722B4602B0BDE8D4
:108BD00070400AF0F799FEE77FB5D0F824040E46FE
:108BE00015461C4698B104AB43F8040D00200093D1
:108BF000014632462B4651F09FDC40B94EF66023C9
:108C00005C4342F21073B4FBF3F4039B9C6104B029
:108C100070BD00002DE9F0410546D0F80080D0F885
:108C20001441FDF357F2D8F82030064618695EF07B
:108C300099D8D5F808315B8E834259D113F4404F4F
:108C400009D1D8F8003093F8693123B1404640F09B
:108C50000FD800284CD0A36C002B53D0E16C721AB3
:108C60009A424FDB94F850301BB122695BB29342B9
:108C700048DB94F84430FBB12769EFB1FF1AD8F80C
:108C8000C4366FF0C7029742B8BF174613B19F4270
:108C9000B8BF1F46B4F90E30002B03DA1A4832462B
:108CA000F8F3AEF6002213462846394654F026D88B
:108CB000D5F80831228A5A8594F8453013B367698C
:108CC00007B3FF1AB4F93A3027EAE777002B04DA42
:108CD0000E48E16C3246F8F393F6284639460022F6
:108CE00054F05AD8D5F80831A48A9C85BDE8F081A3
:108CF000D5F80831DA8DE36CD318E3649B1B002BA5
:108D0000C8BFE664BDE8F081AEC58900DFC5890053
:108D100010B5002012F04004187002D012F0800F3D
:108D200015D011F4007005D012F0800F02D0012090
:108D3000187010BD490501D5130605D530B9D4F119
:108D4000010038BF002010BD002010BD012010BD63
:108D50002DE9F04F836B0D46596C044640F23950B3
:108D600087B09246002281428DF8172003D040F24E
:108D70008B50814208D1B4F8522002F44042A2F54F
:108D800040414A4242EB01021869039268F072D8EE
:108D900028B3D4F8E4235AB1D4F8F803012169F0D8
:108DA0007FDE28B9A36BD4F8E413986869F0A8DCD7
:108DB00094F8943083B9D4F8F803B4F8521001222F
:108DC00069F038DEC4F8E40330B1BAF1000F03D122
:108DD00020465EF04FDD46E10023C4F8E433B4F8EA
:108DE0005210A36B01F46051B1F5005F986805D093
:108DF000A1F5C052514241EB020100E0022169F0AD
:108E000071DC0646002800F02E8135B12046294647
:108E1000B4F8522033465EF007DDB4F8529048466D
:108E2000FAF350F209F46057A36BB7F5005F986846
:108E300005D0A7F5C053594241EB030100E00221E0
:108E400069F050DCA36B054610B99868314617E00D
:108E5000B7F5005F986806D0A7F5C058D8F10001B3
:108E600041EB080100E0022169F03CDC804650B98A
:108E7000A36B3146986869F043DCA36B2946986878
:108E800069F03EDCEFE0D4F8E403B8B169F044DC0B
:108E9000B7F5005F06D0A7F5C05CDCF1000343EB3B
:108EA0000C0300E00223984208D0A36BD4F8E4132B
:108EB000986869F025DC0023C4F8E433D4F8E4337F
:108EC000FBB9A36BB7F5005F986806D0A7F5C05E45
:108ED000DEF1000141EB0E0100E0022169F002DC4D
:108EE000C4F8E40368B9A36B3146986869F008DCFC
:108EF000A36B2946986869F003DCA36B4146986828
:108F0000BEE7D4F8E40369F02DDB20465EF04CD8D0
:108F1000284694F97B1069F017DD00230DF1170244
:108F200000932046434649465FF09CDC404631466C
:108F300069F054DB404694F9651369F0ADDC4146B5
:108F4000284669F04BDB94F85810632902D828466C
:108F500069F0B6DC284669F0DDDB284669F014DCF0
:108F600094F8673307469B0098426FF07F012846CC
:108F7000B8BFDFB269F01EDCFFB25FFA80F9A36B05
:108F800084F87E7084F87F908346186967F072DFFA
:108F9000B8B1D4F8F803B4F8521069F02DDE012806
:108FA0000FD1B4F8521000224B46D4F8F80369F000
:108FB000D5DDD4F8F803B4F8521000223B4669F02E
:108FC000BDDD002384F891B084F8963084F88030B9
:108FD000BAF1000F03D02846514669F019DB94F826
:108FE000823028460BB1039B23B194F97E1069F0BF
:108FF000C7DA03E094F97F1069F04EDCD4F8E4039B
:10900000294669F0D1DAA36B186967F033DF98B1AC
:10901000D4F8F803B4F8521069F0EEDD01280346E5
:109020000AD1D4F8E403A16B00908868B4F8522008
:10903000D4F8F81369F054DDA36B3146986869F0F1
:109040005FDBA36B2946986869F05ADBA36B414646
:10905000986869F055DBBAF1000F04D1D4F8543A9E
:109060000BB12046984707B0BDE8F08F10B590F8D7
:109070006330002B3CD0DB07C9B22CD5836E8B420A
:1090800023D190F8253A3BB10023846BE4180133D7
:10909000082B84F82021F8D1836BD3F828411B19C1
:1090A00083F82021836BD3F82841072C01D00134A9
:1090B00000E00024C3F8284190F8253A2BB190F83D
:1090C000263A13B1002380F8253A90F8633023F054
:1090D000010380F8633090F8633013F0020F07D07B
:1090E00023F0020380F86330836B186967F0BADEFF
:1090F000002010BDF8B590F863300446002B3AD13B
:10910000012902D0022939D100E08266A36B80F8E0
:1091100063101A6A94F8D900626618BB94F86C2040
:10912000002A2DD118698E2167F072DE400087B2C7
:10913000062502E00A20FDF341F1A36B07F1740656
:109140001869314667F064DE08B1013DF2D1A36BC6
:1091500001221869314667F067DE204601F012F8F7
:10916000024600E0A122B4F85210204652B2BDE8F7
:10917000F840FFF77BBF6FF01800F8BD6FF00200FA
:10918000F8BD10B504465DF0EDDD0221C2B2204607
:10919000BDE81040FFF7AEBF30B5026CCB8892F847
:1091A00029463CB9846B64690A2C03D94C8A14F4AF
:1091B000807F14D0846B6569272D03D10C8A14F449
:1091C000006F0CD18C88DBB214F0030F01D09D2B03
:1091D00005D0232D07D14D8A15F0200F03D0012390
:1091E0008B7700230AE090F92C031B18E00444BF9E
:1091F00092F91E269B180022CB778A770B770023E3
:109200004B7730BDC369043B082B06D8DFE803F079
:109210001805090709050B050D00002070471720E8
:109220007047042070470720704790F83E030128DC
:1092300008D0032814BF4FF483704FF48B7070472D
:10924000012070474FF48B707047836B13B51A6A17
:10925000044601321A6290F86020002A00F0AC80C7
:10926000B0F8C8222AB1D0F8F013A1F83622A1F83C
:109270003A22B4F8CC222AB1D4F8F013A1F828226B
:10928000A1F82422B4F8CA222AB1D4F8F013A1F824
:109290002222A1F82622216F40F606220A402AB98E
:1092A00093F82C3113B120465DF0F8DDA36B1A6AF8
:1092B0001B6EB2FBF3F103FB1123A3B920465FF051
:1092C00085DC236F40F60202A16B1A400032086968
:1092D00018BF0122B4F85210C3F3800367F0D2DD47
:1092E00020465FF081DC226F40F60E231340B3B9B5
:1092F000A36BD4F88C21196AD2F89020D3F81831D6
:109300008A1A9A420BD394F8522020460121FFF783
:10931000F1FEA26BD4F88C31126AC3F8902094F855
:10932000633043B1A36B1A6A636ED31A052B02D95B
:10933000002384F86330D4F8F4202AB1A36B196AAF
:109340001B6E8A1A9A420CD3226F40F60203134016
:109350003BB920465DF016DE18B1A36B1B6AC4F85A
:10936000F430226F40F60F2313402BBB20465EF0F3
:10937000B5DA20465EF054DAD4F88C31D3F8882080
:1093800012B1013AC3F88820D4F8B43A0BB12046A0
:109390009847A36B186967F023DD68B1A36B01A937
:1093A00018690DF1070267F01FDD20469DF80710D0
:1093B000BDF804205DF0D4DD00201CBD0346002173
:1093C000986B40180131082980F82021F8D19A6B58
:1093D0000021C2F82811D16E032907D1D3F8C41097
:1093E000C90703D5126A0832C3F8B82000229918B9
:1093F00002324FF6A470202AA1F8040AF7D1002007
:10940000012283F8240A83F8EC2A7047836B10B595
:109410009A69044692001BD590F8ED2A012A17D1CB
:10942000B0F8522012F4404F12D1186967F004DDF1
:10943000636CB3F8B42692B242F00302A3F8B426E8
:10944000636CB3F8B82692B242F0C002A3F8B82613
:1094500010BD80F8ED1A704730B5056C044687B032
:1094600028464FF4007141F21C1260F047DB0028DF
:1094700000F09D800723039320230593802302930C
:1094800000230190049340F8043B0133802BFAD170
:10949000204601A965F0E8DE4FF43073204601A9AB
:1094A000049365F0E1DE206C41F22F1160F04CDB9B
:1094B0002046012164F086DC20463E4936225DF0DC
:1094C000F7D9D5F8C434204640F6F4114FF4804261
:1094D0006BB113465DF0B4D9B5F85824B5F85634DD
:1094E0002046D31840F20C5140F2FF129BB25DF0BF
:1094F000A7D91E22304920465DF0DAD9204661F016
:1095000011D8204663F014DA992101220023204665
:109510005DF068D996210222002320465DF062D9D1
:10952000A2210122002320465DF05CD9A521402222
:10953000002320465DF056D9A621012200232046B3
:109540005DF050D9A1210122002320465DF04AD9C7
:1095500030220023204602215DF044D96F212046AD
:109560004FF4005200235DF03DD94FF48052134672
:1095700020466F215DF036D904221346204640F282
:10958000D7415DF05DD940F2D7414FF470624FF49E
:10959000807320465DF054D9204662F0DBDB204624
:1095A00040F275514FF4007200235DF049D907B0C5
:1095B00030BD00BFBE5A01002A5B0100F0B5072391
:1095C00087B0066C029320230493012304460D46C2
:1095D0000193304605AB4FF4007141F273320093B2
:1095E00060F08CDA002849D0D6F8B8650746014605
:1095F0000023B3422CBF9E46B64605EBCE0292F83E
:1096000003C015F83EE001334EEA4C5E92F802C00A
:1096100052784EEA4C3E4EEA4212802B059241F8B7
:10962000042BE6D18DE809006946C0232046039348
:1096300065F01ADE0023B3422CBF1A46324605EB12
:10964000C20210795179400240EA4140D179013398
:1096500040EA0102802B059247F8042BEBD14FF42E
:10966000107320466946039365F0FEDD236C41F2DA
:109670009F31C3F8BC55206C60F066DA07B0F0BDCE
:10968000F0B5076C89B0002304460D4638464FF408
:1096900000714FF4965205930693079360F02EDA0B
:1096A0000646002834D04DB9204605A906AA07ABC6
:1096B0005EF028DB03953746002510E097F8333637
:1096C000002BF8D0B4F9283A0693B4F92A3A079354
:1096D000B4F92C3A05934FF430730393EBE705A9E3
:1096E00028460EC964F0B0DE0135802D47F8040B22
:1096F000F5D1072302932046202369460493009660
:10970000019565F0B1DD206C41F2DF2160F01CDADB
:1097100009B0F0BD2DE9F047571A7E1C1FFA86F9F3
:109720004FEA89034FF6FC7186B004461940006C7D
:1097300041F6DE3260F0E2D90546002871D01023F0
:109740004FF0600ADFF8E0808DE8080404AA0223E5
:1097500020460021CDF808805EF0CCD8BDF810205E
:10976000BDF8123092059B059B0D920D43EA8222B3
:10977000C246002308E055F8231001F07F61114331
:1097800045F8231001339BB2BB42F4DD20234FF494
:10979000A0788DE80801DFF894802A4633462046F9
:1097A0000721CDF808805EF0B3D8206C41F6F23185
:1097B00060F0CAD94FEA49094FF6FE71206C09EAF8
:1097C000010141F6F53260F099D9054648B31023FE
:1097D0004FF0620C8DE808102046012300210DF1A6
:1097E0001602CDF808A05EF085D8002305E0BDF88C
:1097F000162025F8132001339BB2BB42F7DD10235E
:109800004FF4E07E8DE80840204607212A46334683
:10981000CDF808805EF07CD8206C41F6024160F003
:1098200093D906B0BDE8F087CD2187006149870054
:1098300010B5044660F098D92046012200234FF469
:1098400030615CF0FDDF2046042200234FF43061DC
:109850005CF0F6DF2046082200234FF430615CF014
:10986000EFDFF022204613464FF430615CF0E8DF72
:109870004FF47062204613464FF430615CF0E0DF35
:10988000204600234FF430614FF480525CF0D8DF63
:1098900020460622042340F607315CF0D1DF204643
:1098A0003822082340F607315CF0CADF2046002347
:1098B00040F607314FF4E0725CF0C2DF2046302200
:1098C000102340F60B315CF0BBDF402220461346EC
:1098D00040F60B315CF0B4DF204640F60B314FF41C
:1098E000F0624FF480635CF0ABDF204640F60B3152
:1098F0004FF4F0424FF400535CF0A2DF94F8FC39CF
:109900002046012B14BF4FF480534FF4105340F600
:109910000C314FF6FF725CF093DF204640F60C31BD
:109920004FF6FF724FF480535CF08ADF204640F61A
:109930000D314FF6FF724FF450435CF081DF20464B
:1099400040F60E314FF6FF724FF478435CF078DF4B
:109950002046102340F60F314FF6FF725CF070DFA7
:1099600020464FF431614FF6FF724FF478435CF0BC
:1099700067DF204640F611314FF6FF724FF47D430A
:109980005CF05EDF20460F22002340F612315CF0CF
:1099900057DF2046F022002340F612315CF050DF02
:1099A0002046002340F612314FF470625CF048DF2D
:1099B00020460F22002340F613315CF041DF2046A1
:1099C000F022002340F613315CF03ADF20460023FA
:1099D00040F613314FF470625CF032DF20460F2204
:1099E000002340F614315CF02BDF2046F0220023E8
:1099F00040F614315CF024DF204640F614314FF479
:109A0000706200235CF01CDF20460F2240F6153107
:109A100000235CF015DF2046F022002340F61531CC
:109A20005CF00EDF2046002340F615314FF47062E3
:109A30005CF006DF20460322012340F616315CF07D
:109A4000FFDE20460C22002340F616315CF0F8DEE3
:109A500020463022102340F616315CF0F1DE20461D
:109A6000C022402340F616315CF0EADE2046002397
:109A700040F616314FF440725CF0E2DE204640F6CC
:109A800016314FF440624FF480635CF0D9DE20461B
:109A90000322002340F617315CF0D2DE20460C2270
:109AA00040F617314FF6FC735CF0CADE20463022D8
:109AB00040F617314FF6F0735CF0C2DE2046C0224C
:109AC000002340F617315CF0BBDE204640F617312C
:109AD0004FF440724FF47F435CF0B2DE204640F614
:109AE00017314FF440624FF47C435CF0A9DE20460E
:109AF0000122002340F606315CF0A2DE1F22204640
:109B0000134640F605315CF09BDE4FF6FF722046AF
:109B1000134640F604315CF093DE4FF6FF722046A8
:109B2000134640F608315CF08BDE204640F60931E2
:109B30004FF6FF7247F6FF735CF082DE2046082383
:109B400040F60A314FF6FF725CF07ADE20463F2382
:109B500040F602314FF6FF725CF072DE2046FF23C2
:109B600040F603314FF6FF725CF06ADE0F222046AA
:109B7000134640F601315CF063DEF02220461346C6
:109B800040F601315CF05CDE0122204613464FF4C2
:109B900030615CF055DEA36B2046D96EBDE8104005
:109BA0005FF0029A2DE9F043044689B00F469046D3
:109BB000006C4FF4806141F2366299465FF09EDF9F
:109BC000064600284ED001221346204640F29C4112
:109BD000C4F8D0705CF034DE20469DF840105FF091
:109BE00041DB28222046394661F09CDFB0F5807FBA
:109BF000054603D9206C41F2526131E0204640F223
:109C0000D661032200235CF01BDE082213462046A7
:109C100040F2DA615CF014DE282342468DE8280029
:109C200020463346394665F061D9152303960593DE
:109C300000262023204603A907930495069665F085
:109C400013DB9DF844302046019329464FF6FF72FE
:109C50003346CDF8009062F0F1DF206C41F266618E
:109C60005FF072DF09B0BDE8F08300002DE9F04F2E
:109C700000218FB0076C90F85250ADF83210ADF85B
:109C800034100446002109A80C22F7F393F60023B0
:109C9000ADF8363097F8153613B197F8161601E07F
:109CA00097F81416D4F8DC002A465FF0BDDC804635
:109CB000002800F06081204601215FF0D3DAB8F877
:109CC000005045B12DB24FF47A726A43204601210B
:109CD00063F098DE0125B8F8023063B10135EDB2CA
:109CE0001BB24FF47A725A432046294663F08ADE4B
:109CF000012D0AD100E0DDB10223009301210023F0
:109D00000193029320460A4608E0022301210093B2
:109D100001930023029320460A460B4663F014DFAA
:109D2000204605214FF486720DF1320361F01CDEEE
:109D300000252E46A94638F8051029B304200B2328
:109D40008DE8090009B20DAA4FF4FA73204661F0BC
:109D50007BDBBDF83420BDF832301C3AD21AB7F99B
:109D6000181613B299420FDC0EA9062303FB061343
:109D700038F80510013623F8141C23F8122C23F8A8
:109D8000100CB6B24FF001090235042DD3D10223D5
:109D90000693102308930DF1360304930025012345
:109DA000204604A90593079562F094DE10238DE800
:109DB0002800724B02210293204601230DF1360246
:109DC00001355DF0A5DD402DF0D100252046294666
:109DD0002A462B4600950195029563F0B5DEB9F150
:109DE000000F40F0B180C2E00EAB4FF0060909FB56
:109DF000053939F8148C0135EDB20FFA88FA4FF4B1
:109E00007A7202FB0AF22046294663F0FBDDB7F9BD
:109E10001A2639F9123C9A4201DD002006E0B7F912
:109E20001C269A4201DD012000E002205FF0F4DBF5
:109E300029460246204663F039DEBAF1000FB8BF6A
:109E4000CAF1000A4FEA8A0A4FF0000940F2712372
:109E50009A450ADD09F101095FFA89F9AAF59C6AB8
:109E6000B9F1200FAAF1020AF0D10FFA88F3002B02
:109E7000D8BFC9F100095FFA89F94FFA89F34FEAAF
:109E800048086FF41C7202FB0388002BB8BF5B42CA
:109E9000022B59DD4FF0000A002150465FF058DCDC
:109EA0000FFA88FB8BEAEB73A3EBEB73984244D178
:109EB000012150465FF04CDC0221804650465FF0A5
:109EC00047DCBBF1000F82464FFA89F30ADA002B18
:109ED000DBBF5FFA89FB0BF1400909F1FF3B0BF196
:109EE0003F0B09E0002BDBBF5FFA89FB0BF1400958
:109EF00009F1010B0BF1410B4FFA89F3204604A93C
:109F0000079362F0E7DDBDF836302046984404A997
:109F1000ADF8368065F0A8D94FFA8BF3204604A936
:109F2000079362F0D7DDBDF8363020469A4404A985
:109F3000ADF836A065F098D906E00AF1010A5FFA9B
:109F40008AFABAF1060FA7D1B542FFF44DAF4FF030
:109F50000003012E00930193029320464FF0050168
:109F600001D1324601E00122134663F0EDDD2046C7
:109F700000215FF077D90FB0BDE8F08F614987000D
:109F80002DE9F743904608220F461E4640F607018A
:109F900013460446056CBDF828905CF051DC0122A4
:109FA0001346204640F607015CF04ADC4FF40052AD
:109FB0001346204640F646015CF042DC204640F65F
:109FC00039013A465CF06EDC94F86D33204640F679
:109FD00035010BB1802200E020225CF063DC2046DA
:109FE0004FF4046100225CF05DDC204640F6340151
:109FF0007F2233465CF024DC20464FF401614FF4AD
:10A0000080434FF440425CF01BDC94F86D332046F3
:10A0100040F6360113B14FF4807200E040225CF04C
:10A0200041DC204640F646010F2208235CF008DCA4
:10A0300094F86D63204640F64601F02256B1902315
:10A040005CF0FEDB204640F646014FF470624FF4B0
:10A05000106308E033465CF0F3DB204640F646012F
:10A060004FF4706233465CF0EBDB204640F6330180
:10A070007F2243465CF0E4DB4FEA0923204640F6AA
:10A0800033014FF4FE4203F47F435CF0D9DB012639
:10A0900020463B496422002300960196FFF782FD8B
:10A0A0004FF480521346204640F6A5115CF0C8DB01
:10A0B0003246334640F6881120465CF0C1DB4FF44F
:10A0C0009670FCF37BF13246204640F637015CF097
:10A0D000E9DB44F6216602E00A20FCF36FF120463A
:10A0E00040F637015CF0CCDB30B1013EF4D103E047
:10A0F0000A20FCF363F101E044F62166204640F6B5
:10A1000037015CF0BDDB08B1013EF1D140F637010B
:10A1100020465CF0B5DBC10705D594F8153343F054
:10A12000010384F815330023204640F6A5114FF4AF
:10A1300080525CF085DB20465FF09CD920460023EE
:10A1400040F2A66141F6FF725CF07ADBD4F88C3104
:10A150002046B3F98C20B5F9043C40F609019A4237
:10A16000B4BFB5F8065CB5F848554FF68072ED01FE
:10A1700005EA020303B0BDE8F0435CF0619B00BF59
:10A18000A0252600F0B54F4B91B0044602AA03F17A
:10A19000200618685968154603C50833B3422A4695
:10A1A000F7D118689B882860AB80012384F8263A91
:10A1B000A36B8E21186966F02BDE400086B29725CE
:10A1C00002E00A20FCF3FAF0A36B06F174011869AF
:10A1D00066F01EDE08B1013DF3D1A36B4FF442716E
:10A1E000186966F015DEA36B074640F20A3118695C
:10A1F00066F00EDEA36B05464FF44371186966F0F6
:10A2000007DEA36B064640F20E31186966F000DEE9
:10A21000BE1936042D1876190AD194F8253A4FF64E
:10A220007862ADF83820002B31D084F8266A2EE011
:10A230004FF48673ADF83C3006F580760023760A3D
:10A2400000930FAB360201930DAA0EAB20460CA96A
:10A250000C965DF0BDDFBDF938201B4B9B1A002B1F
:10A26000B8BF5B42702B94F8EC2A02D85AB1282B65
:10A2700009D94FF67863ADF8383094F8253A13B120
:10A28000002384F8263A12B1002384F8EC3A236CB8
:10A29000BDF9381093F83536891008467BB14AB2BB
:10A2A00012F1560F0BDA12F1690F08DB6FF056034B
:10A2B0009B1A10AA02EB430313F8380C401840B263
:10A2C00011B0F0BD1839010078FEFFFF436C2DE995
:10A2D000F041D3F82031044603F001030D4683F02A
:10A2E00001061BB9836B186966F0B4DD2046276C44
:10A2F0005EF0C2DF40F27F41A7F802042046276CDF
:10A300005CF0BEDAC005C00D4010A7F80404226F4F
:10A3100041F6062313402BB944F62062102D08BFE6
:10A32000FA2200E0FA22A36BB821186966F07CDDFE
:10A33000A36B41F60627186966F098DD2046FFF703
:10A3400065F8236F1F407FB9A36B20461B6A01216C
:10A35000C4F8D430D4F88C815FF00CD9D4F88C31A7
:10A36000A8F88C00C3F88870082D01D0E80606D53F
:10A3700003210A22204660F0B1D9082D01D0A90698
:10A3800004D5204664F0D0DC082D01D06A0604D53F
:10A39000204662F071DE082D01D0EB0506D5236C56
:10A3A00093F8173613B12046FFF760FC204660F0A3
:10A3B000BBDD2046FFF72AF8082D01D028060BD573
:10A3C000256C95F8643523B1204666F0F1DBC5F8BD
:10A3D0005405204665F074D820465CF053DB1EB966
:10A3E000A36B186966F036DD20460021FFF748F9B7
:10A3F000236C93F8333673B120460121FFF740F9FF
:10A40000204640F237614FF440424FF40043BDE82C
:10A41000F0415CF0159ABDE8F081816BD0F8D43042
:10A420000A6A10B59A42044601D3D31A01E0DB430D
:10A430009B18D4F82823934200D302BB8A6E934220
:10A440001FD3D4F88C31D3F88830D3B901212046FA
:10A450005FF090D8D4F88C21B2F88C3019B28842D1
:10A46000CCBFC3EB0000C0EB030094F8661300B24E
:10A47000884208DAA36B9B6EC2F8883001E00120A5
:10A4800010BD002010BD012010BD0120704700004C
:10A4900001290BD1012B09D8013B064902EB8302AC
:10A4A00051F822305A1C03D0C01870470020704762
:10A4B00000207047745B0100142303FB0100704708
:10A4C0008369DA688A4218BFD960704738B5044694
:10A4D0002569006835B105F5077115F031DC2846AE
:10A4E000FCF390F2E06C0025256108B1FCF38AF2E0
:10A4F000E56438BDF8B5846905460668E06A08B1C8
:10A50000FCF380F2E969B068002708F081DD0021E2
:10A510002846FFF7D5FF284684F83D70FFF7D6FFA1
:10A52000304623F0F9D827826762A762E762278363
:10A53000F8BD10B550B1D0F8400238B1072905D8A0
:10A540003C2404FB01018858C3188B5010BD2DE931
:10A55000F0410C4616460546002831D0D0F840326E
:10A56000002B2DD03C2202FB013318221F6A3346F8
:10A57000FFF7DFFF284621461C220123FFF7D9FF02
:10A58000BE422846214601D2242214E0B6EB470FF2
:10A5900001D228220FE0B6EB870F01D22C220AE06D
:10A5A000B6EBC70F01D2302205E0B6EB071F01D290
:10A5B000342200E038220123BDE8F041FFF7B9BFA3
:10A5C000BDE8F08173B504680325204601214FF4EE
:10A5D0008062002300951DF099DA002120460A468A
:10A5E000012300954DF084DB0026D4F864329D5998
:10A5F0009DB1AB798BB9D5F818315A6C22F00102B4
:10A600005A641A78012A01D15B7F33B128460021B0
:10A6100022F0BCDD284667F0B1DA0436202EE4D102
:10A62000204602B0BDE8704023F07698F8B5D0F827
:10A63000B0550446AE69F368002B30D0012B30D002
:10A6400028460121FFF73CFFA068E96908F0E0DC3B
:10A6500028B128460021FFF733FF012700E0074615
:10A66000338A83B1236A18695CF07CDB338A8342C6
:10A6700009D0204623F0E4DE2046318A22F012DAA7
:10A6800020461BF08BD9D4F8B005FFF79BFF20467E
:10A6900024F0CED92846FFF72DFF3846F8BD01201B
:10A6A000F8BD0020F8BDFFF7C1BF002070472DE9BD
:10A6B000F843DDF820800446D8F800700E461546B1
:10A6C00099460FB91FE01F463B68A3B1BCB12046B5
:10A6D000F9683246F7F3D6F028B9284679684A4631
:10A6E000F7F3D0F018B17B69002BECD10BE0C8F880
:10A6F0000070BDE8F8836FF00100BDE8F8836FF0EB
:10A700000100BDE8F883C8F800706FF01D00BDE8D7
:10A71000F8831FB50C46416B81B104A840F8041DB5
:10A72000009019461046BDF81C30069AFFF7BFFF8F
:10A7300030B92CB1039B1B68236001E04FF0FF3060
:10A7400080B204B010BD10B50C4699B10B6863B16E
:10A750000846F5F3CFF7E068FCF354F16068FCF3CA
:10A7600051F100232360E36063602046BDE81040A0
:10A77000FCF348B110BD2DE9F84F476B04460D4678
:10A7800016469B46DDF828A0BDF82C90002F33D04C
:10A79000B1B9AAB930E07DB976B1BAF1000F0BD0EA
:10A7A0003046F9685A46F7F36DF028B95046796893
:10A7B0004A46F7F367F050B17B691BB9BDE8F88FE3
:10A7C000B84601E0B8461F46AF42E4D1A7B1636B7B
:10A7D00039469F427B6908BF6363C8F81430236819
:10A7E0005868FFF7B0FF94F83030013B84F8303000
:10A7F000636B0BB984F83030BDE8F88F10B50446B0
:10A8000005E04B69636323685868FFF79CFF616B41
:10A810000029F6D184F8301010BD2DE9FF471E46FF
:10A820000023039390F830300446102B88461746D7
:10A83000DDF83090BDF8345009D9416B39B14A6820
:10A840000B7C00920A890192CA68FFF794FF636B40
:10A850000393B8F1000F65D0002F63D0B9F1000F5A
:10A8600060D003AB0093384631464A462B46FFF78B
:10A870001EFF824628B9039B41461868F5F31EF770
:10A8800055E01E3053D11820FCF3B0F0824600286A
:10A890004BD02069F5F3C0F6CAF80000B0B13046DD
:10A8A000FCF3A4F0CAF80C0018B95046F5F322F7EF
:10A8B0000CE02846FCF39AF0CAF8040050B9504660
:10A8C000F5F318F7DAF80C00FCF39CF05046FCF3B3
:10A8D00099F02AE0636B2BB9012384F83030C4F877
:10A8E00034A007E094F83030013384F83030039B13
:10A8F000C3F814A0DAF80C0039463246CDF80CA0A3
:10A90000F6F3D4F7039B49461E7458682A46F6F3BB
:10A91000CDF7039B41461D811868F5F3C1F64FF052
:10A92000000A04E06FF0010A01E06FF01A0A5046D5
:10A9300004B0BDE8F087F8B51E4614460D460CE09D
:10A94000FEF7D8F8B04215D07A78931C9C420ED905
:10A95000ED186FF001039B1AE41854B12846214604
:10A96000FF22F7F321F407460028E9D102E000278F
:10A9700000E027463846F8BD08B511461A464FF4A0
:10A98000AE73FFF7D8FF58B14378A3F12102D2B2DA
:10A99000202A04D8029A013B1370033008BD00201E
:10A9A00008BD2DE9F0470468A0B0D0F80480064641
:10A9B00002200F688946F4F761FA002501212A4632
:10A9C00020238246606A1F95F1F3A2F501212A46F1
:10A9D00020231D90606AF1F39BF501212A46202374
:10A9E0001E90606AF1F394F501212A4620231A9003
:10A9F000606AF1F38DF5202301212A461B90606ADD
:10AA0000F1F386F5143729461C9052460FA808F139
:10AA1000E205F6F3CFF7062238462946F6F332F779
:10AA2000002817A807DD39460622F6F33FF70DF197
:10AA30006200294606E029460622F6F337F70DF1B3
:10AA4000620039460622F6F331F717AA01920C226A
:10AA5000002307AD0FA9029220275246022000933F
:10AA600003950497F4F730FB1B98F2F3ABF22A46F8
:10AA700001213B461A98F2F379F2A3691C986169A7
:10AA80001B9AF1F7C8FF1A981C9A0146F1F7F6FFD6
:10AA90001A981B9A0146A3690836F1F77AFF3046E7
:10AAA00098F81850F7F332F080B201901FA92046B1
:10AAB00008F119022B460096FFF72BFE08B91F9BE1
:10AAC000A3B11A99D9F8D4201F98F5F349F71DA915
:10AAD0001EAAD9F8D400F5F32BF61AA8F1F356F60E
:10AAE0001BA8F1F353F61CA8F1F350F620B0BDE813
:10AAF000F08770B5456892B004460026286801A921
:10AB0000202211961BF0CEDB2023012101AAD4F8CC
:10AB1000C000F2F32BF2286809A920221BF0C2DB47
:10AB2000686A012132462023F1F3F2F4119000B358
:10AB3000012109AA2023F2F319F26B69D4F8B800B5
:10AB4000D4F8C010119AF1F724FFD4F8DC20119941
:10AB5000D4F8D400F5F304F7D4F8DC000146F5F39B
:10AB6000B9F6D4F8DC0004F1C40104F1C802F5F32D
:10AB7000DFF511A8F1F30AF60021202209A8F6F367
:10AB800019F701A800212022F6F314F712B070BDC6
:10AB9000F0B5C1B007AD0C46174611462846022253
:10ABA000F6F384F601210DF11E022023D4F8BC0037
:10ABB000F1F302F601210DF13E022023D4F8CC007E
:10ABC000F1F3FAF501210DF15E022023D4F8D00053
:10ABD000F1F3F2F501210DF17E022023D4F8B80043
:10ABE000F1F3EAF501210DF19E022023D4F8C4000F
:10ABF000F1F3E2F501210DF1BE022023D4F8C800E3
:10AC0000F1F3DAF500238DE82800C2222025029214
:10AC100038AE04F118012A46022003960495F4F791
:10AC200053FAB81C31462A46F6F32CF6D0F101004F
:10AC300038BF002041B0F0BD30B590F88C318DB0F8
:10AC400004460D68002B3FD0D0F8D40008A909AA0B
:10AC5000F5F36EF5202301216A460998F1F3ACF56E
:10AC6000D4F87031E31893F893219DF81F305340C6
:10AC7000D80724D501210022EB69686AF1F348F472
:10AC8000EB690A9001210022686AF1F341F4012185
:10AC90000B900A9A2869F5F3A9F600230B980A99F4
:10ACA000099AF1F7B8FE08990B9AD4F8D400F5F395
:10ACB000D9F50AA8F1F36AF50BA8F1F367F5204678
:10ACC000FFF717FF002501E04FF0FF35E43404F1F2
:10ACD000A000F1F35BF504F19C00F1F357F504F1EA
:10ACE000A400F1F353F504F1AC00F5F303F504F11E
:10ACF000B00000212022F6F35DF628460DB030BDED
:10AD00002DE9FF410546006832F8066F0C46D0F881
:10AD10000080FFF73DFF002833D06968A4F8646025
:10AD20008F7904F138068FB9D8F8D006324620233F
:10AD300076F0ACDC2368696814338DE8880032460D
:10AD4000D8F8D006202376F0B5DB17E01023009367
:10AD500023684FF48027143301930846202231469C
:10AD600004F10803029750F095DE48B9216868683D
:10AD700014313A46D5F88C30FDF72EFF012000E063
:10AD8000002004B0BDE8F0812DE9FF41D688B1F87C
:10AD9000643005460068B3420C46D0F800803BD8CA
:10ADA0004FF6FF739E4237D00632FFF7F1FE0028C0
:10ADB00033D06968A4F864608F7904F138068FB9DC
:10ADC000D8F8D0063246202376F060DC2368696824
:10ADD00014338DE888003246D8F8D006202376F068
:10ADE00069DB17E01023009323684FF480271433A6
:10ADF000019308462022314604F10803029750F0DF
:10AE000049DE48B92168686814313A46D5F88C3073
:10AE1000FDF7E2FE012000E0002004B0BDE8F08173
:10AE200073B5002304460B99006801931646089DEC
:10AE300041F01CDB079B032B04D901A806990422CF
:10AE4000F6F334F50C3E032E1CD8DFE806F00A0FAB
:10AE50000204A36A08E0019B5A1E272A15D8A362A0
:10AE60000EE0E36AC3F340032B6009E00198E36A54
:10AE700018B923F00203E36209E043F00203E3623E
:10AE8000002004E06FF0160001E06FF001007CBDCF
:10AE9000F8B5876805464FF4E0700E46FBF3A6F55B
:10AEA0000446002878D000214FF4E072F6F382F5D2
:10AEB000266065600023F451686AA4F8AC30012173
:10AEC00000222023F1F324F3C4F8BC00002866D04C
:10AED000686A012100222023F1F31AF3C4F8B800B4
:10AEE00000285CD0686A012100222023F1F310F3CE
:10AEF000C4F8CC00002852D0686A01210022202327
:10AF0000F1F306F3C4F8D000002848D0686A0121A4
:10AF100000222023F1F3FCF2C4F8C00000283ED048
:10AF20002869F5F379F3C4F8D400002837D02869EC
:10AF3000F5F372F3C4F8D800002830D02869F5F38F
:10AF40006BF3C4F8DC0050B31323A4F866302B680D
:10AF5000174998683246002308F0DED82B68A066AF
:10AF6000144998683246002308F0D6D82B68C4F8F4
:10AF7000B000114998683246002308F0CDD82B68FC
:10AF8000C4F8B4000D4998683246002308F0C4D8CC
:10AF9000C4F8E000002408E06FF01A0401E04FF06C
:10AFA000FF34284631466DF0D5DC2046F8BD00BFA1
:10AFB00085D1870079D187000DD187005DDF8700BB
:10AFC000F8B547680646CD590C46DDB1436B0BB169
:10AFD000FFF714FCD5F89C1049B13368986808F065
:10AFE00017D83368D5F89C10986808F07DD8D4F845
:10AFF000243413B120464FF02FDA2846FBF302F534
:10B000000023E351F8BD00002DE9F041D0F898305D
:10B01000D0F89010013344688B4225688EB0024608
:10B02000C0F8983009D1D0F894307BB1D2F89C1098
:10B030004FF47A72A8685A4304E007D2D2F89C1001
:10B04000A868214A002307F0BDDF39E0D5F8D00613
:10B05000214675F037DF237A002B31D0D4F8080170
:10B06000F7F314F3074658BB227E04F1DC080EAE5A
:10B0700004F1190106A846F8242DF6F317F4214629
:10B080004246284671F068D804F1E2030193022396
:10B0900002460293214643462846CDF8008020F020
:10B0A000F5DC3946204639F0C9D92146284640F01A
:10B0B00059DF28461A21324624230097F6F76EFA04
:10B0C0000EB0BDE8F08100BF80EE36002DE9F04FF4
:10B0D0000D68ADB004460121A86922AA2023D5F845
:10B0E00000B0F1F369F34FF0080AD4F8683194F82E
:10B0F0006C11E21804F1E40682F8E31006F18C0208
:10B100000C210DF16809019206F190003246CDF84C
:10B110000090F9F343F2D4F8701140480591F6F32A
:10B12000F5F422AA03464FF02008009206AF0599D5
:10B130003A4A4846CDF804800297CDF80C80F9F3DE
:10B1400007F201213A464346D4F88801F1F30EF79D
:10B1500058466EF017DAD4F88801A969F1F39CF229
:10B16000002836DAD4F88431CDF808B000932C4B9F
:10B17000D4F8881101932869D4F89021D4F880314B
:10B18000F5F3E8F228BB94F88C3113BB2869D4F8A6
:10B190009011F5F3C7F4E0B1012384F88C314946EE
:10B1A000D4F8702106F1B000F6F380F3D4F89001E2
:10B1B0002AA92BAAF5F3BCF22A992B9AD4F8D40029
:10B1C000F5F350F3D4F8682128683146013A1BF0B2
:10B1D00069D894F86C310133DBB284F86C31AA6A17
:10B1E000934207D80AF1FF3A5FFA8AFABAF1000FE0
:10B1F0007FF47BAF0021502206A8F6F3DBF3002199
:10B2000020221AA8F6F3D6F394F86C01AB6A9842A0
:10B2100034BF002001202DB0BDE8F08F62E6890028
:10B2200075EA87002DE9F04F4368CFB0CB5804464C
:10B2300003F1080948468846F6F368F407460220F9
:10B24000F3F71CFE00234EA941F8043DBBB208F100
:10B25000190207930692079A8346019298F81830CC
:10B260002046069ACDF80090FFF753FA18B94D9B87
:10B27000002B40F00A81012100222023606AF1F3B3
:10B2800047F10121002220234290606AF1F340F14E
:10B290000121002220234390606AF1F339F101215A
:10B2A000002220234490606AF1F332F10121002250
:10B2B00020234590606AF1F32BF101210022202325
:10B2C0004690606AF1F324F101210022E36947907E
:10B2D000606AF1F31DF10521024649902069F5F3FA
:10B2E00085F3E36901210022606AF1F311F1042181
:10B2F000024648902069F5F379F32069F5F38CF163
:10B300004A902069F5F388F14B902069F5F384F1B8
:10B3100008AD002180224C902846F6F34BF33A46C4
:10B3200028464946F6F3C2F2012100223023606A22
:10B33000F1F3EEF00121002230234090606AF1F336
:10B34000E7F0002633460DF1E00A419098F8182006
:10B350000195022028AD069902970096CDF80CA021
:10B36000CDF810B0F3F7B0FE302231462846F6F3A0
:10B3700021F34748F6F3CAF3454B30270093019079
:10B38000514602205A46334602950397F3F7BCFE16
:10B3900001213B462A464098F1F3E8F54098A2691E
:10B3A0000146F1F76BFB429B48990093439B499AF6
:10B3B00001934098A369F1F779FF4299439A4B981A
:10B3C000F5F350F231463A462846F6F3F3F23148A7
:10B3D000F6F39CF32F4B0190009351465A463346A7
:10B3E000022002950397F3F78FFE3B4601212A4680
:10B3F0004198F1F3BBF54198A2690146F1F73EFB94
:10B40000449B48990093459B499A01934198A369AD
:10B41000F1F74CFF4499459A4C98F5F323F24C9977
:10B420004A9A4B98F5F3A2F0079A98F818300192CF
:10B430004A99069A2046CDF80090FFF7EEF946A902
:10B4400047AA4A98F5F374F142A8F1F39FF143A893
:10B45000F1F39CF144A8F1F399F145A8F1F396F1C9
:10B4600048A8F1F393F149A8F1F390F140A8F1F362
:10B470008DF141A8F1F38AF14BA8F5F33BF14CA80B
:10B48000F5F338F14AA8F5F335F14FB0BDE8F08F88
:10B49000B85B0100D25B0100C06A00F00100704798
:10B4A00021B18368CB5893F8BC01704708467047B8
:10B4B0002DE9FF41476804460023D0F80080384654
:10B4C0000E46A2F168050393FFF7E6FF90B13846F8
:10B4D0004146FFF7E5FF68B103AB009321462B46D9
:10B4E000386806F16002FFF747FA039D014610B97C
:10B4F0009DB100E03146A5F12003202B0DD8B4F812
:10B50000AC309D4209D104F16C002A46F6F3BAF141
:10B51000002814BF0520002000E0052004B0BDE88D
:10B52000F08100002DE9F0419846B8B00023359332
:10B5300036937F4B07460C4630AE03F1100E186869
:10B540005968354603C5083373452E46F7D13D6823
:10B550000121202302F10806686A0022F0F3D8F7DF
:10B5600035902869F5F358F0B8F1680F369015D981
:10B570007B689B79002B00F0B9802846FFF78CFF91
:10B5800020B128462168FFF78BFF48B9A8F1680869
:10B590001FFA88F8A4F8AC80464401E040F0A88087
:10B5A000D4F8BC00012132462023F1F3DFF4D4F8B3
:10B5B000BC00F1F3F9F2002840F09C80D4F8BC0004
:10B5C0006969F1F369F0002880F29480012106F1A5
:10B5D00020022023D4F8CC00F1F3C8F40121D4F8E0
:10B5E000D00006F140022023F1F3C0F4D4F8BC00EF
:10B5F000D4F8B810F1F350F070B9D4F8CC00D4F806
:10B60000C410F1F349F038B9D4F8D000D4F8C81018
:10B61000F1F342F000286FD0D4F8D800D4F8CC1061
:10B62000D4F8D020F5F31EF1002867D0D4F8BC1070
:10B63000D4F8D400369AF5F393F13698D4F8D810AC
:10B640000246F4F393F73698D4F8C010024620AEC1
:10B65000F5F386F1369834A90022F5F369F0324605
:10B66000202301213498F1F3A7F00021202228A8FB
:10B67000F6F3A0F1202137AB324618AF019328A88A
:10B680000B460097F8F38AF7D4F8B810D4F8BC202A
:10B690006B693598F1F77DF9202332460121359801
:10B6A000F1F38AF03146102204F10800F6F3FEF0BF
:10B6B00030A8F6F32BF22025402203460096039291
:10B6C00004AE294630AA384601950296F8F340F7B1
:10B6D00004F1180031462A46F6F3E8F004F1380088
:10B6E0000CA92A46F6F3E2F0002408E0FF2406E065
:10B6F000042404E0032402E0012400E0022435A82D
:10B70000F1F344F036A8F4F3F5F70021202218A84D
:10B71000F6F350F10021502204A8F6F34BF120A8D3
:10B7200000212022F6F346F1204638B0BDE8F08132
:10B73000FEE589002DE9F04F1D46836889B0EF587A
:10B7400043688046CB580E460793184691463946C3
:10B75000129A139BFFF7E6FE0328044601D10090DE
:10B7600005E0022801D0042816D103230093012309
:10B7700001930293002303930493D6F808313046D3
:10B78000B3F8623005F11401C3F3401305934A4640
:10B790002B46F7F70BFB65E0012862D0002861D14A
:10B7A000B7F8623040460133A7F86230FFF774FE05
:10B7B00040B140462946FFF773FE002814BF7E20A3
:10B7C000002000E0204601234FF0000A4FF0030B59
:10B7D0000193D6F80831CDF800B00290CDF80CA056
:10B7E000CDF810A0B3F8623005F1140CC3F3401388
:10B7F000614605934A462B463046CDF818C0F7F708
:10B80000D5FACDF800B0D6F808314FF0020BCDF8DC
:10B8100004B0CDF808A0CDF80CA0CDF810A0B3F876
:10B820006230DDF818C0C3F34013614605934A4601
:10B830002B463046F7F7BAFAD9F80030B96EC7F898
:10B840005930B9F80430A7F85D30D8F8003098685E
:10B85000079BD3F88820534607F0B4DB87F858B02D
:10B8600000E0FF24204609B0BDE8F08F2DE9F04F3D
:10B87000D0F804A087B09AF8063005460C469346E7
:10B880000768D1F8009043B390F8A93013B1013B99
:10B8900080F8A930D4F8B43138460093D4F8B831E0
:10B8A000514601935A464B46FFF744FF0646D4F8EB
:10B8B000B40168B10021D4F8B821F6F37BF0D4F8D4
:10B8C000B401FBF39FF00023C4F8B431C4F8B831DD
:10B8D000002E14BF022000202DE03846FFF7DCFDCB
:10B8E00038B138464946FFF7DBFD002814BF7E20FB
:10B8F000002003234FF001088DE808010026029084
:10B9000003960496DAF8083109F11401B3F86230AD
:10B910005A46C3F34013059350464B46F7F746FA91
:10B920003B68A16E9868D5F88820334607F04ADB5B
:10B9300084F85880304607B0BDE8F08F052B10B56D
:10B9400003D1BDE81040FFF791BF43689B792BB14D
:10B9500090F8A93013B1013B80F8A930022010BD46
:10B960002DE9F0419846436805469B790C461646FA
:10B97000069F8BB190F8A930013380F8A930384682
:10B98000FBF334F0C4F8B401002834D041463A4601
:10B99000F5F38CF7C4F8B8710023A4F86030A4F86C
:10B9A0006230A4F864303368C4F85930B388A4F81E
:10B9B0005D302868FFF770FD90B128682168FFF7B7
:10B9C0006FFD68B121462846FEF7EBFF2046FFF7E2
:10B9D00090F8284621463246BDE8F041FFF746BFC1
:10B9E000204629466CF04EDD20B9042384F85830F7
:10B9F000BDE8F0810220BDE8F0812DE9F04387B079
:10BA000015460F9A0646012A0C461F46DDF8388077
:10BA1000D0F804C0D1F8009059D19B88072D8CBF75
:10BA2000FA88FF220BB17E2B59D100217E2B84F89E
:10BA3000BC1103D1012384F8BC3104E01BB9636855
:10BA4000DB6A98074BD5132A16D0032101224D2318
:10BA50008DE80E00002303930493DCF80831604660
:10BA6000B3F8623009F11401C3F340130593424661
:10BA70004B46F7F79BF932E096F8A80007F108016A
:10BA800096F8A99040B9012386F8A830B9F1000FC3
:10BA900028D1682D0AD904E0B9F1000F12D1682D20
:10BAA0000AD920462A466DF00FDAD8B90E953046ED
:10BAB000214642463B460DE0304621466DF042D8D5
:10BAC00048460FE0304621466DF03CD809E042B9C7
:10BAD0000E95424607B0BDE8F043FFF741BF022094
:10BAE00000E0002007B0BDE8F0832DE9FF410568C4
:10BAF0000C46A3F10807D1F80080A4F8AC7000212F
:10BB00002846039102F10806FFF7C6FCA0B12846BB
:10BB10004146FFF7C5FC78B103AB009332463B4684
:10BB200028682146FEF728FFBDF80C300646A4F829
:10BB3000AC3018B913B90FE0A4F8AC70B4F8AC206D
:10BB4000A2F120039BB2202B06D804F16C003146F1
:10BB5000F5F3ACF6002001E04FF0FF3004B0BDE893
:10BB6000F0812DE9F04F90E8C00089B00792139A58
:10BB70008046012A0C469A46DDF848B00D6840F030
:10BB8000AC803368896E986807F042DA04F16C0380
:10BB90000021402218460693F5F30CF70021A4F883
:10BBA000AC100799BAF8042007298CBFBAF8061020
:10BBB000FF214C2A069B3CD14FF00009184649460C
:10BBC0004022A4F86090F5F3F5F6A4F8AC90404656
:10BBD00021465246079BFFF788FF3046FFF75CFC83
:10BBE00078B130462946FFF75BFC50B103220123B0
:10BBF0004FF07E0C8DE80C10CDF80C90CDF8109025
:10BC000008E003234FF0010E8DE808400023029363
:10BC100003930493D7F808313846B3F8623005F13E
:10BC20001401C3F3401305935A462B46F7F7BEF8A9
:10BC300049E04D2A04D1B4F866308B4218D042E076
:10BC40000AB17E2A3FD113290ED1079A30460192BC
:10BC500039465A462B46CDF800A06CF0D5DF0028B7
:10BC600014BF0220002076E0B4F86030052B01D923
:10BC700000233BE0032201234FF04D098DE80C0225
:10BC80004FF00009CDF80C90CDF81090D7F808319E
:10BC900005F11401B3F862305A46C3F3401305931B
:10BCA00038462B46F7F782F8B4F86030A16E0133BE
:10BCB000A4F860303368D8F8882098684B4607F0BD
:10BCC00081D9484647E03368A16E9868D8F8882043
:10BCD000002307F077D900203DE0931E012B4FF0A1
:10BCE000000337D8B1F86010052903D984F858301B
:10BCF000022030E0032A09D132680131A4F8601033
:10BD00009068A16ED8F8882007F05CD93046FFF71C
:10BD1000C3FB38B130462946FFF7C2FB002814BFE9
:10BD20007E200020032301248DE8180000240290C7
:10BD300003940494D7F808313846B3F8623005F11B
:10BD40001401C3F3401305935A462B46F7F72EF818
:10BD5000204600E0184609B0BDE8F08F2DE9F34712
:10BD60000B6882685B680646D3F808A0D3F8049095
:10BD7000B3F810801B680D46032B5AF80240DAF81E
:10BD800010701DD1FFF788FBD0B130465146FFF748
:10BD900087FBA8B1B4F8AC3093B1B9F1010F0FD162
:10BDA000B8F14C0F01D0BA7952B9AA69FF200092BC
:10BDB0005D2104F16C02DBB2F1F70EFD002001E021
:10BDC0006FF01600BDE8FC872DE9F8430B68826828
:10BDD0005B680446D3F808905F681E8A1B6859F8B0
:10BDE0000280032BD9F8105013D1FFF755FBA0B1F7
:10BDF00020464946FFF754FB78B1B8F8AC0060B173
:10BE0000012F06D14C2E01D0AB792BB90330BDE800
:10BE1000F8830020BDE8F8830020BDE8F8832DE911
:10BE2000F04F0B6882685B68B9B0D3F808805E6831
:10BE30001F8A1B688146032B58F80240D8F810A0CF
:10BE40008D69D1F81CB040F09F80012E48D137B1E8
:10BE5000A7F14C039BB2012B01D97E2F0FD1B4F86F
:10BE6000663038A9284621F8043D0222F5F31EF574
:10BE700002350FB17E2F02D19AF806300BB14C2F4C
:10BE800013D14846FFF708FB20B148464146FFF76B
:10BE900007FB50B9B4F8AC203AB1284604F16C0164
:10BEA000F5F304F5B4F8AC30ED180FB17E2F6ED178
:10BEB00001212A462023D4F8B800F0F37DF40121B3
:10BEC00005F120022023D4F8C400F0F375F4D4F86F
:10BED000C800012105F140022023F0F36DF456E083
:10BEE000022E54D1B4F8623038A921F8023D284618
:10BEF0003246F5F3DBF4BDF8DE3038AF27F8C83D45
:10BF000001210DF11A022023D4F8B800F0F354F403
:10BF100001210DF13A022023D4F8C400F0F34CF4CF
:10BF200001210DF15A022023D4F8C800F0F344F4A3
:10BF300001210DF17A022023D4F8BC00F0F33CF487
:10BF400001210DF19A022023D4F8CC00F0F334F44F
:10BF500001210DF1BA022023D4F8D000F0F32CF423
:10BF60004FF00008C22302930235304604F1180155
:10BF700020224346CDF8008001970395CDF810B0FC
:10BF8000F3F7A2F8404603E06FF0160000E000204F
:10BF900039B0BDE8F08FF8B50B6804465A6883687D
:10BFA00096685168F558138A12683769032A2DD1AB
:10BFB000012926D10BB17E2B12D1BB796BB920465A
:10BFC000FFF76AFA20B120463146FFF769FA20B937
:10BFD000B5F8AC0008B1023000E002206030F8BDD6
:10BFE0004D2B15D04C2B11D1FFF756FA20B120461E
:10BFF0003146FFF755FA58B9B5F8AC0050B10230E8
:10C00000F8BD02290CBF22200020F8BD0020F8BD99
:10C010000220F8BD0220F8BD19B18368CB5883F81F
:10C02000BC21704770B50C680D46064610220846C4
:10C030000021F5F3BFF42C6020460021F268F5F3EF
:10C04000B9F404F52473C4F8EC3004F52C732560BE
:10C05000C4F8243170BD2DE9F0470D4698462B6891
:10C06000BDF82060099C0768896B95F82CC073B1F6
:10C0700093F8009093F801A049EA0A29A5F81C90CA
:10C0800093F81690DB7D49EA0323A5F87E303B68E0
:10C09000B5F81C9093F8D130002B5AD197F9273579
:10C0A000B3F1FF3F03D190F8A43313B151E0012B5A
:10C0B0004FD0C9F38027B5F87E9019F00F0901D150
:10C0C00027B987E027B94FF0010904E0012702E012
:10C0D0004FF000094F460123002204F5227004F5B9
:10C0E000237176F017DAD4F88832984505D1D4F860
:10C0F0008C32F31A18BF012300E001233FB933B19A
:10C10000C4F88872C4F88C72A4F886725CE0B9F145
:10C11000000F08D00020C4F88802C4F88C02A4F8EC
:10C120008602BDE8F087B5F87E50C4F88882C4F86E
:10C130008C62A4F886524846BDE8F08706D18F8805
:10C14000B74294BF0027012700E00127F8B2BDE8FD
:10C15000F087BCF1000F13D04B6B03EBC20153F817
:10C160003230984506D307D18888B04294BF002664
:10C17000012602E0012600E00026F0B2BDE8F087CB
:10C18000D1F8E03052019A18136998451CD302D1B6
:10C19000938AB3421BD89369984506D307D1908BF5
:10C1A000B04234BF0020012002E0012000E0002066
:10C1B00070B106F07F06F308D05C06F00706304148
:10C1C00000F00100BDE8F0870120BDE8F087012004
:10C1D000BDE8F0874B6B03EBC20153F83230984552
:10C1E000ACD2B2E72DE9F04F1C4693F860B05F681F
:10C1F000D368ADF5117D064605919146156933B1B9
:10C200001B7A0B2B03D13B7803F0010301E0FB7891
:10C210009B09E36394F82C304946009330462A4644
:10C22000E36B4FF023DB0146A06320B12A6D40F29F
:10C23000371313402BB9304621464A4671F002DAD3
:10C24000E2E090F90E2090F90F30D318A2689A42DC
:10C25000C0F0DA80A269138A13F0080F0DD0007ABB
:10C260000B280AD196F8DC0538B18879032804D860
:10C2700023F008031B041B0C13820B7A042B59D0E8
:10C280000B2B00F0AE80022B40F0C080BB7897F8FB
:10C2900000A097F8068043EA0A2A7B794FEA08480B
:10C2A00048EA03283B7948EA0308FB79A76E48EA85
:10C2B000036817F0010740F0AC80284621465A4633
:10C2C0004346CDF800A0CDF80490FFF7C4FE002847
:10C2D00000F09F80AB79002B40F067823368D3F881
:10C2E0008830D3F8DC210132C3F8DC2194F82C200B
:10C2F00022B1D3F8B4220132C3F8B422D3F8E82132
:10C300000132C3F8E821D5F8183193F834301BB165
:10C310002846002165F0E0DB94F82C70002F00F037
:10C3200044823368D3F88830D3F8C0220132C3F88E
:10C33000C02269E03B7897F801A097F8068043EAAD
:10C340000A2AFB794FEA084848EA03683B7948EA39
:10C3500003087B7948EA03282B7C13B9EB6DDB07D4
:10C3600057D4A76E17F0010753D1284621465A46E5
:10C370004346CDF800A0CDF80490FFF76CFE0028EE
:10C3800047D0AB79002B40F010823368D3F8883067
:10C39000D3F8DC210132C3F8DC2194F82C2022B13F
:10C3A000D3F8B4220132C3F8B422D3F8F021013219
:10C3B000C3F8F021D5F8183193F834301BB1284672
:10C3C000002165F089DB94F82C70002F00F0ED81DE
:10C3D0003368D3F88830D3F8C8220132C3F8C822B2
:10C3E00012E00237C83110223846F5F383F50028F1
:10C3F0000CDA8D4839461022F5F3ECF6A16B8B4828
:10C40000C8311022F5F3E6F60027CEE14FF0000820
:10C41000C24696F8B03293B92B6D1F070FD4A06BAC
:10C42000037A022B02D1F6F331F140B963699B69BB
:10C43000980004D4A3691B8A190700F1FB80636983
:10C440009B695A06E0D4A3691A8A42F008021A824C
:10C45000A16B0B7A013B0A2B00F2CE80DFE813F0D0
:10C4600035000B0035006C00CC00CC00CC00CC00BB
:10C47000CC00CC00AE000846F6F308F108B12B7CE6
:10C480004BB1A36BD3F88820904504D80FD093F814
:10C490008C205A450BD0A16B226804F14007384626
:10C4A00014310A32434601F0C3D9E76501E0643331
:10C4B000E365A16B04F14A0738461431E26D534637
:10C4C00001F080DA3846102110E06168032284A868
:10C4D000F5F3ECF1A36B84A803F114011A6903309E
:10C4E000F5F3E4F1A36B84A81969033107AAFBF300
:10C4F0008DF1A36B606893F90E30A168C018C91A5A
:10C5000007AAFBF3A5F1A36B606893F90E30A1684D
:10C51000C018C91A4FF0FF32F6F3F4F0444BA26989
:10C520009842138A04D123F010031B041B0C01E072
:10C5300043F0100313827DE06368DF7817F0200773
:10C540001FD00A6948A81431D200FBF303F6002378
:10C5500021686269484670F0A5DC0027A36B019052
:10C560000097196948A82368E268EEF3C7F3831CB3
:10C5700005D1A3691A8A42F010021A825AE00130EA
:10C5800058D13368D3F88830D3F8DC210132C3F8AE
:10C59000DC21D3F8F4210132C3F8F42194F82C20E3
:10C5A000002A00F0FF80D3F8B4220132C3F8B4228D
:10C5B000D3F8CC220132C3F8CC22F6E001F114000A
:10C5C000E2682431236800F0F9DF00287FF41CAF13
:10C5D000A26BD2F8D8300133C2F8D83033F07C43A4
:10C5E00028D1F2220192D6F89401294609F11402C9
:10C5F000009376F05DDE1DE0AF79002F7FF404AF8D
:10C600003368D3F88830D3F8DC210132C3F8DC2159
:10C6100094F82C20002A00F0C580D3F8B42201320F
:10C62000C3F8B422C1E000BFA2ED8900A8ED8900E3
:10C63000E320BBDEA36B616893F90E208A18626069
:10C6400093F90E1093F90F208A18A1688A1AA26034
:10C6500093F90E1093F90F208A1821698A1A226122
:10C66000A269128A02F01802182A64D1AB79002B51
:10C670007FF4CAAE95F944200093019302933046AB
:10C680003123D5F8081170F0A7DA3368D3F8883071
:10C69000D3F8DC210132C3F8DC21D3F8EC210132DC
:10C6A000C3F8EC21D3F8F4210132C3F8F42194F853
:10C6B0002C2072B1D3F8B4220132C3F8B422D3F8DB
:10C6C000C4220132C3F8C422D3F8CC220132C3F809
:10C6D000CC22A26B127A022A05D0032A12D0012A98
:10C6E0007FF492AE0EE0D3F808220132C3F808229C
:10C6F00094F82C70002F58D0D3F8E0220132C3F800
:10C70000E02281E6D3F800220132C3F80022D3F8F8
:10C71000FC210132C3F8FC2194F82C70002F44D086
:10C72000D3F8D8220132C3F8D822D3F8D422013268
:10C73000C3F8D42268E661698A89E26094F82D2002
:10C740009AB993F90F20059892B2FAF329F1636927
:10C75000DA89900402D5B3F850308BB9A36BE26844
:10C7600093F90F30D31AE3600AE00598F6F3F4F07A
:10C77000A36B014693F90F20059892B2FAF310F1DA
:10C78000A36BC4F86480A4F862A01B7A042B01D0C8
:10C79000022B09D1A36ED90706D43046214670F08A
:10C7A0009DDF01E0174600E0012738460DF5117DB9
:10C7B000BDE8F08F2DE9F341099F00230D99044650
:10C7C0009046089E0A9D009301933FF04FDE032F91
:10C7D0000BD9042268463146F5F368F0072F04D9D7
:10C7E00001A8311D0422F5F361F0A8F14C08B8F15D
:10C7F000050F2AD8DFE808F00A03160F231BD4F828
:10C800008434BDF80020A3F8922016E0D4F88434D4
:10C81000B3F8923017E0D4F88434BDF80020A3F8C0
:10C8200096200AE0D4F88434B3F896300BE0D4F8BC
:10C830008434BDF80020A3F89E20002007E0D4F83F
:10C840008434B3F89E302B60F7E76FF01600BDE834
:10C85000FC81D0F884242DE9F843B2F89280044694
:10C860004145D4BF00200120B2F84A50B2F896905A
:10C87000B2F89460B2F898C010B1C8EB010701E0BB
:10C88000C1EB0807B2F89030BFB2002B75D0BCF1F5
:10C89000010FADB2334607D1002851D02BB203FBB4
:10C8A00008F393FBF1F346E0BCF1020F2BD131B258
:10C8B000B8B10FFA89F3994203D10423A2F8983052
:10C8C00062E0132F02D9A6F1140339E0092F02D92F
:10C8D000A6F10A0334E0042F01D9731F30E0B31E20
:10C8E0002EE00FFA85F841451DD0132F02D906F12D
:10C8F000140325E0092F02D906F10A0320E0052FD1
:10C900001CD9731D1CE0BCF1040F39D133B238B10E
:10C910000FFA89F18B4237D0052F38D9731F0AE0FF
:10C9200029B28B4204D10123A2F89830BDE8F883E4
:10C93000052F2DD9731D4FF0020C01E04FF0040CB0
:10C940001BB229B28B4204DC0FFA89F5AB42A8BFB7
:10C950001D462368A2F89450A2F898C02DB229462B
:10C96000012220461B7E72F0B1DC23682046294656
:10C9700000221B7E72F0AADC06E01846BDE8F883B0
:10C980004FF0FF30BDE8F8830020BDE8F8830020B9
:10C99000BDE8F883D0F8843413B5B3F8902004468A
:10C9A0006AB1036A0DF1060118695BF0BFD980B165
:10C9B0002046BDF906100122FFF74BFF09E0642174
:10C9C000012372F083DC012220466421134672F0B9
:10C9D0007DDC1CBD08B5036AD3F8D80079B1437873
:10C9E0004A789A4208D102300231F4F34BF7D0F181
:10C9F000010038BF002000E00020C0B208BD08469A
:10CA000008BD2DE9FF4799464369D0F8208082464A
:10CA10001B680446174602695AF8180B0E46414631
:10CA2000D55801F055FA2169206852466FF096DC1E
:10CA30000123C8F800302B680146023B012B03D8C4
:10CA40002369DB6DC8F8D0300C9B20680293424606
:10CA500033468DE8800201F058FA48B12B68022B6A
:10CA600005D1636AD888003018BF012000E001209A
:10CA700004B0BDE8F0872DE9F04FC368044600F12B
:10CA8000180799B01646056A8A46006821693A4631
:10CA900003936FF063DC013E0290062E00F23881B2
:10CAA000DFE816F007003601BC003601DB00360176
:10CAB000FF00EE68002E00F02C81D5F8D03013F482
:10CAC000804B0CD023682169D3F8D4060368CB5877
:10CAD0001B781BB14AF04ADB834600E09B46636843
:10CAE00093F86231A3B1D5F8D000F0F78BFE88B18E
:10CAF0002368D3F86008FEF7CFFC58B12368029989
:10CB0000D3F86008FEF7CCFC20B1B5F8DC8002E079
:10CB1000984600E08046B5F806C02068DC44C4446E
:10CB20001FFA8CFC0CF1710321693A469BB2CDF8D7
:10CB300004C077F07BD9DDF804C00646002800F079
:10CB4000E8800CF15F0CD0F808901FFA8CFC4FEADB
:10CB50001C2343EA0C2C09F11207A9F810C000218C
:10CB60005F223846F4F326F74AF484731A0A89F8E8
:10CB7000132089F814302B8B05F13C011A0A89F82F
:10CB8000152089F81630202209F11F00F4F38EF6E3
:10CB9000EA8809F171009344D8441FFA88F84FEAF3
:10CBA000182343EA0828A9F86F80E968F4F37EF6B1
:10CBB000636893F86231F3B1D5F8D000F0F722FE44
:10CBC000C8B12368D3F86008FEF766FC98B1236803
:10CBD0000299D3F86008FEF763FC60B1EB68002BA4
:10CBE00000F09B80E888D5F8E01038185F30B5F881
:10CBF000DC20F4F35BF6D5F8D030580440F18D809A
:10CC000023682169D3F8D4060368CB581B78002B1E
:10CC100000F083803A464AF0FFD97EE0206821691F
:10CC20003A46712377F002D90646002871D0D0F831
:10CC300008905F22002109F1120789F8112089F874
:10CC400010103846F4F3B6F64AF480731A0A89F8DD
:10CC5000132089F814302B8B1DE0206821693A4697
:10CC6000712377F0E3D80646002852D0D0F8089018
:10CC70005F22002109F1120789F8112089F81010AC
:10CC80003846F4F397F64AF440731A0A89F81320E9
:10CC900089F81430EB8A1A0A89F8152089F81630B9
:10CCA0003BE0206821693A46712377F0BFD80646F9
:10CCB00078B3D0F8089000215F2209F1120789F8B3
:10CCC000101089F811203846F4F374F64FEA1A234D
:10CCD00089F8133089F814A01FE0D5F8D000F7F3D5
:10CCE0007DF10146484605F18C0204ABF7F386F16D
:10CCF000044630B9314603982246F9F3A7F6264692
:10CD000007E007F14D0004A91022F4F3CFF500E08D
:10CD10000026304619B0BDE8F08F032389F80F30A4
:10CD2000D5F8D000F6F354F505F15C0400280CBFEB
:10CD3000FE2302233846082200F8053B2146F4F37F
:10CD4000B5F508212046F7F34FF11AF00301C9D1D8
:10CD5000C3E72DE9F04F91F813800B7D8BB043EAC8
:10CD6000082818F0030904460E4606924769056A2A
:10CD7000CDF8208005D1D5F8D000F7F32FF1844607
:10CD800000E0CC4605F15C0A06F1170B01200823F0
:10CD900059465246CDF810C0F6F302F68245DDF84A
:10CDA00010C000F0F78318F48071079110D0338A17
:10CDB0001A0A42EA03239BB25C2B40F2EB83304613
:10CDC000614605F18C02F6F3E5F7002800F0E283F6
:10CDD000338A1A0A42EA03239BB25E2B40F2DA83BB
:10CDE00096F86F1096F8702042EA01225F32934263
:10CDF000C0F0D08306F1120209925946082250462B
:10CE0000F4F354F505F1640059460822F4F34EF5A5
:10CE1000D5F8D000F6F3DCF4002868D018F4805F71
:10CE200065D096F86F2096F8703043EA0223B3F588
:10CE3000807F0BDD38462169012274F065DC2069B2
:10CE400004F11801012277F089D9E7E24FF48070EC
:10CE5000F9F3C6F5824630B938462169012274F0EB
:10CE600053DCD14698E32020F9F3BAF5834630B974
:10CE70005046F9F3C7F538462169012208E34FF41B
:10CE80008170F9F3ADF5059068B95046F9F3BAF53C
:10CE90005846F9F3B7F538462169012274F034DCBD
:10CEA000DDF8149078E3B9F1000F04D1D5F8D00083
:10CEB000F7F394F08146059B494605F19C020293E5
:10CEC000099800238DE8000CF6F394F7814650464C
:10CED000F9F398F55846F9F395F50598F9F392F5B5
:10CEE000B9F1000F03D138462169012220E396F8F9
:10CEF00015A0B37DD5F8D00043EA0A2AF6F38AF4E8
:10CF000010B918F0080326D0BAF10D0F0BD003D8D2
:10CF1000BAF1050F15D10DE0BAF1100F17D0BAF123
:10CF2000200F0ED111E018F0080F13D038462169F8
:10CF3000022271E218F0080F0FD03846216903224F
:10CF40006AE238462169042266E2022106E00422F0
:10CF5000059204E00323059301E00121059118F0F7
:10CF6000080900F026822B8A059A934203D038469E
:10CF70002169052250E2079B002B40F0C780032364
:10CF80002B60D5F8D0305A0606D4626892F8622138
:10CF9000002A37D0580335D513F4804932D196F89A
:10CFA0006F1096F87030042206F1710043EA0121F7
:10CFB000F6F3F8F70246002833D04378132B03D852
:10CFC000384621690422B3E2636A21694833009339
:10CFD0004FF020092046063201F1DC03CDF8049021
:10CFE00073F054D88246E0B9636AA3F8069094F8C7
:10CFF0000834B3B1A068D4F8041406F009D884F852
:10D0000008A40EE019060CD5616AB1F8E42042B11B
:10D0100001F14800C431F4F349F4636AB3F8E41051
:10D02000D980636ADB882BB920463146069A72F0B4
:10D03000DFDFAFE205F11C0906F11F01202248469F
:10D0400005F13C06F4F332F420222068314619F051
:10D0500029D9D5F8D0305A040AD522682169D2F8E6
:10D06000D40602688A58127812B149F0FFDF3BE01B
:10D0700021690A6D100508D413F4922F05D1D1F857
:10D08000083193F883309A0612D5636A04F11800C8
:10D0900003F148020092DB88E231019305F18C0331
:10D0A0000293AB8A4A4603933346F6F30DF41BE032
:10D0B00004F1180A5046E2310622F4F3E3F30028A3
:10D0C00000F06882636A216903F148020092DB88FC
:10D0D0005046019305F18C030293AB8AE23103932E
:10D0E0004A463346F6F3F0F540F63B62384621698E
:10D0F00008EA0202012374F04BDB08B1042356E175
:10D10000384621690D2274F0FFDA43E2069A4AB9E3
:10D1100097F81690B9F1000F0CBF4FF400794FF05B
:10D12000000901E04FF00009D5F8D000F6F350F304
:10D1300041F2C833002808BF4FF4E47303EA080241
:10D1400018BF4FF000099A4240F0248219EA080FF4
:10D1500040F020822B68033B042B00F21B822946FF
:10D16000052341F81C3B06F11F002022F4F38AF34B
:10D17000002840F00F8296F86FA096F87030D5F82E
:10D18000D00043EA0A2AF6F323F300283FD006F141
:10D19000710B584651463022F5F306F08146C8B16E
:10D1A000D5F8D03042785B0440F1FA8123682169D8
:10D1B000D3F8D4361B68CB581B78002B00F0F081D5
:10D1C000123A92B2ECE1A86809F102010230F4F3DC
:10D1D00059F318B138462169072215E00AEB0B0113
:10D1E00099F80120C9EB010189B2901C81421CDD34
:10D1F0006FF001039B1A4844C9183022F4F3D4F7A6
:10D2000098B121693846062274F07EDA09E0AB88CD
:10D21000534506D1A86806F171015246F4F332F382
:10D2200018B1206904F1180142E0D5F8D000F6F3F6
:10D23000CFF278B106F171005146F6F3A7F648B97E
:10D2400038462169092274F05FDA206904F1180177
:10D2500001222EE02068036893F8623163B304F181
:10D26000180921694A466FF079D88346D5F8D0006D
:10D27000F0F7C8FA00B32368D3F86008FEF70CF99A
:10D28000D0B1BBF1000F17D023685946D3F860081E
:10D29000FEF706F980B1514606F17100F422F4F36D
:10D2A00083F701462046FFF795FB28B920694946D8
:10D2B000112276F053DF6DE140F20B2238462169EE
:10D2C00008EA0202032374F063DA814628B10623D8
:10D2D00018F040092B6004D116E0384621690D2270
:10D2E00026E12A8A04F1180B2B8B20688DE80408AC
:10D2F000216905F1AC0276F0D1DED5F8D000F6F365
:10D3000067F2002834D003E03846216908220FE193
:10D31000514606F17100F6F339F642788046063A36
:10D3200092B2EA82837905F16C0903F0030385F870
:10D33000CC3008F108014846F4F3B8F295F8CC2057
:10D340000599EB8A009206F14F020191029298F83A
:10D350000620216902F00402039220684A4676F012
:10D3600021DE23682169D3F87C06324654F0ECDED6
:10D37000D5F8D000F6F32CF2C0B108232B60384664
:10D380002169002274F0C0D923695A46DB682068FD
:10D39000009379210623F4F701F923682269D3F871
:10D3A000D4361B68D35800221A70F3E006232B6092
:10D3B000F0E02B68052B40F2ED80236A05995A8A2C
:10D3C0008A4208D0D3F8D000F6F324F218B13846D8
:10D3D00021690A22ACE008F46073B3F5607F40F085
:10D3E000D98007232B60D5F8D000F6F3F1F1814600
:10D3F000002841D018F4805F0BD096F86F1096F893
:10D40000703006F1710043EA0121F6F3BFF5814661
:10D4100038B9216938460B2274F076D94FF00009EB
:10D42000BAE0427805F16C0A063A92B2EA82837950
:10D4300009F1080103F0030385F8CC305046F4F3FA
:10D4400035F295F8CC20EB8A00926A8A2169019224
:10D4500006F14F02029299F80620206802F00402B9
:10D460000392524676F09EDD23682169D3F87C064C
:10D47000324654F069DE70E0BAF1200F55D84FF40F
:10D480008070F9F3ADF2834630B9216938460C2239
:10D4900074F03AD9D9467FE02020F9F3A1F2069042
:10D4A00050B95846F9F3AEF2384621690C2274F0AF
:10D4B0002BD9DDF818906FE04FF48170F9F390F2FA
:10D4C000844680B95846CDF810C0F9F39BF206980F
:10D4D000F9F398F2384621690C2274F015D9DDF879
:10D4E00010C0E14658E0069B05F16C0207924146E8
:10D4F00005F19C0201930290079B0998CDF810C09A
:10D50000CDF800B0F6F370F481465846F9F37AF29C
:10D510000698F9F377F2DDF810C06046F9F372F27D
:10D52000A5F816A0B9F1000F05D1216938460C22E3
:10D5300074F0EAD830E0089A08F030031B1105991E
:10D54000009302F0400301914F3603932068216954
:10D55000079A5346029676F025DD3846216908F091
:10D560000B02052374F014D928B108232B60384628
:10D570002169002202E0216938460D2274F0C4D8E6
:10D5800023692068DB687921009304F118020623DF
:10D59000F4F704F84FF0010948460BB0BDE8F08FEE
:10D5A000A988931C99427FF415AE0CE62DE9FF473C
:10D5B00090E810028E7905460F46002E63D140F2A6
:10D5C0001440F9F30DF2804600285FD038513146FF
:10D5D00040F21442F4F3EEF1AB8AD9F8D02608EB0E
:10D5E000030448F803902B694FF0010AE360EB68ED
:10D5F0006261A360AB6827616360E420C8F80060E3
:10D6000088F804A0C4F8FC63F9F3EAF1206200286A
:10D6100041D03146E422F4F3CDF1E820F9F3E0F112
:10D620006062002837D03146E822F4F3C3F1D4F821
:10D630002480E868C8F8009019492246334605F06E
:10D640006BDDC8F86800002825D0E8681549224637
:10D65000334605F061DD6063E8B1E86812492246AF
:10D66000334605F059DDC4F80404A0B1236A286AE2
:10D670000193636A6946009702938DF80CA0F3F357
:10D6800013F4304604E06FF0060001E04FF0FF3085
:10D6900004B0BDE8F0872846394672F099DBF5E71B
:10D6A000E1578800E9588800C958880038B51D46F8
:10D6B00090B10368848ACB5873B11C19114604F1E8
:10D6C00030001022F4F3F2F004F140002946202249
:10D6D000BDE83840F4F3EAB038BDD0F88404F0B5C2
:10D6E00003F15605A83300EB430300EB8505B3F9BE
:10D6F0000A60AF6890F8E940BE1B7618AE6026411C
:10D700005E81B0F95E31D0F86811CB1A9B18C0F871
:10D7100068312341A0F85E31F0BD10B50A7AD0F827
:10D7200084342AB390F82922D1F808012AB190F85C
:10D730006000904228BF024601E090F86020D1F8D6
:10D740001801047864B1007AD1F8081118B1C98DB4
:10D750004A43002101E0CA8D012183F8291105E027
:10D76000012283F82921D1F80821D28D0A3203E061
:10D7700083F829214FF49B72C3F8242110BD2DE9B1
:10D78000F04F8BB0D0F884449A469DF85C309046B8
:10D7900008939DF85420B4F8C63007920393189A62
:10D7A00094F8E9300F4609920593B4F8F020D4F8C4
:10D7B000D81094F81C3106469DF950B09DF8585089
:10D7C00004920691002B00F0AB81036893F8693155
:10D7D00023B13BF04DDA002800F0A281336893F8C2
:10D7E00064312BB194F86D3113B1002384F86D319D
:10D7F00094F828313BB1B068D4F8301105F008DC5A
:10D80000002384F828318E2130693CF069DA430026
:10D810004E334FF6FE71194030693CF061DA94F8EE
:10D8200058318146FF2B08D094F8E830012212FAD3
:10D8300003F300EA03091FFA89F994F8AF30AB4209
:10D8400013D0002305F1320204EB8202E91A93603F
:10D850004A4242EB0102323204EB820284F8AF50BA
:10D86000C4F8CC30C4F8C8309360BAF1000F00F0AF
:10D870005781079AC2B9022F40F35281C7EB0A01C0
:10D88000B4F9F22009B204EB45039142A8BF0A465D
:10D89000A3F8EA20D6F884345B79012B2AD9C8EBA7
:10D8A0000B03A4F8EE3025E0049F04EB45023BB2E5
:10D8B000B2F9EA70C7EB0A07FF1A022F03DD1C2F2B
:10D8C000A8BF1C2700E00327D6F884245279012A38
:10D8D00010D9B4F9EE80C8EB0B08C3EB0808B8F117
:10D8E000020F05DDB8F11C0FA8BF4FF01C0801E0C6
:10D8F0004FF00308D6F868329B792BB9089A1AB111
:10D9000030460999FFF709FF05F1320204EB820264
:10D910009368304601339360C4F8CC30D4F8383182
:10D9200051460133C4F8383105F14E0304EB83034B
:10D930005A6801325A605A462B46FFF7CEFED4F899
:10D94000E030D4F8E420934203D9039B1BB2049344
:10D9500007E0D4F8DC00013301210690C4F8E03080
:10D9600004910598012212FA00F3D4F8CC109942E0
:10D970002DD3D5F1010B38BF4FF0000B0BF1A80CE4
:10D9800004EB4C0C04EB4500B0F85A01BCF80AC09B
:10D99000C0EB0C0C0FFA8CFC94F86C018CEAEC7A5E
:10D9A000AAEBEC7A8245ACBF0021012184450391AA
:10D9B0000EDB94F8E8000BFA00F1894509D005F177
:10D9C0003C0104EB810148688018486001E0039243
:10D9D000002205F1540B05F12C0004EB800004EB50
:10D9E0004B01B1F90AC0D0F808A0CCEB0A0C67448F
:10D9F0008760059807414F81D4F8C000B4F9B6108C
:10DA0000059F411A4144C4F8C0103941A4F8B6102A
:10DA100004EB8501D1F8D010B4F9C400994204EBAD
:10DA20004B01B1F90A1028BF84F8B150884244DB99
:10DA3000D4F8CC00069FB8420CD9D5F1010194F876
:10DA4000E82038BF002111FA02F291452FD005F1EC
:10DA50003C0225E0039F4FB394F844713DB1B4F903
:10DA6000B2C07FB2C1EB0C0107EBC10106E0B4F913
:10DA7000B4C07FB2C1EB0C01C900C91B049FB1EB5C
:10DA8000C70F13DB984211D3D5F1010194F8E820B8
:10DA900038BF002111FA02F2914508D005F13E028B
:10DAA00004EB820251680131516000E02AB101208B
:10DAB000002D14BF0321022106E0002D0CBF2846D3
:10DAC000002014BF0221032194F8AF2084F84921DB
:10DAD00094F81D215AB1D6F8682292793AB938B132
:10DAE00030690B46009201923DF0C6D804E018B9A7
:10DAF000D4F8CC209A4213D294F81D3183B1D6F8D1
:10DB000068329B7963B9012284F82821B068D4F87F
:10DB10003011D4F824210BB0BDE8F04F05F0529A33
:10DB20000BB0BDE8F08F2DE9FF41D0F884540646D4
:10DB300095F81C310C4695F8E970002B00F08180B7
:10DB4000036993F80A31002B7BD0036893F869319D
:10DB500053B13BF08DD8034630B9B068D5F83411D5
:10DB6000142205F02FDA6CE0336893F8643133B196
:10DB700095F86D311BB1002385F86D3161E0D6F861
:10DB80003C33022B0AD0D5F8E020D5F8E4309A4295
:10DB900094BF4FF000084FF0010801E04FF000087B
:10DBA00095F81D31002B4CD0D6F868329B79002BAC
:10DBB00047D1336A0DF10F0118695AF00BDD9DF85A
:10DBC0000F3085F8AF30002B14BF03210221B8F1CC
:10DBD000000F25D003F1020E05EB8E0E05EB43027C
:10DBE000DEF8B0C0B2F9B200C0EB0C00CEF8B00065
:10DBF000384103F12C0EA2F8B20003F1540205EBF8
:10DC00008E0E05EB4202B2F9B200DEF8B0C0C0EBF6
:10DC10000C00783850FA07F7CEF8B000A2F8B270CE
:10DC200085F84931002201238DE80C0030690B464C
:10DC30003DF022D89DF80F3054F82320013244F8EB
:10DC40002320BDE8FF8110B5D0F8844494F81C313E
:10DC500023B104F58671FFF766FF002384F82831AD
:10DC600010BD70B5D0F88444054694F81C3103B358
:10DC7000D4F8CC20D4F8C8309A4203D104F58A7184
:10DC8000FFF751FFD4F8CC30C4F8C83094F81D31F8
:10DC90007BB1D5F868329B795BB994F8292142B100
:10DCA000A868D4F834114FF4FA72BDE8704005F05A
:10DCB000899970BD38B5D0F884440546D4F834113C
:10DCC000806805F0A5D9D4F8CC20D4F8C8309A42A1
:10DCD00004D1284604F58A71FFF725FFD4F8CC302B
:10DCE000C4F8C83038BDD0F8843400224FF6A27191
:10DCF000C3F8B820C3F8BC20C3F8C020A3F8B220F2
:10DD0000A3F8B420A3F8B620C3F86021C3F86421B7
:10DD1000C3F86821A3F85A21A3F85C21A3F85E2177
:10DD2000A3F8EA10A3F8EC10A3F8EE10C3F8CC2087
:10DD3000C3F8D020C3F8D420C3F83821C3F83C215D
:10DD4000C3F84021C3F8E020C3F8F420C3F8F8205A
:10DD5000C3F8FC20C3F80021C3F80421C3F808214C
:10DD6000C3F80C21C3F81021C3F81421C3F81821FB
:10DD700083F829217047D0F88434D3F8CC208A6006
:10DD8000D3F838218A6493F81D2112B193F8AF209B
:10DD900001E093F8AC204A6093F81D210A6093F8E3
:10DDA00048214A654A688A65D3F8D0200A64D3F8C6
:10DDB000D4204A64D3F83C21CA64D3F840210A65D0
:10DDC000B3F9B220CA60B3F9B4200A61B3F9B6203E
:10DDD0004A61D3F8F4208A61D3F8F820CA61D3F8F5
:10DDE000FC200A62D3F800214A62D3F804218A6237
:10DDF000D3F80821CA62D3F80C210A63D3F81021A2
:10DE00004A63D3F814218A63D3F81821CA63D3F87C
:10DE10004C21CA65D3F85021D3F854310A664B66B9
:10DE20007047F7B5D0F88444D4F84C518D4207D1EF
:10DE3000D4F85051954203D1D4F854219A423CD0A1
:10DE400001F00F05042D3AD8022D38D003F003025B
:10DE5000022A34D01F0907F00307022F2FD00A0926
:10DE600002F00F02042A2AD8022A28D09E0806F0BF
:10DE70000306022E23D09E0906F00306022E1ED0B2
:10DE8000C4F85431036AC4F84C111B68C4F850112B
:10DE9000022B04BF3E462A46042A14BF11463146CF
:10DEA00084F8AD10D0F88434012283F84611009232
:10DEB000019200690B463CF0DFDE002001E06FF0CC
:10DEC0001C00FEBD704700000048704794660100CA
:10DED00010B50C46C1B1886808B1F8F393F5E06855
:10DEE00008B1F8F38FF5D4F8D80008B1F8F38AF543
:10DEF000D4F8E00008B1F8F385F520460021E422CB
:10DF0000BDE81040F3F356B510BD2DE9F74F0546B7
:10DF1000D2F8D000019114469846DDF830B0DDF813
:10DF20003490DDF838A0F5F353F428B14046594653
:10DF30003022F4F339F103E040465946F5F3E0F2BC
:10DF40000646002800F0D880D4F8D000F5F340F45D
:10DF500028B1484651463022F4F326F103E0484602
:10DF60005146F5F3CDF20746002800F0C6802B6835
:10DF700093F86231002B4FD0D4F8D000EFF742FC79
:10DF8000002849D0D5F86008FDF786FA10B3D5F817
:10DF900068329B792BB9D5F860080199FDF780FAB2
:10DFA000C0B148465146F422F4F3FEF08146002801
:10DFB00000F0A28040780230A4F8D400F8F310F505
:10DFC000C4F8D800002800F097804946B4F8D4205F
:10DFD000F3F36CF4D5F86008FDF75EFAE0B1D5F81C
:10DFE00060080199FDF75CFAB0B140465946F42249
:10DFF000F4F3DAF0054600287ED040780230A4F829
:10E00000DC00F8F3EDF4C4F8E000002874D02946F1
:10E01000B4F8DC20F3F34AF4022323826382D4F8B9
:10E02000D000F5F3D5F310B1042323826382D4F832
:10E03000D000F5F3CDF350B106F10A0004F1100160
:10E040000022F5F3A7F4002856D0002513E07378DA
:10E050000A2B0FDDD4F8D05006F10E00A5F108020E
:10E06000554245EB020504F110012A46F5F3B6F6D8
:10E0700008B941E005462046218A2A4676F088D82C
:10E08000002839D0D4F8D000F5F3A2F330B1301D18
:10E0900004F112010122F5F37DF413E07378092BEA
:10E0A00011DD06F1080045B9F27A012A06D0A2F185
:10E0B00005035A4242EB030200E0012204F112017F
:10E0C000F5F38CF6C0B178780230A080F8F388F4CC
:10E0D000A06088B13946A288F3F3E8F37078023083
:10E0E000E080F8F37DF40746E06030B13146E28825
:10E0F000F3F3DCF3012700E007463846BDE8FE8F66
:10E1000001320103323D00904C3300AAAA03000003
:10E110000088B4000100000001010000010050F27D
:10E1200001000050F20000409600000FAC00000F0C
:10E13000AC0600AAAA03000000AAAA030000F80087
:10E140000FAC00050400C9BF05F000CEBF00000001
:10E150000101000001011C7040002D02F0000A01C5
:10E160002800280138014801580155015001500389
:10E170006666E2016666E3016666E4016666E501DD
:10E180006666E6016666E7016666E8016666E901BD
:10E190006666EA016666EB016666EC016666ED019D
:10E1A0006666EE01CDCCF0010A00050008004006CD
:10E1B0000800050008000800770008008A00080031
:10E1C0000100050001000A000100050040061009D9
:10E1D0001E091F09240925092609200921092709E3
:10E1E00028092909220923093009310932091209AC
:10E1F0000F090009010906090709080902090309AD
:10E2000009090A090B09040905090C090D090E0978
:10E21000110965023402840074005600650234025C
:10E2200004000400040003000300030003000200D4
:10E230000100010000000000FFFFFFFFFFFFFFFFE4
:10E24000FFFFFFFFFFFF0000372E39352E34392046
:10E2500028323237316262362043592900726563B1
:10E260006C61696D2073656374696F6E2025733A04
:10E270002052657475726E6564202564206279741D
:10E28000657320746F2074686520686561700A008A
:10E290004D656D6F72792075736167653A0A000983
:10E2A000546578743A20256C6428256C644B292CBD
:10E2B00020446174613A20256C6428256C644B29E4
:10E2C0002C204273733A20256C6428256C644B29FA
:10E2D0002C20537461636B3A2025644B0A0009417A
:10E2E00072656E6120746F74616C3A202564282514
:10E2F000644B292C20467265653A202564282564E4
:10E300004B292C20496E207573653A2025642825F9
:10E31000644B292C2048574D3A2025642825644B0E
:10E32000290A0009496E20757365202B206F7665D8
:10E3300072686561643A2025642825644B292C2085
:10E340004D6178206D656D6F727920696E207573EF
:10E35000653A20256C6428256C644B290A00094D18
:10E36000616C6C6F63206661696C75726520636FA8
:10E37000756E743A2025640A0009537461636B203A
:10E38000626F74746F6D20686173206265656E20C2
:10E390006F7665727772697474656E0A00095374DA
:10E3A00061636B20626F74746F6D3A2030782570F2
:10E3B0002C206C776D3A20307825702C2063757294
:10E3C000723A20307825702C20746F703A203078A3
:10E3D00025700A00094672656520737461636B3AA3
:10E3E000203078257828256429206C776D3A2030F4
:10E3F000782578282564290A0009496E75736520F7
:10E40000737461636B3A203078257828256429205D
:10E4100068776D3A2030782578282564290A000924
:10E42000496E2075736520706F6F6C2025642825F8
:10E4300064293A2025642825644B292C20772F6FE6
:10E44000683A2025642825644B290A0009496E2072
:10E45000757365202D20706F6F6C3A202564282518
:10E46000644B292C20772F6F683A20256428256477
:10E470004B290A0009506B74496420546F74616C15
:10E480003A2025642C20467265653A2025642C20AC
:10E490004661696C65643A2025640A006D77006DF9
:10E4A0006400554E494D504C3A2072613D25700A2A
:10E4B000005443414D3A20256420757365643A2029
:10E4C0002564206578636565643A25640A000A4618
:10E4D0005749442030312D25780A666C61677320D6
:10E4E00025780A000A545241502025782825782999
:10E4F0003A2070632025782C206C722025782C20FF
:10E5000073702025782C20637073722025782C205E
:10E51000737073722025780A0020207230202578CD
:10E520002C2072312025782C2072322025782C2046
:10E5300072332025782C2072342025782C207235D7
:10E540002025782C2072362025780A00202072376A
:10E550002025782C2072382025782C20723920250F
:10E56000782C207231302025782C207231312025F2
:10E57000782C207231322025780A000A202020735E
:10E58000702B302025303878202530387820253001
:10E59000387820253038780A00202073702B3130ED
:10E5A00020253038782025303878202530387820DC
:10E5B000253038780A0A0073702B257820253038EA
:10E5C000780A00686E6461726D5F61726D722061BD
:10E5D0006464723A20307825782C206372345F6945
:10E5E00064783A2025640A006275737374617473E9
:10E5F00000535357553A207072696D6520646F65FA
:10E6000073206E6F7420686176652070203D203322
:10E61000206D6F6420340000010000000001000044
:10E6200020010000A1418000B9538000212C80000E
:10E63000795780006D3D8000609D8800A09E880015
:10E64000549F88008C9B8800409C8800FDFFFFFF42
:10E65000D89A88000200000080010000300100000C
:10E66000DD418000E5538000492C8000AD578000DB
:10E67000993D8000749D8800C09E8800749F88002A
:10E68000AC9B8800609C8800FDFFFFFFF89A880023
:10E6900004000000FF00000020080000253E80006C
:10E6A000B1518000ED2B800035578000253D800062
:10E6B000549D8800809E8800349F88006C9B880051
:10E6C000209C8800066D0700B89A880003000000AF
:10E6D0000902000044010000F9418000015480005B
:10E6E000892C8000F5578000ED3D8000889D8800D2
:10E6F000F09E8800A49F8800DC9B8800909C880086
:10E70000FDFFFFFF289B8800706125643D30782560
:10E71000257800706425643D307825257800706484
:10E720006825643D30782525780070646C25643D4B
:10E7300030782525780067637225643D307825257B
:10E74000780025303258253032582530325825305F
:10E7500032582D25303258253032582D2530325838
:10E76000253032582D25303258253032582D25305D
:10E77000325825303258253032582530325825301D
:10E7800032582530325800556E646566696E65648E
:10E79000206572726F722025640000006001040021
:10E7A00005000103640104000000270024010400A7
:10E7B0000400000028010400000000002C010400F7
:10E7C00000000000300104000000000034010400DB
:10E7D0000A04700034010400EFBED40034010400C8
:10E7E000050000FF3401040001FF02FF30010400B6
:10E7F00018000000340104000A04E00034010400A1
:10E80000EFBE480034010400050000FF340104009D
:10E8100001FF02FF3401040000101801340104005C
:10E82000020300103401040018F1F2F33401040073
:10E83000BBCC0000300104003800000034010400AB
:10E840000000000030010400580000003401040002
:10E850000000000030010400380000003401040012
:10E860000F2000073401040000009400340104006C
:10E8700000000090340104007475767734010400C0
:10E880000000000034010400000005003401040011
:10E89000FFFFFFFF300104006803000034010400A3
:10E8A0006E84330034010400DCBA500034010400EB
:10E8B000D40000AB34010400BADABADA340104003F
:10E8C000001018F134010400F2F3001034010400C8
:10E8D00018F1F2F3340104001000000034010400C8
:10E8E000000000003401040000000A0034010400AC
:10E8F0000100000E340104004252434D3401040073
:10E900005F54455334010400545F535334010400F1
:10E91000494401043401040082848B9634010400CC
:10E92000030101063401040002000000300104006C
:10E9300068000000340104000A04280234010400C5
:10E94000DCBA8000340104000000FFFF3401040041
:10E95000FFFFFFFF34010400001018F13401040030
:10E96000F2F300103401040018F1F2F33401040052
:10E97000D0AF0000340104000000000034010400A6
:10E9800000000001340104000200000E3401040004
:10E990004252434D340104005F5445533401040096
:10E9A000545F53533401040049440104340104000A
:10E9B00082848B96340104000301010634010400B3
:10E9C0000201000030010400680600003401040068
:10E9D0000A04280234010400DCBA80003401040077
:10E9E0000000FFFF34010400FFFFFFFF34010400BB
:10E9F000001018F134010400F2F300103401040097
:10EA000018F1F2F334010400D0AF00003401040027
:10EA10000000000034010400000000013401040083
:10EA20000200000E340104004252434D3401040040
:10EA30005F54455334010400545F535334010400C0
:10EA4000494401043401040082848B96340104009B
:10EA5000030101063401040002010000000104006A
:10EA6000000000019004020000000000A004020069
:10EA7000F1F30000B0040200EFFD0000A804020062
:10EA8000FFFF0000A804020000000000A204020032
:10EA900001000000B2040200FBFF0000AA04020013
:10EAA000FFFF0000AA04020000000000A40402000E
:10EAB000CF1A0000AC04020000000000BC040200F9
:10EAC00000000000A6040200D7020000B604020005
:10EAD000FFFD0000AE040200FFFF0000060402007C
:10EAE0000100000006040200000000000C04020007
:10EAF00018000000060402000000000048040200A4
:10EB0000000C0000020402002006000002050200C2
:10EB100000000000000502000040000002050200A5
:10EB20000400000000050200004000000205020091
:10EB3000080000000005020000400000020502007D
:10EB40000C00000000050200004000000205020069
:10EB5000C000000080050200FFFF000082050200E7
:10EB6000FFFF000084050200FFFF00008605020091
:10EB7000FFFF000088050200FFFF00008A05020079
:10EB8000FFFF00008C050200FFFF00008E05020061
:10EB9000FFFF000090050200FFFF00009205020049
:10EBA000FFFF000094050200FFFF00009605020031
:10EBB000FFFF000098050200FFFF00009A05020019
:10EBC000FFFF00009E050200FFFF0000A0050200FD
:10EBD000FFFF00009C050200F0FF0000400502005E
:10EBE0000080000020050200060F00004005020022
:10EBF00000800000400502000081000020050200A6
:10EC000000FF00002C050200010100004005020089
:10EC10000081000040050200008200002005020083
:10EC20001E2800002C050200000000004005020024
:10EC30000082000040050200008300002005020061
:10EC40002931000040050200008300004005020059
:10EC50000084000020050200323F00004005020051
:10EC6000008400004005020000850000200502002D
:10EC7000404100004005020000850000120602002D
:10EC8000010000002E060200CDCC0000300602007C
:10EC90000C0000000006020004800000960602003E
:10ECA000080000009A060200E40000008806020046
:10ECB000000000009C06020002000000880602001E
:10ECC000001000009C0602000200000088060200FE
:10ECD000002000009C0602000200000088060200DE
:10ECE000003000009C0602000200000088060200BE
:10ECF0000B0F00009E060200070000001005020036
:10ED00000B00000050040200014E000052040200FB
:10ED10005B010000E4040200900000000404020013
:10ED2000B400000054050200FFAF0000FE04020022
:10ED3000000000005E0502000010000060010400F9
:10ED400004000103640104000000000064010400E9
:10ED5000B40000006401040047004700640104009F
:10ED600000006400640104003009400060010400F8
:10ED70000D000103640104000200020064010400AC
:10ED80000100C000640104000500000064010400EB
:10ED90000000C00064010400640064006401040019
:10EDA0000E0047006401040000050000600104003B
:10EDB000150001036401040040003C0864010400E4
:10EDC00000000700640104000A0000006001040064
:10EDD0001A0001036401040000C000006001040087
:10EDE0001D000103640104001027000060010400FD
:10EDF0001F0001036401040000001C0C64010400F6
:10EE000006001027600104002500010364010400CE
:10EE100000003200600104002800010364010400C6
:10EE200000004C0A6401040000003F01640104007A
:10EE3000FFFF00046401040046041E07640104008F
:10EE40000200EC09600104002E00010364010400CB
:10EE500000000080600104009201010364010400CD
:10EE60006404000064010400000040006401040028
:10EE7000960700006001040097010103640104008B
:10EE80001A08000060010400BF01010364010400CE
:10EE9000000005006001040008040103640104008F
:10EEA0000702000060010400100401036401040073
:10EEB00000000100600104001C0C0100640102005C
:10EEC000FFFF0000600104001D0C0100640102004E
:10EED000FFFF0000600104001A0001036401040048
:10EEE0000000200C60010400230001036401040001
:10EEF0000000A607640104000000A20A60010400EB
:10EF000026000103640104000A0E0B0964010400D9
:10EF10000E020000600104003200010364010400DD
:10EF20000000900B640104000000A00464010400D0
:10EF300000007C0660010400580001036401040025
:10EF40004252434D640104005F5445536401040080
:10EF5000545F5353640104004944000060010400FD
:10EF60006000010364010400390000006401040032
:10EF70005000000064010400C000000060010400B3
:10EF80007000010364010400BE03BE0364010400B9
:10EF9000BE03BE0364010400BE03BE03640104009B
:10EFA000BE03BE03640104000004EA03640104001C
:10EFB000D403BE03640104000B04F50364010400E0
:10EFC000DF03C90364010400BE03BE03640104003F
:10EFD000BE03BE0364010400BE03BE03640104005B
:10EFE000BE03BE03640104000004EA0364010400DC
:10EFF000D403BE03640104000B04F50364010400A0
:10F00000DF03C9036401040016041604640104004C
:10F0100016041604640104002204160464010400AA
:10F0200016042E046401040016041604640104008E
:10F030001604160464010400160416046401040096
:10F040003A04160464010400160416046401040062
:10F05000160416046401040022041604640104006A
:10F0600016042E046401040016041604640104004E
:10F070001604160464010400160416046401040056
:10F080003A0416046401040000001F006401040037
:10F09000FF031F006401040002000000640104007B
:10F0A00002000000600104009800010364010400F4
:10F0B00000001F0064010400FF031F00640104003E
:10F0C0000100000064010400010000006001040070
:10F0D000A00001036401040000001F00640104009B
:10F0E000FF031F006401040001000000640104002C
:10F0F0000100000060010400A80001036401040095
:10F1000000001F0064010400FF031F0064010400ED
:10F11000010000006401040001000000600104001F
:10F12000C000010364010400372437246401040093
:10F130003724372460010400BA010103640104008C
:10F1400001000702640104000702070364010400D0
:10F150000700000060010400DF01010364010400F6
:10F160002000CB016401040000005400640104008D
:10F170000000AB08640104000000100464010400F6
:10F180008400020064010400000014006401040013
:10F19000CF01020064010400440000006401040087
:10F1A000AF0802006401040010046400640104005C
:10F1B00002020000640104001000CA01640104009E
:10F1C00002003C00640104000000AA08640104007D
:10F1D00002001004640104005400020864010400E9
:10F1E0000000080064010400CE0100006401040076
:10F1F0003400000064010400AE0800006401040053
:10F200001004440064010400020A000064010400C8
:10F210000800C90164010400020030006401040018
:10F220000000A90864010400020010046401040045
:10F230003C000210640104000000040064010400AA
:10F24000CD010000640104002C00000064010400F2
:10F25000AD080000640104001004340064010400DF
:10F2600002120000640104000400C80164010400EB
:10F2700000002C00640104000000A80864010400E0
:10F28000000010046401040030000219640104004D
:10F290000000000064010400CC01020064010400CD
:10F2A0002C00000064010400AC08020064010400AA
:10F2B0001004300064010400021A0000640104001C
:10F2C000C0000A046401040070000000640104002E
:10F2D0003A010A046401040028022CC064010400FD
:10F2E000F2020A0464010400000000016401040049
:10F2F000600014046401040038000000640104008C
:10F30000020114046401040014012CC0640104000F
:10F31000DE011404640104000000800064010400A4
:10F320002200370464010400150000006401040099
:10F33000DF0037046401040065002CC06401040090
:10F340002E0137046401040000002F006401040052
:10F3500011006E84640104000B00000064010400CD
:10F36000D4006E846401040033002CC064010400E6
:10F37000FC006E84640104000000180064010400B5
:10F3800002008A9D64010400FB000208640104007D
:10F39000C54EFA0064010400020A833464010400CB
:10F3A000FE000210640104006227F90064010400F9
:10F3B0000212421A64010400FD00021964010400F3
:10F3C000B113F80064010400021A81116401040001
:10F3D000FC00021C64010400C10FFC006401040075
:10F3E0000000C10F64010400FC000000640104007F
:10F3F000C10FFC006001040050020103640104001D
:10F4000000000000640104000100711464010400A4
:10F4100004020000600104005402010364010400BE
:10F420000100000064010400010071146401040083
:10F43000040200006001040058020103640104009A
:10F440000200000064010400010071146401040062
:10F4500004020000600104005C0201036401040076
:10F460000300000064010400010071146401040041
:10F470000402000060010400600201036401040052
:10F4800000000100600104006C020103640104003B
:10F490002000000060010400120401036401040064
:10F4A00000000C0060010400500501036401040029
:10F4B0001800000064010400983A983A64010400BE
:10F4C000A60E6400640104000000F401640104005D
:10F4D0000400000064010400C8AFA86164010400D6
:10F4E000204E1E00640104000000030064010400BB
:10F4F000030000006401040050C300006001040028
:10F500005B050103640104000000140564010400AC
:10F51000E2040000600104005F05010364010400CF
:10F52000204E00006401040000000F00640104008C
:10F53000F401030060010400650501036401040097
:10F5400000001300640104000000030064010400D3
:10F550000100070064010400C8AF0000640104005A
:10F5600088130000640104002C17DF4060010400D0
:10F570006C0501036401040000002C016401040017
:10F580000000A00F600104006F0501036401040086
:10F59000000002006401040000002C01640104006A
:10F5A000C000000064010400C044000064010400C5
:10F5B0006400000064010400DC05401F64010400D5
:10F5C0000000460064010400500050006401040083
:10F5D0000200000064010400F50A0000600104005C
:10F5E0007A050103640104002010409C64010400BA
:10F5F000204E000064010400B80B0000600104000C
:10F600007E050103640104000000204E6401040033
:10F610000000050064010400DC053F0064010400F3
:10F6200071020000640104003075000060010400F4
:10F630008605010364010400C409A00F60010400F1
:10F6400089050103640104000000D0076001040083
:10F650008B05010364010400204E204E600104006C
:10F660008E05010364010400200080406401040051
:10F6700000000A0064010400E803E81C64010400BF
:10F68000384A00006001040093050103640104008E
:10F6900000006400600104009F0501036401040090
:10F6A0000200940260010400A1050103640104004A
:10F6B000E100000060010400A405010364010400EE
:10F6C0003075000060010400A70501036401040017
:10F6D000DC05000064010400581B00006001040008
:10F6E000AF0501036401040000000F006401040081
:10F6F000C800000060010400B205010364010400B9
:10F7000000000200640104000000640060010400C5
:10F71000BB05010364010400A861701760010400C7
:10F72000C405010364010400BE0000006001040080
:10F73000380C0100640102000000000060010400B8
:10F7400003000200640104001F00000060010400C7
:10F750000400020064010400FF03000060010400D3
:10F7600005000200640104001F00000060010400A5
:10F7700006000200640104000700000060010400AC
:10F78000070002006401040004000000600104009E
:10F790000800020064010400FFFF00006001040093
:10F7A0000900020064010400000000006001040080
:10F7B0000A0002006401040000000000600104006F
:10F7C0000B0002006401040000000000600104005E
:10F7D0000C0002006401040000000000600104004D
:10F7E0000D0002006401040000000000600104003C
:10F7F0000E0002006401040000000000600104002B
:10F800000F00020064010400000000006001040019
:10F8100010000200640104001F00000060010400E9
:10F8200011000200640104000000000060010400F7
:10F8300012000200640104000000000060010400E6
:10F8400013000200640104000000000060010400D5
:10F8500015000200640104000000000060010400C3
:10F86000160002006401040000000000FFFF000019
:10F870000000000086060200D00900008006020099
:10F880003E3E0000820602003E0200000007020029
:10F890003C00000084060200120200006001040027
:10F8A0000300010064010200C000000060010400C8
:10F8B00003000100660102000A000000600104006C
:10F8C0000400010064010200140000006001040053
:10F8D00007000100640102008301000060010400D0
:10F8E0002500010064010200F40100006001040031
:10F8F000C5050100660102002B0400006001040040
:10F90000C60501006401020000010000600104005E
:10F91000E1010100640102003C00000060010400FC
:10F92000E6010100660102003400000060010400ED
:10F93000EC010100640102003000000060010400DD
:10F94000F1010100660102002C00000060010400CA
:10F95000F7010100640102002C00000060010400B6
:10F96000FC010100660102002800000060010400A3
:10F97000020201006401020028000000600104008E
:10F98000070201006601020028000000FFFF0000DE
:10F9900000000000ED9F8000C1AD8000DDAE800062
:10F9A000F9AB8000B5B0800065AF8000C9B08000C1
:10F9B000DDB0800071AD800085AD800009AC8000B5
:10F9C00005B18000FDAA8000A1B0800065AE800076
:10F9D00035AA800081A18000C5A1800031A88000E7
:10F9E0008DA8800019A8800079AF8000B1A68000A2
:10F9F000ADAB80008DAB8000E5AB80008DA38000B7
:10FA00007DAB800079A28000F5A3800045A780002F
:10FA100045A0800039A1800065A3800039A0800046
:10FA200055A080002D9F8000399F800000000000BD
:10FA3000000000000000000075A3800061A88000A5
:10FA400039A8800071A2800095A78000219F8000C6
:10FA5000199F8000B9A0800085A08000E59E8000ED
:10FA6000280000000F00000004010000080700004B
:10FA70000007070000070400000004040000040061
:10FA8000000000010100000000000000030300006E
:10FA9000000000000000000000000000B1080000AD
:10FAA000000000000404040404010400E20400084F
:10FAB0000A0000006A1000000000000000000000C2
:10FAC00031060000DDC88D000404040404010400B4
:10FAD000E20400080A0000006A10000000000000B4
:10FAE00000000000310400008C2EBA00040404045D
:10FAF00004010400E20400080A0000006A1000008B
:10FB000000000000181800000000000000060600B9
:10FB1000000000000000000000000000311900009B
:10FB20000000A0000C0C0C0C0A030400E204000806
:10FB30000A0000006A100000000000000000000041
:10FB4000B1120000277662000C0C0C0C0A030400B2
:10FB5000E20400080A0000006A1000000000000033
:10FB600000000000B10C00001443FD000C0C0C0C54
:10FB70000A030400E20400080A0000006A10000002
:10FB8000E02E01010150000000000000C832020117
:10FB900001490000899DD80040380301014200005E
:10FBA000AAAAAA00003C0401013E00000000800057
:10FBB000483F0501013B0000D05E4200A041060124
:10FBC0000139000049922400004B07010132000076
:10FBD00000000000584D080101300000071F7C00A4
:10FBE000204E09010130000000000000C05D0A0144
:10FBF0000128000000000000A8610B0101260000A0
:10FC00006666660090650C0101240000C44EEC009D
:10FC100030750D01012000000000000040830E013E
:10FC2000011C00002449920018920F0201330000C9
:10FC3000F93E56000096100201320000000000005C
:10FC4000409C1102013000000000000080BB120245
:10FC5000012800000000000020CB13020124000056
:10FC6000C44EEC0000000000000000000000000096
:10FC7000626F617264666C61677333007370757272
:10FC8000636F6E66696700000000000000000000FE
:10FC9000B1190000ABAA0A000B0C0C0C0A030400FB
:10FCA000E20400080A0000006A10000000000000E2
:10FCB00000000000B1120000143BB1000B0C0C0C52
:10FCC0000A030400E20400080A0000006A100000B1
:10FCD0000000000000000000310D00007A05340033
:10FCE0000B0C0C0C0A030400E20400080A000000DC
:10FCF0006A10000000000000121000000000000068
:10FD00000000000000000000B119000000004000E9
:10FD10000C0C0C0C0A030400E20400080A000000AA
:10FD20006A1000000000000000000000B112000096
:10FD3000FF88D8000C0C0C0C0A030400E204000835
:10FD40000A0000006A10000000000000000000002F
:10FD5000B10D0000F0FF4E000C0C0C0C0A03040067
:10FD6000E20400080A0000006A100000060000001B
:10FD7000BC010000C542000031420000894500007E
:10FD80007800000001000000394000003F40000002
:10FD9000414000008000000068000000FB440000BB
:10FDA000F7440000D144000067E6096A85AE67BBEE
:10FDB00072F36E3C3AF54FA57F520E518C68059B4D
:10FDC000ABD9831F19CDE05B982F8A4291443771DC
:10FDD000CFFBC0B5A5DBB5E95BC25639F111F159CE
:10FDE000A4823F92D55E1CAB98AA07D8015B831210
:10FDF000BE853124C37D0C55745DBE72FEB1DE80BC
:10FE0000A706DC9B74F19BC1C1699BE48647BEEFEA
:10FE1000C69DC10FCCA10C246F2CE92DAA84744A75
:10FE2000DCA9B05CDA88F97652513E986DC631A8EB
:10FE3000C82703B0C77F59BFF30BE0C64791A7D5CA
:10FE40005163CA0667292914850AB72738211B2E52
:10FE5000FC6D2C4D130D385354730A65BB0A6A763A
:10FE60002EC9C281852C7292A1E8BFA24B661AA846
:10FE7000708B4BC2A3516CC719E892D1240699D656
:10FE800085350EF470A06A1016C1A419086C371ECF
:10FE90004C774827B5BCB034B30C1C394AAAD84EAD
:10FEA0004FCA9C5BF36F2E68EE828F746F63A578E8
:10FEB0001478C8840802C78CFAFFBE90EB6C50A47B
:10FEC000F7A3F9BEF27871C60123456789ABCDEF80
:10FED000FEDCBA9876543210F0E1D2C314203040E0
:10FEE0001C2010776C2564002530347800776C2551
:10FEF000643A2025732025732076657273696F6ECE
:10FF000020257320465749442030312D25780A009A
:10FF10004E6F7620323920323032310032323A346C
:10FF2000393A303900617020007374612000776DB8
:10FF30006520003830322E31316420003830322EC6
:10FF40003131682000726D20006361632000616DB3
:10FF50007064752000616D7064755F747820006155
:10FF60006D7064755F72782000616D73647572786E
:10FF70002000616D73647574782000726164696F2C
:10FF80005F70777273617665200070327020006D4B
:10FF90006368616E20006466727473200074787008
:10FFA000777263616368652000737462632D74788F
:10FFB0002000737462632D72782D31737320007783
:10FFC0006E6D20006273737472616E7320006D66D3
:10FFD0007020007361652000696461757468200099
:10FFE000746B6F2000776C63006770696F6F757456
:10FFF00000000000E156010002000080080000003F
:020000041003E7
:100000003D6F8900E20000000100000000000000D8
:10001000000000000000000002000000000031317C
:10002000640031316800313175005458204D43531C
:1000300020203A0020202564282564252529000A4F
:1000400020202020202020203A000000A1878900C5
:100050000700800001000000000000000000000018
:10006000000000005258204D435320203A00617098
:10007000707300615F77706100615F777061690024
:1000800025733A20686F73745F656E616220256422
:100090000A0062737363666700627463006274636C
:1000A0005F646F735F7374617475730095570100BB
:1000B0000E0000000700000000000000000000002B
:1000C00000000000636D005F5F004B520000000005
:1000D000BC580100E0ED88000000000000000000B6
:1000E000B058010000000000AA580100A458010007
:1000F0000000000000000000805801002C590100A1
:10010000885801007FB200000000000000000000DD
:1001100000000000000000000000000000000000DF
:1001200000000000000000000000000000000000CF
:1001300090580100000000000000000000000000D6
:1001400000000000000000000000000000000000AF
:10015000000000000000000000000000000000009F
:10016000000000000000000000000000000000008F
:10017000000000000000000000000000000000007F
:10018000000000000000000001000000B158010064
:100190000000000000000000323032312D31312DDE
:1001A00032392032323A34323A3434000000FF001F
:1001B00000000000FF00000000236E000000FFFFB1
:1001C000F00000000000000000000000434C4D2043
:1001D0004441544100000C000200392E31302E33CE
:1001E0003900000000000000000000000000312E77
:1001F00032392E3400000000C4580100C8570100F5
:10020000436C6D496D706F72743A20312E33362E07
:1002100033000000000000000000000000004272F7
:100220006F6164636F6D2D302E30000000000000A0
:10023000000000000000000000000000636E747207
:10024000790064756D705F696E666F001385890053
:100250000000004008000000000000000000000056
:10026000000000006576656E7471006662740000BF
:10027000115A010016000000775A01001800000012
:100280008F5A01001B000000275A01001C000000CB
:100290009CEF88000E000000DA59010033000000D6
:1002A000DA59010033000000435A01003400000015
:1002B000435A010034000000435A0100340000009A
:1002C0009BEF880001000000D05901000A000000E7
:1002D0009AEF88000100000003103036373839F4F7
:1002E000FFDD000102030406070809202528292351
:1002F0002A32300B0C424746333F4043363A3C3BB0
:100300002D3D484A7F596145626B6C6F70BFC0C319
:10031000C4C744F4DD69656D000001322124302E2C
:1003200046363B2D487F595E6BBFC74485F4DD01DF
:10033000320C354146303637393A382D3D484A7F00
:100340005A5F58646EBFC0C744F4DD000102030465
:10035000060507080920252829232A32300B0C2EF0
:10036000333F4043424746363A3C3B2D3D484A7F67
:100370005659456B6C6F70BFC0C3C4C744F4DD01F0
:10038000320C35414636373A382D3D484A7F5A5F60
:100390006EBFC0C744F4DD0001322124302E463642
:1003A00037393B2D487F595E57636BBFC744859CE7
:1003B000F4DD696572006C71004449524543542D67
:1003C000007068790000A40400400000A4040080CC
:1003D0000080D00420000000A404FF010000A40459
:1003E00000040004A504FF032C01A50400E000A004
:1003F000A504001C00000D04FF0340000D04007064
:100400000040A204FF034000A20400700040A804C2
:10041000FF000100D004C07F00000C05FF010000B8
:10042000A60400800080A604FF01FF009A04FF01DB
:10043000FF00F40900800080F40900380020F4096E
:10044000FF0337009904FF0378009F0400C00040B9
:100450009F04FF039001D70408000800D704007030
:100460000020AC093C001400F80904000400706B83
:10047000745F66696C746572000000000C00000017
:10048000FFFFFFFFFFFFFFFFFFFFFFFF70726F74B3
:100490005F670070726F745F6E000000EC5B0100BC
:1004A0000700000007000000FD5B010006000000DF
:1004B000010000000000000000000000000000003B
:1004C000534145204861736820746F20456C656D09
:1004D000656E7420753120503100534145204861CC
:1004E000736820746F20456C656D656E742075327D
:1004F000205032007361655F6D61785F7077655F72
:100500006C6F6F70007361655F7077655F686E70A8
:100510005F656E61626C6500405C01002700000051
:1005200007000000585C01002800000007000000E0
:100530006E5C0100260000000700000000000000C3
:1005400000000000000000007374665F74656D7049
:100550005F6D696E5F647574795F6379636C650064
:100560007374665F74656D705F6D6F6E69746F72C2
:100570005F74696D65007374665F74656D705F7438
:1005800068726573680069647375700074706300E5
:10059000747863007761706900000000000000005B
:1005A0000000000000000000600A00008038010028
:1005B000736470636D6465760000000000000000E5
:1005C000005D0100000000000000000000000000CD
:1005D000000000000000000000000000C5DF8000F7
:1005E00045F6800059F68000C9DF8000BDDF80003D
:1005F00089DF800051DD80000000000055F680009A
:100600000000000000000000C57C0100A17C01008A
:100610008B7C0100E1F6800000000000A5F6800060
:10062000F9F68000C1F68000EDF6800000000000C1
:10063000000000000000000015880100698801002A
:100640000000000011880100258C0100F5890100DF
:1006500059890100000000000000000000000000B7
:100660000000000000000000C5890100000000003B
:100670001D1E1C0B80BA8C0100C20100F20000009C
:100680008100000010000000C0AD3A0200C201006D
:10069000EC0000008100000022000000776C0000E8
:1006A000000000000000000000000000C05D01002C
:1006B000000000000000000000000000000000003A
:1006C000000000000000000035E201001D8E8100E6
:1006D000E9898100298F810000000000B58C81002C
:1006E00000000000FD8D81000000000000000000FF
:1006F00000000000000000000100030003000600ED
:1007000000000300030003000E000D000E000E00A9
:100710000E00020009000C000A0008000D00010094
:1007200009000C000A0008000D00010009000C007F
:100730000A0008000D00010009000C000A00080072
:100740000D0001000A000D000B0009000E00020060
:100750000A000D000B0009000E000200090039001C
:1007600016000E000E0005000900390016000E00EC
:100770000E0005000A000D000B0009000E00040029
:100780000A000D000B0009000E0002000A000D0017
:100790000B0009000E0002001400BF00C00015008D
:1007A000110005001400BF00C00015001100050075
:1007B0001400BF00C0001500110005001400BF00A8
:1007C000C0001500110005001400BF00C000150096
:1007D000110005000900390016000E000E0005008A
:1007E0000900390016000E000E0005001400BF00BD
:1007F000C0001500110005000900390016000E00A8
:100800000E0005000900390016000E000E0005005C
:100810009600DE00DF001500110005001400BF0087
:10082000C0001500110005000900390016000E0077
:100830000E0005000900390016000E000E0005002C
:100840000900610016000E000E00050009003900C5
:1008500016000E000E0005000C00B6001900110075
:10086000110008000900390016000E000E000500F6
:100870000900B60019001100110008000900B600B7
:1008800019001100110008000900B600190011003C
:10089000110008000900390016000E000E000500C6
:1008A0000900B60019001100110008000800370007
:1008B00016000E000E0005000900B6001900110018
:1008C000110008000000000000000000000000000F
:1008D0000000000000000000000000000000000018
:1008E0000000000000000000000000000000000008
:1008F00000000000000000000000000000000000F8
:1009000000000000000000000000000000000000E7
:1009100000000000000000000000000000000000D7
:1009200000000000000000000000000000000000C7
:1009300000000000000000000000000000000000B7
:1009400000000000000000000000000000000000A7
:100950000000000000000000000000000000000097
:100960000000000000000000000000000000000087
:100970000000000000000000000000000000000077
:100980000000000000000000000000000000000067
:100990000000000000000000000000000000000057
:1009A0000000000000000000000000000000000047
:1009B0000000000000000000000000000000000037
:1009C0000000000000000000000000000000000027
:1009D0000000000000000000000000000000000017
:1009E0000000000000000000000000000000000007
:1009F00000000000000000000000000000000000F7
:100A000000000000000000000000000000000000E6
:100A100000000000000000000000000000000000D6
:100A200000000000000000000000000000000000C6
:100A300000000000000000000000000000000000B6
:100A400000000000000000000000000000000000A6
:100A50000000000000000000000000000000000096
:100A60000000000000000000000000000000000086
:100A70000000000000000000000000000000000076
:100A80000000000000000000000000000000000066
:100A90000000000000000000000000000000000056
:100AA0000000000000000000000000000000000046
:100AB0000000000000000000000000000000000036
:100AC0000000000000000000000000000000000026
:100AD0000000000000000000000000000000000016
:100AE0000000000000000000000000000000000006
:100AF00000000000000000000000000000000000F6
:100B000000000000000000000000000000000000E5
:100B100000000000000000000000000000000000D5
:100B200000000000000000000000000000000000C5
:100B300000000000000000000000000000000000B5
:100B400000000000000000000000000000000000A5
:100B50000000000000000000000000000000000095
:100B60000000000000000000000000000000000085
:100B70000000000000000000000000000000000075
:100B80000000000000000000000000000000000065
:100B90000000000000000000000000000000000055
:100BA0000000000000000000000000000000000045
:100BB0000000000000000000000000000000000035
:100BC0000000000000000000000000000000000025
:100BD0000000000000000000000000000000000015
:100BE0000000000000000000000000000000000005
:100BF00000000000000000000000000000000000F5
:100C000000000000000000000000000000000000E4
:100C100000000000000000000000000000000000D4
:100C200000000000000000000000000000000000C4
:100C300000000000000000000000000000000000B4
:100C400000000000000000000000000000000000A4
:100C50000000000000000000000000000000000094
:100C60000000000000000000000000000000000084
:100C70000000000000000000000000000000000074
:100C80000000000000000000000000000000000064
:100C90000000000000000000000000000000000054
:100CA0000000000000000000000000000000000044
:100CB0000000000000000000000000000000000034
:100CC0000000000000000000000000000000000024
:100CD0000000000000000000000000000000000014
:100CE0000000000000000000000000000000000004
:100CF00000000000000000000000000000000000F4
:100D000000000000000000000000000000000000E3
:100D100000000000000000000000000000000000D3
:100D200000000000000000000000000000000000C3
:100D300000000000000000000000000000000000B3
:100D400000000000000000000000000000000000A3
:100D50000000000000000000000000000000000093
:100D60000000000000000000000000000000000083
:100D70000000000000000000000000000000000073
:100D80000000000000000000000000000000000063
:100D90000000000000000000000000000000000053
:100DA0000000000000000000000000000000000043
:100DB0000000000000000000000000000000000033
:100DC0000000000000000000000000000000000023
:100DD0000000000000000000000000000000000013
:100DE0000000000000000000000000000000000003
:100DF00000000000000000000000000000000000F3
:100E000000000000000000000000000000000000E2
:100E100000000000000000000000000000000000D2
:100E200000000000000000000000000000000000C2
:100E300000000000000000000000000000000000B2
:100E400000000000000000000000000000000000A2
:100E50000000000000000000000000000000000092
:100E60000000000000000000000000000000000082
:100E70000000000000000000000000000000000072
:100E80000000000000000000000000000000000062
:100E90000000000000000000000000000000000052
:100EA0000000000000000000000000000000000042
:100EB0000000000000000000000000000000000032
:100EC0000000000000000000000000000000000022
:100ED0000000000000000000000000000000000012
:100EE0000000000000000000000000000000000002
:100EF00000000000000000000000000000000000F2
:100F000000000000000000000000000000000000E1
:100F100000000000000000000000000000000000D1
:100F200000000000000000000000000000000000C1
:100F300000000000000000000000000000000000B1
:100F400000000000000000000000000000000000A1
:100F50000000000000000000000000000000000091
:100F60000000000000000000000000000000000081
:100F70000000000000000000000000000000000071
:100F80000000000000000000000000000000000061
:100F90000000000000000000000000000000000051
:100FA000000000002DE9F84305468846FBF33EF2B9
:100FB00000212846FBF382F3044628466E69AF6998
:100FC000F3F3F0F30A2E814616D90F2E16D02846D9
:100FD000FAF31EF5142E054603D9A36823F008037F
:100FE000A360A368142E43F00103A36014D9A3687F
:100FF00043F00803A3600FE0022E0FD92846FAF34E
:1010000075F5D4F8A430054623F0FF0343F002033E
:10101000C4F8A430022303E0012301E0104D302383
:10102000A268D20707D407F01802082A0CBFB5FB44
:10103000F3F54FF4E11507F0030700260BE004F584
:101040004073B8F1000F05D03002181849462A46FF
:101050000023C0470136BE42F1DBBDE8F88300BF84
:1010600000C63E052DE9F8431646984604460D464F
:10107000FAF374F5002107462046FBF31FF3002224
:1010800081461346134988184068B0B90C2253436F
:10109000CA18CE505560C2F808802046FBF3C6F14E
:1010A000D9F824300C4D1E432E602046FBF3BEF1D0
:1010B0002B680125C9F8243004E001330C32052BDC
:1010C000E0D1002520463946FBF3F8F22846BDE87A
:1010D000F88300BFBC5F0100E403000038B5124C88
:1010E000002148222046F0F365F4104A012384E8E9
:1010F0000C0000250E491F2204F10C00F0F332F51C
:1011000084F82B50F5F31CF34FF40023A3634FF442
:101110000003E363074B20632364074B6563DB69CC
:101120006564A36038BD00BF1860010044454247B4
:10113000403901001C2B0900706001004369142B29
:1011400001DDFAF317B57047436910B50A2B044661
:101150000ADD064901220346FFF784FF20460121EC
:10116000BDE8104007F096BA10BD00BF8916000018
:10117000C36910B5590704460CD5074B00221968FE
:10118000FBF3B4F00549204610222346BDE8104089
:10119000FFF768BF10BD00BF2C040000FDB1800048
:1011A000134B13B51360134601E0114C1C6004335C
:1011B000ADF17C04A342F8D3C41C24F003040D4B0E
:1011C000091B0D481960002303600C4808390360AF
:1011D0000B4884E80A0003600A4802600A4802F5E6
:1011E00000520260094A1360EAF7C6FE44601CBD63
:1011F0004B415453F4030000140400004804000061
:10120000046001006860010010600100F00300004C
:1012100008B500211420EAF7BDFE054B0021186037
:101220001422F0F3C7F3BDE80840F5F301B100BFA5
:10123000300400002DE9F0474D1C2946824605F098
:10124000A1FB134C206000B34FEA850948460021FA
:10125000EAF7A0FE0F4F804638600F4E68B14A464D
:101260000021F0F3A7F320680021F0F33FF73B687B
:1012700000221A603560BDE8F0875046216805F00D
:10128000D5FBC6F80080C4F80080BDE8F08700BF39
:10129000F8030000E803000004040000F0B5184F54
:1012A00085B00F21386805F0C3FA0F2803903E4639
:1012B00024D184200021EAF76DFE124C2060D0B1C9
:1012C00000218422F0F376F30025012304AA42F8DA
:1012D000043D00950195386821684FF4F06305F0EE
:1012E000D5FA0130206803D03221ECF751FA05E03D
:1012F000EAF7D8FE2560306805F0B8FA05B0F0BD11
:101300002C04000044040000B1F5E06F73B50446FE
:101310000E46154606D103690091002101911E6811
:101320000A460CE00D4B00221868FBF3B9F10146A8
:1013300080B123690022009601921E6820462B4648
:10134000B04738B1064BA0611A68656122621C6023
:10135000002001E04FF0FF307CBD00BF0004000022
:10136000F85F01002DE9F84310200C46002191465A
:101370009846EAF70FFE054620B3144E3068FAF39C
:10138000EDF3099B074623B9306821464A46FBF333
:1013900087F13068FAF35CF501238340089AEB602B
:1013A000AA600B4AC5F8048011681560094A2960D3
:1013B000116830680B4313603946FBF37FF100205E
:1013C000BDE8F8836FF01A00BDE8F8830004000060
:1013D0003C0400001004000013B500210446FBF398
:1013E0006DF1174B1860174B00F57060186063695A
:1013F000222B12DDE36958060FD540F627010022A3
:101400002046FAF311F501462046FBF357F10E4B47
:10141000002118602046FBF351F100204FF40061D9
:1014200002460A4B00900190FFF79CFF28B1012073
:1014300002B0BDE81040F4F377B602B010BD00BFB3
:10144000240400009460010034040000E9B180002D
:1014500073B5374B374C0193374B00212022204680
:101460001D682669F0F3A6F201232360334B266141
:101470001B68E36145F8044C00F048FCADF5FE51F3
:101480003C390A462E48FFF78BFEF4F33DF3F4F3A4
:10149000A5F700F073F8FFF721FE002006F0D4FD59
:1014A000284D294C286007F00FFA2060FFF794FFC1
:1014B000FFF7AEFE206800F029FB206806F0E8FD8B
:1014C000224B20681A6802F580321A60204B1A6895
:1014D00002F580321A601F4B1A6802F580321A60DA
:1014E00000F0C0F800221C481C49F5F3E7F0022286
:1014F0001B481C49F5F3E2F000221B481B49F5F399
:10150000DDF000221A491B48F5F3D8F02068FFF7F8
:1015100015FE2068FFF718FE2068FFF729FE2868EF
:1015200040F28F11FFF786FEFFF7B8FE20687CBD02
:10153000ADDEADDE70600100945C010090600100E2
:101540008C6A03002C04000000040000F403000077
:1015500014040000046001008DDA8900891900007C
:101560001385890041B48000943B010091B680004E
:101570001DB28000973B01007047000070B5174D09
:101580002C682CBBB0202146EAF704FD286010B37C
:101590002146B022F0F30EF24FF4806021462E680F
:1015A000EAF7F8FCB060286886681EB9EAF77AFDA9
:1015B0002E600DE04FF48062C26021463046F0F3A9
:1015C000F9F12B68064A20461360064A536170BD44
:1015D0004FF0FF3070BD4FF0FF3070BDA8600100CC
:1015E000500400007060010070B5184C0546236877
:1015F00033B9174E33680BB9FFF7C0FF3368236068
:10160000206808B300230360C0F89C3043600123C6
:1016100080F8A4306B6C0E3B012B03D928460D4992
:10162000FFF7C0FC0C4B9A6812B12268C2F89C30DC
:1016300020680123C0F89C30F5F31EF007480849E4
:101640002268F5F33BF0206870BD00BF5004000035
:10165000A8600100716C010098600100242B8700D4
:1016600011BE800010B50023044610220A49FFF77E
:10167000F9FC00212046FAF365F7002220464FF4DA
:10168000A051EDF76DFF054B002220469A60BDE8A2
:101690001040FFF7A9BF00BFE5BC800098600100C3
:1016A00038B504460D4651B11020F5F39FF1044BB7
:1016B000186020B180E830004FF4F063836038BDDB
:1016C000AC600100134B02461B68006810B500F4C3
:1016D0007041DC1E090B042C08D800F47060000A6D
:1016E0000E30012313FA00F0484310BD072B0CD82D
:1016F000002010BD43F480741461146C013304F0B5
:101700007F0401346403001901E0002318468B4272
:10171000F0D110BD5014000003684068181823F081
:101720000703083398428CBF002001207047000057
:10173000044B054A186890421ABF00F108021A606B
:1017400000207047A05C0100001000002DE9F3416B
:1017500090E8480023F00704083413F0070202D190
:101760009D19AC424AD035468068002203E0875C70
:101770000DF802700132B242F9D19E18A64204D986
:1017800000293DD0361B951B00E0002623F00707FB
:10179000C7EB030C002204E012F8078000F8028077
:1017A00001326245F8D18218002003E01DF8007074
:1017B00017540130A842F9D15B195219E71A0020D9
:1017C00004E013F800C002F800C00130B842F8D1BC
:1017D000002E18DD00AB5D190023EA5CCA5401330A
:1017E000B342FAD1C918E4180022C3F1080302E099
:1017F000A05C885401329A42FAD104E0104603E01A
:101800004FF0FF3000E00020BDE8FC812DE9F047FB
:101810001C4B1D4C0026C4EB03081C4B4FEAA808C8
:1018200003FB08F8474629E02368D4F808A023F012
:10183000070900251AF8052015F809309A4202D048
:101840000120F4F371F40135082DF3D12046FFF7A0
:1018500063FF88B90E4B054603EBC70A013705EB5A
:1018600009031AF805201B7A9A4202D00120F4F3EA
:101870005BF40135082DF2D101360C344645D3DB3B
:10188000BDE8F0879013000000100000ABAAAAAAE0
:1018900000080000144B2DE9F0471B68134D9B68AE
:1018A000134F03F00F097F1B0123124A03FA09F9B2
:1018B000BB1002FB03F80026444606E02846FFF76B
:1018C0002BFF00B9013401360C354645F6DB2246C4
:1018D000BB104FF0553404FB032307484946BDE8CD
:1018E000F047F0F38DB000BF4C1400000010000072
:1018F00090130000ABAAAAAAA93B010041F4003151
:1019000038B5426304460163652502E00A20F4F31A
:1019100055F5236B002B01DB013DF7D138BD836A00
:1019200043F0004383627047836A23F0004383627D
:101930007047F8B58668054601240F4606F00F0685
:10194000FFF7F2FF14FA06F6AC62EF62002405E03E
:10195000A1B228460022FFF7D1FF0134B442F7DBE1
:10196000F8BD00002DE9F041FFF7E2FE194E1A4BD9
:10197000DFF87080194FF61A194BC8EB07070028DB
:1019800014BF05461D4604465D1BFFF783FF47B1A4
:10199000002140463A46F0F30DF040463946F4F354
:1019A00083F146B100210C483246F0F303F00A48B7
:1019B0003146F4F379F155B1002120462A46EFF380
:1019C000F9F720462946BDE8F041F4F36DB1BDE8D2
:1019D000F08100BF9013000000100000000800001C
:1019E00000100000C5040000424B2DE9F74F1D68B0
:1019F00041492846FFF79DFF404A414BA968D31A49
:101A0000404A9B105A43019271D0012001F00F010E
:101A100010FA01F18A4201DDF4F386F32846FFF75C
:101A200051FE394BA0F1040B1A6899460E2A01D8D1
:101A3000861000E001264FF00008314C4CE063684E
:101A4000013B072B01D8A36813B90120F4F36CF311
:101A50002046FFF761FE38B9FFF76AFE074620B956
:101A60000120F4F361F300E0002720463946FFF738
:101A70006DFE10B10120F4F357F3DFF87CA0A168EC
:101A80002268D9F80030CAEB010122F00702C91020
:101A90000E2B96BF02EA0B02324346EA920289B24B
:101AA0002846FFF72BFFA7B12268D9F8003022F0B3
:101AB0000702CAEB07010832C9100E2B98BF02EAD1
:101AC0000B0289B28CBF324346EA92022846FFF7E6
:101AD00015FF08F101080C34019B9845AFDB28463F
:101AE000FFF71DFF03B0BDE8F04FFFF78FBE03B057
:101AF000BDE8F08F4C1400000008000090130000B7
:101B000000100000ABAAAAAA501400002DE9F74368
:101B10000446FAF38BF4204600F008FA6B48EAF723
:101B20001DF92046F2F334F600F578704FF47A731D
:101B30000730674FB0FBF3F038602046F2F328F629
:101B4000644B654AC3186169B3FBF2F3634A222907
:101B50001360634E634D04DDE369580601D53368B5
:101B600000E02B6803F5C2630433D3F800E030686B
:101B70002B68222905DDE269520602D500F5C26212
:101B800001E003F5C262043212689645F1D02229C1
:101B900005DDE269520602D500F5C26301E003F5F6
:101BA000C2630433D3F80080EAF7B8F8316881469D
:101BB00060692A681025222805DDE3695B0602D5E5
:101BC00001F5C26301E002F5C26304331B68984566
:101BD000F1D0222805DDE3695E0602D501F5C26376
:101BE00001E002F5C2630433013DD3F80080E2D185
:101BF000EAF794F83A68C9EB0006B2FA82F39A4021
:101C0000191FB2FBF6F2384B01321A604FF47A73A7
:101C1000A2FB03233548CA400160C1F1200113FA39
:101C200001F08018ECF742FB396804230FE0B5FAA5
:101C300085F2B6FA86F0013A8242A8BF0246964083
:101C400095409B18B6FBF1F201FB1266551915F091
:101C5000404FECD0264A1360264B40F2FF321D6005
:101C6000236A002B244BC8BF6FF07F421A60636960
:101C7000222B0CDDE369580609D5002040F6270128
:101C800002461E4B00900190FFF76CFB05E02046DA
:101C90001A4920220023FFF7E5F900201849F0F344
:101CA00001F5184D286078B10120F4F36DF220465B
:101CB0002D68F2F36DF5B5FBF0F04FF47A754543FE
:101CC000114BA5F5FA651D60BDE8FE83E91E000015
:101CD000A45C01003F420F0040420F00B40300002B
:101CE0003404000024040000A8030000AC0300003A
:101CF000A4030000A0030000B003000019B9800095
:101D00008C85020084040000800400000D4B00213B
:101D10001A6842F010021A601A6822F400721A60FF
:101D2000094A136843F0807343F480331360074B10
:101D300007221A6043F8041C59685A60044B202299
:101D40001A60704714ED00E0FCED00E0241000E0A4
:101D500000E400E070B504460E46FAF367F320464F
:101D6000F9F3FCF60546EAF75BFD40F62A01024668
:101D70002046FAF395F48269436926B142F00042A5
:101D800043F0004303E022F0004223F0004382616D
:101D9000294643612046BDE87040FAF38FB42DE92F
:101DA000F84304461E4690460D46FAF33FF320469C
:101DB000F9F3D4F64146324607462046FAF370F46A
:101DC0002046FAF345F00646EAF72AFD40F62A01D6
:101DD00002462046FAF364F44FF00108814685B1CB
:101DE00008FA06F5836933EA050502D14046E9F7AA
:101DF00087FF01360120B040E9F774FFC9F8185099
:101E00000EE0701C08FA06F608FA00F0E9F778FF11
:101E10004046E9F767FFD9F818301E43C9F8186043
:101E200020463946BDE8F843FAF348B4034630B1DA
:101E3000002000E01046421C5B08FBD17047704751
:101E40000346032B10B510460C461DD8FAB1022BE1
:101E50000BD0032B14D0012B03D0FFF7E7FF0D4B62
:101E600006E0FFF7E3FF0C4B02E0FFF7DFFF0B4B51
:101E7000186043F8044C5A6804225A60002010BDD0
:101E8000FFF7D4FF064BF3E76FF0010010BD6FF0D2
:101E9000010010BD241000E0341000E0441000E008
:101EA000541000E050B1431E034207D0002300E06D
:101EB00013465A1C4008FBD101209840704700008F
:101EC00070B5EAF7E3F90446EAF7DAF9164E241892
:101ED00026F4FE4626F0FF0606F50046A41B1ED09B
:101EE0000125B4F5004F0FD3284631464FF4004288
:101EF000FFF7A6FFB0B90135EDB2042DA4F50044FB
:101F000006F50046EDD170BD20465CB1FFF7CAFF73
:101F1000314602462846BDE87040FFF791BF4FF0BA
:101F2000FF3070BD70BD00BF8C6A03002DE9F8431F
:101F30000446FAF37BF2204640F60E010022FAF343
:101F4000AFF30546002838D02046FAF36BF201467D
:101F500018B920460A46F9F3F5F520462F68D5F85A
:101F60000080F9F303F60428064605D825D108F4C5
:101F7000E028B8F5403F20D100205049F0F392F31B
:101F8000D8B907F0F0073F090FE0013F072E2F6196
:101F900008D90C2E06D02B6C03F44063B3F5406FC8
:101FA00000D010B1464B01206B61002FEDD1D5F868
:101FB000E83123F01003C5F8E831EAF731FC40F6C8
:101FC0002A0102462046FAF36BF33E4D064628608E
:101FD000EAF726FC314602463B48EFF311F520466E
:101FE000F9F3C4F5394B18602B681A6842F0807217
:101FF0001A601A6842F002021A600022C3F8E02157
:102000006269272A05DDD3F8E02142F04002C3F8D7
:10201000E02140F2DD5602E00A20F4F3CFF12B6814
:10202000D3F8E0319B0301D4013EF5D100210B46EA
:1020300020464FF40062FFF7B2FE00210B46204617
:1020400040F61202FFF7ABFE00210B46204640F699
:102050002902FFF7A4FE20460121FFF77BFE0020A6
:102060001B49F0F31FF300B32046F9F377F506465A
:10207000EAF7D6FB40F62A0102462046FAF310F3AF
:10208000D0F814900746D0F898802046F9F366F50A
:102090000123834043EA09037B6148F00103C7F849
:1020A000983020463146FAF309F32B681A6A42F059
:1020B00003021A62BDE8F843FFF702BF97850200EA
:1020C000FF7F0121B0600100BB3C0100B86001004E
:1020D000A28502000721C0F8A4114021C0F8A81170
:1020E0004FF4F061C0F8C8111821C0F8CC110821D4
:1020F0000122C0F8D01106210A23C0F89C21C0F8A3
:10210000B021C0F8DC11C8221C21C0F89831C0F8F9
:10211000B42120231022C0F8E0110C21C0F8A03116
:10212000C0F8BC31C0F8C031C0F8C421C0F8D43107
:10213000C0F8E4110323C0F8E8210421C0F8F0211D
:102140000022C0F8D831C0F8EC11C0F8F421C0F872
:10215000FC21C0F80032704741F2E443984206D1B6
:1021600044F2F4300B1A584240EB03007047002051
:102170007047D0F81C1238B5044659B1806804F095
:10218000D0FB0546D4F81C02F4F33CF40023C4F859
:102190001C3200E00D46284638BD7FB504460623B4
:1021A00084200393F4F31CF4C4F81C02B8B100219A
:1021B0008422EFF3FFF300251C23A068D4F81C123F
:1021C00003AA0095019504F061FB0646013008D191
:1021D000D4F81C02F4F316F4C4F81C5201E04FF0DA
:1021E000FF36304604B070BD2DE9F04104460D467F
:1021F0001646984640F2E93702E00A20F4F3DEF092
:1022000063691A6D002A04DA013FF6D13846BDE849
:10221000F081069A46443602B2F1807F46F00046CD
:1022200003D12A7842F08072B6181E6540F2E93672
:1022300002E00A20F4F3C2F063691B6D002B03DB9C
:102240002B700120BDE8F081013EF2D13046BDE89F
:10225000F08100002DE9F0438BB01D46DDF8489079
:102260009F4B0846C3F8009011461746FFF774FFCE
:10227000002800F030814FF40B70F4F3B1F3044602
:10228000002800F0298100214FF40B72EFF392F344
:10229000A560C4F814902046FFF71CFF914B1E6800
:1022A000C4F818621EB13678003618BF012604F152
:1022B0002808404602214122F0F382F400230093D3
:1022C00001930293384629464A46139B06F024FBA5
:1022D000E060002800F0FA80F9F338F42060E0684C
:1022E000F9F344F46769804A7B68804903F001038D
:1022F00083F00103D4F800C0002B18BF114684F806
:102300007A3140F629039C456060D4F808E0E26821
:1023100007F5007303D110B107F5087701E007F561
:1023200004770097D4F8BC010190D4F8C001029062
:10233000D4F8C80103904FF0FF300490D4F8C401E2
:1023400005900820069000200790704604F04EFC8F
:102350006062002800F0BA80D4F81812644FB9B156
:102360000B78ABB1D7F8B030984762492246D4F821
:102370001802F0F32DF3D4F818025F49224604F056
:10238000F1FA2EB12046FFF708FF002840F09E80AA
:1023900002210A46D7F8B830606A984720460021E3
:1023A000E2682B4600F06EF92061002800F08E8074
:1023B00000210B462046514AF3F336F50023C4F8BA
:1023C000940184F87D314E48F5F304F010B3EFF337
:1023D00047F5012383404B48C4F88431F4F3FAF7FE
:1023E00010B1EFF33DF508B1D4F88401C4F88801C9
:1023F00045490020F0F356F1030CA4F88C31A4F801
:102400008E013BB100212046404A0B46F3F30CF508
:10241000C4F8900100203E49F0F344F1012808BFC0
:1024200084F822022046F6F391F4002835D00020EB
:102430000125C4F8A40184F82A523649F0F332F198
:1024400020B184F805523448EFF3DAF20020334922
:10245000F0F328F1C0B28DF8260068B100F00F004B
:102460004FF080730AA901F8020D4FF440720093F7
:1024700020460F23FFF7B8FE0AA9082301F8013D03
:10248000636900221D6F1A674FF080730093204626
:10249000F023FFF7A9FE63691D6721492246214801
:1024A000F4F30CF12048F3F3ABF7204B04F58472FE
:1024B000511C1A600332DA60D4F8F020596004F538
:1024C00085719960C3F810805A6105E02046F4F3E5
:1024D00099F2002400E0044620460BB0BDE8F083EA
:1024E0008804000044040000B9850200CB85020086
:1024F00010A7880051E78000CDE7800091F08000B0
:10250000E08502000A86020002860200EDE68000F5
:10251000D5850200C1850200E9850200AD85020073
:1025200095E68000E03C0100F9E28000BC6001001B
:1025300038B50025044680F87951006900F0DEF8CE
:102540002046F6F3F5F5E0682946F9F3F9F2D4F8F8
:10255000940128B1F3F3ECF3D4F89401F3F312F4FB
:10256000D4F8900128B1F3F3E3F3D4F89001F3F336
:1025700009F4E06805F078FFD4F81C3223B11B7829
:1025800013B12046FFF7F5FD2046BDE83840F4F3CF
:1025900039B210B58469A068FFF7CAFFE06805F09A
:1025A00061FD002010BD000010B5846900213422B7
:1025B00004F11C00EFF3FEF1034BA0686362246298
:1025C000F6F32AF3002010BD91F680002DE9F347C1
:1025D000274D99462B680646072B0F46924640DC4E
:1025E00005F032FD80465020F4F3FAF1044600284D
:1025F0003AD000215022EFF3DDF12B68A4F81490BB
:1026000084E848002761C4F80C80204641F2E44188
:102610004A4643468DE88004FFF71CFEA06010B3D5
:1026200000200A990B9A134B8DE84004FEF79AFE9E
:10263000074618B1A068FFF77BFF12E0A068F6F329
:1026400067F12B68A0610F210B4A3046EFF318F2B7
:10265000F7730A483146EFF3D3F12B6801332B604F
:1026600002E0002400E004462046BDE8FC8700BFED
:10267000D4600100C1F68000338602001386020098
:10268000F4F3C0B12DE9F0411B4F98463B78054665
:10269000072B144626D85420F4F3A2F1064610B3B3
:1026A00000215422EFF386F13B78002286F8443073
:1026B00001333B700123B46086E82001A6F84C206A
:1026C000A6F85020A6F84E20A6F85220B3640420A5
:1026D000F4F386F10446306440B100210422EFF3A4
:1026E00069F100E000263046BDE8F0813046F4F3A1
:1026F00089F12646F7E700BFD8600100C26B1AB126
:1027000000235362826B5362C068FFF7B9BF0000B9
:10271000054A064BD17E1970117F5970517F99700F
:10272000927FDA70704700BF8C6A030090600100EE
:102730002DE9F04F8FB0E9F7A9FD474E474D3368BB
:10274000049005932B68B3F5805F00F28180444FBD
:1027500044493868EFF3A6F701287AD02B68DFF8F0
:102760001C910393D9F8003000240693DFF8108100
:102770002368DFF810A10793D8F80030DFF808B11C
:102780000893DAF80030384A0993DBF80030D7F8BC
:1027900000C00A93354B126819680C920B913449AA
:1027A000301D0968039A0D916146CDF808C0019368
:1027B000EFF37CF021462A683868EFF3FBF02D4AEE
:1027C000019BCAF800202849294A04981C6014601B
:1027D0000C604FF0FF32311A3C60C9F800402C60A9
:1027E000C8F80040CBF80040EFF38CF70599019B47
:1027F000CA439042DDF808C029D1039A06992A609D
:10280000C9F8001021681C4AC7F800C01160079A77
:1028100008992260099AC8F80010CAF800200A999D
:102820000B9ACBF800101A600F490C9B039A0B60AF
:102830000D9B0F4960460B60311DEFF337F02A689E
:10284000301D21460FB0BDE8F04FEFF3B3B0FEE707
:10285000FEE70FB0BDE8F08F8C6A03009C5C0100BE
:10286000985C0100828602004C14000048140000AD
:1028700050140000DDBAADBB38140000945C0100B8
:10288000441400003414000040140000704700009D
:10289000774B2DE9F04F1B6891B0043B012B03D817
:1028A000744B1868FFF7F2FFFEF7D2FD00210446D3
:1028B000F9F334F720460021F9F300F7054658B143
:1028C0002046F9F3B3F52B6A002B05DA2046F9F31D
:1028D000ADF54FF000432B62E9F7CBFF2046F9F34B
:1028E000CBF00EA90822EFF3F1F202462046D4F80D
:1028F00040B00B92F9F38CF082462046F9F388F051
:1029000081462046F9F384F080462046F9F3EEF044
:1029100007462046F9F3EAF006462046F9F3E6F0CA
:1029200005462046F1F334F7014620460C91F1F3B9
:102930002FF784462046CDF834C0F1F329F70B9ADF
:102940000C99DDF834C0029208F542484A4A05F570
:10295000424500F542400AF5424A09F5424908F568
:10296000A87807F5424706F5424605F5A87501F532
:1029700042410CF5424C00F5A870B8FBF2F8B5FBEB
:10298000F2F50CF5A87CB0FBF2F00AF5A87A09F58F
:10299000A87907F5A87706F5A87601F5A871B1FB27
:1029A000F2F1DFF8F8E0BAFBF2FA02FB1899B7FB94
:1029B000F2F702FB156602FB10C2CDF804E0DFF867
:1029C000E0E02E4BB2FBFEF2B9FBFEF9B6FBFEF6E1
:1029D000089109922A492B4A2B480093CDF80CB054
:1029E000CDF810A0CDF8149006970796EFF308F0F5
:1029F000264840F60D0144F2F432FEF785FC38B16A
:102A0000224840F6290144F2F432FEF77DFC20B959
:102A10001F4A204B1D4D1A6000E00025204605F09E
:102A20001BFE44F218334FF6FF72904214BF024669
:102A30001A4640F612011848FEF766FC16490028AF
:102A400018BF00214DB141B1124B28461B685B688D
:102A500098472B6928465B6898472046F9F3E6F4C7
:102A60002946FEF71DFE204611B0BDE8F08F00BFDD
:102A7000501400004C14000040420F007D860200FC
:102A80003F8602007E86020044860200A85C0100A8
:102A9000D45C01008C040000945D01004039010009
:102AA000A0860100084670472DE9F04FD1F8FC30B0
:102AB00091B00B9303F560630446099371E10E2214
:102AC000002320460BA9E8F3DBF50F280746204634
:102AD00002D1E8F373F56CE100220BA91346E8F389
:102AE000CFF510F00E0F40F061818B4E3A0D3E4055
:102AF00040F23B43360A00F4F8789A4208924FEAD3
:102B0000181804D140F6FF739E4200F04A8100F489
:102B100078534FEA532B002B00F0438100F4F82A3E
:102B200000F47803DB0C4FEA9A3A13EB0A0207939E
:102B300025D140F267339E4214D10CAB01930DAB0B
:102B400002930EAB03930FAB049320460BA91346DD
:102B50000092E8F335F5002800F023810C9BC4F8BF
:102B600058331EE140F2DC539E4208D040F20B5332
:102B70009E4204D040F627039E4240F01281D4F8D2
:102B8000D050314605F1B60344F8237005F1C60371
:102B900044F823002046FFF785FF04EB8503C3F8C4
:102BA000D40000270BE0012220460BA91346E8F3CE
:102BB00067F500F00E00022840F0F8800137474525
:102BC000F1D10CAB01930DAB02930EAB0027039335
:102BD0000FAB049320460BA93A463B460097E8F317
:102BE000EFF420B1B94627E04FF0010900E081463B
:102BF000402300930CAB01930DAB02930EAB0393F8
:102C000000220FAB049320460BA91346E8F3D8F437
:102C10000028E9D1B9F1010F0ED00D9B002B40F037
:102C2000C5800F9B002B40F0C1800E9AB2F5805FEB
:102C300040F0BC809946DBE70C9A04EB8503C3F8AF
:102C400014210E9A0127C3F8D4210CAB01930DABCC
:102C500002930EAB03930FAB0022049320460BA903
:102C60003B460092E8F3ACF460B1012F0AD10E9B11
:102C7000B3F5805F06D10C9904EB8502C2F894117C
:102C8000C2F8143201370028DFD137464FF001086F
:102C90002E4617E00025002300930CAB01930DABEB
:102CA00002930EAB03930FAB049320460BA942464D
:102CB0002B46E8F385F408B10135ECE7002D75D01B
:102CC00008F10108D845E5D135463E4600271FE00A
:102CD000C02300930CAB01930DAB02930EAB039397
:102CE0000FAB049320460BA93A460023E8F368F49F
:102CF00000285BD00F9B002B58D10E9BB3F5805F53
:102D000054D127B90C9A05F1A60344F823200137C2
:102D10005745DDD1002739E000FF0F0080230093E5
:102D20000CAB01930DAB02930EAB03930FABBBF156
:102D3000010F0CBF3A467A1C0493204600230BA9CE
:102D4000E8F33EF4089A40F23B439A420DD140F238
:102D500035139E4209D1D4F870330C9904EB8302E9
:102D60000133C2F87413C4F87033F8B10F9BEBB998
:102D70000E9BB3F5805F19D1BAF1000F05D127B9C9
:102D80000C9A05F1A60344F823200137079B9F42C4
:102D9000C4D1B9F1000F04D1D4F8D0300133C4F854
:102DA000D0300B9B099A9342FFF489AE0023C4F8FC
:102DB000D03011B0BDE8F08F10B5D0F870230023EB
:102DC00006E0D0F870134FF44C74C1F80049013399
:102DD00004309342F5D110BD2DE9F8430027044695
:102DE000154699460E46B84609E0304600210422B1
:102DF000EEF3E0F50137C6F80080B04676194F458E
:102E0000F3DBC4F80080BDE8F88370B50D460446D6
:102E1000D8B1D1B10E68C6B1B389CBB9738A03F00A
:102E20000303012B03D1F06908B1F3F3EBF5738AC7
:102E3000201D23F0040373823146EDF361F72389EB
:102E40000020013B2381286070BD6FF0010070BD40
:102E50006FF00F0070BD2DE9F74F0C9F01911646E2
:102E60009A46DDF834B0BDF838900546002857D0B2
:102E70000F9B002B54D0002952D0002A50D0BBF118
:102E8000000F4DD09BF80030002B49D000F1040812
:102E90004046EDF341F70446002844D0B9F1010F54
:102EA0000BD157B906FB0AF0F3F39AF5074638B988
:102EB00040462146EDF324F735E04FF0000800E0EE
:102EC0008046002124222046EEF374F5019B08225F
:102ED000A360638A204623F0030349EA030343F017
:102EE000040363825946EEF33DF60023B9F1010F66
:102EF000E3710CD1A4F814A0C4F81C80A66104F1FD
:102F00002000394632465346FFF766FF01E0EB6882
:102F100063612B89002001332B810F9B1C6004E02F
:102F20006FF0010001E06FF01A00BDE8FE8F2DE99F
:102F3000F84307460E461546002A2DD000282BD010
:102F4000002929DD1020F3F34BF5044640B300219E
:102F50001022EEF32FF5E760242707FB06F96681C0
:102F60004846F3F33DF5804630B92046F3F34AF581
:102F70006FF01A00BDE8F88300214A46EEF31AF517
:102F8000204640F8048B41463A463346FFF724FF7B
:102F90002C600020BDE8F8836FF00100BDE8F883E5
:102FA0006FF01A00BDE8F88370B5064660B104689A
:102FB00054B125895DB92068F3F324F52046F3F375
:102FC00021F53560284670BD6FF0010070BD6FF0CF
:102FD0000F0070BDFFF719BF1FB5002401920393C6
:102FE0000A46234600940294FFF735FF04B010BD53
:102FF000FFF70BBF51B1032902D80423136003E08C
:10300000033121F003011160002070476FF00100CF
:1030100070472DE9F04186B005460C461E46DDF8A6
:103020003080174612B31BB1B8F1000F03D11DE079
:10303000B8F1000F1AD12846214605AAFFF7DAFF9A
:10304000B0B92EB1059B7B4398450FD3B3070DD183
:103050000D9B28460193012302930E9B2146039367
:10306000059A3B460096FFF7F6FE01E06FF001007F
:1030700006B0BDE8F08110B5044690B1C36823B135
:10308000406804F10C01FFF7A5FFA36823B1606855
:1030900004F10801FFF79EFF2046BDE81040F3F35E
:1030A000B1B410BD2DE9FF41074610200D4616466C
:1030B0009846F3F395F40446F8B100211022EEF39C
:1030C00079F4124A27606560019204F10802002336
:1030D000029228460C2132460093FFF79AFF0346DE
:1030E00058B90B4A0090019204F10C020292284652
:1030F0000C214246FFF78DFF18B12046FFF7BBFFBA
:103100000024204604B0BDE8F08100BF9086020094
:1031100088860200FFF7AFBF80697047008A4000D1
:1031200070470000808ACB69B2FBF0F300FB1322EA
:10313000D2B242F000421B0642EA13438B610023E5
:1031400000E001338869094A002802DA9342F8D185
:1031500006E0934204D0C30005D4C0F3407070472A
:103160004FF6FF7070474FF6FF70704780969800DB
:1031700010B58468002364694B61302CC4BFD1F85A
:10318000F43003F47E03C1F8F430BDE81040FFF7DB
:10319000C9BF2DE9F041002480460F46160125469F
:1031A00040463946AA19FFF7E3FF4FF6FF739842EE
:1031B00006D0A84001350443102DA4B2F0D100E0A0
:1031C00004462046BDE8F081BF230B80FF23138017
:1031D0007047013906291DD8DFE801F0040A1C1CDC
:1031E000101C17002023438240238382802310E099
:1031F0004023438283824FF480730AE0602343823A
:10320000402383824FF4C07303E0102343824023A2
:10321000838203820020704701390A2919D8DFE828
:1032200001F006080A0C0E18101818181300402395
:103230000CE060230AE0802308E0A02306E0C0231E
:1032400004E04FF4807301E04FF4C0734382202305
:103250008382838A428A53431B1103820020704772
:103260006FF01600704770B50446058A8068F8F361
:1032700075F400210646A068F9F320F2A2685369AC
:10328000222B05DDC36C9B059B0D0733DB08A38553
:1032900010463146F9F312F2A38D6D00E81A023898
:1032A00070BD70B5044680680D461646F9F394F07B
:1032B00030B1204629463246BDE87040FFF769BF6D
:1032C00006F5806635F8160080B270BDF8B5044684
:1032D000806816460F46F8F341F400210546A068C1
:1032E000F9F3ECF13A4601462046FFF7DAFF2946AA
:1032F0003080A068F9F3E2F10020F8BD01392DE932
:10330000F84F044691461E460E2971D8DFE801F0B9
:1033100008187028707070347070707070703B0096
:1033200090F82E20838B0AB1C58C00E0C58BED1A76
:10333000A369D9052ED53368AB4233D3A78B36E0CA
:1033400090F82E20038C0AB1C58C00E0458CED1A54
:10335000A3699A051ED53368AB4223D3278C26E098
:1033600083694FF0020513F4806F13D03368012B8B
:1033700018D9876A02371AE0878CC58C8369ED1BE0
:1033800013F4006F05E0878BC58C8369ED1B13F484
:10339000407F04D135606FF01D00BDE8F88F3368C1
:1033A000AB4204D235606FF00D00BDE8F88FA06825
:1033B000F8F3D4F300218346A068F9F37FF14FF0CE
:1033C0000008824609E008EB070220465146FFF755
:1033D00068FF08F1010829F8020BA845F3D1A0689D
:1033E0005946F9F36BF1C6F800800020BDE8F88F6C
:1033F0006FF00100BDE8F88F73B50023ADF804301D
:10340000ADF80630836804465B690D46272B05DD61
:10341000CB691B051B0D1B11043B06E01B2B06D8BB
:103420004FF492629A4002D50C2383620EE0242B63
:1034300001D0272B04D1238A7F2B05D80C2304E04D
:10344000172B01D0182B01DD1423A362EB6903F4C1
:10345000E023B3F5803F0ED04FF00443AB6100236F
:1034600000E00133AA69002A2E4A02DA9342F8D119
:1034700057E0934255D02B69A26AA36103322046DC
:103480002946FFF70EFF284BA269000903401343AA
:10349000A36103F440730022B3F5407F84F82E202B
:1034A00002D1012384F82E30A36A0DF10602043301
:1034B000A383238A2046E383E38401A9FFF784FEE4
:1034C000BDF80620BDF80430D61AB6B216B1E383B3
:1034D0006384A284A369DB050AD520462946A26A33
:1034E000FFF7DFFE000980B200B1E083E38B00E06C
:1034F000A38B2384AEB92046FFF7B5FEA36900EB8A
:10350000D07040106084980509D5A26A20462946EB
:103510000132FFF7C6FE00096084A08401E0238C1D
:10352000A3847CBD8096980000FFFF00F8B5436936
:103530000546152B01D0162B3CDD2846F8F340F745
:103540000646002836D12846F8F33CF7002833D049
:103550002846F8F303F3314607462846F9F3AEF060
:103560000646EAF7FDF86B690446302B04DDF16985
:1035700001F47041090B03E0A96901F46011C90C61
:1035800091B1F36903F4E0231B0C012B03D1204616
:10359000FFF742FE03E013B92046FFF71AFE20466C
:1035A0003146FFF729FF00E00C4628463946F9F37B
:1035B00085F002E0002400E004462046F8BD08B58E
:1035C0004368DB68984708BD08B543681B6898479F
:1035D00008BD73B5002604460196EAF7C1F84C22EF
:1035E00031460546EEF3E6F16369152B2B6001D0F9
:1035F000162B02D9EAF7B8F868606B68D3B1AC60F3
:103600002046F8F313F7E8602046F8F3DBF60646A9
:1036100020B92046012101AAF8F30AF76B68204679
:103620001B699847054636B92046314601AAF8F38A
:10363000FFF600E01D4628467CBD2DE9F74399467C
:10364000002304460F4690460193F8F3BBF6054667
:1036500020B92046012101AAF8F3EAF62046F8F342
:10366000B1F678B12046F8F3ABF658B92046FFF72B
:10367000B0FF50B1436839465E6942464B46B04799
:10368000064604E06FF0180601E04FF0FF3625B95A
:103690002046294601AAF8F3CBF63046BDE8FE8362
:1036A00082604160016070472DE9F041541A012C9D
:1036B0000F461E46069D0EDD2046F3F391F180462F
:1036C00070B139462246EEF3F1F0C6F800800020D2
:1036D0002C60BDE8F081002018602860BDE8F08112
:1036E0006FF01A00BDE8F0810EB4F3B581680446AE
:1036F000012945D908AB4068079A0193EEF3A8F277
:10370000431C064603D0A368023B984202DD00201A
:10371000A06036E060683D21EEF3CAF140B367680F
:103720002568C71B21E028463A46EEF3ABF0B0B956
:10373000EB5D3D2B13D12846EEF3E8F16268471CA0
:10374000731CDB1B521BE919D2182846EEF30EF14D
:103750006368DB1B6360A368DF19A76008E02B4682
:1037600013F8012B1D46002AFAD161688D42DAD385
:10377000A368701C1B1AA36063681B18636000E0D9
:103780000020BDE8FC4003B0704700002DE9F04F79
:10379000BBB01A9019911B921893002B02F01C8752
:1037A0004FF48050F3F31CF11290002802F01487BC
:1037B00037A812994FF48052FFF772FF00214FF49F
:1037C00080521298EEF3F6F0189A1168D9B10B787E
:1037D000CBB1449A1368022B03D814E0013A02607B
:1037E00000E0449802688B1813F8014C1CB913F8D8
:1037F000023C002BF2D01298EEF358F04499389A1C
:103800000B68D318389300238DF89C304FF0FF32AB
:103810001593139301231192169302F0A8BE1999E0
:10382000012251F8046B00231991179214931799F0
:1038300049B1F25C5F1C1092013AD2B2FD2A0FD856
:10384000F55D9F1C0DE0F15C4A1ED2B2FD2A10917D
:1038500003D880220D46109200E0179D5F1C00E007
:1038600000257B19B3F5607F82F27E86109B202BAA
:1038700028D005D8152B0BD01B2B42F0708664E0A6
:103880001099222935D030D3802942F0688667E02C
:10389000F3195A78F35D1202D318072B12DDBC1C02
:1038A00034192246E14937A8FFF71EFF2046EEF300
:1038B0002DF1FA1C1218DE4937A8B218FFF714FFD1
:1038C00002F04DBEF4196278F35D1202D21837A8E7
:1038D000D849FFF709FFE378A2781B0237A8D64939
:1038E0009A18FFF701FF02F03ABEF25D149202F05F
:1038F00036BE149B0C2B02F02D869DF89C30002BBD
:1039000042F02D86F35D042B42F0298607F1020870
:1039100006EB08042046EEF3B9F6002842F01F86B5
:1039200016F80830DB0702F11A8627A92046EEF3C5
:1039300025F31199013142F01286F3199A79DB7956
:103940001202D318119302F00ABEF319DA799B79A7
:1039500037A8BA4943EA0222FFF7C6FE02F0FFBDCC
:10396000F35DF4198F2B02F2FA8501A252F823F0CD
:10397000399301006B9301005594010015990100E2
:10398000F19A0100D5980100539801007198010047
:103990007B940100199B01008D9B0100B59B0100E8
:1039A000C99B010057BC01003B9A0100BB98010074
:1039B000F7970100619C0100A19C01004B9301005D
:1039C000E19C0100EF9C0100119D01001F9D010081
:1039D00017930100D992010057BC0100FD9401002A
:1039E0002D9D01001195010057BC010057BC01003D
:1039F00057BC0100439D0100879D01009B9D010074
:103A0000BD9E010081A0010057BC010057BC010010
:103A100025A20100C9920100B9920100A9920100FA
:103A20009FA30100B3A30100C7A30100DBA3010012
:103A300057BC0100E99B0100EF94010057BC010055
:103A400057BC0100ED930100A7A60100EFA3010000
:103A50006B9D0100799D0100B5A601001DB4010018
:103A600057BC010057BC010057BC010057BC010006
:103A70001D95010047A4010071A40100B3A4010039
:103A8000F1A401002FA501006DA50100ABA5010067
:103A9000E9A50100FDA5010057BC0100C595010085
:103AA00057BC010057BC010057BC0100D79701006B
:103AB0003195010057BC010057BC010057BC010003
:103AC00057BC010071B4010057BC01000B98010004
:103AD0002BA70100FBA7010051A901003BAA01008F
:103AE00025AB01005FAB0100E7AB010035AC010085
:103AF00043AD0100CDAE010079AF010025B001005A
:103B00008FB401007B9601003B97010071B001006A
:103B1000ADB10100B9B20100C5B30100D5B40100D7
:103B2000AFB60100E7B4010005B5010023B50100FF
:103B300041B5010053B5010065B5010077B501003D
:103B400089B50100F3B50100FFB501000BB6010016
:103B50002FBC010057BC010057BC010057BC01003D
:103B600057BC010057BC010057BC010057BC010005
:103B700057BC010057BC010011A6010085A6010039
:103B800057BC010057BC010001B7010069B7010033
:103B9000EFB7010075B80100A1B90100B3B9010088
:103BA000BFB90100E9B90100E1BA0100D9BB0100C8
:103BB0004FEA950A5FFA8AFA4FF0000801F03CB824
:103BC0004FEA55095FFA89F94FF0000801F005B88E
:103BD0004FEA55095FFA89F94FF0000800F0EBBF92
:103BE00007F1010806EB08042046EEF34FF5002824
:103BF00042F0B58416F80830D80702F1B0842046A8
:103C000027A9EEF3BBF1119B013342F0A884F3190D
:103C10005A799B791202D318119302F0A0BCA378B1
:103C200062781B029A18119202F099BCDE9302008E
:103C300005890200378F0200748A02004392020055
:103C4000647837A8A54922461694FFF74DFD02F087
:103C500086BCE37822791B0443EA0263627837A8C2
:103C60001343A2789E4943EA0222FFF73DFD02F08A
:103C700076BCA27863781202D2189A4937A8FFF767
:103C800033FD2279E378120237A89749D218FFF75B
:103C90002BFD062D42F26384A2796379120237A8C4
:103CA0009249D218FFF720FD082D42F25884237A5A
:103CB000E2791B0237A88E499A18FFF715FD0A2DE5
:103CC00042F24D8407F10A0807F1090416F80820AA
:103CD000335D1202D21837A88649FFF705FD16F8A2
:103CE0000830325D1B0237A883499A18FFF7FCFCA5
:103CF00002F035BC814B0622B5FBF2F21A704FF090
:103D00000008994624E0434610217D4A1DA8EDF3A2
:103D1000B7F6434610217B4A2FA8EDF3B1F663783E
:103D2000A2781DA943EA022237A8FFF7DDFC6379D8
:103D3000A2791B0443EA0263E27837A8134322798D
:103D40002FA943EA0222FFF7CFFC08F1010806344D
:103D500099F800309845D6DB02F001BC022D06D15F
:103D600037A869496278FFF7BFFC02F0F8BBA37877
:103D700062781B0237A864499A18FFF7B5FC02F075
:103D8000EEBBA27863781202042D1A4405D9237978
:103D9000E1781B0609045B181A4337A85B49FFF753
:103DA000A3FC062D42F2DB83F3199A7959791202AA
:103DB000082D0A4405D9197ADB7909061B04C918AC
:103DC0000A4337A85249FFF78FFC0A2D42F2C783F6
:103DD000F3199A7A597A12020C2D0A4405D9197BE3
:103DE000DB7A09061B04C9180A4337A84949FFF7BB
:103DF0007BFC02F0B4BB37A847496278FFF774FC3C
:103E000002F0ADBBA37862781B0237A83A499A1832
:103E1000FFF76AFC02F0A3BB01350021EDB2179158
:103E200002F09DBBA378627837A83C4942EA03229E
:103E3000FFF75AFC02F093BB94F803A023794FEAF2
:103E40000A4A4AEA036A6378B5F1050B4AEA030AAB
:103E500048BFA5F1020BA3784FEAAB0B4AEA032A4D
:103E60005FFA8BFB4FF0000824E043441021244A02
:103E70002FA8EDF305F699F8003010214344214AAC
:103E80001DA8EDF3FDF552462FA937A8FFF72CFC2E
:103E9000E37822791B0443EA0263627837A813436C
:103EA000A2781DA943EA0222FFF71EFC0AF1040AC8
:103EB00008F10108DFF844900434D84599F800303F
:103EC000D3DB9B4489F800B002F049BB0B4BEA08F6
:103ED0001A704FF0000899464DE000BF2C94020084
:103EE00034900200628D02005A9402008E8A020011
:103EF0008D87020088900200FF8F02002861010078
:103F0000003E01000B3E01001F930200D98D02000C
:103F1000238A0200348A0200298B0200AF8D02003E
:103F200043461021B14A1DA8EDF3AAF543461021DE
:103F3000AF4A2FA8EDF3A4F5E37822791B0443EAF6
:103F4000026362781DA91343A27837A843EA0222CC
:103F5000FFF7CAFBE379227A1B0443EA0263627922
:103F600037A81343A2792FA943EA0222FFF7BCFB2B
:103F700008F10108083499F800309845D0DB02F0C8
:103F8000EEBA94F803A023794FEA0A4A4AEA036A90
:103F90006378B5F1050B4AEA030A48BF05F1020B45
:103FA000A3784FEAEB0B4AEA032A5FFA8BFB4FF048
:103FB00000083BE0434410218C4A2FA8EDF360F544
:103FC00099F80030102143448A4A1DA8EDF358F5B2
:103FD00099F8003010214344874A33A8EDF350F597
:103FE00052462FA937A8FFF77FFBE379227A1B04FB
:103FF00043EA0263627933A91343A27937A843EAFB
:104000000222FFF771FBE37A227B1B0443EA02637F
:10401000627A37A81343A27A1DA943EA0222FFF766
:1040200063FB0AF1080A08F101080834DFF8CC91B3
:10403000D84599F80030BDDB9B4489F800B002F008
:104040008EBA6E4B0C22B5FBF2F21A704FF00008DC
:1040500099463EE043461021644A33A8EDF310F53B
:1040600043461021634A1DA8EDF30AF5434610218B
:10407000614A2FA8EDF304F5E37822791B0443EAA3
:104080000263627833A91343A27837A843EA022275
:10409000FFF72AFBE379227A1B0443EA0263627981
:1040A0002FA91343A27937A843EA0222FFF71CFB8A
:1040B000E37A227B1B0443EA0263627A37A8134344
:1040C000A27A1DA943EA0222FFF70EFB08F10108BC
:1040D0000C3499F800309845BCDB02F040BAE37824
:1040E00022791B0443EA0263627837A81343A2785B
:1040F000434943EA0222FFF7F7FA02F030BAA37805
:10410000627837A83F4942EA0322FFF7EDFA02F04E
:1041100026BA4FF00509B5FBF9F95FFA89F94FF0B6
:10412000000816E063781021374A2FA8EDF3A8F4B1
:10413000237962791B0443EA0263A27837A8134308
:10414000E2782FA943EA0222FFF7CEFA08F101082C
:104150000534C845E6DB02F002BA37A82B4962787D
:10416000FFF7C2FA022D42F2FA8137A82849A27855
:10417000FFF7BAFA02F0F3B9002237A825496378AD
:10418000FFF7B2FA022D42F22D82012237A821490F
:10419000A378FFF7A9FA032D02F02482022237A8A0
:1041A0001C49E378FFF7A0FA042D02F0D681032220
:1041B00037A818492379FFF797FA0122139202F0E2
:1041C000CEB9627837A81249FFF78EFA37A811499D
:1041D0000122A378FFF788FA02F0C1B937A80E4987
:1041E0006278FFF781FA02F0BAB900BF003E010021
:1041F0000B3E0100163E0100223E01002861010035
:1042000045870200299002002E3E01006A8A0200C2
:10421000319102009C8702005A8B0200AB1E0E2BCC
:1042200002F29D8101A151F823F000BF61990100C4
:1042300057BC010057BC010057BC010057BC01002E
:10424000D9990100A7990100879901006F99010090
:1042500057BC010057BC0100D9990100A799010082
:10426000879901006F99010037A8A9496278FFF783
:104270003BFA02F074B937A8A649627AFFF734FA1C
:104280000C2D8CBF4FF009084FF0000801E04FF0F3
:104290000008F31937A89E491A7AFFF725FA0C2D62
:1042A00007D9B8F1000F08BF4FF0080801E04FF040
:1042B000000807F10709984916F8092037A8FFF701
:1042C00013FA002237A8954916F80930FFF70CFABF
:1042D0000C2D07D9B8F1000F08BF4FF0070801E017
:1042E0004FF000084FF00009A27863788C49120261
:1042F000494437A8D21809F10909FFF7F5F9023442
:10430000B9F11B0FF0D10C2D42F22981B8F1000F49
:1043100008BF4FF00608834CB844B04404F12409A8
:1043200098F8022098F801301202214637A8D218D6
:104330000C34FFF7D9F94C4508F10208F0D102F02E
:104340000EB9142D19D0172D03D0132D42F007816B
:1043500019E006EB0708744998F8162037A8FFF70C
:10436000C3F9724998F8152037A8FFF7BDF937A8A7
:104370006F4998F81420FFF7B7F9F31937A86D497A
:10438000DA7CFFF7B1F9A946A2464FF000082546AE
:10439000AA786B7868491202414437A8D21808F10C
:1043A0000908FFF7A1F90235B8F11B0FF0D14D460E
:1043B0004FF00008227AE37960491202414437A89D
:1043C000D21808F10B08FFF78FF90234B8F1210F6A
:1043D000F0D100249AF80E209AF80D3058491202B4
:1043E000091937A8D2180B34FFF77EF9212C0AF1EE
:1043F000020AEFD102F0B3B8E1786278A3780091B5
:10440000217937A8019161790291A1790391E1792C
:104410000491217A05914B49FFF766F902F09FB8A4
:10442000A9464FF00008254615F8013FFF2B04D0A0
:1044300037A845494246FFF757F908F10108B8F196
:10444000040FF1D1B9F10C0F4D4642F2888004EB14
:1044500008035B78FF2B04D037A83B494246FFF79F
:1044600043F908F10108B8F10C0FF0D1102D42F218
:10447000768004EB08035B78FF2B04D037A8324921
:104480004246FFF731F908F10108B8F1100FF0D1F9
:1044900002F065B8627837A80AB1A3781BB92B4936
:1044A000FFF722F902E02A49FFF71EF9F31937A8AE
:1044B0002849DA78FFF718F902F051B8A378627842
:1044C00037A8254942EA0322FFF70EF902F047B860
:1044D000E37822791B0443EA0263627837A8134326
:1044E000A2781E4943EA0222FFF7FEF802F037B82D
:1044F00037A81B496278FFF7F7F8022D42F22F80A8
:1045000037A81849A278FFF7EFF802F028B800BFE3
:10451000368E0200D38E02009B9302004A8902006D
:10452000D38B0200B38F0200BD8D0200E690020023
:10453000E7860200C68B0200E98D02009690020019
:10454000B7860200A6870200458A0200399202005F
:1045500084950200A78C02003C8D0200CB870200EC
:10456000A7940200E89402007C1C325D37A87649CB
:1045700002F00F02FFF7B8F8325D37A81209BC1C31
:104580007249FFF7B1F8325D37A8714902F00702AE
:10459000FFF7AAF8325D37A8D2086E4902F003028D
:1045A000FFF7A2F801F0DBBF7C1C325D37A86A4937
:1045B00002F00F02FFF798F8325D37A81209BC1C11
:1045C0006649FFF791F8325D37A8654902F00702A6
:1045D000FFF78AF8325D37A8D208624902F0030279
:1045E000FFF782F801F0BBBF37A85F496278FFF799
:1045F0007BF801F0B4BF627837A85C49FFF774F824
:10460000A27837A85A49FFF76FF837A85949E278D6
:10461000FFF76AF801F0A3BF37A857496278FFF7A0
:1046200063F801F09CBF37A854496278FFF75CF843
:1046300001F095BFA2786378120637A8504942EA84
:104640000322FFF751F801F08ABF627837A84D497D
:10465000FFF74AF8A27837A84B49FFF745F82379C6
:10466000E2781B0237A849499A18FFF73DF801F094
:1046700076BF37A846496278FFF736F801F06FBF7A
:1046800037A844496278FFF72FF801F068BFA37894
:1046900062781B0237A840499A18FFF725F801F005
:1046A0005EBF94F8028063784FEA082898441FFAA6
:1046B00088F83A494FEAD82237A8FFF715F808F4E6
:1046C000E062120A364937A8FFF70EF808F0F80240
:1046D000D208344937A8FFF707F808F00602520855
:1046E000314937A8FFF700F837A8304908F0010230
:1046F000FEF7FAFF042D41F232872379E4781B029A
:104700001C19A4B2E20A37A82949FEF7EDFF04F408
:10471000E062120A37A82749FEF7E6FF04F0F80224
:10472000D20837A82449FEF7DFFF04F0060252083A
:1047300037A82249FEF7D8FF37A8214904F0010223
:10474000FEF7D2FF01F00BBFF4870200428802009F
:10475000C68E020039880200BF940200388702002A
:10476000558C0200438E020093920200E6930200F1
:10477000478D0200D4930200B7930200E78E020037
:10478000AC8E0200048E0200CC8D02000E9002005E
:10479000438F0200F29402009B8C0200F588020015
:1047A000CC9402006D870200E4880200D9940200D4
:1047B00076920200888B0200E3890200F18E0200EB
:1047C000A893020000226378674937A8FEF78CFFA0
:1047D0004FF000086549A27837A8FEF785FFCDF8AD
:1047E00000802279E3781202D318019302226049F3
:1047F000434637A8FEF778FFCDF80080A2796379A9
:104800001202D318019302220123594937A8FEF757
:104810006BFFCDF80080227AE3791202D3180222CE
:10482000019337A852491346FEF75EFF1E2D41F251
:104830009686627A37A84F49FEF756FFA27A37A8C4
:104840004D49FEF751FFE27A37A84C49FEF74CFF7D
:10485000227B37A84A49FEF747FFCDF80080A27BAC
:10486000637B1202D31801930522434637A84049BF
:10487000FEF73AFFCDF80080227CE37B1202D318CA
:1048800001930522012337A83949FEF72DFFCDF802
:104890000080A27C637C1202D318019305220223BC
:1048A00037A83349FEF720FFCDF80080CDF804800B
:1048B000227DE37C1202D318029305226C234FF071
:1048C000010937A82F49FEF70FFFCDF80090CDF86A
:1048D0000480A27D637D1202D318029305226C230B
:1048E0004FF0020A37A82749FEF7FEFECDF800A0D8
:1048F000CDF80480227EE37D1202D31802930522B4
:104900006C2337A81F49FEF7EFFECDF80080CDF8E5
:104910000480A27E637E1202D318029305226823CC
:1049200037A81849FEF7E0FECDF80090CDF80480D6
:10493000227FE37E1202D3180293052237A8682350
:104940001049FEF7D1FECDF800A0CDF80480A37F7A
:10495000627F1B029B18029337A80A49052268232D
:10496000FEF7C2FE01F0FBBD4A8902002C8802005E
:10497000A6860200E4910200C2920200409002006A
:104980007B94020026920200012263789C4937A89A
:10499000FEF7AAFE4FF001089A49A27837A8FEF761
:1049A000A3FECDF800802279E3781202D318019398
:1049B00002220023944937A8FEF796FECDF8008026
:1049C000A27963791202D318019302228E494346D9
:1049D00037A8FEF789FECDF80080227AE37912022B
:1049E000D3180222019337A887491346FEF77CFEAD
:1049F0001E2D41F2B485627A37A88449FEF774FE11
:104A0000A27A37A88249FEF76FFEE27A37A8814979
:104A1000FEF76AFE227B37A87F49FEF765FECDF8D8
:104A20000080A27B637B1202D3180193052200232E
:104A300037A87549FEF758FECDF80080227CE37B4D
:104A40001202D31801930522434637A86E49FEF798
:104A50004BFECDF80080A27C637C1202D318019338
:104A6000052202234FF0000937A86749FEF73CFEF4
:104A7000CDF80090CDF80480227DE37C1202D3189B
:104A8000029305226C2337A86449FEF72DFECDF86A
:104A90000080CDF80480A27D637D1202D3180293BA
:104AA00005226C234FF0020A37A85C49FEF71CFE72
:104AB000CDF800A0CDF80480227EE37D1202D31849
:104AC000029305226C2337A85449FEF70DFECDF85A
:104AD0000090CDF80480A27E637E1202D318029368
:104AE0000522682337A84D49FEF7FEFDCDF800806A
:104AF000CDF80480227FE37E1202D31802930522B0
:104B000037A868234549FEF7EFFDCDF800A0CDF8A2
:104B10000480A37F627F1B029B18029337A83F4942
:104B200005226823FEF7E0FD01F019BDA278637845
:104B30001202D2183A4937A8FEF7D6FDA279637956
:104B400012061B04D218237937A81B02D218E37867
:104B50003449D218FEF7C8FD122D41F20085A27A21
:104B6000637A12061B04D218237A37A81B02D218C4
:104B7000E3792D49D218FEF7B7FDA27B637B1206BD
:104B80001B04D218237B37A81B02D218E37A2749CB
:104B9000D218FEF7A9FDA27C637C12061B04D31871
:104BA000227C37A812029B18E27B21499A18FEF753
:104BB0009BFD01F0D4BCA27863781202D318009355
:104BC0000222434637A81B4908F10108FEF78CFD75
:104BD0000234C845EFDD01F0C2BCA278637812024E
:104BE000D31800930522434637A8124908F101085B
:104BF000FEF77AFD0234C845EFDD01F0B0BC00BF1E
:104C00004A890200DA8E0200A6860200F2910200B2
:104C1000CF9202004B9402008A9402002692020076
:104C20008692020098860200169102008C93020080
:104C3000028F0200138A0200CDF80080A278637808
:104C40001202D318019305226C2337A8BB4908F13F
:104C50000108FEF749FD0234D045EDDD4FEA550964
:104C60005FFA89F909F1010B09F10209B944BB4462
:104C700006EB09044FF00008CDF800802278C9EB5C
:104C8000040313F80B301202D31801930522682392
:104C900037A8AA4908F10108FEF726FD0234D045DD
:104CA000EADD01F05CBCA37862781B0237A8A44956
:104CB0009A18FEF719FD01F052BCA37862781B0226
:104CC00037A8A0499A18FEF70FFD01F048BCA37859
:104CD00062781B0237A89C499A18FEF705FD01F07F
:104CE0003EBCA37862781B0237A898499A18FEF751
:104CF000FBFC01F034BC2279E37812061B04D218C5
:104D0000A37837A81B02D21863789149D218FEF70E
:104D1000EBFC227AE37912061B04D218A37937A898
:104D20001B02D21863798B49D218FEF7DDFC227B77
:104D3000E37A12061B04D318A27A37A812029B1832
:104D4000627A85499A18FEF7CFFC01F008BCA27878
:104D50006378120237A88149D218FEF7C5FC042DEA
:104D600041F2FD832379E2781B0237A87C499A1827
:104D7000FEF7BAFC01F0F3BB2279E37812061B04BC
:104D8000D218A37837A81B02D21863787549D218B5
:104D9000FEF7AAFC062D41F2E283227AE37912069D
:104DA0001B04D318A27937A812029B1862796E49A6
:104DB0009A18FEF799FC01F0D2BBDFF8BC914FF0D6
:104DC0000108A84581F2CB832279E37812061B04FF
:104DD000D218A37849461B02D218637837A8D21894
:104DE00008F10408FEF780FC0434B8F1190F09F14A
:104DF0001809E6D101F0B3BBDFF880914FF001084C
:104E0000A84581F2AC832279E37812061B04D218FC
:104E1000A37849461B02D218637837A8D21808F144
:104E20000408FEF761FC0434B8F10D0F09F1130911
:104E3000E6D101F094BBDFF848914FF00108A84596
:104E400081F28D832279E37812061B04D218A378AD
:104E500049461B02D218637837A8D21808F1040813
:104E6000FEF742FC0434B8F10D0F09F11409E6D144
:104E700001F075BBDFF80C914FF00108A84581F2F5
:104E80006E832279E37812061B04D218A378494670
:104E90001B02D218637837A8D21808F10408FEF76D
:104EA00023FC0434B8F10D0F09F11409E6D101F027
:104EB00056BBDFF8D4904FF00108A84581F24F832C
:104EC0002279E37812061B04D218A37849461B0204
:104ED000D218637837A8D21808F10408FEF704FC4A
:104EE0000434B8F10D0F09F11409E6D101F037BB14
:104EF000A37862781B0237A81C499A18FEF7F4FBC6
:104F000001F02DBBA37862781B0237A818499A18C4
:104F1000FEF7EAFB01F023BB2279E37812061B04BB
:104F2000D318A278647812029B1837A8114901227D
:104F30001B19FEF7D9FB01F012BB00BF0092020063
:104F4000F48F0200B79002008089020059890200A4
:104F5000169102008C930200028F02009C920200C4
:104F6000AF920200A9910200C0910200B98E020026
:104F7000379402003B910200998A0200628C020081
:104F80009788020048950200F09302002279E378A6
:104F900012061B04D318A278647812029B1837A853
:104FA000974902221B19FEF79FFB01F0D8BA37A8D8
:104FB00094496278FEF798FB01F0D1BA9249627881
:104FC00007F1020837A8FEF78FFB16F808208F4973
:104FD000120937A8FEF788FB16F8082037A88C4975
:104FE00002F00F02FEF780FB032D41F2B882E27857
:104FF00037A88849FEF778FB07F10508227937A81A
:105000008549FEF771FB16F8082037A892088349F6
:10501000FEF76AFB16F8082037A8814902F0030260
:10502000FEF762FB37A87F49A279FEF75DFB01F02E
:1050300096BA94F8028063784FEA082898441FFAD9
:1050400088F84FEAD82237A87749FEF74DFB08F4D5
:10505000806302229B0A37A87449FEF745FB08F4D7
:10506000007302225B0A37A87149FEF73DFB08F482
:10507000F87302221B0937A86E49FEF735FB08F0CA
:105080000E0302225B0837A86B49FEF72DFB0222B4
:1050900008F0010337A86949FEF726FB2379E47875
:1050A0001B021C19A4B2E20A37A86549FEF71CFBD3
:1050B00004F4806305229B0A37A85C49FEF714FBC1
:1050C00004F4007305225B0A37A85949FEF70CFB6C
:1050D00004F4F87305221B0937A85649FEF704FBB0
:1050E00004F00E0305225B0837A85349FEF7FCFACB
:1050F00037A85249052204F00103FEF7F5FA01F042
:105100002EBAA27863781202D21837A84D49FEF75A
:10511000EBFA94F804E0E3784FEA0E2E0022734491
:1051200037A84949FEF7E0FA217AE27909028A189C
:1051300094F806E063790092A17A627A09024FEA54
:105140000E2E8A187344019237A800223F49FEF7B9
:10515000CBFA227BE37A0092627B37A80192A27B92
:105160003B4902920022FEF7BFFAA17C627C090251
:105170008A1894F810E0E37B0092217DE27C09021A
:105180008A180192A17D627D09028A180292217E0D
:10519000E27D09028A180392A17E627E09028A18C2
:1051A0000492217FE27E09028A180592A17F627F24
:1051B00009028A18069294F82010E27F09028A18E0
:1051C000079294F8221094F8212009028A18089274
:1051D00094F8241094F8232009028A18099294F86C
:1051E000262094F82510120252184FEA0E2E0A9229
:1051F00037A8184900227344FEF776FA01F0AFB9D8
:105200003B910200508D0200808A0200328B020026
:10521000FF890200D7870200958B020009910200E6
:1052200087910200129202006E8D02009B91020093
:10523000118F0200D791020099940200C1930200DD
:10524000D8860200458C02004A89020021870200AC
:10525000A88B0200EE8B020094F802E063784FEA1C
:105260000E2E0122734437A8AA49FEF73DFAA17910
:10527000627909028A1894F804E0E3780092217AAE
:10528000E27909024FEA0E2E8A187344019237A878
:105290000122A149FEF728FAA27A637A0092E27A03
:1052A00037A80192227B9D4902920122FEF71CFA47
:1052B000217CE27B09028A1894F80EE0637B00925D
:1052C000A17C627C09028A180192217DE27C09029C
:1052D0008A180292A17D627D09028A180392217EBA
:1052E000E27D09028A180492A17E627E09028A1870
:1052F0000592217FE27E09028A180692A17F627FD1
:1053000009028A18079294F82010E27F09028A188D
:10531000089294F8221094F8212009028A18099220
:1053200094F8242094F82310120252184FEA0E2EFB
:105330000A9237A87A4901227344FEF7D5F901F0A1
:105340000EB994F802E063784FEA0E2E02227344FD
:1053500037A87049FEF7C8F9A179627909028A185D
:1053600094F804E0E3780092217AE27909024FEAA6
:105370000E2E8A187344019237A802226649FEF75E
:10538000B3F9A27A637A0092E27A37A80192227B7B
:10539000624902920222FEF7A7F9217CE27B090210
:1053A0008A1894F80EE0637B0092A17C627C09026B
:1053B0008A180192217DE27C09028A180292A17D5D
:1053C000627D09028A180392217EE27D09028A1811
:1053D0000492A17E627E09028A180592217FE27EF4
:1053E00009028A180692A17F627F09028A18079231
:1053F00094F82010E27F09028A18089294F822108B
:1054000094F8212009028A18099294F8242094F82B
:105410002310120252184FEA0E2E0A9237A8404962
:1054200002227344FEF760F901F099B8627837A858
:105430003C49FEF759F90122A37837A83A49FEF70B
:1054400053F90222E37837A83749FEF74DF963791B
:10545000227903F001031B0237A834499A18FEF79A
:1054600043F901F07CB8A27863781202D318009354
:105470002822002337A82E49FEF736F92279E3784F
:105480001202D31800932822012337A82849FEF7D7
:105490002BF9A27963791202D318009328220223F0
:1054A00037A82349FEF720F9227AE3791202D318AC
:1054B00000935022002337A81D49FEF715F9A27A60
:1054C000637A1202D31800935022012337A8184997
:1054D000FEF70AF9237BE27A1B029B18009337A898
:1054E000134950220223FEF7FFF801F038B8A278E2
:1054F00063781202D21837A80E49FEF7F5F823791F
:10550000E2781B0237A80C499A18FEF7EDF801F073
:1055100026B800BF4A89020021870200A88B02003A
:10552000EE8B0200E5870200F48602002D93020054
:10553000F5900200118802005292020094F804E0F3
:10554000E3784FEA0E6E1B049E44A3786C221B0284
:105550009E44637837A873449749FEF7C5F894F8DA
:1055600008E0E3794FEA0E6E1B049E44A3796C2297
:105570001B029E44637937A873449049FEF7B4F840
:1055800094F80CE0E37A4FEA0E6E1B049E44A37A73
:105590006D221B029E44637A37A873448649FEF746
:1055A000A3F894F810E0E37B4FEA0E6E1B049E44D0
:1055B000A37B6D221B029E44637B37A873447F4903
:1055C000FEF792F894F814E0E37C4FEA0E6E1B04A9
:1055D0009E44A37C68221B029E44637C37A87344CC
:1055E0007549FEF781F894F818E0E37D4FEA0E6EF6
:1055F0001B049E44A37D68221B029E44637D37A842
:1056000073446E49FEF770F894F81AE0637E4FEA2F
:105610000E2E6C22734437A86949FEF765F894F89A
:105620001CE0E37E4FEA0E2E6D22734437A86449D6
:10563000FEF75AF8A37F647F1B0237A860496822EF
:105640001B19FEF751F800F08ABF94F802E0637866
:105650004FEA0E2E7344682237A85A49FEF744F8E1
:105660002279E3781202D318009368226C2337A8BA
:105670005549FEF739F8A27963791202D3180093DD
:1056800068226C2337A85149FEF72EF8227AE37975
:105690001202D318009368226D2337A84A49FEF7F7
:1056A00023F8A27A637A1202D318009368226D233A
:1056B00037A84649FEF718F8227BE37A1202D3187E
:1056C0006822009337A813463F49FEF70DF8A27BE6
:1056D000637B1202D3186822009337A813463B4914
:1056E000FEF702F894F810E0E37B4FEA0E2E7344C5
:1056F0006C2237A83349FDF7F7FFA27C637C1202C6
:10570000D3186C22009337A813462F49FDF7ECFFFE
:10571000227DE37C1202D3186C22009337A8134633
:105720002A49FDF7E1FFA27D637D1202D3180093A1
:105730006C2207F118086D2337A82349FDF7D4FF21
:1057400016F80820E37D1202D31800936C226D2313
:1057500007F11A0937A81D49FDF7C6FF16F80920F9
:10576000637E1202D31800936C22682337A816496F
:10577000FDF7BAFF227FE37E1202D31800936C225A
:10578000682337A81149FDF7AFFFA37F16F808E09B
:105790001B026822734437A80D49FDF7A5FF94F852
:1057A000203016F809401B0237A809496C221B1942
:1057B000FDF79AFF00F0D3BE328C02008F950200F5
:1057C000DC920200248F0200D78F0200428B02007D
:1057D000688B02006378002237A8AA4903F01F03F0
:1057E000FDF782FFA378012237A8A64903F01F0323
:1057F000FDF77AFFE378022237A8A24903F01F03DE
:10580000FDF772FF6279237902F01F020092A279FC
:1058100037A802F01F020192E2799B4902F01F02B1
:10582000029203F01F030022FDF75EFF627A237AE3
:1058300002F01F020092A27A37A802F01F02019222
:10584000E27A914902F01F02029203F01F03012243
:10585000FDF74AFF627B237B02F01F020092A27BCE
:1058600037A802F01F020192E27B874902F01F0273
:10587000029203F01F030222FDF736FF00F06FBE15
:105880006378002237A8814903F03F03FDF72CFF1E
:10589000A378012237A87D4903F01F03FDF724FFF9
:1058A000E378022237A8794903F01F03FDF71CFFB4
:1058B0006279237902F03F020092A27937A802F0C0
:1058C0003F020192E279724902F03F02029203F034
:1058D0003F030022FDF708FF627A237A02F01F02DD
:1058E0000092A27A37A802F01F020192E27A684978
:1058F00002F01F02029203F01F030122FDF7F4FEE3
:10590000627B237B02F01F020092A27B37A802F089
:105910001F020192E27B5E4902F01F02029203F035
:105920001F030222FDF7E0FE00F019BE002263789B
:1059300037A85849FDF7D8FE0122A37837A8554962
:10594000FDF7D2FE0222E37837A85249FDF7CCFEDC
:105950000022237937A85049FDF7C6FE012263795A
:1059600037A84D49FDF7C0FE37A84B490222A3795D
:10597000FDF7BAFE00F0F3BD94F8028063784FEAB9
:10598000082898441FFA88F84FEAD8330093052274
:10599000002337A84149FDF7A7FE08F4F043DB12C6
:1059A00000930522002337A83D49FDF79DFE08F42A
:1059B000E0631B1200930522002337A83949FDF745
:1059C00093FE08F08003DB1100930222002337A826
:1059D0003249FDF789FE08F07803DB1000930222BC
:1059E000002337A82E49FDF77FFE08F00703009338
:1059F0000222002337A82B49FDF776FE2379E478AD
:105A00001B021C19A4B24FF000084FEAD43905223A
:105A1000682337A8244904F4F04A4FEAEA2A8DE8BB
:105A2000000304F4E064FDF75FFE0522682337A855
:105A30001E4924128DE80005FDF756FE682337A89D
:105A40001B490522CDF800800194FDF74DFE05228B
:105A500037A86D2314498DE80003FDF745FE0522A4
:105A60006D2337A811498DE80005FDF73DFE37A8E5
:105A70000F4905226D23CDF800800194FDF734FE17
:105A800000F06DBDB18C020066890200328902000F
:105A9000C39002004C8E02007D8B02000593020031
:105AA000659402004F90020005870200528A0200AE
:105AB000118E020094F8028063784FEA0828984417
:105AC0001FFA88F84FEAD83300930522012337A83C
:105AD000B549FDF709FE08F4F043DB1200930522F7
:105AE000012337A8B149FDF7FFFD08F4E0631B125D
:105AF00000930522012337A8AD49FDF7F5FD08F015
:105B00008003DB1100930222012337A8A649FDF789
:105B1000EBFD08F07803DB1000930222012337A885
:105B2000A249FDF7E1FD08F00703009302220123DB
:105B300037A89F49FDF7D8FD2379E4781B021C198B
:105B4000A4B24FF001084FEAD4390522682337A8E0
:105B5000984904F4F04A4FEAEA2A8DE8000304F475
:105B6000E064FDF7C1FD0522682337A8924924129D
:105B70008DE80005FDF7B8FD682337A88F49052299
:105B8000CDF800800194FDF7AFFD052237A86D2305
:105B900088498DE80003FDF7A7FD05226D2337A88E
:105BA00085498DE80005FDF79FFD37A8834905224B
:105BB0006D23CDF800800194FDF796FD00F0CFBC79
:105BC00094F8028063784FEA082898441FFA88F80E
:105BD0004FEAD83300930522022337A87249FDF714
:105BE00083FD08F4F043DB1200930522022337A85B
:105BF0006E49FDF779FD08F4E0631B12009305225E
:105C0000022337A86A49FDF76FFD08F080030222DE
:105C1000DB11009337A813466349FDF765FD08F0D3
:105C200078030222DB10009337A813465F49FDF783
:105C30005BFD022208F00703009337A813465C4976
:105C4000FDF752FD2379E4781B021C19A4B24FF032
:105C500002084FEAD4390522682337A8554904F4CD
:105C6000F04A4FEAEA2A8DE8000304F4E064FDF705
:105C70003BFD0522682337A84F4924128DE8000513
:105C8000FDF732FD0522682337A84C49CDF8008086
:105C90000194FDF729FD6D2337A8464905228DE8BB
:105CA0000003FDF721FD052237A86D2342498DE849
:105CB0000005FDF719FD37A8404905226D23CDF8F1
:105CC00000800194FDF710FD00F049BC94F802E05B
:105CD00063784FEA0E2E2822734437A83849FDF71F
:105CE00003FD94F804E0E3784FEA0E2E2822734473
:105CF00037A83449FDF7F8FC94F806E063794FEAD9
:105D00000E2E5022734437A82D49FDF7EDFC237A5F
:105D1000E4791B0237A82B4950221B19FDF7E4FC3C
:105D200000F01DBCA27863780092E27825210192F0
:105D300022791DA8029262790392A2790492E279F3
:105D40000592227A0692627A0792A27A0892E27A01
:105D50000992227B0A92627B0B92A27B0C92E27BDD
:105D60000D92227C0E92184AEBF38AF637A8174957
:105D70001DAAFDF7B9FCF2E37C1C325D37A814497B
:105D800002F07F02FDF7B0FC325D37A81149D2095D
:105D9000FDF7AAFCE3E3A378627837A80E4942EA4C
:105DA0000322FDF7A1FCDAE30593020065940200EB
:105DB0004F90020005870200528A0200118E0200F5
:105DC0004C910200148902003A3E010068910200E1
:105DD000B29402006692020070910200A378627889
:105DE00037A8944942EA0322FDF77EFCB7E3E37843
:105DF00022791B0443EA0263627837A81343A2782E
:105E00008D4943EA0222FDF76FFCA8E3E37822798B
:105E10001B0443EA0263627837A81343A2788749D8
:105E200043EA0222FDF760FC99E3E37822791B0440
:105E300043EA0263627837A81343A278804943EAB1
:105E40000222FDF751FC8AE3A378627837A87D49E6
:105E500042EA0322FDF748FC81E3A378627837A881
:105E6000794942EA0322FDF73FFC78E3A3786278A0
:105E700037A8764942EA0322FDF736FC6FE3A378A0
:105E8000627837A8724942EA0322FDF72DFC66E3E7
:105E900094F801905FEA990900F061834FF00008DF
:105EA000A179E279090294F803E041EA02416279BA
:105EB00023790A434FEA0E2E4EEA034EA37800924E
:105EC000617AA27A090241EA0241227A37A80A439A
:105ED0000192217B627B090241EA0241E27A4EEAA9
:105EE00003030A4302925B49424608F10108FDF7A9
:105EF000FBFB0C34C845D3DB31E337A85649627845
:105F0000FDF7F2FB2BE337A854496278FDF7ECFB71
:105F100025E3227AE17923791143A27994F803E009
:105F2000114362794EEA030EA3780A434EEA030E48
:105F300063780092227BE17A4EEA03031143A27A4E
:105F400037A81143627A0A430192227CE17B114314
:105F5000A27B1143627B0A43029241490022FDF772
:105F6000C3FB227EE17D237D1143A27D94F813E0E3
:105F70001143627D4EEA030EA37C0A434EEA030EF0
:105F8000637C0092227FE17E37A81143A27E4EEA15
:105F900003031143627E0A43019294F82020E17FBB
:105FA0001143A27F0A43617F0A4302922C490122D6
:105FB000FDF79AFBD3E2A37864781B021C19A4B204
:105FC00004F00F0300932822002337A82549FDF78A
:105FD0008BFB04F0F0031B1100932822012337A848
:105FE0002049FDF781FB04F470631B120093282203
:105FF000022337A81B49FDF777FB37A81A49282247
:10600000E30BFDF771FBAAE22179E27809028A1815
:1060100094F802E063780092A27961791202521832
:106020004FEA0E2E019237A8104900227344FDF763
:106030005BFB94E2D38802003F9302005793020077
:106040006F930200588E02006D8E0200828E020055
:10605000978E02006890020024910200D489020009
:10606000798D0200998D0200ED92020053870200A3
:106070002179E27809028A1894F802E063780092A4
:10608000A179627909028A180192217AE2790902DA
:106090008A180292A17A627A09028A180392217BF5
:1060A000E27A09028A180492A17B627B09028A18AB
:1060B0000592217CE27B09028A180692A17C627C0F
:1060C00009028A180792217DE27C09028A18089247
:1060D000A17D627D09028A180992227EE17D120269
:1060E00052184FEA0E2E0A9237A87B4900227344B9
:1060F000FDF7FAFA33E22179E27809028A1894F876
:1061000002E063780092A179627909028A1801920B
:10611000217AE27909028A180292A17A627A090246
:106120008A180392217BE27A09028A180492A17BE1
:10613000627B09028A180592217CE27B09028A1897
:106140000692A17C627C09028A180792217DE27C7A
:1061500009028A180892A17D627D09028A180992B3
:10616000227EE17D120252184FEA0E2E0A9237A8C3
:106170005A4900227344FDF7B7FAF0E12179E27839
:1061800009028A1894F802E063780092A179627992
:1061900009028A180192217AE27909028A18029288
:1061A000A17A627A09028A180392217BE27A0902B3
:1061B0008A180492A17B627B09028A180592217CCD
:1061C000E27B09028A180692A17C627C09028A1885
:1061D0000792217DE27C09028A180892A17D627DE6
:1061E00009028A180992217EE27D09024FEA0E2EE9
:1061F0008A180A927344002237A83949FDF774FAC5
:10620000217FE27E09028A1894F81AE0637E0092E8
:10621000A17F627F09028A18019294F82010E27F20
:1062200009028A18029294F8221094F82120090297
:106230008A18039294F8241094F8232009028A18EB
:10624000049294F8261094F8252009028A180592E1
:1062500094F8281094F8272009028A18069294F8D6
:106260002A1094F8292009028A18079294F82C1011
:1062700094F82B2009028A18089294F82E1094F8AA
:106280002D2009028A18099294F8302094F82F10D2
:10629000120252184FEA0E2E0A9237A81049012214
:1062A0007344FDF721FA5AE1A37862781B0237A8FC
:1062B0000C499A18FDF718FA51E137A80A49627893
:1062C000FDF712FA4BE1A378627837A8074942EA52
:1062D0000322FDF709FA42E14F8802008C8902008F
:1062E000FE940200458C0200018802007E870200B5
:1062F000E2782379120442EA03626378217A1A432E
:10630000E379207B1B0443EA0163617994F802C0BE
:106310000B43E17A94F806E0090441EA0061607AEF
:1063200042EA0C220143A07A43EA0E2341EA00210B
:106330000091E17B207C090441EA0061607B01431C
:10634000A07B41EA00210191E17C207D090441EA22
:106350000061607C0143A07C41EA00210291E17D63
:10636000207E090441EA0061607D0143A07D41EA8D
:1063700000210391E17E207F090441EA0061607EF3
:106380000143A07E41EA00210491E17F94F82000BE
:10639000090441EA0061607F0143A07F41EA0021D6
:1063A000059194F8231094F82400090441EA00614F
:1063B00094F82100014394F8220041EA002106915B
:1063C00094F8270094F82810000440EA016094F83B
:1063D0002510014394F8260041EA0021079137A8CF
:1063E0008249FDF781F9BAE0E2782379120442EAA2
:1063F00003626378217A1A43E379207B1B0443EA22
:106400000163617994F802C00B43E17A94F806E0E5
:10641000090441EA0061607A42EA0C220143A07A51
:1064200043EA0E2341EA00210091E17B207C09042C
:1064300041EA0061607B0143A07B41EA00210191B8
:10644000E17C207D090441EA0061607C0143A07C7D
:1064500041EA00210291E17D207E090441EA0061C8
:10646000607D0143A07D41EA00210391E17E207F10
:10647000090441EA0061607E0143A07E41EA0021F7
:106480000491E17F94F82000090441EA0061607FF3
:106490000143A07F41EA0021059194F8231094F86C
:1064A0002400090441EA006194F82100014394F8B2
:1064B000220041EA0021069194F8270094F8281060
:1064C000000440EA016094F82510014394F8260086
:1064D00041EA0021079137A84549FDF705F93EE05B
:1064E0000B2D3CD1A37862781B02D21837A8414902
:1064F000FDF7FAF82379E2781B02D21837A83E4953
:10650000FDF7F2F8A37962791B02D21837A83B494C
:10651000FDF7EAF8237AE2791B02D21837A8384946
:10652000FDF7E2F8A27A637A120237A835499A1881
:10653000FDF7DAF813E0E37822791B0443EA0263FB
:10654000627837A81343A2782F4943EA0222FDF765
:10655000CBF804E00022149201E001231393109978
:106560007B19FF297DF463A9159A01321592159BB9
:106570001B998B427DF453A9119A511C03D037A863
:106580002249FDF7B1F89DF89C3023B137A8204986
:1065900027AAFDF7A9F8169B0A2B0CD800201D4945
:1065A000ECF3A4F038B9139929B937A81A49139A0A
:1065B000FF23FDF799F8389A002302F8013B449B2A
:1065C0001A9800931299189B3892FDF76DF80446BB
:1065D0001298F0F317F201E06FF0010420463BB08F
:1065E000BDE8F08F01211391B9E700BFC28C020012
:1065F000FF8C02004F8F0200638F0200778F020032
:106600008B8F02009F8F02002C8E02001D900200D3
:10661000F4890200468902009C8702002DE9F04FB0
:106620008DB0059205468A4606A800211422984698
:106630000B91EBF3BFF1594B1C78002C40F0A38079
:106640006B69232B0CDD1C2228462146234600942F
:10665000F5F388F2002806DA01260227B14605E0A4
:106660000427012601E00C270326A1462846F5F35E
:106670000BF20128834602D0022813D105E02846F8
:106680005146EBF3CBF040000BE02846FCF7A1FFAE
:10669000044638B1FCF793FFC20503D52046FCF74A
:1066A00093FF0B900B9800284ED0F0F399F104461D
:1066B00000286ED0BBF1010F03D0BBF1020F1BD13C
:1066C0000BE00B9B002101930290059A284653464C
:1066D00000910391EBF3A0F00CE00B9A0CAB520885
:1066E00043F8042D284601212246FCF7A6FF0B9B08
:1066F0005B000B93002840D122884FF6FD73013ACE
:1067000092B29A4203D92046F0F37CF11CE0B9F131
:10671000000F03D004EB4707069719E0E3196288DE
:106720000693A388A7F5805707EB12221B0602EBFE
:106730001343E3180793E388DB19E31808932389CD
:10674000DF19E719099703E0154B0024069301268A
:10675000169A5046009206A932464346FDF716F8AF
:1067600050B9169B28461A68D8F8001001F038FD79
:10677000D8F800200B4B1A6014B12046F0F342F118
:10678000064A01231370169B0020C8F80000186009
:1067900001E06FF01A000DB0BDE8F08F2961010033
:1067A000608B02008893020030B51946039B049C5D
:1067B00043B14CB100251D6025600394BDE8304015
:1067C000FFF72CBF184630BD204630BD014B0022DC
:1067D0001A70704729610100F8B50C4F06463C68F5
:1067E0008CB101250BE0284600212C46E6F7C6FFB8
:1067F00020B128463146E6F7BBFF04E001353B688F
:106800009D42F0D900242046F8BD00BF2C61010054
:1068100010B5847801462046E6F7B0FF28B120463F
:106820000021E6F7A5FF002010BD4FF0FF3010BD9E
:1068300070B50C4E0D46306880B90B49E6F798FFED
:10684000012404E020460021E6F792FF013433687A
:106850009C42F7D9034B28461D6070BD4FF0FF30B6
:1068600070BD00BF2C610100ADDEADDE064B1A68C5
:10687000194632B1012300E001339342FCD90023D1
:106880000B600020704700BF2C6101002DE9F0472C
:106890000C46166882461546084684220021984612
:1068A0009DF82470EBF386F02046FFF795FFC0B209
:1068B000002832D0012323709DF82030A0700033CF
:1068C00018BF0123E3703C233C2EB4BFB1464FF008
:1068D0003C09A4F80E806770A381002615E050469D
:1068E00041463A46F0F390F030B96368002B0CBF94
:1068F0006FF01A0000200BE0A3780136C3706368C4
:10690000436123896060013323814E45E7DB00202A
:10691000238963812B60BDE8F0874FF0FF30BDE82D
:10692000F087F8B506460C4600250BE07B6930463B
:10693000636000237B61FB703946E278F0F386F0F8
:106940000135ADB26768002FF0D1238920465B1B6B
:10695000238163895D1B6581FFF75AFFA77027704C
:106960003846F8BD10B5C37C032B08D09C1D00EB46
:10697000C40401336160A260C374002010BD4FF0F5
:10698000FF3010BD2DE9F84311F01F0618BF012696
:1069900006EB511707F107094FEA890948460D46EA
:1069A00001F01F08F0F31CF0044600283BD0002142
:1069B0004A46BFB2EAF3FEF76780A580E580A4608F
:1069C00021462246002303E04FF0FF30906101335F
:1069D0000432BB42F8D356B14FF0FF3202FA08F846
:1069E0007B1D04EB83035A6882EA08025A6017F0A1
:1069F0001F0318BF012307F01F0003EB5717278061
:106A0000002203E04FF0FF358D6001320431BA42BD
:106A1000F8D343B14FF0FF338340013704EB8707CE
:106A20007A6853407B602046BDE8F8830846EFF360
:106A3000E9B7436B23B14FF47F629A60436B05E083
:106A4000836B4BB14FF47F629A60836B9868D0F18F
:106A5000010038BF00207047012070470346002026
:106A600001E00130C0B25B08FBD170470B6843F412
:106A700040330B6008680B6800F4403023F4403367
:106A80000B60A0F54031484240EB0100704708B56B
:106A9000416B09B9816B21B1806AFFF7E7FF0120E3
:106AA00008BD084608BD2DE9F047DDF820801F88A5
:106AB000099D1046894614461E46394642462B46D5
:106AC000EFF38EF48246E8B1012313FA07F72B683F
:106AD000013BDB19B3FBF7F35F43631EDB195F4038
:106AE00017EA090F0ED02046FFF7B8FF3080504656
:106AF000EFF380F43188204642462B46BDE8F0474C
:106B0000EFF36EB45046BDE8F08770B5002301295D
:106B10000CBFB0F84620B0F86C2086B00493B0F8F3
:106B20004430120101290446ADF816300D46806A42
:106B300041F6FF7329D104AED4F8C410009604F1D5
:106B40005C060196994214BF4FF480314FF4005116
:106B500004F150060DF116030296FFF7A4FF00287A
:106B600040D0BDF81630E26D15FA03F3511EC91876
:106B7000B1FBF3F14B43A3659B1A9BB2C018A4F879
:106B80006030049BE06363662BE004ADD4F8CC1066
:106B9000009504F184050195994214BF4FF48031AA
:106BA0004FF4005104F178050DF116030295FFF73B
:106BB0007AFFB8B1BDF81630012515FA03F3D4F801
:106BC0008420511EC918B1FBF3F14B43C4F8803047
:106BD0009B1A9BB2C018A4F88830049B2064C4F8A8
:106BE0008C30284606B070BDFFF78FBF2DE9F74FF8
:106BF0008DE803000EAEE02014469A460D9F96E8FD
:106C0000400ADDF84C80EFF3EBF60546002800F073
:106C100079810021E022EAF3CDF69A4B0021B8F108
:106C2000000F08BF98460A46C5F81C802046F4F3BA
:106C30008BF70C9BC0F30030AB63934B03212B60AD
:106C4000002285F83000C5F834A02846EDF3F8F5A9
:106C5000082205F120000199EAF384F7002385F862
:106C60002730009BEC62AB62BBF1FF3F14BF5B4679
:106C7000CC23B9F1CC0F88BFC3EB0909C5F8983014
:106C8000BDF84430A5F84670C5F89C309DF84830F2
:106C9000A5F86C60C5F8A0300C9BA5F89490002B6B
:106CA00045D0AA6B1368D80704D523F001031360FD
:106CB000AA6B1360AB6B4FF0FF329A602046F4F37F
:106CC00045F740F63C03984212D1E86AF4F34EF7D8
:106CD000052809D0E86AF4F349F7082804D0E86ADF
:106CE000F4F344F70C2803D1AB6B4FF0FF329A60FA
:106CF000AB6B9A681205120D1AB15A6842F00F0276
:106D000001E041F6FF72C5F8CC201A6802F4E012E7
:106D1000920C85F8B5201A6802F46002520D85F8CD
:106D2000BA201B6803F040731B0E85F8BB30BAF124
:106D3000000F4DD06A6B1368D90704D523F0010307
:106D400013606A6B13606B6B4FF0FF329A60E86AF6
:106D5000F4F3FCF640F63C03984212D1E86AF4F3EF
:106D600005F7052809D0E86AF4F300F7082804D0ED
:106D7000E86AF4F3FBF60C2803D16B6B4FF0FF329B
:106D80009A606B6B9A681205120D1AB15A6842F03C
:106D90000F0201E041F6FF72C5F8C420C5F8C82013
:106DA0001A6802F4E012920C85F8B6201A6802F410
:106DB000E072920985F8B7201A6802F46002520D59
:106DC00085F8B8201B6803F040731B0E85F8B930B6
:106DD00062680023012AC5F8A430C5F8AC3018D188
:106DE000A268B2F5026F03D040F63C018A4202D19C
:106DF0004FF0004303E04FF08042C5F8A420C5F8EF
:106E0000A830D5F8A430C5F8AC30D5F8A830C5F80E
:106E1000B0302046F4F39AF640F62903984208D1A0
:106E20002046F4F3A3F620B12046F4F39FF602289F
:106E30000FD92046F4F38AF640F6340398420CD179
:106E40002046F4F393F620B12046F4F38FF60128A0
:106E500003D1002385F8313004E02846FFF717FE00
:106E600085F831002846FFF7E4FD85F8B40068B1E5
:106E70000D23FF2FA5F844300CD8FF2E09D80C2382
:106E800005E000BF906101008C5001000423A5F8CB
:106E900044304FB1BC002046EFF3A2F5E86468B37C
:106EA00000212246EAF386F54EB1B4002046EFF306
:106EB00097F5686710B300212246EAF37BF527B106
:106EC00028460121FFF790FEC0B126B128460221D5
:106ED000FFF78AFE90B1D5F8A4305BB195F8313058
:106EE00043B9AB6DB3F1804F08D8D5F88030B3F11A
:106EF000804F03D8012385F8DD3003E02846EDF309
:106F0000F9F400252846BDE8FE8F00BF10B5044601
:106F1000F5F38CF2002120460A46F4F315F6C3047B
:106F200007D5204601F0DBFA00280CBF20204020C6
:106F300010BD202010BD2DE9F0470446266A09A99E
:106F4000042E666A9DF82000CCBF06F4781606F47D
:106F5000F01691E82202760C4FF000084BE031F871
:106F600028A01FFA83FCE24501EB880703D197F8BC
:106F700002C0844504D008F101085FFA88F83AE0BD
:106F8000002A35D006FB08F800252EE0636920466C
:106F9000222B0ADDE3695A0607D540F627010022B5
:106FA000F4F342F70146204600E000214FF4CC62A2
:106FB000F4F3DAF5056063692046222B0ADDE36904
:106FC0005B0607D540F627010022F4F32DF70146B2
:106FD000204600E0002140F26462F4F3C5F509EBBD
:106FE000880353F8253001350360EBB2B342CDD3AB
:106FF000F878BDE8F087A845B1D30020BDE8F08758
:107000002DE9F84304461E46002B00F0B480436A85
:1070100002EB061503F4F8594FEA192955F8043C18
:10702000013E0BB900279FE020469847002800F05A
:107030009E80F7E70122BA4055F8103C1A4200F052
:10704000928063692046222B0ADDE3695A0607D540
:1070500040F627010022F4F3E7F60146204600E05F
:1070600000214FF4C462F4F37FF5076015F90C2C8E
:1070700022B1012A19D0013275D144E0636920465A
:10708000222B09DDE3695B0606D540F62701F4F300
:10709000CBF60146204600E0002140F22462F4F3E2
:1070A00063F555F8083C03605DE063692046222BD8
:1070B0000ADDE369590607D540F627010022F4F3FB
:1070C000B3F60146204600E0002140F22462F4F3CA
:1070D0004BF563698046222B20460ADDE3695A0698
:1070E00007D540F627010022F4F39EF6014620461C
:1070F00000E0002140F22462F4F336F555F8083C34
:10710000026813432DE063692046222B0ADDE36900
:107110005B0607D540F627010022F4F385F6014609
:10712000204600E0002140F22462F4F31DF563697B
:107130008046222B20460ADDE369590607D540F632
:1071400027010022F4F370F60146204600E00021FA
:1071500040F22462F4F308F555F8082C036823EA9A
:107160000203C8F8003001374F457FF463AF103D8C
:10717000002E7FF453AFBDE8F883000070B59D4941
:1071800004460020EBF38EF2002800F0318100204D
:107190009849EBF387F2974905460020EBF382F21A
:1071A000944906460020EBF37DF215F0006500F0EF
:1071B000AC804FF40012002113462046E6F741FD53
:1071C0000222062113462046F4F344F66369204662
:1071D000222B0ADDE3695A0607D540F62701002273
:1071E000F4F322F60146204600E000214FF4C1628C
:1071F000F4F3BAF40668002506F480761BE04FF439
:107200007A70EFF3DBF063692046222B0ADDE36935
:107210005B0607D540F627013246F4F305F6014632
:10722000204600E000214FF4C162F4F39DF40668AB
:10723000013506F480761EB9B5F57A7FDFD170BDD1
:10724000B5F57A7F00F0D4804FF47A70EFF3B6F0A2
:107250000822062113462046F4F3FCF500230621FC
:1072600004222046F4F3F6F54FF47A70EFF3A6F01B
:1072700063692046222B0ADDE369590607D540F6EB
:1072800027010022F4F3D0F50146204600E000215A
:107290004FF4C062F4F368F40568002605F00105B8
:1072A0001BE04FF47A70EFF389F063692046222BDC
:1072B0000ADDE3695A0607D540F627010022F4F3F8
:1072C000B3F50146204600E000214FF4C062F4F31C
:1072D0004BF40568013605F001051DB1B6F57A7F5E
:1072E000DFD102E0B6F57A7F03D1204606210822DD
:1072F00079E029464FF480122B462046E6F7A1FCA0
:107300002046062101222B466EE0730170D54FF412
:107310008012134629462046E6F793FC01220621F7
:1073200013462046F4F396F54FF47A70EFF346F0E7
:107330000422062113462046F4F38CF50621082288
:107340002B462046F4F386F54FF47A70EFF336F0CF
:1073500063692046222B0ADDE3695E0607D540F605
:1073600027012A46F4F360F50146204600E000219B
:107370004FF4C062F4F3F8F30668002506F0010646
:107380001BE04FF47A70EFF319F063692046222B6B
:107390000ADDE369590607D540F627013246F4F3C2
:1073A00043F50146204600E000214FF4C062F4F3AB
:1073B000DBF30668013506F001061EB9B5F57A7FE4
:1073C000DFD102E0B5F57A7F03D120460621042201
:1073D00009E000214FF400120B462046E6F731FC8D
:1073E0002046062102220023BDE87040F4F332B5A6
:1073F00070BD00BF6853010046F29053994210B52A
:10740000044609D049F21823994207D0B1F5964FA6
:107410000CBF1F23002302E02A2300E03C230521A8
:10742000FF222046E6F779FC4FF4000206211346BE
:107430002046E6F73CFC1E20EEF3C0F7204606216E
:107440004FF400020023BDE81040E6F730BC000016
:10745000F0B5036A466A042BCCBF06F4781606F42E
:10746000F01685B00446760C00253BE010216846F6
:107470001F4A2B46EAF304F300206946EBF336F18A
:1074800000282ED000210A46EAF3CCF663690746AD
:10749000222B20460ADDE369590607D540F627016D
:1074A0000022F4F3C1F40146204600E000214FF42D
:1074B000CC62F4F359F3056063692046222B0ADDA0
:1074C000E3695A0607D540F627010022F4F3ACF42D
:1074D0000146204600E0002140F26462F4F344F3E8
:1074E00007600135EBB2B342C0D305B0F0BD00BFB9
:1074F000D5950200F0B5036A85B0042B0446466AB0
:1075000003DD06F0F866B60D02E006F0F076760DC3
:1075100000253BE0102168461F4A2B46EAF3B0F2F3
:1075200000206946EBF3E2F000282ED000210A4645
:10753000EAF378F663690746222B20460ADDE36901
:107540005A0607D540F627010022F4F36DF40146F0
:10755000204600E000214FF4CB62F4F305F3056010
:1075600063692046222B0ADDE3695B0607D540F6F6
:1075700027010022F4F358F40146204600E00021E0
:1075800040F25C62F4F3F0F207600135EBB2B34213
:10759000C0D305B0F0BD00BF0C990200F0B5036A7E
:1075A00085B0042B0446466A01DDF60E02E006F0C3
:1075B000F056760E00253BE0102168461E4A2B4609
:1075C000EAF35EF200206946EBF390F000282ED03B
:1075D00000210A46EAF326F663690746222B204675
:1075E0000ADDE3695B0607D540F627010022F4F3C4
:1075F0001BF40146204600E000214FF4CA62F4F378
:10760000B3F2056063692046222B0ADDE36959065F
:1076100007D540F627010022F4F306F40146204680
:1076200000E0002140F25462F4F39EF2076001355D
:10763000B542C1D105B0F0BD1B99020000487047AA
:10764000C0AD3A022DE9F04304460F4685B0002054
:10765000904915461E46EBF325F060B920463946A1
:1076600015B1FFF7EBFF07E0FFF7E8FF4FF47A757E
:10767000B0FBF5F500E0054600208749EBF312F07A
:1076800000F00F00012808D0022809D0834B844A5B
:10769000032814BF9146994604E0DFF8149201E0F4
:1076A000DFF8109229462046FFF7A6FE2046F4F3A5
:1076B00055F2002180462046F5F300F0794B024652
:1076C000002E4BD1019303230293394620463246C4
:1076D0002B460096CDF80C90FFF72DFC07460028AE
:1076E00037D063692046222B0ADDE3695B0607D5A4
:1076F00040F627013246F4F397F30146204600E0B6
:1077000000214FF4C062F4F32FF20268BF004FF67D
:107710008373134007F07C0205F17F07FF09013FE7
:1077200042EA07471F4363692046222B0ADDE369CB
:10773000590607D540F627010022F4F375F30146F8
:10774000204600E000214FF4C062F4F30DF2076020
:1077500096E029465448EAF353F192E000218DE87F
:107760000A0003230293204639462B46CDF80C909D
:10777000FFF7E1FB002D00F083802046E6F774F868
:10778000064606E0AB4203D16369222B07DC12E018
:107790000C36002E74D03388002BF3D170E0E369EF
:1077A0005A0608D540F6270120460022F4F33CF3A0
:1077B0000146204601E0204600214FF4C062F4F368
:1077C000D3F10268B37802F07C02B3EB920F57D08A
:1077D0003579F3782D061B0505F0706503F4700309
:1077E00000214FF07F622B432046E6F796FA73792B
:1077F00002211B052D4A43F400332046E6F78DFA9B
:10780000B3686FF07F42032113402046E6F785FA04
:1078100063692046222B0ADDE3695B0607D540F643
:1078200027010022F4F300F30146204600E0002186
:107830004FF4C062F4F398F102684FF68373358811
:107840001340B2787F35ED119200013D02F07C02C9
:1078500042EA05451D4363692046222B0ADDE369A0
:107860005E0607D540F627010022F4F3DDF201465B
:10787000204600E000214FF4C062F4F375F105608A
:10788000012620464146F4F319F7304605B0BDE81D
:10789000F08300BFEC950200745301008C5101008D
:1078A0000C52010006970200A39502000000FE1F83
:1078B00080530100F85301002DE9F04399468BB045
:1078C0000023079308930993036A476A042BCCBFEC
:1078D00007F4781707F4F01704460D4690467F0C1E
:1078E00000260CE0102103A8334A3346EAF3C8F01F
:1078F000002003A9EAF3FAF620B90136F6B2BE4237
:10790000F0D34EE008AB009309AB01932046294623
:10791000424607ABE6F7C0FB012329464A4620460C
:10792000FFF790FE20462946FFF792FD236A012BC0
:107930002CDD63692046222B0ADDE3695E0607D54C
:1079400040F627010022F4F36FF20146204600E0E2
:1079500000214FF4C062F4F307F163690646222B5D
:1079600020460ADDE369590607D540F627010022C3
:10797000F4F35AF20146204600E000214FF4C062C1
:10798000F4F3F2F0036843F480633360089B20460D
:107990000093099B294601934246079BE6F7D4F8DA
:1079A00007E0204629464A460023FFF74BFE002801
:1079B000A8D10BB0BDE8F083D59502002DE9F04FBA
:1079C000002587B004460E4604950595F4F3C6F0ED
:1079D000294683462046F4F371F6A149824628469B
:1079E000EAF384F648B1012384F8603329462A4635
:1079F000EAF318F4C4F85C0301E084F860030020A3
:107A00009849EAF373F648B10123002184F86833FA
:107A10000A46EAF307F4C4F8640301E084F8680353
:107A20002046F3F3F5F7904B676A98428F4B94BF6B
:107A300020252125A3F1080898BF984607F4F85798
:107A40003F0A08EBC50863692046222B0ADDE3697B
:107A50005A0607D540F627010022F4F3E5F1014666
:107A6000204600E000214FF4C462F4F37DF018F8E2
:107A7000083C013D036063692046222B0ADDE3696F
:107A80005B0607D540F627010022F4F3CDF101464D
:107A9000204600E000214FF4C562F4F365F058F889
:107AA000043CA8F108080360002DCCD147E0082170
:107AB00002A86F4A2B46E9F3E3F7002002A9EAF394
:107AC00015F600283AD000210A46EAF3ABF3236A00
:107AD00080460C2B07DDB0F5803F04D2C3B24FEADD
:107AE000102843EA084863692046222B0ADDE3692F
:107AF000590607D540F627010022F4F395F1014617
:107B0000204600E000214FF4C462F4F32DF005603C
:107B100063692046222B0ADDE3695A0607D540F641
:107B200027010022F4F380F10146204600E0002105
:107B30004FF4C562F4F318F0C0F800800135BD427F
:107B4000B5D1204631464B4A1F23FFF759FA00258D
:107B50003EE00821484A2B4602A8E9F391F70020AD
:107B600002A9EAF3C3F58146002830D063692046B4
:107B7000222B0ADDE3695B0607D540F627010022C8
:107B8000F4F352F10146204600E000214FF4C462B4
:107B9000F3F3EAF7056063692046222B0ADDE36907
:107BA000590607D540F627010022F4F33DF10146BE
:107BB000204600E0002140F22462F3F3D5F70021D3
:107BC00080460A464846EAF32DF3C8F8000001351E
:107BD000BD42BED1204604A905AAE5F70FFF049FC8
:107BE00052463B463146002520460095E5F752FEB9
:107BF000384304902046F4F347F4059A049B002A86
:107C00003CD01A4363690592222B20460ADDE369C2
:107C10005A0607D540F627012A46F4F305F1014636
:107C2000204600E0002140F21C62F3F39DF76369F7
:107C30000546222B20460ADDE3695B0607D540F6A0
:107C400027010022F4F3F0F00146204600E0002175
:107C500040F21C62F3F388F7059B02683AE000BF2C
:107C6000C595020000970200BFAD3A0200960200DF
:107C7000E79502001C970200E2950200002B2BD032
:107C800063692046222B09DDE369590606D540F6D3
:107C90002701F4F3C9F00146204600E0002140F23C
:107CA0001C62F3F361F763690546222B20460ADD67
:107CB000E3695A0607D540F627010022F4F3B4F031
:107CC0000146204600E0002140F21C62F3F34CF72D
:107CD000049B026813432B60049BABB1636920468D
:107CE000222B0ADDE3695B0607D540F62701002257
:107CF000F4F39AF00146204600E000214FF4C362FD
:107D0000F3F332F7049B0360059BABB16369204634
:107D1000222B0ADDE369590607D540F62701002228
:107D2000F4F382F00146204600E0002140F21C629C
:107D3000F3F31AF7059B0360314652462046E6F7F7
:107D40007EF94FF4FA60EEF339F320465946F4F326
:107D5000B5F407B0BDE8F08FF8B5044615460E46F9
:107D6000F3F3FCF6002107462046F4F3A7F431466E
:107D700002462B462046FFF79FFD204631462A4605
:107D8000E5F7D8FD20463946BDE8F840F4F396B44F
:107D900038B5036A0446012B2DD14369222B0ADD35
:107DA000C3695A0607D540F627010022F4F33CF0D8
:107DB0000146204601E0204600214FF4C062F3F363
:107DC000D3F663690546222B20460ADDE3695B068C
:107DD00007D540F627010022F4F326F0014620469D
:107DE00000E000214FF4C062F3F3BEF6036823F411
:107DF00000732B6038BD2CDD4369222B0ADDC3697B
:107E0000590607D540F627010022F4F30DF001468C
:107E1000204601E0204600214FF4C062F3F3A4F6AF
:107E200063690546222B20460ADDE3695A0607D519
:107E300040F627010022F3F3F7F70146204600E061
:107E400000214FF4C062F3F38FF6036843F400732C
:107E50002B6038BD70470120704738B505460C4689
:107E6000FFF79CFB284621460022FFF7F3FF284638
:107E70002146BDE83840FFF781B9000038B5044617
:107E80000D4600203149EAF331F440B100210A46A1
:107E9000EAF3C8F12946C3B20122204603E0204696
:107EA000294601220523E5F78BFF00202849EAF344
:107EB0001DF448B100210A46EAF3B4F12946C3B2E1
:107EC00009222046E5F77CFF00202249EAF30EF460
:107ED00048B100210A46EAF3A5F12946C3B20522BA
:107EE0002046E5F76DFF00201B49EAF3FFF348B198
:107EF00000210A46EAF396F12946C3B2062220463B
:107F0000E5F75EFF002120464FF478624FF43863B6
:107F1000E5F7CDFE002120464FF460424FF42043A8
:107F2000E5F7C5FE4FF4C022002113462046E5F7D1
:107F3000BEFE0122002120461346E5F7B8FE20468A
:107F40002946BDE83840FFF7D5BA00BF12970200B6
:107F5000DB95020012990200CA95020038B5036A47
:107F60000446092B69DD4369222B0ADDC3695B06E0
:107F700007D540F627010022F3F356F701462046C5
:107F800001E0204600214FF4C062F3F3EDF50268F2
:107F900012F0010253D163692046222B09DDE36907
:107FA0005D0606D540F62701F3F33EF7014620466D
:107FB00000E0002140F26C62F3F3D6F54FF000438D
:107FC00003604FF47A70EEF3F9F163692046222BD7
:107FD0000ADDE369590607D540F627010022F3F3CD
:107FE00023F70146204600E0002140F26C62F3F3E3
:107FF000BBF505686369ED04ED0C222B20460ADD14
:10800000E3695A0607D540F627010022F3F30CF77F
:108010000146204600E0002140F26C62F3F3A4F533
:108020006D030023036005F54245064805F5A87574
:10803000B5FBF0F56420684338BD002038BD002052
:1080400038BD00BFA086010038B5002105461020CC
:10805000E3F7A0FF002104461022E9F3ABF46560CA
:10806000204638BD08B1E4F71DB8704710B5044686
:10807000E4F706F96060E0602068E7F716FA6368E5
:10808000A0F50060206118180123A060237610BDC0
:1080900038B50546F4F3CAF11C20EEF3A1F4084C00
:1080A00000211C222060E9F385F420680560FFF7B9
:1080B000DDFF044922682846BDE83840E6F726BCC3
:1080C00090040000D93F00002DE9F84F0C46F4F36E
:1080D000ADF141F20100E568EEF382F400287CD0B6
:1080E00000F1010C064620E001321970D2B243467D
:1080F00039783D460137C1B13D2903F10108F3D17B
:10810000327029464646002203E001323770D2B26F
:10811000664611F8017FC3EB0508B04406F1010C77
:10812000002FF2D11A7008F10105E768A368FB1867
:108130009D4205D22B781BB12F4663460022D7E71C
:1081400025460123E2688346BA1A2A823BE0594653
:1081500011F8012B9A4202D14FF0000C0AE0102BCB
:108160002AD10F2AF8DC27E01BF8018F07F80C80D2
:108170000CF1010C6245F7D101EB0208895C07EBB9
:10818000020C4FF03D0907F8029008F1010B0CF1C9
:10819000010701F10109002203E018F802A00CF820
:1081A00002A001324A45F8D17A184FF0000C07F8C6
:1081B00001C08B44571C06E011F802B001EB020C21
:1081C0000BF1010BE344B345C1D301330235112B4D
:1081D000B8D1BDE8F84FEEF315B4BDE8F88F000054
:1081E000F8B50E4617460446F4F320F13020EEF3BE
:1081F000F7F3054668B1C660074E30234360336825
:108200008760036029462046FFF75EFF3560002047
:10821000F8BD6FF01A00F8BD9404000008B5064BD5
:108220001B683BB9054B196821B1054B1A680AB1A7
:10823000FFF7D6FF002008BD94040000985C010001
:108240009C5C0100F8B5104B07461C681E46BCB18B
:10825000E3689BB10D4D2A689A420FD1F4F3E6F022
:10826000E068EEF3CFF300232B6007E03846256883
:10827000F4F3DCF02046EEF3C5F32C46002CF5D1E8
:1082800000233360F8BD00BF94040000889302000F
:1082900073B5856E04466DB1D0F8CC3000EB830326
:1082A000D3F8D420036E9A4203D1406EA847054606
:1082B00000E000252046F3F351F4002302A941F821
:1082C000083D06466946204601AA0DF0C1FE9DE81C
:1082D00006004FF4FF20E9F3E9F220463146F4F3BB
:1082E000EDF1E36E5BB1D4F8CC2004EB8202D2F85E
:1082F000D410226E914202D1606E294698477CBD0F
:10830000F8B50446F0F3BAF000284FD0A56E6DB171
:10831000D4F8CC3004EB8303D3F8D420236E9A42F4
:1083200003D1606EA847054600E000252046F3F320
:1083300015F4002107462046F4F3C0F1012106465A
:1083400000222046F0F3BAF04FF480110A4620468E
:10835000F0F396F040210A462046F0F3A5F04FF0E6
:1083600080710A462046F0F38BF02046FFF790FF1D
:108370000F4B0121C6F804354FF4FC73C6F80835DD
:108380000A462046F0F39AF020463946F4F396F177
:10839000E36E5BB1D4F8CC2004EB8202D2F8D410A7
:1083A000226E914202D1606E29469847F8BD00BF07
:1083B000F200394001207047C36B44F258329342B7
:1083C0000DD004D844F25632934218D112E04AF646
:1083D0002E22934208D04AF62F2293420FD1C0F8A2
:1083E00084334AF6322303E0C0F884334AF631235B
:1083F000C3637047C0F8843344F25433C363704797
:1084000038B541F2E443044603630D4629B10846FA
:108410000F49EAF347F1A06240B928460D49EAF353
:1084200041F1A06210B94FF6FF73A3620A492846D2
:10843000EAF338F10949E0622846EAF333F10849E2
:1084400060632846EAF32EF184F8550038BD00BF7A
:108450002D990200239902006499020043990200B9
:108460004E9902007047000030B585B0019000249D
:1084700004A840F8044D01A90422E9F317F2019D74
:10848000B5B12B46D3F88C2012B10022C3F88C2052
:1084900001340433102CF5D10398FEF797F90398B3
:1084A000FFF7D0FE034B9D4202D02846EEF3AAF21E
:1084B00005B030BDE46101000367D0F8CC3010B5E1
:1084C00000EB8303029CD3F8D43044668166C26615
:1084D000036610BD00238366C36603677047806927
:1084E000C0F3C06070472DE9F84304461E46089D5E
:1084F000099FFAF761FC00212046F4F3DFF0804683
:108500002046F3F333F30A28C8BFD8F82C30606153
:10851000C8BFA3642228D8F80430C8BFD8F8AC205C
:10852000A361C8BFE261DA001CD5222814DDE3692B
:108530005B0611D50022204640F62701F3F374F4C0
:1085400001462046F4F3BAF0D0F804360021636205
:108550002046F4F3B3F002E0D8F80436636294F8EE
:10856000243023624FF4E063A3604FF0FF33E360F5
:1085700011232361A1464FF0000817E04146F4F3B0
:108580009DF02046F3F3E2F22046F3F3EFF21EB142
:10859000D9F814319E4203D0D9F88C309F4201D1D2
:1085A000C5F8008008F1010809F10409D4F8D030B9
:1085B00020469845E2D32968F4F380F00120BDE815
:1085C000F883F7B5002213460D4601210446E5F76E
:1085D00038FB0021282207460B4620460091F3F382
:1085E000C1F20646280709D0204601210622F3F3EE
:1085F00067F6204602210622F3F362F615F0F00F2B
:1086000004D0204600210222F3F35AF615F4706FCD
:108610000ED0204600210122F3F352F601210A4632
:108620002046F3F34DF6204602210122F3F348F6EB
:1086300001213B4620464FF0FF32E5F702FB204682
:10864000002128224FF0FF330096F3F38BF2FEBD9A
:108650000020EAF327B0000010B50C490446FFF7EC
:10866000F7FF80B288B9D4F880000849EAF31AF01D
:1086700080B250B9D4F880000549EAF313F04FF600
:10868000FF7380B2002808BF184610BD6D99020024
:108690007B990200436907B50A2B09DD003118BF39
:1086A00001210091242200210123F3F35BF201E078
:1086B0004FF0FF300EBD07B50021F8220B460091A8
:1086C000F3F350F200F00F000EBD00002DE9FF475C
:1086D000DDF830809246DDF834900F464FF4637237
:1086E000002104461E460E9DB8F1010F08BF4FF051
:1086F0000008E9F35FF111232361C4F88860C4F82E
:108700005C90C4F858A0C4F80480B8F1000F40F0A1
:10871000C580204641463A464B46FFF74BFE0028AF
:1087200000F0C0804FF0C0531A68130F02F470219C
:10873000236093B202F47002120D626444F2583264
:10874000090C9342E36321640AD004D844F2563200
:10875000934208D104E0A3F52A432E3B012B02D813
:108760002046FFF729FE636C20460E3B012B8CBF91
:108770000023012384F84C304FF0C0513A46FAF7F9
:1087800093F9D4F8D030002B00F08A80002704AB96
:1087900043F8047D8DE8480020464FF0C0513A462A
:1087A0003B46FFF7A0FE00287CD02046FFF736FDB1
:1087B0000F9B00950193204639463246A36DFDF785
:1087C000F3FF002870D105B12D683A4E20462946A6
:1087D000FFF716FE3278002A42D16369132B19DDA8
:1087E0004FF400612046F3F35BF733490746284610
:1087F000E9F37CF738B128462F49E9F353F7B0F194
:10880000FF3F08BF00200023BB650399F8652046A1
:10881000F3F354F72046A16DFFF7BAFA2046A16D95
:10882000FFF71BFB28462549E9F33CF7024620B930
:108830002046A16DFFF792FB0246C4F88823A16D84
:108840002046FFF789FA2046FFF75AFD2046A16D22
:10885000FFF7B4F82046A16DFFF710FB012333703A
:108860002046F3F3E1F528461549E9F33FF738B11F
:1088700013492846E9F316F701462046FFF7A1FE03
:1088800028461049E9F332F778B128460D49E9F353
:1088900009F701462046FFF7E5FD06E0002404E065
:1088A0001C4602E0044600E03C46204604B0BDE819
:1088B000F08700BFE06101003E9902005B99020071
:1088C00073990200349902001FB50F4C02462378B9
:1088D000BBB910B90346014601E00C4B191D00203D
:1088E0000090019002930391094844F210714FF0F7
:1088F000C053FFF7EBFE28B1064B20221A6001237C
:108900002370034804B010BD70650100646201006B
:10891000E4610100A00400002DE9FF4707464FF481
:108920006370884691469A460D9E0E9DEEF358F070
:108930000446C8B10C9B3946019342464B46CDF8DC
:1089400000A002960395FFF7C1FE074620B9204616
:10895000EEF358F03C4607E006B13668C4F8806094
:1089600005B12D68C4F88450204604B0BDE8F087F6
:1089700070B5064686B04FF4BC70EEF331F0044695
:10898000E8B100214FF4BC72E9F314F00D4B2660FE
:1089900000930D4B0025019330680C490C4A234687
:1089A000029503950495059500F0D8FE30B94FF473
:1089B0009663C4F8603184F8640100E02C462046D8
:1089C00006B070BDA53881005D3D8100D8D2880019
:1089D0003CC5890010B5044650B1036805491868C4
:1089E000224600F060FE2046BDE81040EEF30AB0DB
:1089F00010BD00BF3CC589002DE9F041054686B099
:108A00008020EDF3EDF70446002844D000218022B9
:108A1000E8F3D0F704236360B4232560A381A04664
:108A2000C5F85847274600260EE01C2202FB0642E6
:108A30003C61A8681B4910320023FAF36DF33862D9
:108A40001C3700282BD0013663689E42EDDB164BA5
:108A50001649009300230193029303930493059313
:108A60002868134A234600F079FEC0B913E0D8F80D
:108A7000201031B123689868FAF336F30023C8F860
:108A80002030013508F11C0863689D42EFDB204669
:108A9000EDF3B8F70024204606B0BDE8F0810025CC
:108AA000F2E700BF49488100A94681007CD38800D5
:108AB0007F3F890070B5044600281ED003680F4927
:108AC0001868224600F0EFFD254600260DE0296AD1
:108AD00029B123689868FAF307F300232B62E86949
:108AE00008B1EDF38FF701361C3563689E42EEDB6B
:108AF0002046BDE87040EDF385B770BD7F3F89002B
:108B000010B50446C06F08B1FFF764FFD4F88400C5
:108B100008B107F0C1FED4F8800008B1FFF7CAFF22
:108B2000D4F8B00008B100F013F9A06808B101F062
:108B3000E3F92046BDE81040EDF364B72DE9F04FAE
:108B400007468DB0B8208A4690461D46179EEDF325
:108B500047F70446002800F0A0804FF0000B0021EA
:108B6000B822E8F327F7266084F88CB03846FFF780
:108B70006BFA0BABC4F8A8B02A4601900693814665
:108B800041F2E44120463346CDF800B0CDF808A0CC
:108B9000CDF80C800494CDF814B001F05DFA0546D0
:108BA000002875D0A06010F06FDA2B691021E36007
:108BB0003C4B6060A3643C4A33462761646438469A
:108BC000E8F35EF72B69D86FF2F356F749F698137E
:108BD00098422B69D86F06D8F2F34EF70821034666
:108BE000324A09A805E0F2F347F7314A0346082163
:108BF00009A8E8F345F7314609AA2E4B2E48E8F3B9
:108C0000FFF63246002016992C4B8DE88001F8F7CC
:108C1000A9FB064600283BD16368012783F87870DA
:108C200008210A46286930F0D5DA36213A46D5F8C7
:108C30009802EFF730FD2846FFF7DEFEC4F880000B
:108C400030B3284607F0F6FDC4F8840000B3284688
:108C5000FFF78EFEE067D8B16368194983F8E070CA
:108C6000184B02968DE848000396049605962868EE
:108C7000154A234600F072FD50B9284600F032F83C
:108C8000C4F8B00020B111482146EDF3A9F120B19C
:108C900020464946FFF734FF002420460DB0BDE8CA
:108CA000F08F00BFBD888100DB550100E055010059
:108CB0004D4989004039010081990200FD8D8100F4
:108CC0002CD58800198A810058FB8900F58981001C
:108CD00001207047024B01221A70E3F763BA00BF0C
:108CE000FC03000070B5064686B02020EDF37EF64A
:108CF0000446F0B100212022E8F35CF64FF4E15382
:108D0000E3804B2323810A2363810E4B26600025D9
:108D1000009330680C490D4A23460195029503954E
:108D20000495059500F01AFD30B93368012283F8E7
:108D30006321204606B070BD2046EDF363F62C4655
:108D4000F7E700BF7D9A81008CD58800C04B890071
:108D500010B5044678B1FBF309F32368224618687E
:108D6000054900F0A0FC2046EDF34CF623680022F4
:108D70001B6883F8632110BDC04B89000368D3F8DA
:108D8000D42041F26B03116B99420BD1936AEF2B04
:108D900028D001D8D62B04E0F52B23D040F20F11B8
:108DA0008B421FD0936A40F2C65293421AD040F2CF
:108DB0007452934216D0036A7F2210E0482283F84F
:108DC000FD2006E002F0C002921102EB810183F85F
:108DD000FD10036A93F9FD20142A0BDC482283F866
:108DE000FD207047036A93F8FD104AB2B2F1FF3FCD
:108DF000E8D1E3E77047D0F8E81110B5044629B18F
:108E00008068FAF371F10023C4F8E831D4F8001255
:108E100029B1A068FAF368F10023C4F80032D4F84D
:108E20008434D3F8301139B1A068FAF35DF1D4F885
:108E300084340022C3F83021D4F8501329B1A0683B
:108E4000FAF352F10023C4F85033D4F8541529B181
:108E5000A068FAF349F10023C4F85435D4F8F415A6
:108E600029B1A068FAF340F10023C4F8F435D4F82E
:108E7000C41729B1A068FAF337F10023C4F8C43746
:108E800010BD10B50446006807F0D8F8D4F8800685
:108E900020B106F021F80023C4F88036D4F87C060F
:108EA00020B106F049FA0023C4F87C36D4F89C01BE
:108EB00020B108F089FE0023C4F89C31D4F88C015D
:108EC00020B101F025FE0023C4F88C31D4F8400114
:108ED00020B102F069FF0023C4F84031D4F85401F6
:108EE00020B1FEF3FFF30023C4F85431D4F830016D
:108EF00020B102F019FC0023C4F83031D4F8340159
:108F000020B102F0C1F90023C4F83431D4F838019B
:108F100020B102F01BFB0023C4F83831204602F0D8
:108F2000D5FAD4F84C0120B106F0BAFA0023C4F8FF
:108F30004C31D4F8480120B108F078FD0023C4F882
:108F40004831D4F8440120B106F032F90023C4F8C6
:108F50004431D4F85C0120B108F016FA0023C4F8BB
:108F60005C31D4F82C3113B10023C4F82C31D4F87F
:108F7000600120B104F0B4F90023C4F86031204648
:108F800008F0AAFA204605F09FFFD4F8500120B15E
:108F900005F0FAFF0023C4F85031D4F8700120B175
:108FA00001F09EFC0023C4F87031D4F8780120B1A0
:108FB00004F0A8FC0023C4F87831D4F87C0120B177
:108FC00007F06CFE0023C4F87C31D4F8740120B1A2
:108FD00008F072FD0023C4F87431D4F8840120B184
:108FE00001F01CFC0023C4F88431D4F8880120B1BE
:108FF00004F0E2FB0023C4F88831D4F8780420B1EF
:1090000007F0F4FC0023C4F87834D4F87C0420B1D1
:1090100007F02EFD0023C4F87C34D4F8800420B17E
:1090200007F0C0FD0023C4F88034D4F8940120B1C7
:1090300008F0A2FE0023C4F89431D4F8640820B1EB
:1090400008F0F6FE0023C4F86438D4F8F80620B11E
:1090500008F040F90023C4F8F836D4F89C0620B193
:1090600004F0E2FE0023C4F89C36D4F8A00620B138
:1090700001F060FD0023C4F8A036D4F8CC0620B17E
:1090800004F0BAFE0023C4F8CC36D4F8D40620B1DC
:1090900004F0F4FC0023C4F8D436D4F8D00620B190
:1090A00008F084FA0023C4F8D036D4F8600820B160
:1090B00007F0D6FE0023C4F86038D4F8DC0620B1EF
:1090C00007F0FEFB0023C4F8DC36D4F8BC0608B178
:1090D00005F081FDD4F8C00608B105F07CFDD4F898
:1090E000A00120B103F0F8FE0023C4F8A031D4F8A9
:1090F000F00620B106F0C2F90023C4F8F036D4F827
:10910000300720B1EDF37EF40023C4F83037D4F8F3
:10911000A40620B105F03AFD0023C4F8A436D4F823
:10912000940620B104F070FF0023C4F89436D4F8FC
:10913000240120B108F06CF80023C4F82431D4F8DD
:10914000280120B103F0A6FD0023C4F82831D4F88B
:10915000880420B106F0A8FA0023C4F88834D4F8B3
:10916000E80520B104F0D2FD0023C4F8E835D4F8B6
:10917000380620B1F9F7CEFF0023C4F83836204670
:10918000BDE8104004F0D4BB70B5D0F88434056855
:1091900001220446A3F89020D5F8D8003C49E9F311
:1091A000A5F240B1D5F8D8003949D4F88464E9F380
:1091B00079F2A6F89000D4F884346422A3F84A2007
:1091C000D5F8D8003349E9F391F240B1D5F8D80089
:1091D0003049D4F88464E9F365F2A6F84A00D4F87B
:1091E00084346422A3F84C20D5F8D8002A49E9F346
:1091F0007DF240B1D5F8D8002749D4F88464E9F36A
:1092000051F2A6F84C00D4F884346422A3F89220DA
:10921000D5F8D8002149E9F369F240B1D5F8D80072
:109220001E49D4F88464E9F33DF2A6F89200D4F81C
:1092300084340122A3F89620D5F8D8001849E9F320
:1092400055F240B1D5F8D8001549D4F88464E9F353
:1092500029F2A6F89600D4F884340422A3F89E20BC
:10926000D5F8D8000F49E9F341F240B1D5F8D8005C
:109270000C49D4F88464E9F315F2A6F89E00D4F8FA
:1092800084346422A3F894200122A3F8982070BDAE
:10929000079A0200239A0200E3990200749B0200DD
:1092A000CD990200B5990200F7B5036A044693F917
:1092B000FC00421C2CD0236893F87C200A2A02D898
:1092C000FEF308F225E0D3F8D85014492846E9F314
:1092D000E9F113498DF804002846E9F3E3F1114957
:1092E0008DF805002846E9F3DDF100258DF806002C
:1092F0002E4601AF7857FEF3EDF176B2E855013511
:10930000B042A8BF0646032DF6B2F2D1304600E0C7
:109310000820236A83F8FC00FEBD00BFF599020017
:10932000FB990200019A02000368D0F8842470B50A
:10933000D3F8D8500323D371D0F884240446137291
:10934000D0F88424444982F8AD30D0F884242846EB
:1093500082F8AE30E9F3A6F140B220B928463F4981
:10936000E9F3A0F140B2431E0E2B0CD80128D4F82B
:10937000842401D1002302E0022804D10123D37107
:10938000D4F884241372D4F8843493F81C210AB1DD
:109390000322DA7132492846266AE9F383F186F816
:1093A000FC002046FFF780FF2E492846266AE9F395
:1093B00079F186F8FD002046FFF7E0FC236A93F878
:1093C000FD2083F8FE20216841F26B02D1F8D430F1
:1093D000186B904229D1226A92F9FC00082824DCFB
:1093E0009B6AD12B12D0E92B10D0902B0ED08B2B57
:1093F0000CD08D2B01D10D2315E0932B0AD1B1F8A0
:109400007A301B051B0DB3F5826F01DC18230AE0CF
:109410001B2308E08E2B01D1102304E0D62B01D0B2
:10942000E42B02D1172382F8FC30236840F27452F7
:10943000D3F8D4309B6A934203D040F2C652934291
:1094400007D1236A93F9FC20082A02DC172283F84B
:10945000FC20012070BD00BF579A02001F9A020035
:10946000959B0200519A020010B504461C49806881
:1094700022460023F9F350F6C4F8E80170B3A0685F
:10948000184922460023F9F347F6C4F8000228B32E
:10949000A068154922460023F9F33EF6C4F85003AC
:1094A000E0B1A068114922460023F9F335F6C4F86B
:1094B000540598B1A0680E4922460023F9F32CF612
:1094C000C4F8F40550B10023A0680A492246F9F314
:1094D00023F6C4F8C407003018BF012010BD00BF38
:1094E000713D82005D01820075EF81001DFD8100EC
:1094F000CD378200A5CF810070B5FF22044601233D
:1095000084F8732484F8DB2241F20101D4F8842426
:1095100000260376A4F858146420032184F840053B
:1095200084F8763484F87264D171D4F8842440F6D7
:109530002A151172A4F85A54A4F85C54A4F85E5485
:10954000A4F86054A4F86254A4F86454A4F86654CF
:10955000A4F86E1440F62B150221A4F86854A4F860
:10956000701407250421A4F86A54A4F86C14A4F814
:109570002E06A4F8686384F82062A4F82C6684F8A8
:10958000346284F8236284F8216284F8F26484F8F7
:10959000B06284F8276521684FF0FF3081F85330BE
:1095A00048632168204681F84130216881F84230C3
:1095B000216881F8D160216881F84360216884F8CE
:1095C0000E6284F80F62C4F8506681F89430216806
:1095D00081F8F530216881F8F430216881F89D30F8
:1095E000216881F83431216881F86931216881F876
:1095F0002861216881F86161216881F86A612268C7
:10960000966684F8643384F8653392F84F108907BE
:1096100018BF82F8523003230125002284F8DC3180
:1096200084F8E4314FF44873A4F8343584F8506575
:10963000A4F84E2584F8DC5505F096DD052384F862
:109640002036236884F8206184F8585683F8115135
:1096500023684FF0FF31A4F87017A4F8541884F869
:10966000736784F8A15784F8B05783F84251236890
:1096700083F84351236883F85C61236883F864515D
:10968000236883F86651236883F86B51236883F855
:109690006751236883F86851236883F83B61236826
:1096A000C3F83C6170BD2DE9F0470F469246002893
:1096B00034D00468002C35D04FF00008C14628E0B3
:1096C000D4F8C40239464044E8F300F2E8B9D4F8CB
:1096D000C8324FEA890653F82930534515D1D4F8DA
:1096E000C43243445D6B013D5D63EDB918462946C4
:1096F0003822E8F35FF1D4F8C80229468019042221
:10970000E8F358F12846BDE8F08709F1010908F1AE
:109710003808236893F8B4309945D1DB6FF01D0009
:10972000BDE8F0876FF01D00BDE8F087F8B50025B3
:109730000F4606682C4608E0D6F8C40239464019A0
:10974000E8F3C4F1383538B10134336893F8B430F4
:109750009C42F1DB6FF01D042046F8BD2DE9F04777
:109760008A461146984691460468FFF7DFFF031EBC
:1097700005DA2368002693F8B42035463BE0D4F898
:10978000C822382042F82380D4F8C42200FB0320EA
:10979000436B013343630020BDE8F087D4F8C43243
:1097A00006F138019F5D98191FBB49461F22E8F357
:1097B000D9F1D4F8C4320C999E19089BC6F820A0A0
:1097C000B362099B384673620A9BF3620B9B336357
:1097D000D4F8183743F8351003EBC5020D9B5360DE
:1097E000736B01337363D4F8C83243F82580BDE846
:1097F000F08701350E469542D0DB6FF01500BDE8CD
:10980000F0872DE9F04107680C4615469846D7F8D1
:10981000CC02002604E003689C420BD00646006997
:109820000028F8D111E0002303610EB1306101E09E
:10983000C7F8CC02069B80E83001C3600020BDE879
:10984000F0816FF01500BDE8F0811420EDF3C8F051
:109850000028E8D1F5E7000013B500230446009383
:1098600021460068194AFFF7CCFF014658BBD4F8DF
:1098700088040322164B05F07FFF014618BBD4F87D
:1098800088040222134B05F077FF0146D8B9D4F8BB
:1098900088040522104B05F06FFF014698B9D4F8F3
:1098A000880406220D4B05F067FF014658B9D4F82D
:1098B000880408220A4B05F05FFF002814BF4FF010
:1098C000FF30002001E04FF0FF301CBDC9A3810034
:1098D0002DCC8100B12C8200F92E8200FD4E0000BB
:1098E00029FD8100026810B5D2F8CC0200230EE0F9
:1098F0000468A14209D101690BB1196101E0C2F804
:10990000CC12EDF37FF0002010BD03460069002863
:10991000EED16FF01D0010BD41F2E443984208D132
:109920000023064A9A5A8A4205D00233B3F58C7F47
:10993000F7D1002070470120704700BF5C9A0200F9
:109940002DE9F043D0F854530021C82287B00446D3
:109950002846E8F32FF06423EB85032385F8603075
:1099600000220123D4F858014FF4805139F042D835
:10997000FF28074605D1236A186919684DF094D964
:109980000746236A6F860021A4F85674204607F420
:109990006057B3F808801E680CF008DBB7F5205F4D
:1099A00005F1380908D0B7F5C05F07D0B7F5805F7B
:1099B00014BF0A27142702E0A02700E0282700216F
:1099C000FF238DE80A00D4F88434029003971B79B2
:1099D00042460493484633465BF07ADA236893F8AC
:1099E0004F309A0703D0EB8843F02003EB8007B099
:1099F000BDE8F08382B010B514246143D0F8D4429E
:109A000003936350059B60184360069B026183606B
:109A1000049BC360BDE8104002B0704730B50368D6
:109A20000446DB6985B09A6D4068D4F83C16DB6D5E
:109A3000F9F738FBC4F83806002800F0DE8120462C
:109A400004F068F9C4F8E805002800F0D981204640
:109A500005F04AFEC4F88804002800F0D4812046AE
:109A600003F048F9C4F82801002800F0CF8120460F
:109A700007F098FBC4F82401002800F0CA812046B2
:109A800004F0D6FCC4F89406002800F0D1812046EA
:109A900005F08EF8C4F8A406002800F0CC8120461A
:109AA00004F0F2FE002840F0C981204604F04EFF89
:109AB000002840F0C381204604F076FF002840F0E3
:109AC000BD81204604F0D4FF002840F0B781204635
:109AD00005F00AF8002840F0B181204605F020F892
:109AE0000546002840F0AA810321D4F8A4060A46BE
:109AF00005F054F9C4F8BC06002800F0A281D4F89F
:109B0000A40602212A4605F049F9C4F8C006002837
:109B100000F09A812946C04AC04B20460095019426
:109B200007F084FBBE4B1A1D07CA1B688DE80700AF
:109B3000082122462046FFF75DFF206806F062FA02
:109B4000204606F065FFC4F87804002800F07F8105
:109B5000204606F0A7FFC4F87C04002800F07981B5
:109B6000204607F035F8C4F88004002800F073811F
:109B7000204601F063FEC4F81805002800F06D814E
:109B8000A84B2046C4F8543101F0E8FDC4F8300178
:109B9000002800F06481204601F0A0FBC4F83401E5
:109BA000002800F05E81204601F000FDC4F8380175
:109BB000002800F05881204601F092FC002840F077
:109BC0005581204607F092FBC4F85C01002800F0A4
:109BD0005081204607F06CF9C4F86008002800F0B6
:109BE0004A8120682146A2688F4B03F0CBFEC4F85F
:109BF0009802002800F04181204603F0BBFBC4F826
:109C00006001002800F03B81884B2046C4F82C31CD
:109C100005F000FBC4F84401002800F03281204622
:109C200007F01EFFC4F84801002800F02C812046F0
:109C300005F074FCC4F84C01002800F02781204690
:109C400002F0D6F8C4F84001002800F02181236812
:109C5000012283F8A120204604F0EAF8C4F89C060B
:109C6000002800F01781204607F09EFB002840F0F6
:109C70001381204605F0E4F9C4F85001002800F0F3
:109C80000D81204605F004F9002840F009812046A6
:109C900000F03CFEC4F87001002800F0038120466B
:109CA00003F09AFDC4F87801002800F0FD802046FA
:109CB00007F010F8C4F87C01002800F0F880204676
:109CC00007F010FFC4F87401002800F0F38020466C
:109CD00000F0BAFDC4F88401002800F0ED802046B1
:109CE00003F034FDC4F88801002800F0E780204626
:109CF00007F0BEFFC4F89401002800F0E180204680
:109D000000F06AFEC4F88C01002800F0DB802046D9
:109D100007F070FFC4F89C01002800F0D5802046B1
:109D200069F094DE60B1204608F036F8C4F86408A3
:109D3000002800F0C9802368012283F8322102E064
:109D4000236883F83201204607F08EFAC4F8F8063B
:109D5000002800F0BB80204605F002FBC4F87C061A
:109D6000002800F0B580204605F0C4F8C4F880064D
:109D7000002800F0AF80204607F03EFCC4F8D00673
:109D8000002800F0A9802368012283F8A320204640
:109D900000F0E2FEC4F8A006002800F09F802046F4
:109DA00003F0D4FFC4F8CC06002800F099802046C8
:109DB00003F08AFEC4F8D406002800F09380204601
:109DC00006F08EFDC4F8DC06002800F08D802368C4
:109DD00093F869313BB1204603F09CF8C4F8A00128
:109DE000002800F08380204605F022FBC4F8F0062E
:109DF00000280CBF7620002079E04FF4967076E0C2
:109E000040F22D1073E04FF4977070E040F22F1085
:109E10006DE04FF498706AE019348200E5338200F7
:109E2000389A0200EFBEADDE41FF8100EFBEAD0DFE
:109E300040F231105BE04FF4997058E040F241106D
:109E400055E040F2471052E04FF4A4704FE0242058
:109E50004DE025204BE0262049E02A2047E0312034
:109E600045E0322043E040F2F51040E04FF4FB7053
:109E70003DE035203BE0BD2039E0392037E03C2093
:109E800035E03E2033E040F26D2030E03F202EE010
:109E900043202CE06A202AE0472028E0492026E0E1
:109EA000482024E04A2022E040F2E5201FE040F272
:109EB000E6201CE04B201AE05A2018E05B2016E058
:109EC0005E2014E05F2012E0632010E065200EE0C9
:109ED00008480CE067200AE06C2008E06E2006E0ED
:109EE0006F2004E0702002E0722000E0732005B0D3
:109EF00030BD00BF50464D00F8B50446002800F0C4
:109F0000A6800FF099D9D4F8F415D0F1010638BF26
:109F1000002621B1A068F9F37BF000B90136204694
:109F2000D4F82C1305F00CDF2046D4F8DC1405F02F
:109F300007DF2046D4F8341305F002DFD4F84003DD
:109F400008B1ECF35FF5D4F8980220B103F070FD8E
:109F50000023C4F89832276AB96911B1204661F02C
:109F60009BD80025BD61D4F86432595911B12046FF
:109F700032F098DA0435202DF5D1D4F8580103F0E9
:109F8000B3FA2046FEF737FFD4F8180520B101F0E8
:109F900031FC0023C4F818352046FEF772FF204636
:109FA00002F042FA23688619D3F8D41031B1606800
:109FB00002F035FA23680022C3F8D4202368D3F8CE
:109FC000D80028B1ECF31EF523680022C3F8D8208E
:109FD000D4F8D05204E02846EF68ECF313F53D4680
:109FE000002DF8D12146C4F8D0522068FFF77AFC42
:109FF000206818492246FFF756FBD4F8640118B1CF
:10A0000007F09EF8C4F86451D4F89C0220B1ECF338
:10A01000F9F40023C4F89C32D4F8F80448B1ECF306
:10A02000F1F40023C4F8F83403E02046616815F029
:10A0300037D8D4F89422002AF7D104F5C6600C3042
:10A04000F8F7B2FF2046616801F08AF800E00646A2
:10A050003046F8BDDD5601002DE9F04F91B00024E7
:10A0600091461B9E9DF868200790DDF878B0204649
:10A07000099198460892DDF880A00C940D940E94F6
:10A08000E3F792FB484631461C9A1D9BCDF800B081
:10A090000CF031F8054608B1012376E3FEF71AFE0D
:10A0A0000DAB01930EAB0293484631461C9A1D9BA3
:10A0B000CDF800B002F0AEF9074618B901230C93B1
:10A0C000044688E30D9848B1AA49E8F30FF328B194
:10A0D00029462A46E8F3A6F01FFA80F91F9B30466E
:10A0E000009341460CAA4B4601F06CF80446002848
:10A0F00000F0898305680E9A46600D9BC5F8DC2048
:10A10000D0F88424FF21C5F8D470C5F8D83082F87F
:10A110006010426A0023C261079A0D938260964ADA
:10A12000C5F80C80C5F8A4206E610E93012280F85A
:10A130004226D0F8E022C0F8A4B163F31722C0F899
:10A14000E022089A414685F8212080F8CF31032388
:10A1500080F84135FFF7D0F9236804F5C662DB6962
:10A160006068196E0C32F8F7E2FE0746002840F0EE
:10A1700032832046394605F007D8204607993246F3
:10A18000434606F045FFC4F8640108B90F23FCE21A
:10A190007A4B28468DE88800794B7A4904937A4BAC
:10A1A0007A4A0593234602970397FFF7D7FA08B137
:10A1B0001023EAE2089B1C9A8DE848001D9B02923E
:10A1C0000393204609994A464346CDF810B002F061
:10A1D0001DFA0C90002840F0FE822369D86FFEF72C
:10A1E0006AFAA4F84006B4F8AA010DF0CFD90030FD
:10A1F00018BF01200A3054F820300AA923622069D0
:10A200002FF0FCDF00283DD10A9B0746C4F8B0318F
:10A2100039460FAA204604F0ADDC39462046BDF889
:10A220003C20013704F0AADC062FF1D14FF4407333
:10A23000C5F8E8302A23C5F8B8303223C5F8BC3059
:10A2400036234FF47D62C5F8C43040F2D453A5F8EC
:10A25000CA20A5F8C0304FF45D72002385F8B670AF
:10A26000A5F8C82084F89437D5F8B830842B02D9E3
:10A270008423C5F8B8304FF40470ECF3B1F3C4F89C
:10A280009C0208B9142380E24FF404720021E7F322
:10A2900091F322460023D2F8A002D4F89C12043293
:10A2A00041F82300D4F89C1251F823108B7101332C
:10A2B000042BF0D1012385F89330236A1869EEF757
:10A2C000A1FF00F0010085F85400236A1869EEF739
:10A2D00099FFC0F3C00085F855002946204607F0D5
:10A2E000EDF92B49D5F8D800E8F3DCF1D5F8D42006
:10A2F00040F26E51936A07468B4208D0126B41F2CE
:10A300006B018A425AD1D12B01D0E92B12D1D4F85A
:10A310008434192283F84920D4F884344FF0FF3272
:10A320005A64642283F87A20D4F88434012283F8B2
:10A33000302059E0B3F5897F11D8B3F5887F32D842
:10A34000F52B07D8F42B2ED2E42B2CD0EF2B2AD0D0
:10A35000D62B27E0A3F58773012B45D823E0B3F56F
:10A360009A7F17D2B3F5987F1DD840F21712934207
:10A3700018E000BF839B020000315F070163820089
:10A38000EC56010008D68800514F0000DD56010050
:10A39000899B0200B3F59A7F26D9B3F59B7F02D93A
:10A3A000B3F5A57F20D1D4F88434322283F87A2003
:10A3B000D4F88434642283F8492010E041F2E44167
:10A3C0008A4211D140F2DA5293420DD1D4F884245A
:10A3D000642382F87A30D4F8842482F84930D4F89F
:10A3E00084344FF0FF325A642046FEF7CDFED4F895
:10A3F00084341922A3F8AA20204607F07FF8D4F865
:10A400008434226A19781069DA784EF0D1D8D4F8F9
:10A4100078364FF0010983F83490E16920690431FE
:10A4200003F0D7FD236AD4F884B418694EF0D8D964
:10A43000CBF8400004F5E47B206959462EF064DF38
:10A440000622281D5946E7F331F2B4F8AA010DF0AF
:10A450009DD8003018BF01200A3054F82030204623
:10A460002362FEF761FF08B918238EE1216A0F23EA
:10A4700040F2FF32A1F80031A1F8022101F1F80306
:10A4800001F1F402204601F01BFC236AD3F8F4200A
:10A49000C3F8F020C3F8E820D3F8F820C3F8EC2084
:10A4A0001A68022A08BF83F8159007F00103002BF1
:10A4B0000CBF0323002385F84F30236A1869EEF799
:10A4C000A1FE10F40060236806D093F84F2002B17B
:10A4D000012283F8512001E083F85100216A2046CF
:10A4E0001C3106F06DDA00212046D4F820900BF0E4
:10A4F0005DDD00227F2309F1500100930190134696
:10A5000009F11C005AF020DD204664F02FDF40F2F4
:10A51000CC63C4F828362046FFF780FA0C90002858
:10A5200040F05981D4F8800402219DF92C2059F083
:10A53000F9DD20464146FEF797FF10B94FF47A73D4
:10A5400023E1204602F0F4FFC4F8580110B940F2AC
:10A55000E9331AE12046FFF7F3F92046314614F0BB
:10A560007FDD10B940F2EB330FE1C4F8BC05C4F84D
:10A57000C0053146204614F073DD10B94FF47B73EB
:10A5800003E10123C4F8C40585F8A830204602F091
:10A5900045FC10B140F2ED33F7E00623A5F860303A
:10A5A000A5F8623095F89C30012B04D14022A5F823
:10A5B0006020A5F86220D5F888300A221A804FF46E
:10A5C00054725A80D5F88C300126C4221E805A80DD
:10A5D000D4F830011FF0C8DD08B184F80E62B4F879
:10A5E000E13243F4C05343F01E03A4F8E132236A7E
:10A5F0001869EEF707FEC10607D5D4F884340122A6
:10A600009A74D4F88434FF22DA74B4F8E1224FF259
:10A61000FF731340D4F88424A4F8E132D278012ADD
:10A6200007D123F4006323F00C031B041B0CA4F8D4
:10A63000E132FF260221012284F8E06284F8DF6221
:10A6400084F8DE62204603F0BDDB0121324620465D
:10A6500003F0B8DB236A4FF0FF38C4F8148218699E
:10A66000EEF7D0FD10F00406204605D00321FEF3DE
:10A67000C3F684F81C8204E03146FEF3BDF684F88C
:10A680001C62236A1869EEF7BDFD3A0702D5002364
:10A6900084F81C32FB0603D520460021FEF3ACF6FD
:10A6A000BE070ED5A26A002382F84D30E26A82F816
:10A6B0004D30B4F8E13223F080031B041B0CA4F8E6
:10A6C000E132780703D52046002164F0D5DF390652
:10A6D00007D5B4F8E13223F010031B041B0CA4F8D7
:10A6E000E13295F84130A3B195F842308BB117F0C3
:10A6F000600F0ED007F02001D1F1010107F04002F8
:10A7000038BF0021D2F10102204638BF002200F0FC
:10A710000FFFB4F8AA010CF039DF003018BF012098
:10A7200000F10A0654F82670D4F868122046384A18
:10A730003B4660F06FDCB86154F82610886910B9A8
:10A7400040F24C4321E0503128223C30E7F3AEF098
:10A750001420ECF34BF1C4F8300710B940F24D432C
:10A7600013E0AB6D204643F00403AB650EF078DDDB
:10A770002046FFF771F810B14FF4FA6305E0204668
:10A7800003F0DEF818B140F2D1730C9323E0236894
:10A790002049D3F8D800E7F3A9F770B1034618466B
:10A7A00013F8012B1AB11C498A5C5207F7D5002116
:10A7B0000A22E7F337F5C4F88406A0680021F8F30D
:10A7C000A7F4012384F8A837BAF1000F17D00023AB
:10A7D000CAF8003013E00D9820B1ECF313F1002318
:10A7E0000D930E9314B12046FFF786FBBAF1000FCC
:10A7F00004D00C9B0024CAF8003000E054462046E8
:10A8000011B0BDE8F08F3046394601F008FEE2E7AE
:10A8100010570100489A02000AA0880038B5044683
:10A8200070B1056821462868FFF75CF8286805497B
:10A830002246FEF738FF2046BDE83840ECF3E2B090
:10A8400038BD00BF1657010070B5066A8EB00546C8
:10A850003820ECF3CBF0044600282FD01B4B0560CA
:10A8600000930023019302930393049305932868B4
:10A870001749184A2346FEF771FFF8B9164B2146CF
:10A8800000932868154A0223FEF7BBFF0546A8B9C6
:10A8900029461C2204F10B00E7F38CF03069316883
:10A8A00007AA4CF025DA234607AAD97AAA5C013513
:10A8B0000A43DA7201331C2DF6D103E02046FFF77C
:10A8C000ADFF002420460EB070BD00BFC54F830011
:10A8D00084E188001657010074E188007D4F8300F1
:10A8E00038B5044670B1056821462868FEF7FAFFBE
:10A8F000286805492246FEF7D6FE2046BDE83840C6
:10A90000ECF380B038BD00BF1A57010030B50546E2
:10A9100087B00C20ECF36AF0044600283FD00023F7
:10A920000560012100930190204A2846204B02F047
:10A9300037FA0028606032DB1E4BD5F894068DE8AC
:10A940001800052121221C4B03F0F2FB38BB1B4BE6
:10A95000D5F894068DE8180005212422184B03F041
:10A96000E7FBE0B9174B019000930290039004902D
:10A97000059015492868154A2346FEF7EFFE70B981
:10A98000134B286800932146124A0323FEF739FF30
:10A9900028B92A680123A36082F8A93003E0204681
:10A9A000FFF79EFF0024204607B030BD7954830096
:10A9B00075548300C15583007D54830091568300F4
:10A9C0009D5483004D558300C0E188001A57010053
:10A9D000A8E18800D154830030B5054687B000282F
:10A9E0006DD00820ECF302F00446002868D0002364
:10A9F0000560142100930190354A2846354B02F03A
:10AA0000CFF9002860605EDB334B4FF498718DE81E
:10AA100018006B22D5F89406304B03F089FB002810
:10AA200051D12F4B05218DE818006B22D5F89406E3
:10AA30002C4B03F07DFB002845D12B4B4FF490713C
:10AA40008DE818006C22D5F89406284B03F070FBB3
:10AA5000002838D1264B4FF490718DE818006F22F2
:10AA6000D5F89406234B03F063FB00282BD1224B2F
:10AA70000A218DE818006E22D5F894061F4B03F0CA
:10AA800057FB00281FD10095D5F894060A216E22A5
:10AA90001B4B03F003FEB0B91A4B019000930290D8
:10AAA00003900490059028681749184A2346FEF73A
:10AAB00055FE40B92B68012283F8AC2000E0044623
:10AAC000204607B030BD2046EBF39CF70024F7E7A3
:10AAD000215C8300015C8300395E8300555C830048
:10AAE000195E8300355C8300595E8300815C8300BE
:10AAF000C55E8300C15C8300F15E8300ED5C830072
:10AB0000E15B8300195D8300D8E188001E570100D6
:10AB100010B5044650B10368054918682246FEF78F
:10AB2000C2FD2046BDE81040EBF36CB710BD00BF7E
:10AB30001E57010010B5044650B103680549186856
:10AB40002246FEF7B0FD2046BDE81040EBF35AB7B1
:10AB500010BD00BF999B020070B5054686B0082065
:10AB6000EBF33EF70446002800F0B9805F4B056028
:10AB70004FF49071009301903022D5F894065C4B0D
:10AB800003F0D6FA002840F0AA805A4BD5F8940674
:10AB90008DE818004FF49071F422574B03F0C8FA77
:10ABA000002840F09C80554BD5F894068DE818009D
:10ABB0000A21F422504B03F0BBFA002840F08F80AA
:10ABC0004F4BD5F894068DE818004FF49071A022F1
:10ABD0004C4B03F039FB002840F081804A4BD5F8FC
:10ABE00094068DE8180005213022484B03F0A0FAA6
:10ABF000002874D1464BD5F894068DE8180005213D
:10AC0000F422444B03F094FA002868D1424BD5F863
:10AC100094068DE818000521A022404B03F014FB98
:10AC200000285CD1D5F89406052130223C4B0094D5
:10AC300003F034FD002852D1D5F894060521F42202
:10AC4000384B009403F02AFD002848D1D5F894062B
:10AC50000521A022344B009403F0A6FD00283ED12C
:10AC6000D5F89406C0213022304B009403F016FD35
:10AC7000002834D1D5F89406C021A0222C4B009492
:10AC800003F092FD58BBD5F89406C021F422294B5D
:10AC9000009403F003FD10BBD5F894060A21F422BA
:10ACA000254B009403F0FAFC0646C0B98DE811006C
:10ACB00001212846214A224B02F072F800286060E8
:10ACC0000DDB204B28688DE848001F491F4A2346AA
:10ACD0000296039604960596FEF740FD18B12046AD
:10ACE000FFF728FF0024204606B070BD596383009B
:10ACF000216383003BA10000D59C0000E5A000007B
:10AD00006D6383003D63830099628300216183004A
:10AD100077A0000031A00000E96283007161830028
:10AD2000A96183000D9D00001D6283003D668300C4
:10AD3000556683005D9C00008F9C00008563830046
:10AD400081638300B964830038E28800999B020024
:10AD50002023402180E80A00C0F8B010C162182109
:10AD60004FF4F0628163016401651D212DE9F0411A
:10AD700082600B251022C16505210A24C26045614D
:10AD8000856142620425C0F8B820016680224FF434
:10AD9000F0714FF480660461C46185620124092565
:10ADA0004FF0140C42631127082281664FF02708E8
:10ADB0000321C0F8B43004624466C4644365856707
:10ADC000C0F830C0C2638765C66606674167C0F8D1
:10ADD0007C80C0F8A440B024C0F8C0404824C0F82B
:10ADE000C4406024C0F88450C0F88850C0F8C840FF
:10ADF00002253024C0F8E030C0F8F030D3234FF003
:10AE00001208C0F88C50C0F89050C0F89C50C0F8A0
:10AE1000A050C0F8CC404FF4FA650624C0F8F430D6
:10AE20000023C0F88080C0F894C0C0F89810C0F823
:10AE3000A810C0F8AC20C0F80021C0F80421C0F868
:10AE4000D040C0F8D470C0F8D850C0F8DC20C0F8AA
:10AE5000E840C0F8E460C0F8FC30C0F8F810BDE885
:10AE6000F08101207047704738B50446D0F82C03B4
:10AE700020B1EBF3C7F50023C4F82C33D4F8340326
:10AE800020B1EBF3BFF50023C4F83433D4F818072E
:10AE900030B1236823B1EBF3B5F50023C4F81837BC
:10AEA000D4F8C40218B123680BB1EBF3ABF5D4F8B6
:10AEB000C8020025C4F8C45228B123681BB1EBF3C3
:10AEC000A1F5C4F8C852D4F8640208B1EBF39AF5BE
:10AED000D4F854030025C4F8645218B1EBF392F58A
:10AEE000C4F85453D4F8140320B1EBF38BF50023CA
:10AEF000C4F81433D4F8D40208B1EBF383F5002579
:10AF00006319D3F8A032D3F8E00008B1EBF37AF577
:10AF10000435102DF4D1D4F8A00208B1EBF372F58A
:10AF2000D4F8840420B1EBF36DF50023C4F8843425
:10AF3000D4F8DC0420B1EBF365F50023C4F8DC346D
:10AF4000D4F8280520B1EBF35DF50023C4F82835CB
:10AF500038BD10B50C46D1B1C86918B1EBF352F544
:10AF60000023E361D4F8880020B1EBF34BF5002314
:10AF7000C4F88830D4F88C0020B1EBF343F50023FB
:10AF8000C4F88C302046BDE81040EBF33BB510BD53
:10AF900070B504464FF4B8701646EBF327F5054636
:10AFA000A8B14FF48470EBF321F5E86178B1314634
:10AFB000FFF7CEFE4FF45470EBF318F5C5F8880098
:10AFC00028B1C420EBF312F5C5F88C0020B929464E
:10AFD0002046FFF7BEFF0025284670BD2DE9F04151
:10AFE0001D4600260368C0F8C46293F8B4300446D6
:10AFF00038205843EBF3FAF4C4F8C402002855D0C3
:10B00000236893F8B4008000EBF3F0F4C4F8C802AE
:10B0100010B940F2F53394E04FF40070EBF3E6F42E
:10B02000C4F81807002800F09580C4F86462202056
:10B03000EBF3DCF4C4F8640210B94FF47E7380E0E3
:10B04000C820EBF3D3F4C4F8540310B940F2F23340
:10B0500077E04FF4B870EBF3C9F4C4F8840410B986
:10B0600040F2F9336DE08020666AEBF3BFF4B06222
:10B0700010B940F2034364E04FF48470EBF3B6F48C
:10B08000C4F82C0310B940F2EF335AE04FF4847047
:10B09000EBF3ACF4C4F8340310B94FF47C7350E014
:10B0A0001220EBF3A3F4C4F8140310B94FF47D732A
:10B0B00047E0B420EBF39AF4C4F8D40210B940F29C
:10B0C000F6333EE04FF46470EBF390F4C4F8A00262
:10B0D000F0B100F1E403C4F8A43200F5E47300F524
:10B0E0002B70C4F8A832C4F8AC02264604F110074D
:10B0F0002368D6F8A082DB69D3F8D4004001EBF3D3
:10B1000075F4C8F8E000D6F8A032D3F8E00010B922
:10B1100040F2F73315E00436BE42E9D14FF48470B3
:10B12000EBF364F4C4F8DC0410B940F2FB3308E03C
:10B130004FF48670EBF35AF4C4F8280520B940F2B6
:10B14000FF332B60BDE8F0813820EBF34FF4C4F8F7
:10B15000780610B94FF48163F3E70120BDE8F08170
:10B1600038B50D46044600282BD0FFF77CFE20465C
:10B170002946FFF779FEA06A08B1EBF343F4636A4E
:10B180005BB1986A20B1EBF33DF4636A00229A62E6
:10B19000606AEBF337F400236362D4F8780620B1D9
:10B1A000EBF330F40023C4F87836216821B1284647
:10B1B000FFF7CFFE002323602046BDE83840EBF3C5
:10B1C00021B438BD2DE9F341064640F674008846A7
:10B1D00015461F46EBF30AF4044610B940F2EA3371
:10B1E00010E02623C0F8E035C0F8E435089B41465E
:10B1F000C0F81C373A463046FFF7CAFE206018B93F
:10B2000040F2EB332B602DE040231A4A80F8B43033
:10B21000236812680460C3F898204FF40870EBF3B9
:10B22000E5F3A06240B100F58870E0622C20EBF3FA
:10B23000DDF3606230B902E040F2F233E2E740F25F
:10B24000F333DFE72046314642462B460097FFF7AF
:10B25000C5FE38B12046314642462B460097FFF7DF
:10B2600000FE20B920463146FFF77AFF0024204631
:10B27000BDE8FC814404000003680B22DB69C3F8CD
:10B28000BC205A619A61704710B50446F8B1D0F8F5
:10B29000500208B1EBF3B6F3D4F8E80220B1EBF3B7
:10B2A000B1F30023C4F8E832D4F8FC0320B1EBF387
:10B2B000A9F30023C4F8FC33236805491868224623
:10B2C000FEF7F1F92046BDE81040EBF39BB310BD4B
:10B2D0006E7D890080F8C01370470000F0B587B01C
:10B2E0000546FFF7C9FF4FF48160EBF379F304469D
:10B2F000002800F0D48000214FF481624026E6F35C
:10B3000059F3256084F8E163BC20EBF369F3C4F8DA
:10B310005002002800F0BA800021BC22E6F34AF374
:10B320000123A3726373A373E373A37494F8E133EB
:10B3300000223F2BE67498BFE374FF2384F8283083
:10B340000B23227462742273E2720521022284F8B4
:10B35000DE33002384F8271084F82D2041F2285092
:10B3600084F82C306085286890F89C0021750128AD
:10B370000CBF0120104684F82E00012084F8C00381
:10B380004FF40060A2756063224621460520D07507
:10B390000220D07723B94FF48070A4F8E40302E0D0
:10B3A0002020A1F8E403013301320231082BEDD152
:10B3B00000260127204641F2285184F82F6084F8A6
:10B3C000307018F0D1DA0221204685F8DA721AF0CE
:10B3D00011DE84F8D86304212846324A324B0096A5
:10B3E000019401F0DDFCB042C4F800044EDB0421FE
:10B3F00028462E4A2E4B0096019405F017FFB042C6
:10B40000606043DB4FF43E70EBF3EAF2C4F8E8020D
:10B4100000283BD031464FF43E72E6F3CBF21020C9
:10B42000EBF3E4F2C4F8FC0300282FD0214B28688A
:10B430000093214B21490193214B224A0393234638
:10B44000029604960596FEF789F9F8B91E4B84F822
:10B4500054721A1D07CA8DE8070022461B68284649
:10B460000721FEF7C7FAFF2384F8DD332B68204657
:10B4700093F841101BF03CDDC823C4F8EC322046A1
:10B480001BF04AD8202384F8E23308E0D4F85002B5
:10B4900008B1EBF3B7F22046EBF3B4F200242046F8
:10B4A00007B0F0BD01918300E5908300A191830076
:10B4B000819183006199830099B783005CE28800E1
:10B4C00015AA83006E7D8900A09B0200024618B178
:10B4D00000680249FEF7E7B8704700BF5D89890040
:10B4E00010B5044686B00E490E4A234600680AF09D
:10B4F000F1D90D4B2068009300230193029303932D
:10B50000049305930949064A2346FEF727F920B11B
:10B510002046FFF7DBFF4FF0FF3006B010BD00BF45
:10B520005D89890021CF830015CE83004CE388001C
:10B5300038B50446D0F834011546FFF7CBFED4F8F1
:10B5400038012946BDE8384000F02CB810B5044653
:10B55000002824D0416969B190F829301BB10368F3
:10B560009868F7F355F5236861699868F7F3BCF5B7
:10B5700000236361A06908B1EBF344F2E06918B1FC
:10B58000EBF340F20023E361236805491868224683
:10B59000FEF789F82046BDE81040EBF333B210BD4A
:10B5A0007686890080F828107047000070B505463F
:10B5B00086B03420EBF314F20446002800F09280A9
:10B5C00000213422E6F3F6F14023256084F82A3086
:10B5D0005020EBF305F2A06100287BD0002150221F
:10B5E000E6F3E8F1012384F8203084F8213084F870
:10B5F000223084F8233084F8243084F8253084F80D
:10B60000263084F8273023721023637294F82A308E
:10B610000F2B98BF63722B6A00261869EDF7F2FDB5
:10B620004FF47A73E381C823238200F010000123D2
:10B6300000280CBF0520072084F82830032320733E
:10B64000E3722046A6721DF0FDDC04212846274A3D
:10B65000274B0096019401F0A3FBB042206339DB35
:10B6600004212846234A244B0096019405F0DEFD70
:10B67000B04260602EDBA868204922463346F7F3CB
:10B680004BF5606130B34FF4BA70EBF3A9F1E061B0
:10B6900000B331464FF4BA72E6F38CF1184B2868C8
:10B6A0000093184B18490193184B194A0393194BEF
:10B6B00002960493184B05932346FEF74FF806466F
:10B6C00040B92B68204693F842101DF06DDC84F8D9
:10B6D000296007E0A06908B1EBF394F12046EBF391
:10B6E00091F10024204606B070BD00BF05DF830045
:10B6F000EDDE830061DF830041DF830071E28300C0
:10B70000DDDF830045E5830088E3880029E18300CD
:10B71000768689004457010025A3000000230374A6
:10B7200040F6FB63C381704710B5044690B11EF02C
:10B7300025D9606808492246FDF7B5FFE06E08B1DB
:10B74000EBF360F1206EEBF35DF12046BDE81040B5
:10B75000EBF358B110BD00BF6E88890030B50546C7
:10B7600087B07020EBF33CF10446002834D0002170
:10B770007022E6F31FF12B68256063601820EBF35D
:10B780002FF1206620B300211822E6F313F1642084
:10B79000EBF326F1E066D8B100216422E6F30AF16A
:10B7A0000F4A104B0292104A009300230193039218
:10B7B0000493059360680D490D4A2346FDF7CEFFBB
:10B7C00030B901236382A3822046FFF7A7FF03E07D
:10B7D0002046FFF7A9FF0024204607B030BD00BF78
:10B7E000DDF1830095EE830075F08300DCE38800D3
:10B7F0006E88890070B50446E8B18569C669284637
:10B8000000F016F9616C41B1A868F7F301F4A8687B
:10B81000616CF7F369F400236364224630460649FD
:10B82000FDF741FF28682146FEF75CF82046BDE899
:10B830007040EBF3E7B070BD826A89002DE9F043F8
:10B840003C234FF005090A27D0F80080C0F80435E2
:10B85000C0F80895C0F8107587B00446A020EBF337
:10B86000BFF00546002800F0B1800021A02200268C
:10B87000E6F3A0F02E70AC61C5F81C80284620F0DD
:10B88000AFDF0421A862554A204633460096019551
:10B8900001F086FAB042A866C0F29880204600F017
:10B8A000E1F80646002840F09180A0684C492A46FD
:10B8B0003346F7F331F46864002800F08780494B81
:10B8C00040460093484B49490193494B494A0293EA
:10B8D0002B46039604960596FDF740FF0346002885
:10B8E00074D1009029462068434AFDF78AFF01463B
:10B8F00000286BD1D4F888040122404B03F03CFFB0
:10B90000002863D13E4BD4F894068DE818003946E0
:10B9100001223C4B02F00CFC002857D13A4B32225A
:10B920008DE81800D4F894063946384B02F000FC34
:10B93000024600284AD1D4F894064946344B009474
:10B9400002F0ACFE002841D1D4F894064946012209
:10B95000304B009402F0A2FE002837D1D4F89406B0
:10B96000494632222C4B009402F098FE70BBD4F86A
:10B9700094064946A422294B009402F015FF28BBE7
:10B98000D4F8940649463022254B009402F086FEF6
:10B99000E0B9D4F89406C0212D22224B009402F085
:10B9A0007DFE98B9D4F8940690212D221E4B009468
:10B9B00002F0D6FC50B9D8F8D8001C49E6F372F66C
:10B9C0004FF47A7390FBF3F36B8103E02846FFF7A3
:10B9D00011FF0025284607B0BDE8F08301FD830074
:10B9E000DD16840009FD8300AD0F8400A8E4880003
:10B9F00089118400826A890065068400F907840041
:10BA0000F5138400A5118400D913840095118400D6
:10BA100091128400C91284005512840079138400A5
:10BA20000D138400A9148400A5148400688589007E
:10BA300038B5D0F81455044675B10849024660F08F
:10BA4000B5D9074922462068FDF72DFE2846EAF3BE
:10BA5000D9F70023C4F8143538BD00BF113984006C
:10BA600066570100F0B5044687B04FF40A60EAF368
:10BA7000B7F7054620B9C4F814054FF0FF3005E1CB
:10BA800000214FF40A62E5F395F7226805F12003DF
:10BA90002B60002608236B612E61F821D3652046B8
:10BAA0007B4A7C4B0096019405F0C0FBB042A86134
:10BAB00005DA2046FFF7BCFF6FF00100E6E0764BA9
:10BAC000002243F8042BF2071FD5744901270A7896
:10BAD0000D2A07FA02FE03DCD21917FA02F001E080
:10BAE0004FF40040CA78012111FA02F70D2A47EA03
:10BAF0000E0747EA000003DC521811FA02F201E0D7
:10BB00004FF40042024343F8042CB00723D56349A5
:10BB100001274A7853F804EC0D2A07FA02FC03DCEB
:10BB2000D21917FA02F001E04FF400408A7801219F
:10BB300011FA02F70D2A47EA0C0747EA000003DC76
:10BB4000521811FA02F201E04FF40042024342EAB5
:10BB50000E0243F8042C710723D5504901270A79B6
:10BB600053F804EC0D2A07FA02FC03DCD21917FA89
:10BB700002F001E04FF400404A79012111FA02F786
:10BB80000D2A47EA0C0747EA000003DC521811FAB5
:10BB900002F201E04FF40042024342EA0E0243F88F
:10BBA000042C320723D53D4901278A7953F804EC48
:10BBB0000D2A07FA02FC03DCD21917FA02F001E0A1
:10BBC0004FF40040CA79012111FA02F70D2A47EA21
:10BBD0000C0747EA000003DC521811FA02F201E0F8
:10BBE0004FF40042024342EA0E0243F8042C0136AD
:10BBF000102E7FF465AF2A4B002103932068294A59
:10BC0000234600910191029104910591FDF7A6FD53
:10BC100070BB0121D4F888040A46234B03F0ACFD25
:10BC200048BBD4F8880401210222204B03F0A4FD74
:10BC300020BB1F4BD4F894068DE818008021052204
:10BC40001C4B02F0F3F9E0B91B4B1A1D07CA8DE833
:10BC500007002046032122461B68FDF7CBFE204645
:10BC60001649224660F09CD870B9C4F814550DE00E
:10BC70006FF003000AE06FF0040007E06FF00500CA
:10BC800004E06FF0060001E06FF0080007B0F0BDBF
:10BC9000C5388400453884007465010060E188007F
:10BCA0000D32840066570100CD2F840009368400D0
:10BCB000F9398400FD318400B09B02001139840001
:10BCC00070B51E468B89154642F2560293420C46C9
:10BCD00008D842F2550293422DD242F250029342CA
:10BCE00029D108E042F2600293421AD04EF2F542A6
:10BCF000934220D11AE0CB89012B04D16FF03B0392
:10BD00002B600F2303E06FF045032B601423336097
:10BD10000368D3F88030D90412D52B68023B2B601E
:10BD20000EE06FF04A032B600F2308E06FF09503DD
:10BD30002B60962303E06FF04A032B6014233360DB
:10BD4000D4F8080130B300214022E5F333F6D4F8EB
:10BD5000082180231370D4F8082129685170D4F881
:10BD600008219370D4F808313268DA70D4F80831B9
:10BD7000BF221A71D4F8083100225A71D4F8083160
:10BD80000322DA8046221A810A225A8101229A81EC
:10BD90000A22DA81D4F80C0128B100211022BDE872
:10BDA0007040E5F307B670BD10B50446E0B1036816
:10BDB0000E4918682246FDF776FCE36833B1214648
:10BDC00051F80C3BD3F83C06F7F712F9A36833B1EE
:10BDD000214651F8083BD3F83C06F7F709F920460D
:10BDE000BDE81040EAF30EB610BD00BF969F890073
:10BDF00070B5054686B01020EAF3F2F50446002837
:10BE000037D000211022E5F3D5F5D5F83C06E42122
:10BE1000194A04F10803F7F7DFF830BBD5F83C0600
:10BE2000E821164A04F10C03F7F7D6F80646E0B904
:10BE30008DE8110004212846114A124B05F0F6F94D
:10BE40000028606011DB104B286800930F4B1049ED
:10BE50000193104B104A03932346029604960596CD
:10BE6000FDF77CFC08B9256003E02046FFF79CFF46
:10BE70000024204606B070BD6B57010071570100C9
:10BE8000DDBD84009DBD840075B6840051BE840074
:10BE900050E6880079B68400969F8900012070479B
:10BEA000012970B50E46144607D1174B03211046E1
:10BEB000D3F8B8300A46984770BD19BB124BD3F877
:10BEC000C050FFF7EBFF314602462046A847204608
:10BED00001213246A847204602213246A847204683
:10BEE00003210122A84720464FF481710122A8476F
:10BEF00020464FF480713246A847204640F2011197
:10BF00003246A84770BD00BF10A78800806C20385B
:10BF10001F2805D8802333FA00F000F00100704795
:10BF200000207047C16FB0F84E3010B58A6AB3B1C7
:10BF3000FF2B16D9180B0138012814D803F47060B0
:10BF4000000A09280FD878B103F0F00090280AD829
:10BF500003F00F0009288CBF0020012004E01846E0
:10BF600002E0012000E000200C6B41F2E4418C4231
:10BF700015D1A2F582610739012903D83F2B98BF5B
:10BF8000002010BD40F20C418A4207D040F221410E
:10BF90008A4204D1502B98BF002010BD002010BD54
:10BFA00090F8763010B504463BB9044B04491A6842
:10BFB0002CF03CDA012384F8763010BD78B802000A
:10BFC0007CB8020070B50C460546164608460A22A3
:10BFD0000021E5F3EFF463881E432B6D668098061D
:10BFE00003D5238843F480632380D5F8943042F24C
:10BFF0005002198C914205D15B8C052B9CBF46F0F9
:10C000000406668070BD0000D0F880000149E6F3A8
:10C010006DB300BF119C020010B504460C20EAF37A
:10C02000DFF4C4F80C0138B10C220021E5F3C2F4AE
:10C03000D4F80C3110229A7210BD10B50446D0F815
:10C040000C0120B1EAF3DEF40023C4F80C3110BD7A
:10C0500070B5064605460024686938B1064B1B6872
:10C0600098473046214600223BF03ADE0134043541
:10C07000062CF1D170BD00BF10A788002DE9F04358
:10C08000046985B00546EC20A66FEAF3A9F4306296
:10C09000002875D01020A66FEAF3A2F47062002881
:10C0A0006ED0002637460F216846384A3346E5F3FE
:10C0B000E7F4D4F880006946E6F318F308B10137D5
:10C0C000BFB2013640F2F1339E42ECD137B9D4F819
:10C0D00080002F49E6F30AF3002843D0B800063069
:10C0E000EAF37EF4C5F85C06002849D0002383807B
:10C0F00000260F216846254A3346E5F3C1F4D4F8FB
:10C1000080006946E6F3F2F298B1D5F85C8669469C
:10C11000D4F88000B8F80490E6F3C4F208EB890381
:10C120001881D5F85C369A8803EB82010132CE8003
:10C130009A80013640F2F1339E42DAD1D4F8800081
:10C140001349E6F3D3F2D5F85C6650B1D4F8800019
:10C150000F49E6F3A7F2D5F85C36012270801A7019
:10C1600000E03070A36F586A60B1012303808380C0
:10C17000C38003810223438104238381002001E0E3
:10C180006FF01A0005B0BDE8F08300BF629C0200AA
:10C190006F9C02002DE9F04F0568C6682B688FB0D0
:10C1A000DF6900230446009388460BA80921944ABE
:10C1B0003346E5F365F4D4F81490B9F1000F40F07C
:10C1C0001081D4F888103A6801F50071E06FD4F856
:10C1D00008A00992D7F804B0FAF798FE0146A868BB
:10C1E000FCF776FD002800F005810921844A0BA8A0
:10C1F0003346CDF80090E5F343F4E26FD4F88810AD
:10C20000B8F1000F02D001F5007300E04346099831
:10C2100001F50871B8F1000F08BF002001900091EE
:10C22000CDF808B0B9684FF0FF390391CDF8109000
:10C23000F968DFF8DC810591D5F8E01550460691E4
:10C240000BA9CDF81C80FAF7D1FC0546002800F0B8
:10C25000D1802A466B4B20460021FFF721FE2A465B
:10C26000204600213BF03CDD00250921644A33468D
:10C270004FF0010B0BA8CDF800B0E5F301F40095E9
:10C280003A68D4F88830019250460BA9E26F03F562
:10C29000107302950395CDF8109005950695CDF88D
:10C2A0001C80FAF7A3FC0746002800F0A4803A4659
:10C2B000544B20462946FFF7F3FD59463A4620469F
:10C2C0003BF00EDD4FF0020B09214D4A33460BA81F
:10C2D000CDF800B0E5F3D4F3099AD4F88830019290
:10C2E00050460BA9E26F03F5207300950295039564
:10C2F000CDF8109005950695CDF81C80FAF776FCE0
:10C300000746002877D03A463E4B20462946FFF79D
:10C31000C7FD59463A4620463BF0E2DC4FF0030B9E
:10C320000921374A33460BA8CDF800B0E5F3A8F34E
:10C33000099AD4F88830019250460BA9E26F03F5B0
:10C340003073009502950395CDF8109005950695EC
:10C35000CDF81C80FAF74AFC074600284BD03A4635
:10C36000284B20462946FFF79BFD3A462046594672
:10C370003BF0B6DC042733460921214A0BA800977D
:10C38000E5F37EF3099AD4F88830019250460BA960
:10C39000E26F03F54073009502950395CDF8109078
:10C3A00005950695CDF81C80FAF720FC064608B3E3
:10C3B000324620462946134BFFF772FD324620468F
:10C3C00039463BF08DDC2646706930B10E4B0F4983
:10C3D000D3F88C309847C6F8C00001350436062DD6
:10C3E000F2D1D4F89410204608310022FFF7EAFD7C
:10C3F000012700E0074638460FB0BDE8F08F00BFC8
:10C40000E29B0200F05D010010A78800D431890092
:10C41000C403000010B5BDE81040FCF77DBA11B1AF
:10C420000846FCF721B87047F8B504690546002CAA
:10C4300042D0E06F08B1FCF74DF82046FFF708FE48
:10C44000D4F89460B4F846000BF0A0D8706A28B114
:10C4500003F04BFC00230746736200E00746D4F864
:10C46000900003F021FC00263F18D4F88C0004F063
:10C47000D9F92046C4F88060E667FFF7DEFDD5F8FD
:10C480005C0618B1EAF3BEF2C5F85C66A36F186AE1
:10C4900020B1EAF3B7F2A36F00221A62A36F586AC1
:10C4A00020B1EAF3AFF2A36F00225A62204601F0F6
:10C4B0003BFD00232B6100E027463846F8BD000015
:10C4C000F0B587B04FF480350021042303AA044659
:10C4D000D0F8887000952CF05BDC234B06AE46F854
:10C4E000083D002104232046324600952CF09CDCB8
:10C4F0000423002105AA204600952CF049DC049B6A
:10C50000059A9A422AD1194B00210493204604230C
:10C51000324600952CF088DC0423002105AA204631
:10C5200000952CF035DC049B059A9A4216D1042321
:10C530000021204603AA00952CF076DC0023C7F8E2
:10C540008C31D7F82031B3F1042F09D00848C0EB63
:10C55000030CDCF1000040EB0C0002E0002000E0E6
:10C56000012007B0F0BD00BFAA5555AA55AAAA558B
:10C5700000040084224B70B54FF000610026036672
:10C580000A464666044605682DF0C6DD4FF0807306
:10C59000C4F820310323A4F8A8300223A4F8AA3059
:10C5A0000723A4F8A4300423A4F8A63041F2010321
:10C5B00084F8A260A4F8BC304FF41673A5F81036C6
:10C5C0002B6893F89C20012A0CBF0C220622A5F8A8
:10C5D0000E2693F864211AB1226E42F08072226610
:10C5E00093F89C20074812F1FF3218BF0122064938
:10C5F000E5F306F2FF2384F834310123637470BD40
:10C6000060A8E7B878570100787502002DE9F04F6F
:10C6100097B09B464FF0000916AB8A46174643F881
:10C62000049D21995A46054601F097FC04460028CE
:10C6300000F01D839DF88030286103742B6840F65C
:10C640001201D3F8D400D3F8D860D3F8DC304A46CE
:10C65000C4F88430E067C4F88060F0F321F0C4F8D7
:10C6600088008046E860E06FEFF380F2A064204627
:10C67000FFF780FF30469749E6F338F028B1494686
:10C680004A46E5F3CFF51FFA80FA30469249E6F3C1
:10C690002DF048B100210A46E5F3C4F54FF6FF73CB
:10C6A00080B2984218BF074650463946FDF734F924
:10C6B00008B90C23DAE28949A4F844A0A4F846702A
:10C6C0003046E5F3EFF78649C4F860013046E5F3FC
:10C6D000E9F7C4F86401B4F846000AF057DF003007
:10C6E00018BF0120263054F82030B4F84600C4F8B2
:10C6F00094300AF04BDF003018BF01200A3055F8A3
:10C70000203020462B62FFF701FC08B90D23ADE273
:10C71000E06FEFF3E5F1E06FEFF39CF620460021C8
:10C720002BF0B0DB20464FF0FF312CF021DC20460F
:10C73000FFF7C6FE08B90E2398E230466949E5F3D3
:10C74000B1F7FF2808BF0120A4F84E002046FFF7EC
:10C75000E9FB08B90F2389E263493046E5F3A2F704
:10C76000624984F84C003046E5F39CF76049206547
:10C770003046E5F397F794F84C3060650B2B05D9FC
:10C7800030465C49E5F38EF7C4F850015A4930460B
:10C79000E5F388F7594984F835013046E5F382F727
:10C7A00084F836012B6893F86A312BB1304654492E
:10C7B000E5F378F7C4F8540152493046E5F372F7CF
:10C7C000514984F858013046E5F36CF7E36F41F2C4
:10C7D0006B02196BA4F86801914220D19B6A4E2B21
:10C7E00008D1B4F84E30402B19D9236D43F0020321
:10C7F000236514E0E42B04D1B4F84E30B3F5A85F00
:10C8000006E0EF2B0BD1B4F84E2041F201239A42FF
:10C8100005D8236D43F480032365002363653B49FA
:10C820003046D4F85C71E5F33DF73949386030465D
:10C83000D4F85C71E5F336F7364978603046D4F8C1
:10C840005C71E5F32FF73449B8603046A76FE5F324
:10C8500029F73876A36F1A7E012A01D003221A76AF
:10C86000236D990604D5012120460A462DF0F6D8FD
:10C87000D4F880002949E5F339F720B1D4F88000D5
:10C880002649E5F30FF781462549D4F88000E5F302
:10C890002DF720B1D4F880002149E5F303F70746CE
:10C8A0002049D4F88000E5F321F720B1D4F88000C6
:10C8B0001C49E5F3F7F62B6893F82821BAB3226DEB
:10C8C000920504D5B9F1000F01D007B160BB002279
:10C8D0002BE000BF259C0200B49C02004C9C02008F
:10C8E000579C0200AB9C0200BA9C0200069C02000E
:10C8F000869C02009F9C0200CC9B0200D79B0200FA
:10C90000799C0200369C0200C29C0200419C0200FD
:10C910002C9C0200C09B0200ED9B0200199C0200AF
:10C92000F29B0200929C0200012283F828212B68CE
:10C9300093F8692132B1226D12F0010218BF012271
:10C9400083F86921B4F846200123C4F8B830B4F85C
:10C9500044002B68A5F8AA21E26FA5F8A801C3F846
:10C96000D420A26C1A6194F84C2083F87C202B68A8
:10C97000226DB4F84E00C3F88020626DA3F87A00EF
:10C98000C3F8842094F84C2020460B2A84BFD4F8A6
:10C990005021C3F84821D4F8B820012783F83D700E
:10C9A0005A62A9682A4603F02BFFC4F88C0008B924
:10C9B00019235BE1219AE36F0292A26C0490069224
:10C9C000B4F84620B4F84400ADF82A20DA6B03939B
:10C9D0000B921A6CADF828000C925A6C02A80D92BA
:10C9E00094F84C20CDF814B00E929A6A09960F92E2
:10C9F000B4F84E2010921A6B1192226D1292626D51
:10CA000013925A68DB680792089303F0AFFAC4F8F0
:10CA1000900008B9102329E12623C5F8E035C5F8B0
:10CA2000E4354FF4FF73C4F83831B4F846000AF027
:10CA3000ADDD10F1000918BF4FF00109494620464D
:10CA40002EF0FCD8B9F1000FD4F894300CBF0222BC
:10CA50000122C3F804901A602B6A14BF012202223B
:10CA6000C3F804901A60E06FD5F81C90EFF376F0ED
:10CA7000D8F85C31C9F8000023F000437E4AE36631
:10CA80002367A36C0C2101FB0323303BC4F8D8308F
:10CA9000204639462BF0ACDDD4F89490D4F89000C1
:10CAA0004146D9F80020334603F066F9C9F824005E
:10CAB00008B91123DAE04FF0FF3120462DF04EDAAD
:10CAC000D4F89430E16E586A03F00CF9D4F894303D
:10CAD00003F12202009203F11C0103F11E02586AC5
:10CAE000203303F0ECF8D4F89480D8F8240003F055
:10CAF000F4F888F82800D4F89430D5F82080586AE3
:10CB000003F0EBF888F81400D4F89480D8F82400E7
:10CB100003F0E6F8D4F89430C8F81800DA8B37FA46
:10CB200002F1C90701D41223A0E0296A586A0861FA
:10CB3000988B4A8108811A8C588C8A81C8810F226F
:10CB400040F2FF30D8829A8220463946FFF722FB16
:10CB500008B913238AE02B6893F86931002B32D08F
:10CB6000002120462BF0F6DF30464449A76FE5F35D
:10CB700099F5236DC0B2DA07386020D5636D1B06C6
:10CB80001DD4E36F9A69900002D5DA69D10704D504
:10CB9000DB69DA0701D4580711D5E36E99000ED589
:10CBA00030463649E5F3A2F530B134493046E5F375
:10CBB00079F5C1B2204604E02046082101E0204674
:10CBC00000212BF073DDE06FEBF358F420462DF0DD
:10CBD00017DF0094E06F2A492A4A0023FBF76CFC18
:10CBE000204600212DF0EEDE2046FFF70DFA08B9B1
:10CBF00015233BE004F1FC063146E5F3A9F130468C
:10CC0000E5F338F518B93046E5F340F508B11623D9
:10CC10002CE02046FFF700FA2846A16C01F0E2F96B
:10CC20002B68DA69526AC5F84425013A85F842252D
:10CC3000D3F89800A8B103789BB113492246E5F3D5
:10CC4000C7F62B681149D3F898002246F9F78AFEF7
:10CC5000606930B12B68D3F898100D4BD3F8B03021
:10CC600098472846FFF70AFA10B11B231593159829
:10CC700017B0BDE8F08F00BF005E0100FD9B020011
:10CC800001DC840015DC84005DD98400BDD98400FA
:10CC900010A7880010B50446002828D0036814495E
:10CCA00018682246FCF7FFFC236A1BB104F1200040
:10CCB000E4F396F0E3691BB104F11C00E4F390F097
:10CCC000A3691BB104F11800E4F38AF063691BB196
:10CCD00004F11400E4F384F023691BB104F11000A3
:10CCE000E4F37EF02046BDE81040E9F38BB610BDBA
:10CCF0008A570100036830B5DB690546586D87B077
:10CD000000012430E9F372F60446002838D00346C7
:10CD100043F8245BC36004F11001D5F83806E4F34E
:10CD200049F068BBD5F8380604F11401E4F342F089
:10CD300030BBD5F8380604F11801E4F33BF0F8B93C
:10CD4000D5F8380604F11C01E4F334F0C0B9D5F885
:10CD5000380604F12001E4F32DF088B94FF485631F
:10CD600063600B4B019000930A4B03900293049075
:10CD7000059009492868094A2346FCF7EFFC18B1D9
:10CD80002046FFF787FF0024204607B030BD00BFD4
:10CD9000C10B85007513850080E688008A57010065
:10CDA000F0B5D0F828410068A568C069406D85429B
:10CDB00011D2E7682E01B8194360059B01358360E5
:10CDC000069BBA51C3606068A560C31C591821F066
:10CDD00003016160F0BD6FF01500F0BDD0F828319F
:10CDE0001869E3F3C3B7D0F8280110B10069E4F380
:10CDF0001FB07047D0F82831D869E3F3B7B7D0F83F
:10CE00002831D869E4F314B0D0F82831186AE3F374
:10CE1000ADB7D0F82831186AE4F30AB073B5054607
:10CE20002EF058DC0446B8B12B684FF00052C5F81C
:10CE30006802009293F82F20284601922146002292
:10CE400004332EF0D3D9064650B9284621462FF098
:10CE5000B1DB064620B901E06FF01A0630467CBD12
:10CE6000284621462FF01EDBF8E7F8B51F46036879
:10CE70000D461E691146D6F880001446E5F32AF4E3
:10CE800040B3B84224D121460022D6F88000E5F311
:10CE900015F4287021460122D6F88000E5F30EF43F
:10CEA000687021460222D6F88000E5F307F4A870E6
:10CEB00021460322D6F88000E5F300F4E870D6F8A6
:10CEC000800021460422E5F3F9F328710120F8BD22
:10CED0004FF0FF30F8BD000038B50446B8B1036824
:10CEE0000B4918682246FCF7DEFB606B08B1E9F3DA
:10CEF00089F5D4F880000025656318B1E9F382F55F
:10CF0000C4F880502046BDE83840E9F37BB538BD11
:10CF1000915701002DE9F04105698CB00746842046
:10CF2000E9F364F50446002800F0D28107603C2054
:10CF3000E9F35CF58046002800F0CA813B690126D0
:10CF400080F8386080F8396043603B6A046031469D
:10CF50001869ECF77EFAD8F80430B649D3F88000A7
:10CF6000E5F3A0F3D8F80430C8F81400B249D3F8B8
:10CF70008000E5F397F3D8F80430C8F81800AF49FB
:10CF8000D3F88000E5F38EF3D8F80430C8F81C001D
:10CF9000AB49D3F88000E5F385F3D8F80430C8F83E
:10CFA0000800A849D3F88000E5F37CF3D8F80430F2
:10CFB000C8F81000A449D3F88000E5F373F3A34B3D
:10CFC000C8F80C00C4F880800093A14BA1490193DC
:10CFD000A14BA24A0293A24B0393A24B0493A24BF0
:10CFE000059338682346FCF7B9FB8046002840F0DB
:10CFF0006F8184F82C003B699C49D3F88000E5F3ED
:10D0000051F384F86F003220E9F3F0F407466063CF
:10D01000002800F05D8141460A2206A8E4F3CAF424
:10D020000C238DF8193099238DF81A30A6238DF82A
:10D030001B3008238DF81E30B7238DF81F30E223F4
:10D040008DF820308A4AC4238DF821308DF818607D
:10D050008DF81D601068516809AB03C312898549BA
:10D060001A80854B3E70A363844B84F85A80E36337
:10D07000636B9E71D5F88000E5F338F3002800F06B
:10D0800093807C49D5F88000666BE5F30BF37070F4
:10D090007B49D5F88000666BE5F304F3B0707949FD
:10D0A000D5F88000666BE5F3FDF2F0707649D5F8AF
:10D0B0008000666BE5F3F6F230717449D5F88000B4
:10D0C000666BE5F3EFF270717149D5F88000666B1D
:10D0D000E5F3E8F2F0716F49D5F88000666BE5F38F
:10D0E000E1F2B0716C49D5F88000E5F3DBF284F829
:10D0F00044006A49D5F88000666BE5F3D3F23072DC
:10D100006749D5F88000666BE5F3CCF27072616B0D
:10D1100005230A31634A2046FFF7A7FE616B05230A
:10D120000F3186B2604A2046FFF79FFE616B0523F0
:10D13000143136185D4A2046FFF797FE616BB6B290
:10D140001931052336185A4A2046FFF78EFE616BC7
:10D15000B6B236180B7AB6B2B34225D11E310523CA
:10D16000544A2046FFF781FE616B0523233186B2C6
:10D17000514A2046FFF779FE616B052328313618A6
:10D180004E4A2046FFF771FE616BB6B20523361892
:10D190002D3120464A4AFFF768FE636BB6B2361857
:10D1A0005B7AB6B2B34225D0626B00235370626BD8
:10D1B0000C219370626BD370626B1171616B0222F0
:10D1C0004A71A86F616B0068C871616B0A72616B0C
:10D1D0004A72606B812284F8402006A90A2284F8F2
:10D1E00041300A30E4F362F3606B09A91E300A2271
:10D1F000E4F35CF3626BAB6FD27900211A6004F147
:10D200004D000822E4F3D6F3002384F8583084F864
:10D210005930A4F85630D5F880002A49E5F366F273
:10D22000002851D0D5F880002649E5F33BF284F878
:10D230005F0051E0E49D0200D19C0200FA9C0200D4
:10D240000A9E0200629D0200D09D020051288500C6
:10D2500085DA0000A4E68800E12B850091570100E3
:10D26000D52B8500A45701006DD30000989E0200C5
:10D270003B380100479E0200112785008927850061
:10D28000919D0200319E02001B9E0200F39D020050
:10D29000E29C0200A89D02004E9D0200819D0200BA
:10D2A0003D9D02000D9D02001D9D02002D9D02006E
:10D2B000719D0200549E0200659E0200769E02004F
:10D2C000879E0200BD9D0200BA2384F85F3003E010
:10D2D0002046FFF701FE002420460CB0BDE8F08197
:10D2E00030B5044685B0002840D0D0F8201131B1C7
:10D2F00003689868F5F3F8F60023C4F82031236832
:10D300001A6892F82F2022B3D3F8240101A9002231
:10D310005EF0A2DA0FE043685A060CD5D4F830511B
:10D32000451904E00368C5F81031E9F36BF3D5F84B
:10D3300010010028F6D1236801A9D3F824015EF07A
:10D34000A1DA0028E7D104E00368C4F84431E9F326
:10D3500059F3D4F844010028F6D123680449186829
:10D360002246FCF7A0F92046E9F34CF305B030BDA6
:10D370005DB3890030B5054687B04FF4A670E9F378
:10D380002FF30446002875D000214FF4A672E4F371
:10D3900011F33C4B256000933B4B3C4A0193002327
:10D3A000029303920493059328683949394A234626
:10D3B000FCF7D4F900285DD12B6A1A68022A05D13E
:10D3C0005B7D002B0CBF1623302300E03023221896
:10D3D0004430B0F5887F1374EED1A8682E492A46F0
:10D3E0000023F5F399F6C4F82001002842D04FF449
:10D3F0007A7345F27352C4F81C31A4F83C2100231F
:10D400004622C4F84431A4F83E2128468DE828007D
:10D410004FF48A71214A224B03F008FF0028C4F818
:10D42000300127DB1F4BD5F894068DE81800052145
:10D43000B0221D4B00F008FFE0B91C4BD5F8940654
:10D440008DE818000521B222194B00F0FDFE88B9C5
:10D45000D5F894060A21B022164B009401F0A4F9E5
:10D4600040B9D5F8C006B021134A144B009401F01E
:10D4700005FC18B12046FFF733FF0024204607B013
:10D4800030BD00BF9150850011658500654E850057
:10D4900018E888005DB3890055498500115685005C
:10D4A000ED558500955D8500E94A8500D15C8500D4
:10D4B000514A850095538500854E8500994E85001B
:10D4C00010B5044630B133F091DE2046BDE810407F
:10D4D000E9F398B210BD10B504462420E9F386F2B2
:10D4E00000B1046010BD000010B50446E0B143680F
:10D4F0000E4918682246FCF7D6F8D4F83C01FFF72D
:10D50000DFFFD4F83401FFF7DBFFD4F89C0008B14B
:10D51000E9F378F2D4F8940008B1E9F373F2204605
:10D52000BDE81040E9F36EB210BD00BFBC5701006A
:10D530002DE9F041754B00271F60754B056888B0D9
:10D5400006461F604FF4A070E9F34AF20446002833
:10D5500000F0D78039464FF4A072E4F32BF284E850
:10D5600060003046C6F85841FFF7B5FF8046C4F862
:10D57000340130B13046FFF7AEFF8046C4F83C01BD
:10D5800020B92046E9F33EF24446BAE07F21042266
:10D5900004F14400E4F30EF27F21042204F1700050
:10D5A000E4F308F2042207A83946E4F303F23368EF
:10D5B00093F87C20D3F8D800012A13D95549E5F314
:10D5C00095F0014658B107A80322E4F3CBF207A86F
:10D5D000042137F0B7D990B107A84F490CE007A84C
:10D5E0004E4909E04E49E5F35DF00928034606D8A7
:10D5F0004C4907A801EB83010322E4F3B3F20322B1
:10D6000007A904F10800E4F3ADF233684649D3F802
:10D61000D800E5F347F0D5F8D43041F26B02196B2E
:10D62000E06091420ED19B6A8B2B01D0902B09D1E7
:10D63000022807D107A83D490422E4F36FF208B994
:10D640000323E360D5F8D43041F26B02196B9142A9
:10D650000DD19B6A932B0AD107A835490422E4F324
:10D660005DF220B9E368042B01D10623E360D5F80D
:10D67000D43041F26B02196B914218D19A6A40F290
:10D6800035139A4213D107A82A490422E4F346F23B
:10D6900058B107A828490422E4F340F228B107A8AA
:10D6A00026490422E4F33AF208B91323E360002583
:10D6B000EAF786FF35F058DF07A90422C4F8945032
:10D6C000C4F89850C4F89C50C4F8A050C4F8A450B2
:10D6D00084F8F450204633F0C3DE194B30688DE8EF
:10D6E00028001849184A2346029503950495059584
:10D6F000FCF734F828B12046C6F85851FFF7F4FE7D
:10D700002C46204608B0BDE8F08100BFB46501009A
:10D71000B8650100A89E0200BF57010041B589000D
:10D72000AE9E020094E98800B19E0200C25701003B
:10D7300068EB880078E9880080E9880084E988003F
:10D74000F16D85003CE98800BC57010030B5054605
:10D7500087B00C20E9F34AF10446D0B1114B0560C3
:10D760004FF49071009301900722D5F894060E4B68
:10D7700000F0DEFC80B90D4B019000930290039005
:10D78000049005900A4928680A4A2346FBF7E6FFF9
:10D7900010B9204607B030BD2046E9F333F100242C
:10D7A000F7E700BFC19D8500299B8500659B85002B
:10D7B000ECED880034590100036810B504460549B2
:10D7C00018682246FBF76FFF2046BDE81040E9F3DA
:10D7D00019B100BF3459010070B5054686B00C2060
:10D7E000E9F304F10446002863D0056000260190A7
:10D7F00004212846334A344B0096FFF7D1FAB04251
:10D80000606059DB04212846304A314B0096019470
:10D8100003F00CFDB042A0604EDB28462D492246A5
:10D82000FFF7DCFA002847D12B4BD5F894068DE89A
:10D8300018004FF490712522284B00F079FC002845
:10D840003AD1274BD5F894068DE818004FF4907123
:10D850003C22244B00F06CFC00282DD1D5F8940616
:10D8600005219C22204B009500F036FF002823D193
:10D87000D5F89406802125221C4B009400F070FD01
:10D88000D0B9D5F8940680213C22194B009400F0C1
:10D8900067FD88B9174B01900093174B03900293D3
:10D8A0000490059015492868154A2346FBF756FF52
:10D8B00010B9204606B070BD2046E9F3A3F000245D
:10D8C000F7E700BF51A3850011A3850059A7850084
:10D8D00045A78500CDA38500E5A98500F1A38500B6
:10D8E00015AA850019A4850031A28500D1A2850062
:10D8F000F1A2850009A58500E1A9850028EE880030
:10D9000050B9890038B5056804462246286806499A
:10D91000FBF7C9FE284605492246FFF764FA204670
:10D92000BDE83840E9F36EB050B98900CDA3850059
:10D93000024602490068FBF7B6BE00BF3A59010033
:10D9400030B50D4B87B0009300230446019302933A
:10D950000393049305930949094A23460068FBF79A
:10D96000FDFE002814BF4FF0FF350025204638F09B
:10D9700071D8284607B030BDA1B0850044590100D8
:10D980003A5901002DE9F043064687B038200F468A
:10D9900091469846E9F324F00446002838D0002147
:10D9A0003822E4F307F0D7F83C0640211A4A04F184
:10D9B0002003F5F711FB054620B12046E9F322F0DC
:10D9C000002425E0154BC4F81C80A760C4F80C9017
:10D9D00026611349009301900290039004900590F2
:10D9E000234630460F4AFBF7B9FE034660B9E068AC
:10D9F0000D492246F5F390F30546A06140B9206930
:10DA00000A492246FBF74FFE2046E8F3FBF72C4677
:10DA1000204607B0BDE8F08314C68900EDB4850048
:10DA200058EE8800B89E02004DB585005C59010093
:10DA300010B5044638F042DA0F4920692246FBF758
:10DA400032FEA16961B1237D23B1E068F5F3E0F214
:10DA500000232375E068A169F5F346F30023A36171
:10DA6000A36804F12001D3F83C06F5F7C1FA20467B
:10DA7000E8F3C8F7002010BDB89E020010B50446B8
:10DA8000C0B122460C494068FFF7C3F922466068DE
:10DA90000A4903F00EFE224660680949FFF7A3F920
:10DAA000A06808492246FBF7FEFD2046BDE810406D
:10DAB000E8F3A8B710BD00BF21BF850081C5850070
:10DAC00029BB85006359010070B5054686B0182052
:10DAD000E8F386F70446002800F0E98000211822C8
:10DAE000E3F368F72B680022A360AB686560E3602E
:10DAF0006B68042123610423A38228466D4B8DE8C3
:10DB00001400FFF74DF900282060C0F2CC802846B1
:10DB100069492246FFF778F9002840F0C48028467A
:10DB200066492246FFF75AF9002840F0BC80284693
:10DB30006349224603F0B8FD002840F0B480614BF1
:10DB40000190009302900390049005905E4928682C
:10DB50005E4A2346FBF702FE002840F0A4805C49A1
:10DB60000322D5F8BC063CF039DA5A4E5A49022253
:10DB7000D5F8C0063CF032DAD5F89406B021302250
:10DB8000564B0096019400F051FA002840F08B802B
:10DB9000534BD5F894068DE8180040F6050136225F
:10DBA000504B00F0C5FA00287DD14F4BD5F89406B4
:10DBB0008DE8180040F6040137224C4B00F0B8FA0B
:10DBC000002870D1D5F8BC063021444A3346009471
:10DBD00001F009F8002866D1D5F8BC063621414A83
:10DBE0003F4B009400F0FFFF00285CD1D5F8BC0645
:10DBF00037213E4A3C4B009400F0F5FF002852D1FB
:10DC0000D5F8C00639213A4A3A4B009400F0EBFFB0
:10DC1000002848D1D5F89406C0213622364B00940E
:10DC200000F03CFD00283ED13021D5F894060A468C
:10DC3000324B009400F094FB002834D1D5F89406C0
:10DC400040F60A0136222E4B009400F027FD50BB0F
:10DC5000D5F8940640F60A0137222A4B009400F0CA
:10DC60001DFD00BBD5F8940630213922264B0094C7
:10DC700000F014FDB8B9D5F8BC0630211F4A234680
:10DC800001F044F878B9D5F8BC0636211C4A234681
:10DC900001F03CF838B9D5F8BC063721194A2346BB
:10DCA00001F034F818B12046FFF7E8FE00242046C2
:10DCB00006B070BDA1BA850021BF850029BB8500D3
:10DCC00081C5850035BC850080EE88006359010060
:10DCD0007CEE880019BA8500A4EE880071B8850032
:10DCE00085C68500A5BB8500C1C5850035BB8500FF
:10DCF00021BC8500DDC68500C9C4850005C285003C
:10DD0000C9C0850011C0850035C1850008B1E8F3A0
:10DD100079B6704737B505463820E8F367F604460C
:10DD200050B14FF0FF33056005490193054A064B9A
:10DD3000009539F0ABDD01E0FFF7E8FF20463EBD7E
:10DD4000E9CD8500F1CD8500E1CD850070B50546B2
:10DD500086B01020E8F344F60446002838D00021AD
:10DD60001022E3F327F6002625600121C5F8CC46F2
:10DD70002846194A194B00960194FFF711F8B04252
:10DD8000E06021DB164B28688DE848001549164AEB
:10DD900023460296039604960596FBF7DFFC98B996
:10DDA000124BD5F894068DE828000521BE22104BB1
:10DDB00000F04AFA40B9D5F89406C021BE220D4BB6
:10DDC000009500F0F1FC18B12046E8F31BF60024A2
:10DDD000204606B070BD00BF8DD0850089D085007B
:10DDE000E1CF8500A8EE8800BF9E02005DD08500CF
:10DDF0003DD0850091D0850010B5044688B10379E7
:10DE000023B18068E8F3FEF50023237123680549F8
:10DE100018682246FBF747FC2046BDE81040E8F3AF
:10DE2000F1B510BDBF9E020008B1E8F3EBB5704735
:10DE300037B505460420E8F3D3F50446002855D04D
:10DE40002D4B056040F23F11009301902D22D5F833
:10DE500094062A4B00F06CF9002847D1284BD5F8DE
:10DE600094068DE818004FF495713D22254B00F083
:10DE70005FF900283AD1244BD5F894068DE81800B4
:10DE80004FF495714A22214B00F052F970BB204BA0
:10DE9000D5F894068DE81800152150221D4B00F08E
:10DEA000D3F918BBD5F8940605212D221A4B0094FE
:10DEB00000F0F4FBD0B9D5F89406C0212D22174B01
:10DEC000009400F0EBFB88B9D5F89406C0213D2200
:10DED000134B009400F0E2FB40B9D5F89406C02142
:10DEE0005022104B009400F05FFC18B12046FFF761
:10DEF0009BFF002420463EBDC5D28500CDD08500C5
:10DF000011D38500E1D085000DD38500DDD08500DB
:10DF100071D28500B5D0850041D1850001D2850040
:10DF200021D285007DD1850010B50446A0B10368DB
:10DF3000806F00225A6108B1E8F364F5D4F89800C4
:10DF400008B1E8F35FF5606808B1E8F35BF52046D7
:10DF5000BDE81040E8F356B510BD2DE9F041044688
:10DF60004FF4B6700D4616469846E8F33FF507465F
:10DF700010B940F2F2331EE004608560C6602820CC
:10DF8000E8F334F5B86710B940F2F33313E05820E2
:10DF9000E8F32CF5C7F8980040B12C30C7F89C0086
:10DFA0003020E8F323F5786060B902E04FF47D7328
:10DFB00001E040F2F5333846C8F80030FFF7B4FF0F
:10DFC000002703E00023C8F8003060613846BDE850
:10DFD000F0810023C218D2F8C020CA500433182B95
:10DFE000F8D170474FF4C863C0F864366823C0F8AE
:10DFF00068364FF48073C0F86C360223C0F8703670
:10E00000C0F874367047000010B5044650B103687C
:10E01000054918682246FBF746FB2046BDE810403C
:10E02000E8F3F0B410BD00BF0D5A010001F0F0019B
:10E030002DE9F04F0E110168B0F81080096889B021
:10E04000C9699446D1F8C010079388450446B0F8D2
:10E0500012A0838AC78AB2B25CDA817900295CD1C6
:10E06000324D05EBC200808806E055F8329019F871
:10E070000190E14502D001318142F6D381424FD077
:10E08000E71937F812B0013237F81250A24445456B
:10E0900023441AD2C5EB080805F101090AEB050172
:10E0A00042460AEB0900CDF814C00693E3F35EF490
:10E0B000069B0C2202FB093002FB053102FB08F231
:10E0C000E3F354F4DDF814C0069B3146002207E068
:10E0D00007EB460030F802E00EF1010E20F802E0F6
:10E0E000013102320D29F3D91299CBEB05020091CF
:10E0F00013990AEB0B0001910C2101FB0B3192B239
:10E10000079BCDF808C000F0A1FB238A0020013353
:10E11000238207E06FF0150004E06FF0160001E0C5
:10E120006FF01D0009B0BDE8F08F00BF6859010015
:10E130002DE9F347DDF82890DDF82CA007460E46C0
:10E1400015469846002456FA04F3DB070AD5210148
:10E15000384601F0F0012A4643468DE80006FFF7F5
:10E1600065FF18B901340D2CEDD10020BDE8FC8706
:10E170002DE9F04F89B007920268B0F81880126854
:10E180009C46D2690446D2F8C420B0F81AA0904543
:10E19000838BC78B50DA8279002A50D101F0F006C8
:10E1A0003611C719B2B237F812B0013237F812502F
:10E1B0008244454503441AD2C5EB080805F101091C
:10E1C0000AEB050142460AEB0900CDF814C006939C
:10E1D000E3F3CCF3069B0C2202FB093002FB053172
:10E1E00002FB08F2E3F3C2F3DDF814C0069B3146EC
:10E1F000002207E007EB460030F802E00EF1010EC6
:10E2000020F802E0013102320D29F3D91299CBEB4B
:10E210000502009113990AEB0B000191079992B244
:10E2200002910C2101FB0B31634600F00FFB238BA5
:10E2300000200133238304E06FF0150001E06FF04C
:10E24000160009B0BDE8F08F2DE9F347DDF82890FE
:10E25000DDF82CA007460E4615469846002456FACF
:10E2600004F3DA070AD52101384601F0F0012A4605
:10E2700043468DE80006FFF77BFF18B901340D2CEB
:10E28000EDD10020BDE8FC872DE9F04F89B0079261
:10E290000268B0F8308012689C46D2690446D2F811
:10E2A0000021B0F832A09045838EC78E50DA827973
:10E2B000002A50D101F0F0063611C719B2B237F872
:10E2C00012B0013237F812508244454503441AD245
:10E2D000C5EB080805F101090AEB050142460AEB06
:10E2E0000900CDF814C00693E3F340F3069B0C221B
:10E2F00002FB093002FB053102FB08F2E3F336F3BF
:10E30000DDF814C0069B3146002207E007EB46000B
:10E3100030F802E00EF1010E20F802E00131023285
:10E320000D29F3D91299CBEB0502009113990AEB51
:10E330000B000191079992B202910C2101FB0B3164
:10E34000634600F083FA238E00200133238604E025
:10E350006FF0150001E06FF0160009B0BDE8F08F16
:10E360002DE9F04F87B005920268B0F8208012685E
:10E370009C46D2690446D2F8C820B0F822A0904545
:10E38000838CC78C4CDA8279002A4CD101F0F006DC
:10E390003611C719B2B237F812B0013237F812503D
:10E3A00082444545034419D2C5EB080805F101092B
:10E3B0000AEB050142460AEB0900CDF80CC00493B4
:10E3C000E3F3D4F2049B4FEAC80203EBC90003EB6A
:10E3D000C501E3F3CBF2DDF80CC0049B314600220B
:10E3E00007E007EB460030F802E00EF1010E20F8DE
:10E3F00002E0013102320D29F3D91099CBEB05026D
:10E40000009105990AEB0B00019192B203EBCB014D
:10E41000634600F02BFA238C00200133238404E0B0
:10E420006FF0150001E06FF0160007B0BDE8F08F47
:10E430000368F0B5DB690C25B3F8C020064605FB80
:10E4400002F4433222F003020134A418B3F8C420CA
:10E450004FF6FE7102F11F006A4321404118501C23
:10E460004FF6FC720A408218B3F800014FF6FE71B5
:10E4700000F11F046843114061184FF6FC7201302F
:10E480000A408218B3F8C8004FF6FE7100F11F046D
:10E4900011406118C0004FF6FC7201300A4082182A
:10E4A000B3F8CC004FF6FE7100F11F041140611863
:10E4B000C0004FF6FC720A40B3F8043101308018F6
:10E4C0004FF6FE7203F11F010240DB008A18591C4F
:10E4D0004FF6FC731340CB184FF6FE771F401C37E6
:10E4E000BFB287B03846E8F37BF20446002800F05C
:10E4F000BC8000213A46E3F35DF240236382336837
:10E500004FF6FC72DB692660B3F8C010A78001F1FA
:10E510004300024005FB0121A28201314FF6FE7249
:10E520000A40B3F8C410E2821C3292B2C81C101820
:10E5300062834FF6FC72024005FB0121A283013188
:10E540004FF6FE720A40B3F80011E2831C3292B219
:10E55000C81C101862864FF6FC72024005FB0121B0
:10E56000A28601314FF6FE720A40B3F8C810E28667
:10E570001C3292B2C81C101862844FF6FC72024022
:10E5800002EBC1010131A2844FF6FE720A40B3F8DA
:10E59000CC10E2841C3292B2C81C101862854FF66F
:10E5A000FC72024002EBC1010131A2854FF6FE72FE
:10E5B0000A40B3F80411E2851C3292B2CB1C628788
:10E5C000D2184FF6FC731340A38703EBC10301334A
:10E5D0004FF6FE721A40E2870025274F57F8353074
:10E5E00063B1264B29018DE81800DD22204601F099
:10E5F000F001234BFFF71AFD002836DB01350D2D06
:10E60000EBD1002557F8353053B12901DD222046E2
:10E6100001F0F0011B4B0094FFF7A2FE002824DB61
:10E6200001350D2DEED1184BB0218DE81800FF22D9
:10E630002046164BFFF7FAFC002816DBB021FF221C
:10E640002046134B0094FFF78BFE00280DDB114B87
:10E65000002102933068104A2346009101910391F2
:10E6600004910591FBF77AF818B12046FFF7CCFC2E
:10E670000024204607B0F0BD685901000DD5850083
:10E6800061D58500ADD58500F1E0000043E10000D3
:10E6900091E0000099D485000D5A01002DE9F7435F
:10E6A000DDF8289007460E4615469846002456FA8F
:10E6B00004F3D8070AD52101384601F0F0012A46B3
:10E6C0004346CDF80090FFF74BFE18B901340D2CEE
:10E6D000EDD10020BDE8FE832DE9F04F87B0059213
:10E6E0000268B0F8288012689C46D2690446D2F8C5
:10E6F000CC20B0F82AA09045838DC78D4CDA827962
:10E70000002A4CD101F0F0063611C719B2B237F821
:10E7100012B0013237F8125082444545034419D2F1
:10E72000C5EB080805F101090AEB050142460AEBB1
:10E730000900CDF80CC00493E3F318F1049B4FEAF1
:10E74000C80203EBC90003EBC501E3F30FF1DDF8E9
:10E750000CC0049B3146002207E007EB460030F86E
:10E7600002E00EF1010E20F802E0013102320D2923
:10E77000F3D91099CBEB0502009105990AEB0B0038
:10E78000019192B203EBCB01634600F06FF8238D49
:10E7900000200133238504E06FF0150001E06FF0E5
:10E7A000160007B0BDE8F08F2DE9F743DDF828909B
:10E7B00007460E4615469846002456FA04F3DB0732
:10E7C0000AD52101384601F0F0012A464346CDF82A
:10E7D0000090FFF781FF18B901340D2CEDD1002016
:10E7E000BDE8FE832DE9F047089F9A4604469DF850
:10E7F0002460034600250CE013F8010B86420AD082
:10E800001DB113F802ECB64501D2864203D9013599
:10E81000ADB29542F0D1AA4207FB05180ED9C5EB5F
:10E820000209414607FB09F208EB0700E3F39EF0FB
:10E83000681C201861194A46E3F398F04046514697
:10E840003A46E3F333F06655BDE8F0877FB50393AE
:10E85000089B0493099B05930C2300939DF8283093
:10E86000019303ABFFF7BEFF07B000BD1FB50293D6
:10E87000069B0393082300939DF81C30019302AB81
:10E88000FFF7B0FF05B000BD37B5254BD0F8945663
:10E8900004460093019040F23F1128467F22214B0D
:10E8A000FFF746FC00283AD11F4B28468DE8180098
:10E8B00041F63F5140221D4BFFF7C6FC78BB1C4B75
:10E8C00028468DE8180040F63F119822194BFFF7B3
:10E8D000BBFC20BB184B28468DE8180040F22F11D6
:10E8E000A822164BFFF7B0FCC8B9284640F20F111A
:10E8F0007F22134B0094FFF7D1FE80B9284640F2E7
:10E900000F1198220F4B0094FFF74EFF38B928469D
:10E9100040F20F11A8220C4B0094FFF745FF3EBDBB
:10E9200055F0850081EC8500A1F08500A1EC850003
:10E9300009F0850007E2000019F1850015ED85005A
:10E94000C5ED850085ED850001EE850037B5104BDE
:10E95000D0F89456044600930190052128460022E1
:10E960000C4BFFF7E5FB90B90B4B28468DE81800E0
:10E9700005210122094BFFF7DBFB40B9084B284674
:10E980008DE8180005213222064BFFF7D1FB3EBD72
:10E9900049E7850011E7850065E785001DE78500EB
:10E9A0002DE7850001E7850037B5254BD0F8945653
:10E9B0000446009301904FF4907128460022214BA9
:10E9C000FFF7B6FB00283AD11F4B28468DE8180008
:10E9D0004FF4907101221D4BFFF7AAFB78BB1C4B33
:10E9E00028468DE818004FF490713222194BFFF73A
:10E9F0009FFB20BB184B28468DE818004FF4907100
:10EA00000322164BFFF794FBC8B9154B28468DE837
:10EA100018004FF490710622124BFFF789FB70B972
:10EA2000284680210522104B0094FFF799FC30B94D
:10EA30002846802105220D4B0094FFF791FC3EBD36
:10EA400001EC850089E985003DEC850091E98500B0
:10EA5000A5EB850045E9850079EB850031E9850066
:10EA6000CDEB850061E985009DE9850019EB850006
:10EA700037B5154BD0F894560446009301904021C9
:10EA800028460022114BFFF7D1FAE0B9104B284677
:10EA90008DE81800402101220E4BFFF7C7FA90B90C
:10EAA0000D4B28468DE81800402132220B4BFFF712
:10EAB000BDFA40B90A4B28468DE8180040210322D0
:10EAC000084BFFF7B3FA3EBD8DF2850031F28500A9
:10EAD000A5F285003DF2850071F2850021F28500E6
:10EAE00049F2850011F2850037B50A4BD0F89456EB
:10EAF000044600930190B02128461022064BFFF7F0
:10EB000095FA30B92846B0211022044B0094FFF743
:10EB100027FC3EBD65E8850081E78500ADE78500FF
:10EB200037B5D0F8945604460090C02128460022FC
:10EB3000114BFFF7B3FDF0B92846C02101220F4B5E
:10EB40000094FFF7ABFDB0B92846C02106220C4B5C
:10EB50000094FFF7A3FD70B92846C021A822094BF5
:10EB60000094FFF721FE30B92846C0219822064BB9
:10EB70000094FFF719FE3EBDF9F2850021F38500F0
:10EB8000D9F285003DF38500C1F2850010B5044639
:10EB900050B10368054918682246FAF784FD2046FB
:10EBA000BDE81040E7F32EB710BD00BFAA5A010020
:10EBB00038B505460C20E7F313F7044638B10021B9
:10EBC0000C22E2F3F7F60C232560A38001E0FFF7A7
:10EBD000DDFF204638BD28B18368DA88013ADA8043
:10EBE000E7F310B770472DE9F04F9B46038B87B0D2
:10EBF000C518C65AB5F80480438AC6EB080898457C
:10EC000005919446878AB0F816A032DA6C88C71945
:10EC10004445824416DAC4EB080804F101093919A5
:10EC2000424607EB0900CDF810C0E2F39FF60C2234
:10EC300002FB09A002FB04A102FB08F2E2F396F634
:10EC4000DDF810C06B88A21B01336B80AB880C21F0
:10EC50000133AB80109BB8190193059B01FB06A102
:10EC6000029392B26346CDF800B0FFF7EFFD0020AB
:10EC700001E06FF0150007B0BDE8F08F2DE9F04F0F
:10EC80009B46038B9446C518AC8830F80380428AB3
:10EC9000C8EB040387B093420591878AB0F816A0A9
:10ECA0002FDA9C42074482446E8816DAC8F10008C5
:10ECB00004F101093919424607EB0900CDF810C0EB
:10ECC000E2F354F60C2202FB09A002FB04A102FBB2
:10ECD00008F2E2F34BF6DDF810C0AB88A21B01335B
:10ECE000AB80109B0C210193059BB819029301FB8B
:10ECF00006A192B26346CDF800B0FFF7A7FD002051
:10ED000001E06FF0150007B0BDE8F08F2DE9F04F7E
:10ED10009B46038C85B0C518C65AB5F80480438B52
:10ED2000C6EB0808984503919446878BB0F81EA05F
:10ED30002EDA6C88C7194445824415DAC4EB0808FA
:10ED400004F101093919424607EB0900CDF808C062
:10ED5000E2F30CF60AEBC9000AEBC4014FEAC80261
:10ED6000E2F304F6DDF808C06B88A21B01336B8068
:10ED7000AB88B8190133AB80039B0AEBC601019342
:10ED800092B26346CDF800B0FFF770FD002001E0BD
:10ED90006FF0150005B0BDE8F08F00002DE9F04FD1
:10EDA000036885B003931B681546DB69C288D3F8F6
:10EDB000D03007469A420E465BDA09B14E1CB6B215
:10EDC0000DB10135ADB206F127034FF6FC7A03EA27
:10EDD0000A0A0C2303FB06A34FF6FE78013303EA6D
:10EDE000080808F10903EB184FF6FC7B03EA0B0B4C
:10EDF0000BEBC50201324FF6FE73134003F1060917
:10EE00001FFA89F948460293E7F3EAF50446002819
:10EE100030D000214A46E2F3CDF5029B03992384CA
:10EE2000FB88A4F81880242208F106080133216029
:10EE3000A760A4F81090A282A4F816A0A4F81C80E1
:10EE4000A4F81EB066826583FB8046B1DD212046B2
:10EE50000C4A0D4B0094FFF7C6FE00280ADB6DB18B
:10EE6000DD212046094A2346FFF750FF002805DA36
:10EE700000E000242046FFF7AEFE0024204605B047
:10EE8000BDE8F08F85F5850041F58500BDF585006D
:10EE90007FB50A4A03460092002201920292039231
:10EEA000049205920649074A0068FAF757FC0028C1
:10EEB00014BF4FF0FF30002007B000BD991E860040
:10EEC00078F08800AE5A0100024602490068FAF75D
:10EED000EABB00BFAE5A010010B5044648B1036852
:10EEE00021461868FAF7FEFC2046BDE81040E7F31B
:10EEF00089B510BD37B505460820E7F377F5044618
:10EF0000A0B10560002201900C2128460A4B009216
:10EF1000FDF746FF0028606008DB084B2868009377
:10EF20002146074A0423FAF76CFC18B12046FFF784
:10EF3000D3FF002420463EBD1D2686002CF188000C
:10EF40003126860010B50446C06818B1E7F35AF5BB
:10EF50000023E36010BD10B50446A020E7F340F5A0
:10EF600070B1E060A06000F190020346103393425C
:10EF700043F8103CFAD10023C0F89030184610BD79
:10EF80006FF01A0010BD000038B50446002852D0BA
:10EF9000002105683FF04EDA20463FF02BD8636928
:10EFA00033B12046002141F015DA606938F044DCC5
:10EFB000A36933B12046012141F00CDAA06938F091
:10EFC0003BDC236933B12046022141F003DA20699A
:10EFD00038F032DCE36F33B12046032141F0FAD937
:10EFE000E06F38F029DC204641F09AD9D4F8980037
:10EFF000E7F308F501E03EF027DEE169204600294D
:10F00000F9D1FFF79FFFD5F8440118B10A492A4604
:10F0100000F08FF9286809492246FAF744FBD4F832
:10F02000A8301BB104F1A800E1F3DAF62046BDE8F0
:10F030003840E7F3E7B438BD11428600F4C88900D0
:10F0400030B5054687B0B020E7F3CAF4044600287F
:10F0500000F099800021B022E2F3ACF40A2384F896
:10F060004330012384F84830FF2384F8203084F8AB
:10F07000213084F8223084F823302560C420E7F35F
:10F08000AFF4C4F8980000287DD020463FF0C4D9E2
:10F0900020463FF047DD2B6841F26B02D3F8D430B5
:10F0A00020F07F00196BA0879142204608D19B6A0F
:10F0B000932B05D13FF036DDC0F58440683001E088
:10F0C0003FF034DDE087E38F204623F07F03E387C2
:10F0D0003FF02CDD41F2883222652E4A002320F0D9
:10F0E0007F00A4F84000E36400922B4A049301924D
:10F0F0002A4A059302922A4A2868039229492A4AF1
:10F100002346FAF72BFB00283DD1D5F8E80538F067
:10F1100069DB6061002836D0D5F8E80538F062DB9D
:10F12000A06180B3D5F8E80538F05CDB206150B30E
:10F130002046FFF710FF30BBD5F8E80538F052DB6A
:10F14000E06700B3012384F87830D5F8440141F238
:10F150007073A4F87A3020B114492A4600F0E6F81A
:10F1600088B9204601213FF065D94FF44843A36593
:10F170000023E36532232366D5F8380604F1A8019D
:10F18000E1F318F618B12046FFF7FEFE00242046F2
:10F1900007B030BD59348600B1528600395286001E
:10F1A000ED3686004CF18800F4C8890011428600D3
:10F1B00038B50446002827D0056814492868224637
:10F1C000FAF771FA236A1BB104F12000E1F308F6A3
:10F1D000E3691BB104F11C00E1F302F6A3691BB162
:10F1E00004F11800E1F3FCF563691BB104F11400AC
:10F1F000E1F3F6F5284606492246FDF7F4FD2046E0
:10F20000BDE83840E7F3FEB338BD00BFB0CB89009E
:10F210002D62860070B5054686B03020E7F3E6F330
:10F220000446002859D04FF0FF3303610422FF2128
:10F2300005600A30E2F3BEF30B2104F10E00E3F3A4
:10F2400091F700238DE8180004212846264A274B11
:10F25000FDF7A6FD002860603FDB284624492246D2
:10F26000FDF7BCFD002838D1D5F8386604F114014B
:10F270003046E1F39FF500282FD1304604F1180104
:10F28000E1F398F548BB304604F11C01E1F392F537
:10F2900018BB304604F12001E1F38CF5E8B9154BB9
:10F2A00001900093144B04900293144B0590039328
:10F2B00028681349134A2346FAF750FA68B92046DA
:10F2C00041F09ADF20B12046012141F0C9DF20B989
:10F2D0003223A3622623636203E02046FFF768FF20
:10F2E0000024204606B070BD45638600FD6286009E
:10F2F0002D628600A962860051658600F96286004B
:10F300003CF28800B0CB89004069E1F32FB5406939
:10F31000E1F38EB58069E1F329B58069E1F388B541
:10F32000C069E1F323B5C069E1F382B5006AE1F396
:10F330001DB5006AE1F37CB538B5044660B10568D7
:10F34000224606492868FAF7AEF92046E7F35AF351
:10F350002B68002283F84E2038BD00BF54CC8900B2
:10F3600070B50368002686B0054683F84E600C2011
:10F37000E7F33CF30446002843D0234B05602349C0
:10F380008DE848002868224A234602960396049690
:10F390000596FAF7E3F9064600282ED18DE811000C
:10F3A0001C2128461B4A1C4BFDF7FAFC0028606014
:10F3B00023DB0C212846194A194B0096019401F0D1
:10F3C00035FF0028A06018DB164BD5F894068DE8B1
:10F3D00018000A213822144BFEF7AAFE68B9D5F8A6
:10F3E00094060A213822114B0095FFF757F920B9EE
:10F3F0002B68012283F84E2003E02046FFF79CFF94
:10F400000024204606B070BDD971860054F28800F1
:10F4100054CC8900A97186007D71860091768600A2
:10F420005D7686007D7786001977860049778600AD
:10F4300070B5064686B00820E7F3D2F20446A0B1C4
:10F440000B4B0025066045600A498DE828003068AE
:10F45000094A23460295039504950595FAF77EF926
:10F4600018B12046E7F3CEF22C46204606B070BD18
:10F470004D7E860098F28800B0C6890010B504461B
:10F4800050B10368054918682246FAF70CF920467E
:10F49000BDE81040E7F3B6B210BD00BFB0C68900AA
:10F4A00070B5044600282AD0066822463068144900
:10F4B000D6F84451FAF7F7F8224630461149FDF7DD
:10F4C00092FC224630461049FDF799FC2246284618
:10F4D0000E49FFF71CFF224628460D49FFF71DFF86
:10F4E000224628460B49FFF71EFF28460A492246B6
:10F4F000FFF71FFF2046BDE87040E7F383B270BD01
:10F5000035D289005D8786006D978600FD84860070
:10F51000E9868600CDAA8600A5928600F0B5D0F8CF
:10F52000446187B005465820E7F35AF204460028A4
:10F5300000F0938000215822E2F33CF22046202183
:10F54000494A40F8205BE2F39BF201274FF0FF337A
:10F55000E06184F84070A4F84C30304643492246BC
:10F56000FFF7D2FE002878D1304641492246FFF706
:10F57000D1FE002871D130463E492246FFF7D0FE29
:10F5800000286AD130463C492246FFF7CFFE0028CA
:10F5900063D1284639492246FDF72CFC064600284F
:10F5A0005BD18DE8110004212846354A354BFDF723
:10F5B000F7FB0028206150DB2846394632463346A7
:10F5C00000960194FDF7ECFB0028606145DB042107
:10F5D00028462D4A2D4B0096019401F027FE002865
:10F5E000A0613ADB28462A492246FDF7F7FB0028AE
:10F5F00033D1284B03EBC60253F8363063B152685F
:10F6000052B131018DE81400D5F8940601F0F001F3
:10F61000C022FEF7ADFD00BB01360D2EE9D11E4B19
:10F620001E4A0093002301930292039304930593CF
:10F6300028681B491B4A2346FAF790F868B9204608
:10F6400046F0F6D820B12046012144F0C3D820B9B5
:10F65000636C43F00403636403E02046FFF720FF7C
:10F660000024204607B0F0BDB15A0100FD84860099
:10F67000E9868600CDAA8600A59286006D97860051
:10F680000192860089918600059E8600F19D860084
:10F690005D878600C49E0200198A860055AB8600ED
:10F6A000ECF2880035D2890038B50446D0B18068C4
:10F6B00008B1E7F3A7F1236943B90EE0236953F8D2
:10F6C000350008B1E7F39EF1013500E00025E3685D
:10F6D0009D42F3DB2069E7F395F12046BDE8384011
:10F6E000E7F390B138BD00002DE9F0410546182040
:10F6F000E7F37CF10446002833D02B680560DB6912
:10F700000C20DB6901335843E7F370F1A06040B38C
:10F710002B681820DB69DA695B6F6260E360E7F3EE
:10F720005FF12061E8B1124918220026E2F3BEF031
:10F7300037460EE00E4BD4F810809B1918798000E4
:10F74000E7F354F1236948F806009B59083643B1A2
:10F750000137E3689F42EDDB6B68064ADC609A6024
:10F7600003E02046FFF7A0FF00242046BDE8F0811B
:10F770002C9F0200B9BC860010B5C468A1420BDA08
:10F78000006900EBC1042479A24208DA50F8311074
:10F79000002041F8223010BD6FF0150010BD6FF051
:10F7A000150010BD47F06C9B10B50446FFF7FAFF3B
:10F7B000E084000C84F82800002010BDD0F8F0335D
:10F7C00010B5044683B1D3F8280830B1E7F31AF135
:10F7D000D4F8F0330022C3F82828D4F8F003E7F374
:10F7E00011F10023C4F8F03310BDC36B10B504460B
:10F7F00083B1836B5B6B0B2B07D1D0F8E00320B197
:10F80000E7F300F10023C4F8E033E06BE7F3FAF02C
:10F810000023E36310BD10B504460120E7F3E0F0D8
:10F820000346E063A8B100210122E2F3C3F0A36B19
:10F830005B6B0B2B0CD14FF49470E7F3D1F00346C4
:10F84000C4F8E00328B100214FF49472E2F3B2F05F
:10F850000123184610BD70B5044640F678100D46D9
:10F86000E7F3BEF0C4F8F003002831D0002140F6E1
:10F870007812E2F39FF0B4F85220D4F8F033002667
:10F880001A70D4F8F033204683F8B660C3F8B0603D
:10F89000D4F8F03383F8B460A36B83F88460A36B6F
:10F8A0001E679E673C23C4F8BC301023C4F8C030E8
:10F8B000C4F8C46000F09AFFA36B022D0CBF1A6F4E
:10F8C0009A6F0020DA6684F8C36284F8C26270BD61
:10F8D0006FF01A0070BD0000B0F8C632F7B50446EC
:10F8E0000E46FBB10846E2F311F107461348E2F376
:10F8F0000DF13F181037BFB23846E7F371F00546F7
:10F90000B8B1B4F8C632394600930D4A3346E2F333
:10F91000B7F0E06C2946E2F3E9F607462846E7F33C
:10F9200071F03FB9E06C314603B0BDE8F040E2F35E
:10F93000DDB60746384603B0F0BD00BF8F9F02001A
:10F940007A9F0200044B1B78012B02D1002000702B
:10F950007047FFF7C1BF00BFFC0300002DE9F3476C
:10F960001C46B0F8C632074688469146C66C002B46
:10F9700032D00846E2F3CAF082462248E2F3C6F0EB
:10F9800082440AF1100A1FFA8AFA5046E7F328F077
:10F99000054600282FD0B7F8C632514600931A4AC0
:10F9A0004346E2F36DF038462946FFF7CBFF0746A2
:10F9B00068B130462946E2F38DF640B1484506DD90
:10F9C000304629464A46E2F379F6824600E0A246EE
:10F9D0002846E7F317F08FB930464146E2F37AF64E
:10F9E00058B1484509DD304641464A4602B0BDE8B7
:10F9F000F047E2F363B6824600E0A246504602B00A
:10FA0000BDE8F0878F9F02007A9F020010B5144670
:10FA1000FFF798FF28B100210A46BDE81040E2F345
:10FA200001B4204610BD000038B500220D4608493B
:10FA30000446FFF7EBFFC0B22823A84284F8660310
:10FA400084F8D531CCBF84F8663384F8D50138BD4D
:10FA5000D69F0200012238B580F860200A23826B0D
:10FA6000002580F89E31032380F89F3180F86F5382
:10FA700080F8715380F8735380F8755380F877538A
:10FA800080F8BA5182F88A304FF6CE73A0F87832F7
:10FA900014491422C0F874520446FFF7B7FF124904
:10FAA00084F866032A462046FFF7B0FF7F2384F8D8
:10FAB0007B304FF0FF33A4F8983004F5F673C4F8A8
:10FAC0008C31642384F858300423C4F8280384F864
:10FAD0006C50C4F8E453C4F8745284F8D43184F8F8
:10FAE000D63138BDD69F02005E9F02000022FFF78C
:10FAF0008DBF000010B517490446FFF7F7FFC0B2ED
:10FB000084F8E8030138C0B2FD2802D9732384F8D1
:10FB1000E83394F8E833204684F8E9330E49FFF7D8
:10FB2000E5FFC0B284F8EA0308B10F2802D105232B
:10FB300084F8EA3394F8E82394F8EA33D31A84F883
:10FB4000EB33002384F8EC3384F8EE33112384F88C
:10FB5000ED3310BD849F0200E79F02002DE9F041C4
:10FB600005460C4617461E46FFF7ECFE38B1284600
:10FB700021463A463346BDE8F041FFF7EFBE304636
:10FB8000BDE8F0810023FFF7E9BF000070B5012256
:10FB90000D463C490446FFF739FF3B4984F86803AA
:10FBA00000222046FFF732FF384984F82C03072251
:10FBB0002046FFF72BFF364984F82D032046FFF738
:10FBC000C1FE88B132492046A66BFFF78FFF30494E
:10FBD00030672046A66BFFF789FFA36BB067022D45
:10FBE0000CBF1A6F9A6FDA662A4900226FF09503EC
:10FBF0002046FFF7B3FF274984F83403012220464B
:10FC00006FF09503FFF7AAFF022584F83503002360
:10FC10002A4620461F49FFF7A1FF63190135052D2C
:10FC200083F83403F3D100252A4620461A49FFF70A
:10FC3000A9FF631901350E2D83F85703F4D1012371
:10FC400084F86733062220461449FFF7DFFE0022BE
:10FC500084F8650312492046A56BFFF7D7FE1149CA
:10FC600085F82C0100222046FFF7D0FE002384F8FF
:10FC70003E034021204684F82433BDE87040FFF75E
:10FC8000D3BE00BF6E9F0200449F0200C89F0200C7
:10FC9000A09F0200F89F0200C19F0200959F0200F2
:10FCA000AD9F0200699F020010B5044628B10468A8
:10FCB000003418BF0124E6F3A5F6204610BD10B5A8
:10FCC000848B0C80018C118040F2DA321A8090F81B
:10FCD0003520029B01201A8010BD90F83400704737
:10FCE000C06A7047836B9961704738B50446002835
:10FCF0003ED0C56D013DC565002D39D1FFF75EFDD4
:10FD00002046FFF772FDD4F8801229B1A36B186961
:10FD100000F08CFDC4F88052002584F895512046EF
:10FD200046F0E4DEA26B1368A34202D1A36C136019
:10FD300003E09A6CA2421DD19D64D4F8943A0BB1B1
:10FD400020469847A36B186951F094D8D4F8E4136F
:10FD500020B141B1204647F08FD804E019B1A36B20
:10FD6000986852F0CDDC2046E6F34CF6002038BD12
:10FD7000012038BD012038BD2DE9F0478A46002119
:10FD800004461546C0680A4676469946EBF3DCF60B
:10FD9000804600070CD5276857B1BB6BC7F84C905D
:10FDA0001869F96A51F02CD8FB6D0133FB65CEE080
:10FDB0004FF42F60E6F314F6074628B96FF01A00E7
:10FDC000314648F0A3DDC5E000214FF42F62E1F396
:10FDD000F1F5FB6DC7F844A00133FB652368BC63F4
:10FDE000BB640123C7F84C90276087F85930E26C58
:10FDF00041F26B039A4205D1636C932B0CBF012334
:10FE0000182300E01823022DA7F88A3005D118F036
:10FE1000010F1CBF4FF40053FB62BB6BF96A1869FA
:10FE200050F0EEDF7B6CB3F8E0831FFA88F808F43B
:10FE300070631B0AFB615FFA88F33B62BB6BD86897
:10FE4000F8F739FCFB69A7F8C602092B04D1042393
:10FE5000FB613B6A10333B62012387F824304FEA91
:10FE600018333B633846FFF79FFC002875D14FF4E9
:10FE70008053A7F856304DF2240241F20103022DBF
:10FE800018BF1346A7F8523038463749FFF75AFDD6
:10FE900038B138463449D7F83880FFF727FEC8F81C
:10FEA00068003846FFF7B7FC002856D03846294688
:10FEB000FFF76CFE3846FFF7CDFD384600F0D2FB69
:10FEC00000284AD029463846FFF7C5FC05460028D9
:10FED00043D13846FFF70EFE384647F001DD38467D
:10FEE000012146F0AFDD3846294648F083DB4FF06C
:10FEF000FF33C7F8D432C7F8D832C7F8DC32C7F8B6
:10FF0000E032C7F8E432C7F8E832C7F8EC32C7F895
:10FF1000F032384607F11C011C22E1F3C7F42069D6
:10FF200050F0A8DF60B1BB6B986852F035DEC7F8BF
:10FF3000F80328B96FF01A00314648F0E7DC0CE00E
:10FF40003846002148F04CDA002387F8FC3907F1E5
:10FF50004C03FB643846BDE8F0873846FFF7C5FE22
:10FF60000020BDE8F08700BF519F020070B5054634
:10FF70004FF498707646E6F333F5044628B96FF0EF
:10FF80001A00314648F0C2DC39E000214FF4987283
:10FF9000E1F310F52B68A3606B68E360AB68236145
:10FFA000EB6863602B6963612B8CA3846B8CE384A7
:10FFB0006B6AA362AB6AE362EB6A23632B6B6363D6
:10FFC0006B6B6364AB6BA364EB6BE3642B6C2365BB
:10FFD0006B6C6365AB6CC4F81C316B69A365AB6972
:10FFE000E3650F2323663D2363667923A36601231C
:10FFF000C4F818310323E366002384F88B302046CD
:020000041004E6
:1000000070BD00007FB50A4B0A490093002301939D
:100010000293039304930593074A0368F9F79EFB41
:10002000002814BF4FF0FF30002007B000BD00BF14
:1000300005E3860068F48800B95A010001490268A6
:10004000F9F731BBB95A01000023F0B51C4607E0AF
:10005000CE183568C718C550756801347D600833FF
:100060009442F5D1F0BD000038B5046C0023C4F80B
:10007000243690F86D53094B094A4FF48060002DE7
:100080000CBF15461D46E6F3ABF4C4F8240620B1B8
:1000900029468022FFF7D8FF012038BD66AD020057
:1000A00066B1020070B517494FF0FF32046C054687
:1000B000FFF7ACFC1449C4F8500517222846FFF797
:1000C000A5FC0026C4F8540510496FF0250284F8F9
:1000D00058652846FFF79AFC0D49A4F848053246B2
:1000E0002846FFF793FC0B49A4F8040C6FF00302B9
:1000F0002846FFF78BFCB4F84835C318A4F8063C33
:1001000070BD00BF1DA0020046A802002FA802007B
:100110009CAC020007AD020038B527490446FFF742
:10012000E5FCC0B228288CBF0023012384F86903B2
:1001300084F8CA0384F86D3320462049FFF7D6FCC3
:10014000082820461CD81E490022FFF71BFD80B25C
:100150000022C4F8FC001B492046FFF713FD1A4992
:10016000C4F800012046FFF7C1FC184905462046A7
:10017000FFF7BCFC80B240EA0545C4F8045113E027
:1001800013490022FFF7FEFC80B2C4F8FC001149BD
:1001900000222046FFF7F6FC0F49C4F80001204674
:1001A000FFF7A4FCC4F8040120460C49FFF79EFCAD
:1001B00084F8080138BD00BF1EA40200EFAC0200A5
:1001C00014A802003DA802004CA0020038A00200C2
:1001D00090AC020035AD0200A1A80200C4A7020045
:1001E000F8B5A4490022056C0446FFF7CBFCA149F1
:1001F00085F8BC0401222046FFF7C4FC9E4985F81F
:10020000BD04002207232046FFF7A8FC922385F8AF
:10021000BE04994901222046FFF7A0FC974985F8C2
:10022000BF0400222046FFF7F1FB9549C5F8C4043E
:1002300000222046FFF7EAFB0026A5F85804914962
:1002400085F8336420463246FFF7E0FB8E49A5F877
:100250000A042046FFF74AFCB8B1012385F833347D
:100260002F464223324620468749FFF777FCAB19D9
:10027000C0B283F82604B5F80A340136C018A7F8CE
:100280000C0402370D2EECD10DE0804942222046AD
:10029000FFF7BCFBC2B285F8082420467C49FFF773
:1002A000B5FBA5F806047B4900222046FFF7AEFB0C
:1002B000794985F838044FF0FF322046FFF7A6FB56
:1002C0007649A5F868054FF0FF322046FFF79EFB00
:1002D0007349A5F86A054FF0FF322046FFF796FBF9
:1002E0007049A5F86E054FF0FF322046FFF78EFBF0
:1002F0006D4985F8700500222046FFF787FB002630
:1003000084F87400324620466849FFF73BFCAB197D
:1003100001360E2E83F80606F4D1A1226449204648
:10032000FFF774FB6349C5F8C00546F20F6220462B
:10033000FFF76CFB0822C5F8C4055F492046FFF7AC
:1003400065FB5E49C5F8C8056FF008022046FFF757
:100350005DFB5B49C5F8CC0540F6BB722046FFF754
:1003600055FB0A22C5F8D00556492046FFF74EFB3B
:100370005549C5F8D4056FF044022046FFF746FB07
:100380005249A5F802066FF04A022046FFF73EFBED
:100390000122A5F804064E492046FFF737FB80B23C
:1003A000031C18BF012300F0020085F84A353F22E4
:1003B00085F84B0547492046FFF728FB642285F85E
:1003C0004C0545492046FFF721FB4449C5F85C052B
:1003D0004FF0FF322046FFF719FBC5F860050130EA
:1003E00018BF012085F864053D4900222046FFF72B
:1003F0000DFBC0B200F00F03000900F0010085F80A
:10040000143685F817063749002226232046FFF7C1
:10041000A5FB3449A5F81806012242232046FFF720
:100420009DFB5023A5F81A062E4902222046FFF70D
:1004300095FB0622A5F81C062B492046FFF7E6FA95
:1004400085F81E062046FFF767FE94F86D232046C8
:10045000002A4DD12549FFF795FB2449A4F88203D2
:1004600001222046FFF78EFB2049A4F87E03204698
:100470004DE000BFC8AC020073A8020087AC0200C8
:1004800054AC02007FA8020074AC0200B1AC0200C0
:10049000E3AC020008A0020055A00200F7AC020085
:1004A00061A802001CA80200BAAC02004CAD020018
:1004B00025A802008DA80200D2AC0200D9AC02002F
:1004C00014A002005FAD02002AAD020067AC02007A
:1004D000DFA70200ADA80200FAA70200E8A7020009
:1004E00041A0020080AC0200D1A7020045AD02008D
:1004F00025490022FFF746FB2349A4F88203012285
:100500002046FFF73FFB2049A4F87E032046022245
:10051000FFF738FB0023A4F880031C4985F8333625
:1005200020460222FFF71AFB10B1012385F833366B
:1005300095F833362BB3154900222046FFF722FBEE
:100540001249A4F82C0A01222046FFF71BFB0F4991
:10055000A4F8280A02222046FFF714FB0C49A4F84D
:100560002A0A00222046FFF751FA0A4985F8310687
:1005700028222046FFF74AFA002385F8320684F83D
:1005800067330120F8BD00BF0AA80200A5AC020035
:10059000DAA702005AAD020038B50E49046C0546D0
:1005A000FFF7A4FA0C4984F829062846FFF79EFABB
:1005B000FF2284F82A0609492846FFF727FA084946
:1005C00084F830062846FFF791FAC4F82C0601207B
:1005D00038BD00BF5EAC020096A802002BA002004E
:1005E00051A8020038B50446056C4FF46770E6F375
:1005F000F7F1C5F82006236CD3F82006B0B1D4F883
:10060000DC300B4A934207D00A4A934206D00A4A8A
:1006100093420AD1094902E0094900E009494FF42F
:100620006772E1F343F1012038BD002038BD00BFFF
:10063000C0AD3A0280BA8C0100F82401B8A80200CB
:1006400082A0020028A4020010B504464EF00AD889
:10065000236CD3F82006E6F3D5F1206CBDE81040FA
:10066000E6F3D0B170B5044640F60840E6F3B8F1C1
:1006700005462064002800F08380002140F60842EF
:10068000E1F398F10125A36B84F8825084F8F050CF
:10069000D868EBF3BDF13B4BC4F8DC00C4F8483A32
:1006A000394B2046C4F84C3A384BC4F8503A384BD2
:1006B000C4F8543A374BC4F8A03A374BC4F85C3A04
:1006C000364BC4F8643A364BC4F86C3A354BC4F830
:1006D000703A354BC4F87C3A344BC4F8B43A344BD6
:1006E000C4F8B03A334BC4F8C03A334BC4F8BC3A00
:1006F000324BC4F8C43A324BC4F8C83A314BC4F850
:10070000CC3A314BC4F8943A304BC4F8D03A304B21
:10071000C4F8D43A2F4BC4F8D83A2F4BC4F8DC3A7B
:100720002E4BC4F8E03AFFF75BFD40B32046FFF7DD
:1007300059FF20B32046FFF797FC00B32046FFF790
:10074000B1FC236C204683F8C054FFF725FF2449F1
:1007500000222046266CFFF759F9224986F8340614
:1007600000222046FFF752F91F4984F890022A46DA
:100770002046266CFFF74AF986F8350600E0054664
:10078000284670BD554B8700114A8700154A8700DF
:10079000B95E87008D358700214B8700915E870009
:1007A000CDEC8600296487001D4B8700895F870098
:1007B00015F98600D5F88600493887006149870019
:1007C000CD218700C5F90000415D0200F50A8700D0
:1007D000F90A8700F10A8700FD0A87000D0B8700E0
:1007E00072A0020064A0020014AD0200836B93F8B3
:1007F0002C210AB1042200E003221A67DA6670474E
:10080000F8B507460C200D461646E6F3E9F0044617
:1008100030B100210C22E1F3CDF027606660A560C5
:100820002046F8BD08B1E6F3EDB070478068F2F3FA
:100830005BB4000070B5064686B06C20E6F3D0F0DD
:100840000446D0B100216C22E1F3B4F00823A36187
:100850000E4B26600025009330680D490D4A234653
:1008600001950295039504950595F8F777FF38B93A
:100870003268012382F892302371204606B070BDA1
:100880002046E6F3BFF02C46F7E700BF0D6987006E
:10089000B00A8900665B010010B5044668B10368C0
:1008A000064918682246F8F7FEFE204651F048D85F
:1008B0002046BDE81040E6F3A5B010BD665B010020
:1008C00010B5044648B1054922464068F8F7EBFEEA
:1008D0002046BDE81040E6F395B010BD5CF48900F9
:1008E00070B5064686B01020E6F37AF0044630B3C1
:1008F00000211022E1F35EF03368266063607368C4
:100900000025A360042130460E4A0F4B0095019448
:10091000FCF746FAA842E0600DDB0C4B30688DE82E
:1009200028000B490B4A234602950395049505952B
:10093000F8F714FF18B12046FFF7C2FF0024204645
:1009400006B070BD29748700117487007D7487001C
:100950007C0B89005CF4890030B5054687B0142013
:10096000E6F33EF0044638B300211422E1F322F00E
:100970006B682868A360124B2560606000250093B7
:100980001049114A23460195029503950495059552
:10099000F8F7E4FE60B90A2323730F23637364231B
:1009A000A3730223E373062323740123637403E018
:1009B0002046E6F327F02C46204607B030BD00BFA6
:1009C000217B8700940B89000CE3890010B5044655
:1009D00048B1054922464068F8F765FE2046BDE863
:1009E0001040E6F30FB010BD0CE3890010B50446CB
:1009F00058B1064B21461B88C3581868F8F772FF98
:100A00002046BDE81040E5F3FDB710BDD40300005B
:100A100073B505460C20E5F3E9F70446C8B1104B61
:100A200004221A8002214560002301900D4A2846C5
:100A30000093FCF7B5F9002820600ADB012323812D
:100A4000094B286800932146084A0223F8F7D9FE8B
:100A500018B12046FFF7CAFF002420467CBD00BF26
:100A6000D40300007D858700FC0B8900A9858700E1
:100A700038B5044680B1094B21461B88C558286803
:100A8000F8F730FF286806492246F8F70CFE2046A2
:100A9000BDE83840E5F3B6B738BD00BFD603000067
:100AA000845B0100F0B5054687B01420E5F39EF79E
:100AB0000446002856D02F4B04221A804560002699
:100AC0000190042128462C4A2C4B0096FCF768F92B
:100AD000B042206046DB0123A3810C232382284BF4
:100AE0000722E2810093274B286801932649274A71
:100AF00023460296039604960596F8F72FFE0028E3
:100B000030D1234B286800932146224A0523F8F769
:100B100078FE38BB204BD5F894068DE818004FF4CA
:100B200090712A221D4BFDF703FBD8B9D5F8940626
:100B300080212A221A4B0094FDF712FC90B9B5F8D7
:100B4000AA0106F023DD801B18BF01200A3055F8EA
:100B500020301B68022B09D1012120460A4652F0A1
:100B6000ABDD03E02046FFF783FF0024204607B0FB
:100B7000F0BD00BFD60300005D898700498987006A
:100B8000DD8B8700F58B8700340C8900845B0100C6
:100B90000C0C8900098B8700F98C8700E989870094
:100BA000F9888700084B10B51B88044650B1C3581C
:100BB000064918682246F8F776FD2046BDE8104041
:100BC000E5F320B710BD00BFD80300008B5B010028
:100BD00070B5054686B01420E5F308F704460028F2
:100BE00044D0264B08221A800023856004210093FC
:100BF0000190234A2846234BFCF7D2F800282060B6
:100C000034DB0223A38105220C23E2812382D5F861
:100C1000940680213D221C4B0094FDF7A1FB28BBCC
:100C20001A4B029000931A4B039001930490059085
:100C300018492868184A2346F8F790FDB0B9B5F866
:100C4000AA0106F0A3DC2B6893F84F201AB1032AFF
:100C500014BF032201222046012153F063DA20460B
:100C600002214FF0FF3253F05DDA03E02046FFF738
:100C700099FF0024204606B070BD00BFD8030000D5
:100C8000319287001D928700E99187009993870030
:100C900001958700400C89008B5B010038B5044644
:100CA00098B10568224628460849FCF79CF8214679
:100CB0002868F8F717FE286805492246F8F7F3FC7C
:100CC0002046BDE83840E5F39DB638BD1D9E87003F
:100CD000C9E3890030B5054687B00820E5F386F6FC
:100CE000044600283ED000230560042100930190B3
:100CF000204A2846204BFCF753F80028606031DB7F
:100D000028461E492246FCF769F858BB1C4B019047
:100D1000009302900390049005901A4928681A4A9B
:100D20002346F8F71BFDE8B9184B286800932146C5
:100D3000174A0123F8F765FDA0B9164BD5F89406BC
:100D40008DE818004FF490712822134BFDF7F0F94D
:100D500040B9D5F8940680212822104B0094FDF765
:100D6000FFFA18B12046FFF799FF0024204607B08C
:100D700030BD00BFA19D8700619D87001D9E87003B
:100D8000A59E87009C0C8900C9E38900940C89000A
:100D9000799E87009D9F8700459E8700459D87001F
:100DA00070B5064686B09C20E5F320F60446002880
:100DB00034D006601B4B3068002560601A490093F0
:100DC0001A4A234601950295039504950595F8F76F
:100DD000C5FCF8B9D6F884341E229B78226104221F
:100DE000E27202222377227301230A22E37623721E
:100DF00063616273A3764FF6AF72A37784F899307C
:100E00001023A0736072A072228384F89A3084F851
:100E1000983003E02046E5F3F5F52C46204606B071
:100E200070BD00BF19AE8700001C890066B50200C6
:100E3000C0F88410C0F88820C0F88C3070470000DB
:100E400010B5044648B1054922464068F8F72BFC26
:100E50002046BDE81040E5F3D5B510BD66B50200EB
:100E600038B5044600B3436B05680BB1E9F7C6FC1F
:100E700004F11400DBF38AF404F11800DBF386F4C8
:100E800004F11000DFF382F504F12400DBF372F4C7
:100E9000224606492868F8F706FC2046E5F3B2F535
:100EA0002B68002283F8622138BD00BF7AE68900F2
:100EB0002DE9F041054686B03820E5F397F5044664
:100EC00000287FD005600026019004212846414A71
:100ED000414B0096FBF764FFB042606072DB042177
:100EE00028463E4A3E4B0096019400F09FF9B042DE
:100EF000A06067DB0127E76038463A493A4A6B68E9
:100F0000DFF32EF1206100285CD006213246D5F8AF
:100F10000480DFF36BF53449034642463148DBF386
:100F200017F4606200284DD0072132462069DFF3B4
:100F30005DF539460346E0613246606ADBF3E8F26C
:100F400039460246A0612069DFF350F5E36939466E
:100F50003246606ADBF3DCF20221024660612069FE
:100F6000DFF344F5214B4FF00308C4F82C808DE8E3
:100F700048001F4B286804931E4B1F4905931F4AC6
:100F8000234602960396F8F7E9FBD8B91C4BD5F82F
:100F900094068DE81800B02142461A4BFDF746F83A
:100FA00080B9194BD5F894068DE81800B0215D2260
:100FB000164BFDF769F928B91423A3622B6883F84F
:100FC000627103E02046FFF74BFF0024204606B085
:100FD000BDE8F08115D28700B9060100890501003E
:100FE0004DE08700FDD0870005D1870099D38700A9
:100FF000945B010019050100181C89007AE689003C
:10100000171501008F16010055140100C1140100CD
:101010002DE9F043074687B04FF441700E46154660
:101020009846E5F3DDF40446002878D000214FF41B
:101030004172E0F3BFF42820E5F3D2F4814620604A
:1010400020B92046E5F3DEF4484668E00021282276
:10105000E0F3B0F423684FF441721C606261E56014
:101060004FF0FF320025A261A760C4F804809D7193
:101070001423A4F808322823A4F806322D23A4F858
:1010800004326E23A4F80A32022384F80C3264235B
:10109000A4F8383284F80D523046224922462B46B5
:1010A000F2F33AF0C4F8F80130B304F51473C4F85D
:1010B0001832C4F814321C4B0526C4F81C62009385
:1010C0001A4B029501931A4B0495039305952346F9
:1010D00038681849184AF8F741FB034660B9009090
:1010E00038682168154AF8F78CFB28B984F8406203
:1010F00084F84162206812E0D4F8F81119B1A368AD
:101100009868F1F3F1F7206908B100F03FF8206822
:1011100008B1E5F377F42046E5F374F4002007B056
:10112000BDE8F08365F68700C5EF870049F68700C4
:1011300039FF87006C1C890000E889006500880081
:1011400038B50546F0B10468E4B1D4F8F81131B10E
:10115000A3689868F1F3C8F70023C4F8F831A368CE
:10116000224618680849F8F79EFAA36821681868AB
:10117000F8F7B8FB2846E5F345F42046BDE83840CB
:10118000E5F340B438BD00BF00E8890010B504465F
:1011900030B159F0B9DE2046BDE81040E5F332B475
:1011A00010BD0000F7B506680546F3691F6D0237EC
:1011B0003F013846E5F314F4044610B300213A46E3
:1011C000E0F3F8F384E860001021002628460E4A78
:1011D0000E4B00960194FBF7E3FDB042A0610CDBDF
:1011E00004F1200363614FF44773E360D5F83806D8
:1011F00004F11C01DFF3DEF518B12046E5F302F43B
:1012000034462046FEBD00BFB90888009D0888000E
:1012100010B5044648B1C36913B11C30DFF3E0F5E3
:101220002046BDE81040E5F3EDB310BDF0B5D0F8B1
:10123000244100682569C069006D854211D2676943
:101240002E01B819013525614360059BBA518360B1
:10125000069BC360E068C31C591821F00301E160DC
:10126000F0BD4FF0FF30F0BD37B505461820E5F36F
:10127000B7F3044638B300211822E0F39BF32B6840
:10128000256063606B682846A360FFF765FBE0603C
:1012900088B15BF0AFD8002301468DE818002846DE
:1012A0000A4A0B4BFFF7C2FF0028206103DB51F015
:1012B0004DD8606107E0E06808B1FFF787FB204682
:1012C000E5F3A0F3002420463EBD00BF1D1B8800AF
:1012D000F91A880010B5044638B1C068FFF776FBEC
:1012E0002046BDE81040E5F38DB310BD73B505464B
:1012F0001820E5F375F30446002838D000211822A1
:10130000E0F358F30C20E5F36BF3064600282DD0EC
:1013100000210C22E0F34EF32B68666125606360C8
:101320002846FFF73DFDA060B8B15BF09DD80023D3
:1013300001468DE8280028460E4A0F4BFFF776FF3E
:101340000028E06009DB56F013DA0C4920610C4AF2
:10135000A0680C4BFFF76CFD09E0A06808B1FFF72F
:101360006FFD2046E5F34EF3002400E004462046DE
:101370007CBD00BFCD1B8800A91B8800C12188004F
:10138000B5218800A91E880010B5044650B18068B8
:10139000FFF756FD6069E5F335F32046BDE81040E0
:1013A000E5F330B310BD000070B5444B86B0009338
:1013B0000023019302930393414B04460493414B52
:1013C000414905930068414A2346F8F7C7F90546A5
:1013D00000286FD1D4F884341421A3F86410A36AD0
:1013E000012683F84C00E36A204683F84C60A16A2A
:1013F0005EF0E8D8E16A20465EF0E4D8204629464F
:101400005DF0EADBA36A83F84D50E36A83F84D5040
:10141000236A1869E7F7F6FE830707D5D4F8843402
:101420004FF0FF325E73D4F88434DA812368D4F845
:1014300084545E6951F0BCD90146304651F052D90E
:10144000E862002836D0D4F884341F2283F878204C
:10145000D4F88404052257304FF0FF31E0F3AAF2AC
:101460002368D4F88424B3F8C810D3F8D800518581
:101470000A2151631649E1F315F1431E0D2BD4F8EF
:101480008454236898BF68631249D3F8D800E1F305
:1014900009F185F88A00D4F88434012283F85120B8
:1014A000D4F8843400201A7883F84E20D4F8843499
:1014B000586701E04FF0FF3006B070BDE939880091
:1014C000105C0100AD1E0100341D89006EB50200E4
:1014D00081B5020072B50200D0F8843410B5D96A23
:1014E000044611B1406851F00BD9206802492246E8
:1014F000BDE81040F8F7D7B86EB5020038B50368FC
:101500000446D0F884542749D3F8D800E1F3CAF050
:10151000287023682449D3F8D800D4F88454E1F320
:10152000C1F0E870D4F884341A78013AD2B2FD2AB6
:1015300001D901221A70D4F884341A785A70002321
:10154000D4F88424D11812780133052B81F8522065
:10155000F6D1D4F8845401212846E0F38BF4A87026
:10156000D4F88434DA78013AD2B2FD2A01D90122C2
:10157000DA70D4F884340121DA785A71D4F88454BA
:10158000E81CE0F377F42871D4F8843420461A7903
:101590009A715DF053DAB4F858142046BDE838402B
:1015A0005DF0A49A8EB5020096B5020010B504460F
:1015B000D8B140680D492246FBF72BFC236A1BB1CA
:1015C00004F12000DFF30CF4237F23B160680849A5
:1015D0002246FBF708FCA06806492246F8F763F8A4
:1015E0002046BDE81040E5F30DB210BDD15688008D
:1015F000515488007E5C010030B5054687B0242038
:10160000E5F3EEF1044600283ED000212422E0F369
:10161000D1F12B680022A360AB686560E3606B6862
:10162000042123610823A3822846194B8DE8140066
:10163000FBF7B6FB0028206022DB2846154922462E
:10164000FBF7CCFBE0B90123237728461249224659
:10165000FBF7DAFBA0B9D5F8380604F12001DFF377
:10166000A9F368B90D4B0190009302900390049088
:1016700005900B4928680B4A2346F8F76FF818B114
:101680002046FFF793FF0024204607B030BD00BF7F
:10169000C954880051548800D15688005555880097
:1016A0001C1F89007E5C0100D0F8D036186ADFF379
:1016B0005DB3D0F8D036186ADFF3BAB3F8B5D0F816
:1016C000846404460D46D1F8D800C149E0F3EAF736
:1016D00086F81C01D5F8D800BE49E1F307F0D4F82C
:1016E000846438B1D5F8D800BA49E0F3DBF786F85E
:1016F000E80002E0022386F8E830D5F8D800B649C1
:10170000E0F3F4F7D4F8846438B1D5F8D800B249DE
:10171000E0F3C8F786F8580102E0FF2386F8583155
:10172000AE49D5F8D800D4F88464E0F3BBF7AC49EF
:10173000C6F82001D5F8D800D4F88464E0F3B2F7F5
:10174000A849A6F82A01D5F8D800D4F88464E0F3B3
:10175000A9F7A549A6F82C01D5F8D800D4F88464D7
:10176000E0F3A0F7A149A6F82E01D5F8D800D4F8E7
:101770008464E0F397F786F8E900D4F8843493F8AA
:10178000E92012B9022283F8E920D5F8D800984957
:10179000D4F88464E0F386F7A6F8C600D4F884642D
:1017A000B6F9C63013B90123A6F8C630D5F8D8006B
:1017B0009049E0F377F7C6F8D800D4F88464D6F8F7
:1017C000D8301BB94CF25033C6F8D83096F8E9300F
:1017D00001229A40D6F8D810D5F8D8008A4288BF9E
:1017E000C6F8D820022212FA03F38349C6F8DC3087
:1017F000E0F358F7C6F8E400D4F88464D6F8E4308F
:101800001BB94FF49673C6F8E430D5F8D8007B497D
:10181000E0F348F7A6F8C400D4F88464B6F9C430FD
:1018200013B91923A6F8C430D5F8D8007449E0F3E9
:1018300039F786F86C01D4F8843493F86C2112B926
:10184000052283F86C216F49D5F8D800D4F8846458
:10185000E0F328F7D4F88434A6F8F00093F81C21BC
:10186000694983F81D21D4F8843493F81D2183F845
:101870004821D4F88434DA7983F8AC20D4F884345D
:101880001A7A83F84521D4F884644FF6A273A6F837
:10189000EA30A6F8EC30A6F8EE30D5F8D800E0F340
:1018A00001F7A6F8F200D4F88464B6F9F2301BB957
:1018B0004FF6A273A6F8F23096F8E930012212FA38
:1018C00003F3D6F8D8205149934288BFC6F8D830E0
:1018D0000023A6F8B230A6F8B430A6F8B630C6F8A1
:1018E000B830C6F8BC30C6F8C030D5F8D8001F46AE
:1018F000E0F3D8F686F844014549D5F8D800D4F885
:101900008464E0F3CFF686F84B01D5F8D80041495E
:10191000D4F88464E0F3C6F6D4F88434C6F824011D
:1019200083F82971D4F88434D3F824211AB94FF4F8
:101930009B72C3F8242193F81D2102B10322C3F83E
:101940004C21C3F850210022C3F85421D5F8D80007
:101950003149E0F3CBF640B1D5F8D8002E49D4F8A0
:101960008464E0F39FF6C6F85401D5F8D8002B49FB
:10197000E0F3BCF640B1D5F8D8002849D4F8846427
:10198000E0F390F6C6F84C01D5F8D8002449E0F30E
:10199000ADF640B1D5F8D8002149D4F88464E0F31D
:1019A00081F6C6F850011F4922460023A068D4F8EA
:1019B0008454F1F3B1F31C49C5F830012246A06804
:1019C0000023D4F88454F1F3A7F3C5F83401F8BD2B
:1019D0002CB60200A4B6020074B6020057B602008C
:1019E000CBB50200EEB5020000B6020096B60200CA
:1019F0009EB5020067B602001FB60200BEB5020027
:101A0000CDB60200DDB5020081B6020012B60200BA
:101A1000AEB50200BFB6020045B6020035B6020000
:101A2000AFB602003F330100AD33010038B50446C4
:101A300080B105682246D5F844010749FDF779FCD5
:101A4000284606492246FBF7CEF92046BDE8384035
:101A5000E4F3D8B738BD00BF1D708800B16E8800B0
:101A600037B505460820E4F3C1F70446C0B1056068
:101A700000220190042128460C4B0092FBF790F9BC
:101A8000002860600CDB284609492246FBF7A6F9CE
:101A900030B9D5F8440107492246FDF747FC18B193
:101AA0002046FFF7C3FF002420463EBD596F880043
:101AB000B16E88001D70880038B5044670B10568A5
:101AC00021462868F7F70EFF286805492246F7F7F0
:101AD000EAFD2046BDE83840E4F394B738BD00BFC6
:101AE000845C010030B5054687B00C20E4F37EF736
:101AF0000446002846D0274B05604FF490710093B0
:101B000001902022D5F89406234BFCF711FB002806
:101B100038D1224BD5F894068DE818004FF4907117
:101B200023221F4BFCF704FB00282BD11D4BD5F8BB
:101B300094068DE81800402188221B4BFCF718FB07
:101B400000BBD5F8940680212022184B0094FCF7A6
:101B500007FCB8B9164B02900093164B0390019303
:101B60000490059014492868144A2346F7F7F6FDB7
:101B700040B9134B286800932146124A0123F7F716
:101B800040FE18B12046FFF797FF0024204607B01B
:101B900030BD00BF21768800E97388005576880043
:101BA0000D748800C1758800D5738800BD738800E6
:101BB0005D748800BD758800781F8900845C010011
:101BC000701F89003174880010B5044660B1074B5E
:101BD00007491B882246C3581868F7F764FD20465A
:101BE000BDE81040E4F30EB710BD00BFDA030000FB
:101BF000885C0100F0B5074687B01420E4F3F6F6E0
:101C0000054620B3154B06460024042206F8044B73
:101C10001A80012347603372F460747204210190CA
:101C20000F4A38460F4B0094FFF700FBA04270604C
:101C30000DDB0D4B009401930294039404940594DE
:101C400038682146094A2B46F7F788FD18B128461F
:101C5000FFF7BAFF0025284607B0F0BDDA03000001
:101C6000D9778800B977880029788800885C0100D6
:101C700070B5054686B01820E4F3B8F6044600288F
:101C80005AD02B680026012243600560082183F8A2
:101C9000AD2001903246284633460096FFF7C6FA3B
:101CA000B04220614BDB10212846274A274B009683
:101CB0000194FBF775F8B042C5F898013FDB0423A7
:101CC000E360234BA06005218DE81800D5F8940649
:101CD0004422204BFCF72CFA002830D11E4BD5F8BB
:101CE00094068DE818004FF4907144221B4BFCF7CA
:101CF0001FFA002823D1D5F8940605214422184B59
:101D00000094FCF7CBFCD0B9D5F89406C02144224E
:101D1000144B0094FCF7C2FC88B9134B019000935C
:101D2000124B039002930490059011492868114AC0
:101D30002346F7F713FD10B9204606B070BD2046C4
:101D4000E4F360F60024F7E7798188005D8188007C
:101D5000DD80880035808800358188000581880015
:101D6000558088003D858800C5828800CD85880023
:101D7000E01F89008C5C010010B5044648B105499C
:101D800022464068F7F78FFC2046BDE81040E4F398
:101D900039B610BD8C5C010070B5054686B03020A8
:101DA000E4F31EF60446002831D000213022DFF390
:101DB00001F61A4B256000930023019302930393CD
:101DC0000493059328681649164A2346F7F7C6FC7C
:101DD0000646E0B9FF23A3750123E3752B6812497A
:101DE000D3F8D800E0F382F420B131463246E0F374
:101DF00019F2A0752B680D49D3F8D800E0F376F4FA
:101E000048B100210A46E0F30DF2E07503E02846F0
:101E100061F094DD0024204606B070BDA98C8800D6
:101E20001C20890056FB8900E3B60200EDB60200D3
:101E300038B50446002820D061F0D4DDA36A73B120
:101E4000204661F099DA0AE02B6868686360E4F381
:101E5000D9F52846E4F3D6F5237D013B2375656863
:101E6000002DF1D12368054918682246F7F71BFCBD
:101E70002068BDE8384061F0619D38BD56FB89009F
:101E8000776C635F626D61635F696E666F5F696ED9
:101E90006974000000000000000000000000000065
:101EA0000000000000000000000000000000000032
:101EB0000000000000000000000000000000000022
:101EC0000000000000000000000000000000000012
:101ED0000000000000000000000000000000000002
:101EE00000000000000000000000000000000000F2
:101EF00000000000000000000000000000000000E2
:101F000000000000000000000000000000000000D1
:101F100000000000000000000000000000000000C1
:101F200000000000000000000000000000000000B1
:101F300000000000000000000000000000000000A1
:101F40000000000000000000000000000000000091
:101F50000000000000000000000000000000000081
:101F60000000000000000000000000000000000071
:101F70000000000000000000000000000000000061
:101F80000000000000000000000000000000000051
:101F90000000000000000000000000000000000041
:101FA0000000000000000000000000000000000031
:101FB0000000000000000000000000000000000021
:101FC0000000000000000000000000000000000011
:101FD0000000000000000000000000000000000001
:101FE00000000000000000000000000000000000F1
:101FF00000000000000000000000000000000000E1
:1020000000000000000000000000000000000000D0
:1020100000000000000000000000000000000000C0
:1020200000000000000000000000000000000000B0
:1020300000000000000000000000000000000000A0
:102040000000000000000000000000000000000090
:102050000000000000000000000000000000000080
:102060000000000000000000000000000000000070
:102070000000000000000000000000000000000060
:102080000000000000000000000000000000000050
:102090000000000000000000000000000000000040
:1020A0000000000000000000000000000000000030
:1020B0000000000000000000000000000000000020
:1020C0000000000000000000000000000000000010
:1020D0000000000000000000000000000000000000
:1020E00000000000000000000000000000000000F0
:1020F00000000000000000000000000000000000E0
:1021000000000000000000000000000000000000CF
:1021100000000000000000000000000000000000BF
:1021200000000000000000000000000000000000AF
:10213000000000000000000000000000000000009F
:10214000000000000000000000000000000000008F
:10215000000000000000000000000000000000007F
:10216000000000000000000000000000000000006F
:10217000000000000000000000000000000000005F
:10218000000000000000000000000000000000004F
:10219000000000000000000000000000000000003F
:1021A000000000000000000000000000000000002F
:1021B000000000000000000000000000000000001F
:1021C000000000000000000000000000000000000F
:1021D00000000000000000000000000000000000FF
:1021E00000000000000000000000000000000000EF
:1021F00000000000000000000000000000000000DF
:1022000000000000000000000000000000000000CE
:1022100000000000000000000000000000000000BE
:1022200000000000000000000000000000000000AE
:10223000000000000000000000000000000000009E
:10224000000000000000000000000000000000008E
:10225000000000000000000000000000000000007E
:10226000000000000000000000000000000000006E
:10227000000000000000000000000000000000005E
:10228000000000000000000000000000000000004E
:10229000000000000000000000000000000000003E
:1022A000000000000000000000000000000000002E
:1022B000000000000000000000000000000000001E
:1022C000000000000000000000000000000000000E
:1022D00000000000000000000000000000000000FE
:1022E00000000000000000000000000000000000EE
:1022F00000000000000000000000000000000000DE
:1023000000000000000000000000000000000000CD
:1023100000000000000000000000000000000000BD
:1023200000000000000000000000000000000000AD
:10233000000000000000000000000000000000009D
:10234000000000000000000000000000000000008D
:10235000000000000000000000000000000000007D
:10236000000000000000000000000000000000006D
:10237000000000000000000000000000000000005D
:10238000000000000000000000000000000000004D
:10239000000000000000000000000000000000003D
:1023A000000000000000000000000000000000002D
:1023B000000000000000000000000000000000001D
:1023C000000000000000000000000000000000000D
:1023D00000000000000000000000000000000000FD
:1023E00000000000000000000000000000000000ED
:1023F00000000000000000000000000000000000DD
:1024000000000000000000000000000000000000CC
:1024100000000000000000000000000000000000BC
:1024200000000000000000000000000000000000AC
:10243000000000000000000000000000000000009C
:10244000000000000000000000000000000000008C
:10245000000000000000000000000000000000007C
:10246000000000000000000000000000000000006C
:10247000000000000000000000000000000000005C
:10248000000000000000000000000000000000004C
:10249000000000000000000000000000000000003C
:1024A000000000000000000000000000000000002C
:1024B000000000000000000000000000000000001C
:1024C000000000000000000000000000000000000C
:1024D00000000000000000000000000000000000FC
:1024E00000000000000000000000000000000000EC
:1024F00000000000000000000000000000000000DC
:1025000000000000000000000000000000000000CB
:1025100000000000000000000000000000000000BB
:1025200000000000000000000000000000000000AB
:10253000000000000000000000000000000000009B
:10254000000000000000000000000000000000008B
:10255000000000000000000000000000000000007B
:10256000000000000000000000000000000000006B
:10257000000000000000000000000000000000005B
:10258000000000000000000000000000000000004B
:10259000000000000000000000000000000000003B
:1025A000000000000000000000000000000000002B
:1025B000000000000000000000000000000000001B
:1025C000000000000000000000000000000000000B
:1025D00000000000000000000000000000000000FB
:1025E00000000000000000000000000000000000EB
:1025F00000000000000000000000000000000000DB
:1026000000000000000000000000000000000000CA
:1026100000000000000000000000000000000000BA
:1026200000000000000000000000000000000000AA
:10263000000000000000000000000000000000009A
:10264000000000000000000000000000000000008A
:10265000000000000000000000000000000000007A
:10266000000000000000000000000000000000006A
:10267000000000000000000000000000000000005A
:10268000000000000000000000000000000000004A
:10269000000000000000000000000000000000003A
:1026A000000000000000000000000000000000002A
:1026B000000000000000000000000000000000001A
:1026C000000000000000000000000000000000000A
:1026D00000000000000000000000000000000000FA
:1026E00000000000000000000000000000000000EA
:1026F00000000000000000000000000000000000DA
:1027000000000000000000000000000000000000C9
:1027100000000000000000000000000000000000B9
:1027200000000000000000000000000000000000A9
:102730000000000000000000000000000000000099
:102740000000000000000000000000000000000089
:102750000000000000000000000000000000000079
:102760000000000000000000000000000000000069
:102770000000000000000000000000000000000059
:102780000000000000000000000000000000000049
:102790000000000000000000000000000000000039
:1027A0000000000000000000000000000000000029
:1027B0000000000000000000000000000000000019
:1027C0000000000000000000000000000000000009
:1027D00000000000000000000000000000000000F9
:1027E00000000000000000000000000000000000E9
:1027F00000000000000000000000000000000000D9
:1028000000000000000000000000000000000000C8
:1028100000000000000000000000000000000000B8
:1028200000000000000000000000000000000000A8
:102830000000000000000000000000000000000098
:102840000000000000000000000000000000000088
:102850000000000000000000000000000000000078
:102860000000000000000000000000000000000068
:102870000000000000000000000000000000000058
:102880000000000000000000000000000000000048
:102890000000000000000000000000000000000038
:1028A0000000000000000000000000000000000028
:1028B0000000000000000000000000000000000018
:1028C0000000000000000000000000000000000008
:1028D00000000000000000000000000000000000F8
:1028E00000000000000000000000000000000000E8
:1028F00000000000000000000000000000000000D8
:1029000000000000000000000000000000000000C7
:1029100000000000000000000000000000000000B7
:1029200000000000000000000000000000000000A7
:102930000000000000000000000000000000000097
:102940000000000000000000000000000000000087
:102950000000000000000000000000000000000077
:102960000000000000000000000000000000000067
:102970000000000000000000000000000000000057
:102980000000000000000000000000000000000047
:102990000000000000000000000000000000000037
:1029A0000000000000000000000000000000000027
:1029B0000000000000000000000000000000000017
:1029C0000000000000000000000000000000000007
:1029D00000000000000000000000000000000000F7
:1029E00000000000000000000000000000000000E7
:1029F00000000000000000000000000000000000D7
:102A000000000000000000000000000000000000C6
:102A100000000000000000000000000000000000B6
:102A200000000000000000000000000000000000A6
:102A30000000000000000000000000000000000096
:102A40000000000000000000000000000000000086
:102A50000000000000000000000000000000000076
:102A60000000000000000000000000000000000066
:102A70000000000000000000000000000000000056
:102A80000000000000000000000000000000000046
:102A90000000000000000000000000000000000036
:102AA0000000000000000000000000000000000026
:102AB0000000000000000000000000000000000016
:102AC0000000000000000000000000000000000006
:102AD00000000000000000000000000000000000F6
:102AE00000000000000000000000000000000000E6
:102AF00000000000000000000000000000000000D6
:102B000000000000000000000000000000000000C5
:102B100000000000000000000000000000000000B5
:102B200000000000000000000000000000000000A5
:102B30000000000000000000000000000000000095
:102B40000000000000000000000000000000000085
:102B50000000000000000000000000000000000075
:102B60000000000000000000000000000000000065
:102B70000000000000000000000000000000000055
:102B80000000000000000000000000000000000045
:102B90000000000000000000000000000000000035
:102BA0000000000000000000000000000000000025
:102BB0000000000000000000000000000000000015
:102BC0000000000000000000000000000000000005
:102BD00000000000000000000000000000000000F5
:102BE00000000000000000000000000000000000E5
:102BF00000000000000000000000000000000000D5
:102C000000000000000000000000000000000000C4
:102C100000000000000000000000000000000000B4
:102C200000000000000000000000000000000000A4
:102C30000000000000000000000000000000000094
:102C40000000000000000000000000000000000084
:102C50000000000000000000000000000000000074
:102C60000000000000000000000000000000000064
:102C70000000000000000000000000000000000054
:102C80000000000000000000000000000000000044
:102C90000000000000000000000000000000000034
:102CA0000000000000000000000000000000000024
:102CB0000000000000000000000000000000000014
:102CC0000000000000000000000000000000000004
:102CD00000000000000000000000000000000000F4
:102CE00000000000000000000000000000000000E4
:102CF00000000000000000000000000000000000D4
:102D000000000000000000000000000000000000C3
:102D100000000000000000000000000000000000B3
:102D200000000000000000000000000000000000A3
:102D30000000000000000000000000000000000093
:102D40000000000000000000000000000000000083
:102D50000000000000000000000000000000000073
:102D60000000000000000000000000000000000063
:102D70000000000000000000000000000000000053
:102D80000000000000000000000000000000000043
:102D90000000000000000000000000000000000033
:102DA0000000000000000000000000000000000023
:102DB0000000000000000000000000000000000013
:102DC0000000000000000000000000000000000003
:102DD00000000000000000000000000000000000F3
:102DE00000000000000000000000000000000000E3
:102DF00000000000000000000000000000000000D3
:102E000000000000000000000000000000000000C2
:102E100000000000000000000000000000000000B2
:102E200000000000000000000000000000000000A2
:102E30000000000000000000000000000000000092
:102E40000000000000000000000000000000000082
:102E50000000000000000000000000000000000072
:102E60000000000000000000000000000000000062
:102E70000000000000000000000000000000000052
:102E80000000000000000000000000000000000042
:102E900000000000646561646D616E5F746F0072B4
:102EA000616D7374627964697300646561646D61F6
:102EB0006E5F746F007370695F70755F656E6162DD
:102EC000005344494F444556006773706964776FF7
:102ED00072640050434D4349414445560073645F5A
:102EE0006F6F626F6E6C790073645F67706F75747B
:102EF00000475350492044776F7264204D6F6465DA
:102F000020656E61626C65640A0073645F6770645B
:102F1000630073645F677076616C0025733A2042CA
:102F2000726F6164636F6D20534450434D4420437E
:102F30004443206472697665720A00736470636D3D
:102F4000646364632564005344494F000A52544546
:102F5000202825732D25732573257329202573209B
:102F60006F6E2042434D257320722564204020253A
:102F7000642E25642F25642E25642F25642E256458
:102F80004D487A0A0000434443006E6F6372630049
:102F90006E6F7469665F63006E6F7469665F73005D
:102FA0006F66646D3267706F3D30782578007061B0
:102FB0002564677725646125643D30782578007045
:102FC0006131686962303D25640070613168696211
:102FD000313D256400706131686962323D256400CD
:102FE0006761696E6374726C7370683D256400700C
:102FF00061316D61787077723D2564006D65617334
:10300000706F77657225643D307825780072786737
:1030100061696E7325646725637472656C6E6162A5
:1030200079706125643D25640070613267612564B3
:103030003D307825782C307825782C30782578002C
:1030400072737369736D6335673D256400757362D0
:10305000666C6167733D3078257800706132676314
:10306000636B6125643D307825782C307825782C89
:1030700030782578007064657472616E67653267B8
:103080003D30782578007573623330753175323D87
:10309000307825780073756276656E6469643D30BA
:1030A00078257800616725643D30782578006F6564
:1030B0006D3D253032782530327825303278253014
:1030C0003278253032782530327825303278253004
:1030D0003278006F66646D706F3D307825780074CB
:1030E000656D706F66667365743D2564006D65611E
:1030F00073706F7765723D307825780072737369ED
:10310000736D6632673D2564007061706172616D38
:1031100062777665723D256400646F743131616752
:103120006F66646D6872627732303267706F3D30FF
:1031300078257800697474326761303D307825787D
:103140000062786132673D25640072737369736D44
:103150006332673D256400706135676277343061A2
:1031600025643D307825782C307825782C307825EA
:10317000782C307825782C307825782C3078257884
:103180002C307825782C307825782C307825782CC0
:10319000307825782C307825782C30782578006D9B
:1031A00063736277323035676C706F3D30782578A5
:1031B0000000006D637362773230756C35676C7038
:1031C0006F3D30782578006D6373627734303567F2
:1031D0006C706F3D307825780000007573627574EF
:1031E0006D695F63746C3D30782578006578747024
:1031F000616761696E32673D3078257800616E7471
:10320000737763746C32673D307825780070726F25
:10321000647563746E616D653D25730074785F64D9
:103220007574795F6379636C655F746872657368E0
:103230005F25645F35673D25640072786761696E5C
:1032400065727232676125643D3078257800616768
:1032500030006D61787032676125643D3078257883
:10326000006277647570706F3D30782578006E6FFE
:103270006973656C766C35676125643D25642C2522
:10328000642C25642C25640062773430706F3D30E7
:103290007825780070613567627738306125643D44
:1032A000307825782C307825782C307825782C309B
:1032B0007825782C307825782C307825782C307843
:1032C00025782C307825782C307825782C30782586
:1032D000782C307825782C30782578007573623317
:1032E00030753175323D30782578007064657472C0
:1032F000616E676535673D30782578006D61636183
:103300006464723D25730074656D70735F687973D2
:10331000746572657369733D2564006D637325641C
:1033200067706F25643D3078257800626F61726444
:10333000666C616773323D3078257800626F617228
:1033400064666C616773333D30782578006C656422
:10335000626825643D307825780072786761696E0F
:10336000732564672563747269736F6125643D25F5
:103370006400616132673D307825780070726F6457
:1033800069643D307825780074656D707468726585
:1033900073683D256400636869707265763D2564D5
:1033A000006C65676F66646D6277323035676C708C
:1033B0006F3D307825780000006C65676F66646D3E
:1033C00062773230756C35676C706F3D3078257878
:1033D000006C65676F66646D6277323035676D705B
:1033E0006F3D307825780000006C65676F66646D0E
:1033F00062773230756C35676D706F3D3078257847
:10340000006C65676F66646D62773230356768702F
:103410006F3D307825780000006C65676F66646DDD
:1034200062773230756C356768706F3D307825781B
:103430000075736266733D25640074656D70735F1B
:10344000706572696F643D25640073623430616E2B
:1034500064383025637235672563706F3D30782599
:10346000780063633D2564002004D002A6A9FFFF15
:10347000646F7431316167647570256372706F3D7C
:10348000307825780061676125643D3078257800C3
:10349000747269736F35673D307825780074656D97
:1034A0007073656E73655F736C6F70653D25640046
:1034B0006D61787035676125643D307825782C30F2
:1034C0007825782C307825782C3078257800706134
:1034D000316974737369743D2564007061306230C2
:1034E0003D25640070613062313D256400706130BB
:1034F00062323D256400706135676125643D307836
:1035000025782C307825782C307825782C30782543
:10351000782C307825782C307825782C30782578E0
:103520002C307825782C307825782C307825782C1C
:10353000307825782C30782578006D637362773881
:103540003035672563706F3D30782578007375627C
:1035500062616E6435677665723D256400727373CF
:103560006973617635673D2564006D6373627732F8
:10357000303267706F3D307825780000006D6373DE
:1035800062773230756C3267706F3D307825780025
:103590006D6373627734303267706F3D30782578B1
:1035A0000000007265677265763D307825780063AB
:1035B00063746C3D30782578006E6F6973656C7646
:1035C0006C32676125643D25640075736233307227
:1035D000656773303D307825782C307825782C302D
:1035E0007825782C307825782C307825782C307810
:1035F00025782C307825782C307825782C30782553
:10360000782C307825780075736233307265677373
:10361000313D307825782C307825782C3078257815
:103620002C307825782C307825782C307825782C1B
:10363000307825782C307825782C307825782C3007
:103640007825780063636B706F3D3078257800745F
:10365000726935673D25640063636B6469676669F9
:103660006C74747970653D25640076656E64696478
:103670003D307825780066656D6374726C3D256415
:103680000075736233307265677325643D30782549
:10369000782C307825782C307825782C307825785F
:1036A0000070646F6666736574326725646D6125AA
:1036B000643D307825780075736265706E756D3D78
:1036C000307825780070613168696D617870777243
:1036D0003D2564007278636861696E3D30782578B5
:1036E00000626F617264666C6167733D3078257843
:1036F0000070613162303D25640070613162313D9E
:1037000025640070613162323D256400747863681D
:1037100061696E3D307825780072786761696E73F3
:103720002564672563656C6E616761696E612564F8
:103730003D2564006770646E3D30782578007061C7
:10374000306D61787077723D25640062786135670D
:103750003D2564006167626725643D307825780007
:1037600075736273737068795F736C656570303DF3
:10377000307825780075736273737068795F736C45
:10378000656570313D3078257800757362737370AC
:1037900068795F736C656570323D307825780075A7
:1037A000736273737068795F736C656570333D30F5
:1037B000782578006C656464633D30782530347812
:1037C000006D63733332706F3D307825780072730B
:1037D000736973617632673D2564006F706F3D25B4
:1037E0006400697474326761313D30782578007205
:1037F00078706F35673D2564006578747061676126
:10380000696E35673D30782578006F66646D356781
:1038100068706F3D307825780074776F72616E67DD
:1038200065747373692564673D2564007362323083
:10383000696E3430256372706F3D30782578006D85
:10384000616E6669643D3078257800656C6E613222
:10385000673D3078257800727063616C32673D3067
:103860007825780000000000000000727063616C31
:10387000356762303D307825780000000000007226
:103880007063616C356762313D30782578000000E7
:10389000000000727063616C356762323D307825DC
:1038A00078000000000000727063616C356762335D
:1038B0003D307825780000000000007061306230F3
:1038C0005F6C6F3D25640070613062315F6C6F3DED
:1038D00025640070613062325F6C6F3D2564007357
:1038E000623230696E3830616E6431363025637211
:1038F00035672563706F3D307825780063646470A8
:103900006F3D3078257800626F61726474797065FC
:103910003D3078257800616E747377697463683D13
:103920003078257800626F6172646E756D3D256434
:103930000072646C69643D30782578007874616C3D
:10394000667265713D2564006D61787035676861E8
:10395000303D307825780072786761696E73256430
:1039600067656C6E616761696E6125643D25640001
:1039700075736273736D64696F25643D3078257863
:103980002C307825782C307825782C3078257800E4
:1039900073756264657669643D307825780070617E
:1039A000316C6F62303D2564007061316C6F623143
:1039B0003D2564007061316C6F62323D2564007397
:1039C000746263706F3D3078257800727867616942
:1039D0006E65727235676125643D307825782C30CC
:1039E0007825782C307825782C307825780070610F
:1039F000316C6F6D61787077723D25640070646F13
:103A0000666673657425646D6125643D307825783C
:103A10000074656D70636F7272783D2564006F6627
:103A2000646D3567706F3D30782578007573626E10
:103A30006F73733D3078257800616135673D30786C
:103A4000257800637573746F6D76617225643D30FF
:103A50007825780074785F647574795F6379636C36
:103A6000655F6F66646D5F25645F35673D25640043
:103A7000757569643D257300757362646573635F72
:103A8000636F6D706F736974653D3078257800746D
:103A9000656D7073656E73655F6F7074696F6E3D91
:103AA000256400706170646361702564673D2564FE
:103AB000006C65676F66646D627732303267706F75
:103AC0003D307825780000006C65676F66646D6234
:103AD000773230756C3267706F3D307825780070C2
:103AE000646761696E2564673D2564006D61787067
:103AF000356761303D30782578006D6178703567C5
:103B000061313D30782578006D63732564672563E6
:103B1000706F25643D307825780070687963616C3A
:103B20005F74656D7064656C74613D2564007061DF
:103B300025646725637725646125643D30782578A1
:103B40000063636F64653D30783000726567776944
:103B50006E646F77737A3D2564006F66646D6C7276
:103B6000627732303267706F3D3078257800776F3A
:103B7000776C5F6770696F706F6C3D256400616E74
:103B800074737763746C35673D30782578006363B0
:103B90006B3267706F3D30782578007472693267D8
:103BA0003D25640063636B627732303267706F3D2E
:103BB0003078257800000063636B62773230756C73
:103BC0003267706F3D3078257800697474356761AD
:103BD000303D3078257800697474356761313D3047
:103BE000782578006D63736C7235672563706F3D5F
:103BF000307825780070646F666673657432672567
:103C0000646D76616C69643D307825780072786700
:103C100061696E732564677472656C6E6162797038
:103C20006125643D256400626F6172647265763D52
:103C3000307825780072617774656D7073656E7386
:103C4000653D307825780075736273737068795FAD
:103C500075746D695F63746C303D307825780075DC
:103C6000736273737068795F75746D695F63746C88
:103C7000313D307825780075736273737068795FB1
:103C800075746D695F63746C323D3078257800001F
:103C9000000000006F66646D35676C706F3D3078B2
:103CA0002578007061306974737369743D25640010
:103CB00074737369706F7335673D3078257800725F
:103CC00078706F32673D25640074737369706F7329
:103CD000736C6F70652564673D2564007472693587
:103CE00067683D2564006D616E663D2573007472E2
:103CF0006935676C3D2564006D63736277323035DA
:103D00006768706F3D307825780000006D637362DE
:103D1000773230756C356768706F3D307825780084
:103D20006D637362773430356768706F3D30782526
:103D30007800000073726F6D7265763D2564006CCB
:103D400065676F66646D3430647570706F3D307890
:103D50002578006D61787035676861313D30782570
:103D6000780064657669643D3078257800727867FC
:103D700061696E73256467747269736F6125643D50
:103D80002564006D61787035676C61303D30782551
:103D900078006D61787035676C61313D30782578D9
:103DA000006570616761696E2564673D2564007711
:103DB00070736770696F3D256400776F776C5F671C
:103DC00070696F3D25640072737369736D66356742
:103DD0003D256400747269736F32673D30782578D1
:103DE0000074737369706F7332673D3078257800A3
:103DF0007770736C65643D256400656C6E61356732
:103E00003D3078257800706135676277343038301E
:103E10006125643D307825782C307825782C3078F1
:103E200025782C307825782C307825782C3078251A
:103E3000782C307825782C307825782C30782578B7
:103E40002C307825782C307825782C30782578001F
:103E50006D63736277323035676D706F3D307825F2
:103E6000780000006D637362773230756C35676D72
:103E7000706F3D30782578006D637362773430352C
:103E8000676D706F3D3078257800000063636F6464
:103E9000653D25632563006D637362773136303588
:103EA000672563706F3D3078257800496E76616CC8
:103EB00069642F556E737570706F727465642078C5
:103EC00074616C2076616C756520256400726D6983
:103ED0006E00636C646F5F627572737400706C6CFB
:103EE0002564006C6E6C646F31007225646400722E
:103EF000256474007874616C66726571000000005E
:103F00000C000000020016000200000004000D007A
:103F10000700000001000A000800000004000D0076
:103F20000A00000004000D000D0000000100070061
:103F300017000000040004001B0000000400010042
:103F40001C00000001000700000000000200020049
:103F50000100000001000100030000000200020057
:103F60000400000001000100050000000100010044
:103F7000060000000100010009000000010005002A
:103F80000B000000010001000C00000002003000E6
:103F90000E000000010001000F0000000100010000
:103FA00010000000010001001100000001000100EC
:103FB00012000000030003001300000001000100D4
:103FC00014000000010001001500000001000100C4
:103FD000160000000100010018000000020013009C
:103FE00019000000020013001A0000000200130074
:103FF0001D000000010001001E0000000100010082
:104000000C00000002003000726D61780000004B6F
:1040100000079065000C1892000F6C706C646F3193
:10402000000000000100000000000000000000008F
:10403000000000000200000000000000010000007D
:104040000000000004000000000000000300000069
:104050000000000008000000000000000000000058
:104060000000000010000000000000000700000039
:1040700000000000200000000000000057110000B8
:1040800000000000400000000000000017010000D8
:104090000000000080000000000000005701000048
:1040A000000000000001000000000000030000000C
:1040B00000000000000200000000000000000000FE
:1040C00000000000000400000000000003000000E9
:1040D00000000000000800000000000007040000CD
:1040E0000000000000100000000000005701000068
:1040F000000000000020000000000000D7150000B4
:10410000000000000040000000000000F7BDC20EEB
:10411000000000000080000000000000F73DC20E1B
:10412000000000000000010000000000000000008E
:10413000000000000000020000000000F73DC00E7B
:10414000000000000000040000000000F73DC20E67
:10415000000000000000080000000000F73DC20E53
:10416000000000000000100000000000F73DC00645
:10417000000000000000200000000000F73DDA0E03
:10418000000000000000400000000000F73D0006B5
:10419000000000000000800000000000F73D400625
:1041A000000000000000000100000000000000000E
:1041B000000000000000000200000000D701000025
:1041C000000000000000000400000000D70D000007
:1041D000000000000000000800000000F73DC006DD
:1041E000000000000000001000000000F73DCA0EB3
:1041F000000000000000002000000000F73DCA1E83
:10420000000000000000004000000000F73DFA3E02
:1042100000000000726567256400636C646F5F7066
:10422000776D006368697063256400626F61726412
:10423000747970650070726F646964007377646587
:104240006E61626C65006770646E00626F617264BB
:10425000666C6167730062746378776172666C6123
:104260006773007874616C6672657100626F617269
:1042700064726576006465766964006D7578656E54
:10428000616200776C30696400776C25643A204283
:10429000726F6164636F6D2042434D257320383027
:1042A000322E313120576972656C65737320436F0C
:1042B0006E74726F6C6C65722025730A0074656D84
:1042C000705F74686F72745F6D6F6E69746F725F28
:1042D00074696D650074785F6D696E696D756D5F89
:1042E000647574795F6379636C650074785F647575
:1042F00074795F6379636C655F63636B00616762A8
:10430000673000616762673100616762673200741D
:10431000656D7062617365645F647574795F6379FC
:10432000636C655F656E006161300074785F647511
:1043300074795F6379636C655F6F66646D0000001C
:1043400011338200253482000000000000000000CC
:104350004E5652414D52657600736172326700616C
:10436000613267002043254303432143244318431C
:1043700019431A431143134312431443154316437D
:104380001B431C431D43284329432A432B432C43EF
:104390002D434143404350435143524353435743BA
:1043A0009DA9760554435F433F434F432F43344316
:1043B0003543364337433843394316474847274741
:1043C00043436043464347434843314332433343C7
:1043D000AA43584359435A43A94355435643634359
:1043E0008043814382436443654366437443674328
:1043F000A043A143A243AE43AF43B043AB43AC435E
:10440000AD43E343E443E543E243D043D143D243E6
:10441000BA43BB43BC43B143B243B343A343A443F6
:10442000A543B743B843B943C043C143C243D34391
:10443000D443D543D643D743D843D943DA43DB43A8
:10444000DF43E043E143EC43ED43EE43E943EA431A
:10445000EB432243D6A867A868A89CA9D8A89DA921
:104460001343144386A83143A7A9DBA8D1A8DCA82D
:10447000A4A952AAC6A902AA31AA32AA74785F7462
:10448000656D705F746872657368006465766964F1
:104490000031316E5F64697361626C650061673021
:1044A00000616B6D00000000299483005DB78300FC
:1044B000059283000000000045338400DD3984004C
:1044C00000000000000000007A626378676369679B
:1044D00070696F00616E74737763746C326700612A
:1044E0006E74737763746C356700776C25643A6417
:1044F0006D6125640061613267006C746563786684
:104500006E73656C006274635F6D6F646500626FEB
:10451000617264666C616773006D6163616464728B
:10452000006C746563787061646E756D0076656E9D
:10453000646964007A626378666E73656C006274A5
:1045400063786C657363616E007A6263787061642E
:104550006E756D00637573746F6D76617231006393
:104560007573746F6D76617232006274635F70612F
:1045700072616D732564006274635F666C6167735A
:104580000062746378776172666C61677300626F52
:10459000617264666C61677332006C74656378671E
:1045A00063696770696F00626F617264666C6167EE
:1045B000733400626F617264726576006465766957
:1045C000640073726F6D7265760062745F64656615
:1045D00061756C745F616E74006D6F6E69746F727B
:1045E0005F74696D655F6F75740062746364796E82
:1045F0005F64656661756C745F6274635F6D6F6440
:10460000650070726F7465637465645F74696D656D
:104610005F6F75740062746364796E5F6D73775F4A
:10462000726F77300062746364796E5F6D73775F69
:10463000726F77310062746364796E5F6D73775F58
:10464000726F77320062746364796E5F64736E7345
:104650005F726F77730062746364796E5F636F6516
:10466000785F74776F5F616E74007478635F6475F0
:10467000725F7468726573680062746364796E5FF8
:104680006D73775F726F77330062746364796E5F06
:104690006D73775F726F77730062746364796E5FB6
:1046A00064666C745F64736E735F6C6576656C00D2
:1046B00062746364796E5F6274727373695F687940
:1046C000737465720070726F745F62747273736971
:1046D0005F746872657368006374733273656C66C7
:1046E0005F6475725F74687265736800616C65728F
:1046F000745F74696D655F6F75740062746364796B
:104700006E5F686967685F64736E735F6C6576651A
:104710006C007266615F636F756E745F746872655A
:1047200073680062746364796E5F6D69645F64735B
:104730006E735F6C6576656C0062746364796E5F3E
:104740006C6F775F64736E735F6C6576656C006227
:10475000746364796E5F666C61677300627463642E
:10476000796E5F64736E735F726F7730006274632B
:1047700064796E5F64736E735F726F773100627419
:104780006364796E5F64736E735F726F7732006219
:10479000746364796E5F64736E735F726F773300F6
:1047A00073636F5F727373695F74687265736800B7
:1047B00063636F64650063630072656772657600AA
:1047C0006576656E7471006873323000B19686004C
:1047D000F196860061848600B1848600B1968600D9
:1047E000F196860061848600B1848600B1968600C9
:1047F000F19686002D8586009986860000000000CF
:104800000000000000000000000000002D85860070
:10481000998686000000000000000000B196860026
:10482000F1968600B1968600F1968600B1968600D4
:10483000F1968600000000000D060F000000000049
:10484000040630040000000002064006727373691B
:10485000636F72726E6F726D00676C616369616C19
:1048600074696D65720063616C5F706572696F6415
:10487000006C64706300747373696C696D75636F49
:10488000640025732E6661622E25640074656D7068
:10489000746872657368002E6661622E00747870A9
:1048A000777262636B6F6600696E746572666572BB
:1048B000656E636500676C697463685F62617365E8
:1048C000645F6372736D696E0032675F6367610076
:1048D00072737369636F7272617474656E0070686D
:1048E0007963616C5F74656D7064656C746100748C
:1048F000656D70735F687973746572657369730051
:1049000072737369636F7272706572726732670077
:1049100074737369666C6F6F72326700766261746C
:104920005F616464007061706476616C6964746571
:1049300073740073776469765F6770696F5F3100C5
:104940006D63733267706F300073707572636F6E72
:10495000666967006D63733267706F310063636B04
:1049600064696766696C74747970650065755F6504
:10497000647468726573683267007265645F727828
:10498000626C6F636B696E67000001006C094B001D
:1049900076011300323016000300417E0006000A43
:1049A000D903270025000000910900006C090000D0
:1049B000000005035BE708003F5812122F141F1F69
:1049C0001F1F20512761000009603F70020071091C
:1049D0004B0076011300323016000300417E0006C2
:1049E000000AD90327002500000091090000710981
:1049F0000000000007030D8208003F5812122F1418
:104A00001F1F1F1F20512761000009603F70030016
:104A100076094B0076011300323016000300417E08
:104A20000006000AD90327002500000091090000B4
:104A30007609000000000903BF1C08003F5812124D
:104A40002F141F1F1F1F20512761000009603F7096
:104A500004007B094B00760113003230160003007E
:104A6000417E0006000AD9032700250000009109B5
:104A700000007B09000000000A0371B708003F58DE
:104A800012122F141F1F1F1F2051276100000960E1
:104A90003F70050080094B0076011300323016008C
:104AA0000300417E0006000AD9032700250000000C
:104AB000910900008009000000000C032352080047
:104AC0003F5812122F141F1F1F1F21512761000072
:104AD00009603F70060085094B00760113003230F3
:104AE00016000300417E0006000AD90327002500B6
:104AF0000000910900008509000000000D03D5ECBD
:104B000008003F5812122F141F1F1F1F2151276129
:104B1000000009603F7007008A094B00760113000E
:104B2000323016000300417E0006000AD903270038
:104B300025000000910900008A09000000000F0311
:104B4000878708003F5812122F141F1F1F1F215163
:104B50002761000008603F7008008F094B00760154
:104B60001300323016000300417E0006000AD9030C
:104B7000270025000000910900008F0900000000B7
:104B80001103392208003F5812122F141F1F1F1F34
:104B900021512761000008603F70090094094B0013
:104BA00076011300323016000300417E0006000A31
:104BB000D903270025000000910900009409000096
:104BC00000001203EBBC08003F5812122F141F1FE5
:104BD0001F1F21512761000008603F600A009909EA
:104BE0004B0076011300323016000300417E0006B0
:104BF000000AD90327002500000091090000990947
:104C00000000000014039D5708003F5812122F1493
:104C10001F1F1F1F21512761000008603F600B000C
:104C20009E094B0076011300323016000300417ECE
:104C30000006000AD90327002500000091090000A2
:104C40009E090000000015034FF208003F581212A1
:104C50002F141F1F1F1F21512761000007603F6095
:104C60000C00A3094B00760113003230160003003C
:104C7000417E0006000AD9032700250000009109A3
:104C80000000A309000000001703018D08003F5831
:104C900012122F141F1F1F1F2151276100000760D0
:104CA0003F600D00A8094B0076011300323016005A
:104CB0000300417E0006000AD903270025000000FA
:104CC00091090000A809000000001903B32708009B
:104CD0003F5812122F141F1F1F1F2151286100005F
:104CE00007603F600E00B4094B00760113003230BC
:104CF00016000300417E0006000AD90327002500A4
:104D0000000091090000B409000000001D035E01CD
:104D100008003F5812122F141F1F1F1F2151286116
:104D2000000007603F606D6178703267613000009D
:104D300001006C09340004010D0023304F00030012
:104D4000417E0006000AD90327001A000000A209CC
:104D500000006C0900000000B208277608003F58E8
:104D600017173C191F1F1F1F3B51196100000960D5
:104D70003F7002007109340004010D0023304F0020
:104D80000300417E0006000AD90327001A00000034
:104D9000A2090000710900000000B708B113080063
:104DA0003F5817173C191F1F1F1F3B511961000067
:104DB00009603F7003007609340004010D002330C0
:104DC0004F000300417E0006000AD90327001A00A5
:104DD0000000A2090000760900000000BB083BB1FA
:104DE00008003F5817173C191F1F1F1F3C5119611E
:104DF000000009603F7004007B09340004010D00CD
:104E000023304F000300417E0006000AD90327002B
:104E10001A000000A20900007B0900000000C00881
:104E2000C44E08003F5817173C191F1F1F1F3C5145
:104E30001961000009603F70050080093400040119
:104E40000D0023304F000300417E0006000AD90305
:104E500027001A000000A2090000800900000000DD
:104E6000C4084EEC08003F5817173C191F1F1F1F9E
:104E70003C511961000009603F700600850934004B
:104E800004010D0023304F000300417E0006000A9C
:104E9000D90327001A000000A209000085090000BC
:104EA0000000C908D88908003F5817173C191F1F70
:104EB0001F1F3C511961000009603F7007008A09FB
:104EC000340004010D0023304F000300417E000632
:104ED000000AD90327001A000000A20900008A096D
:104EE00000000000CE08622708003F5817173C1941
:104EF0001F1F1F1F3C511961000008603F70080010
:104F00008F09340004010D0023304F000300417E5F
:104F10000006000AD90327001A000000A2090000B9
:104F20008F0900000000D208ECC408003F58171792
:104F30003C191F1F1F1F3C511961000008603F7082
:104F400009009409340004010D0023304F000300D0
:104F5000417E0006000AD90327001A000000A209BA
:104F60000000940900000000D708766208003F584E
:104F700017173C191F1F1F1F3C51196100000860C3
:104F80003F600A009909340004010D0023304F00EE
:104F90000300417E0006000AD90327001A00000022
:104FA000A2090000990900000000DC0800000800C8
:104FB0003F5817173C191F1F1F1F3C511961000054
:104FC00008603F600B009E09340004010D0023308F
:104FD0004F000300417E0006000AD90327001A0093
:104FE0000000A20900009E0900000000E008899D61
:104FF00008003F5817173C191F1F1F1F3D5119610B
:10500000000007603F600C00A309340004010D009C
:1050100023304F000300417E0006000AD903270019
:105020001A000000A2090000A30900000000E50822
:10503000133B08003F5817173C191F1F1F1F3D51F6
:105040001961000007603F600D00A80934000401E9
:105050000D0023304F000300417E0006000AD903F3
:1050600027001A000000A2090000A80900000000A3
:10507000E9089DD808003F5817173C191F1F1F1F2C
:105080003D511961000007603F600E00B409340013
:1050900004010D0023304F000300417E0006000A8A
:1050A000D90327001A000000A2090000B40900007B
:1050B0000000F4084EEC08003F5817173C191F1F5A
:1050C0001F1F3D511961000007603F6070726F70D3
:1050D000627732303267706F0072636F725F616344
:1050E0006900706D696E00706170646D6F64650059
:1050F00063616C6964786573747461726765743236
:10510000670063616C6964786573746261736532AA
:1051100067007061326761305F6C6F0063636B3290
:1051200067706F0063636B7363616C650074656DBA
:10513000705F6D756C7400706170646570736F661C
:1051400066736574006F66646D3267706F007061BE
:1051500063616C69647832670073776469765F7342
:10516000776374726C5F656E006F66646D64696707
:1051700066696C74747970656265004176566D6914
:1051800064495163616C0063636B69647870636840
:105190006F6666730074656D705F61646400737739
:1051A0006469765F6770696F006D63736277323030
:1051B0003267706F0070617064656E646964780056
:1051C00001006C092600C0000A001A3080000300AC
:1051D000417E0006000AD903270013000000B00931
:1051E00000006C0900000000C70B000008003F58D9
:1051F00017173C191F1F1F1F50511961000009602C
:105200003F70020071092600C0000A001A308000B9
:105210000300417E0006000AD903270013000000A6
:10522000B0090000710900000000CD0B004008002B
:105230003F5817173C191F1F1F1F515119610000BC
:1052400009603F70030076092600C0000A001A308A
:1052500080000300417E0006000AD90327001300E6
:105260000000B0090000760900000000D30B0080A8
:1052700008003F5817173C191F1F1F1F5151196174
:10528000000009603F7004007B092600C0000A008E
:105290001A3080000300417E0006000AD90327006F
:1052A00013000000B00900007B0900000000D90BCA
:1052B00000C008003F5817173C191F1F1F1F5151EE
:1052C0001961000009603F70050080092600C000D8
:1052D0000A001A3080000300417E0006000AD9034C
:1052E000270013000000B009000080090000000042
:1052F000E00B000008003F5817173C191F1F1F1F25
:1053000051511961000009603F70060085092600AF
:10531000C0000A001A3080000300417E0006000A27
:10532000D903270013000000B00900008509000020
:105330000000E60B004008003F5817173C191F1FDC
:105340001F1F51511961000009603F7007008A0951
:105350002600C0000A001A3080000300417E0006CB
:10536000000AD903270013000000B00900008A09D1
:1053700000000000EC0B008008003F5817173C1994
:105380001F1F1F1F51511961000008603F70080066
:105390008F092600C0000A001A3080000300417EF9
:1053A0000006000AD903270013000000B00900001E
:1053B0008F0900000000F20B00C008003F581717CB
:1053C0003C191F1F1F1F52511961000008603F70D8
:1053D000090094092600C0000A001A30800003006A
:1053E000417E0006000AD903270013000000B0091F
:1053F0000000940900000000F90B000008003F586D
:1054000017173C191F1F1F1F525119610000086018
:105410003F600A0099092600C0000A001A30800087
:105420000300417E0006000AD90327001300000094
:10543000B0090000990900000000FF0B00400800BF
:105440003F5817173C191F1F1F1F525119610000A9
:1054500008603F600B009E092600C0000A001A3059
:1054600080000300417E0006000AD90327001300D4
:105470000000B00900009E0900000000050C00803B
:1054800008003F5817173C191F1F1F1F5251196161
:10549000000007603F600C00A3092600C0000A005E
:1054A0001A3080000300417E0006000AD90327005D
:1054B00013000000B0090000A309000000000B0C5D
:1054C00000C008003F5817173C191F1F1F1F5251DB
:1054D0001961000007603F600D00A8092600C000A8
:1054E0000A001A3080000300417E0006000AD9033A
:1054F000270013000000B0090000A8090000000008
:10550000120C000008003F5817173C191F1F1F1FDF
:1055100052511961000007603F600E00B409260077
:10552000C0000A001A3080000300417E0006000A15
:10553000D903270013000000B0090000B4090000DF
:105540000000210C000008003F5817173C191F1FCE
:105550001F1F53511961000007603F606974737326
:1055600069636F72720073776469765F656E006558
:10557000646F66667468643230756C00696E697455
:105580007869647870636800647373667468007423
:1055900073736974696D650063636B62773230326F
:1055A00067706F007061706474656D700070613257
:1055B0006761305F3270777200696E697478696410
:1055C000780063636B7077726F6666736574300022
:1055D0004176566D69645F63300074656D705F710C
:1055E00000766261745F6D756C740063636B696EE5
:1055F0006974786964780073726F6D726576006F94
:1056000066646D64696766696C747479706500704E
:1056100061706474656D7062696173006C636E3291
:10562000305F6E6F69736563616C5F74626C5F6538
:105630006E0065646F6E74686432306C006C656710
:105640006F66646D627732303267706F00706132FE
:105650006761300074787077726F66667365743254
:105660006700706D617800766261745F7100060793
:105670003F038A00000006073F038400000006077E
:105680003F038000000006073F037B000000060781
:105690003F037700000006073F0372000000060783
:1056A0003F036E00000006073F036A000000060784
:1056B0003F036700000006073F0363000000060782
:1056C0003F036100000006073F035C00000006077F
:1056D0003F035A00000006073F035700000006077B
:1056E0003F035400000006073F0351000000060777
:1056F0003F034F00000006073F034D000000060770
:105700003F034B00000006073F0348000000060768
:105710003F034600000006073F0344000000060761
:105720003F034200000006073F0340000000060759
:105730003F033F00000006073F033D00000006074F
:105740003F033B00000006073F033A000000060746
:105750003F033800000006073F033600000006073D
:105760003F033500000006073F0334000000060732
:105770003F033200000006073F0331000000060728
:105780003F033000000006073E032F00000006071D
:105790003C032F00000006073B032F000000060714
:1057A0003B032D00000006073A032D00000006070A
:1057B0003A032C00000006073A032B0000000607FE
:1057C0003A032900000006073903290000000607F4
:1057D00038032800000006073803270000000607EA
:1057E00038032600000006073803250000000607DE
:1057F00038032400000006073703240000000607D2
:1058000037032300000006073703220000000607C5
:1058100037032100000006073503210000000607BA
:1058200035032000000006073403200000000607AF
:1058300034031F000000060732031F0000000607A4
:1058400033031E000000060733031D000000060797
:1058500031031D000000060732031C00000006078C
:1058600030031C00000006072F031C000000060781
:105870002D031C00000006072B031C000000060778
:105880002A031C000000060729031C00000006076D
:1058900028031C000000060728031B000000060761
:1058A00027031B000000060727031A000000060755
:1058B00026031A000000060724031A00000006074A
:1058C00023031A000000060722031A00000006073F
:1058D00021031A0000000607210319000000060733
:1058E00020031900000006071F0319000000060727
:1058F0001E031900000006071E031900000006071A
:105900001E031900000006071E0319000000060709
:105910001E031900000006071E03190000000607F9
:105920001E031900000006071E03190000000607E9
:105930001E031900000006071E03190000000607D9
:105940001E031900000006071E03190000000607C9
:105950001E031900000006071E03190000000607B9
:105960001E031900000006071E03190000000607A9
:105970001E031900000006071E0319000000060799
:105980001E031900000006071E0319000000060789
:105990001E031900000006071E0319000000060779
:1059A0001E031900000006071E0319000000060769
:1059B0001E031900000006071E0319000000060759
:1059C0001E031900000006071E0319000000060749
:1059D0001E031900000006071E0319000000060739
:1059E0001E031900000006071E0319000000060729
:1059F0001E031900000006071E0319000000060719
:105A00001E031900000006071E0319000000060708
:105A10001E031900000006071E03190000000607F8
:105A20001E031900000006071E03190000000607E8
:105A30001E031900000006071E03190000000607D8
:105A40001E031900000006071E03190000000607C8
:105A50001E031900000006071E03190000000607B8
:105A60001E031900000006071E0319000000060FA0
:105A70003FFF62000000060F3FFF5E000000060FC0
:105A80003FFF59000000060F3FFF55000000060FC2
:105A90003FFF51000000060F3FFF4D000000060FC2
:105AA0003FFF4A000000060F3FFF47000000060FBF
:105AB0003FFF44000000060F3FFF41000000060FBB
:105AC0003FFF3E000000060F3FFF3C000000060FB6
:105AD0003FFF3A000000060F3FFF37000000060FAF
:105AE0003FFF35000000060F3FFF33000000060FA8
:105AF0003FFF32000000060F3FFF30000000060F9E
:105B00003FFF2E000000060F3DFF2E000000060F95
:105B100039FF2F000000060F3AFF2D000000060F8E
:105B200039FF2C000000060F37FF2C000000060F85
:105B300036FF2B000000060F36FF2A000000060F7C
:105B400035FF29000000060F35FF28000000060F72
:105B500033FF28000000060F31FF28000000060F69
:105B600030FF27000000060F2FFF27000000060F60
:105B70002DFF27000000060F2EFF25000000060F56
:105B80002CFF25000000060F2BFF25000000060F4C
:105B900029FF25000000060F28FF24000000060F43
:105BA00026FF25000000060F24FF26000000060F38
:105BB00022FF26000000060F21FF26000000060F2E
:105BC00021FF25000000060F22FF23000000060F22
:105BD00020FF23000000060F1FFF23000000060F18
:105BE0001FFF22000000060F1FFF21000000060F0C
:105BF0001CFF22000000060F1CFF21000000060F02
:105C00001CFF20000000060F1CFF1F000000060FF5
:105C10001CFF1E000000060F1AFF1F000000060FE9
:105C20001AFF1E000000060F19FF1E000000060FDD
:105C300019FF1D000000060F18FF1D000000060FD1
:105C400018FF1C000000060F16FF1D000000060FC5
:105C500016FF1C000000060F17FF1B000000060FB8
:105C600017FF1A000000060F17FF19000000060FAB
:105C700016FF19000000060F15FF19000000060F9F
:105C800014FF19000000060F16FF17000000060F92
:105C900015FF17000000060F17FF15000000060F84
:105CA00016FF15000000060F15FF15000000060F77
:105CB00014FF15000000060F15FF14000000060F6A
:105CC00014FF14000000060F14FF13000000060F5D
:105CD00015FF12000000060F12FF13000000060F50
:105CE00013FF12000000060F12FF12000000060F43
:105CF00011FF12000000060F10FF12000000060F37
:105D00000DFF14000000060F0FFF12000000060F29
:105D10000EFF12000000060F0CFF13000000060F1C
:105D20000DFF12000000060F0CFF12000000060F0E
:105D30000BFF13000000060F0CFF11000000060F00
:105D400008FF14000000060F09FF13000000060FF3
:105D500008FF13000000060F0AFF11000000060FE5
:105D600008FF12000000060F07FF13000000060FD7
:105D700008FF11000000060F07FF12000000060FC9
:105D800007FF11000000060F05FF13000000060FBB
:105D900008FF0F000000060F09FF0E000000060FAD
:105DA00008FF0E000000060F07FF0F000000060F9F
:105DB00004FF11000000060F05FF10000000060F91
:105DC00003FF12000000060F04FF10000000060F82
:105DD00001FF14000000060F02FF12000000060F72
:105DE00001FF13000000060F02FF11000000060F64
:105DF00001FF12000000060F02FF10000000060F56
:105E000001FF11000000060F01FF10000000060F47
:105E100001FF10000000060F01FF10000000060F38
:105E200001FF10000000060F01FF10000000060F28
:105E300001FF10000000060F01FF10000000060F18
:105E400001FF10000000060F01FF10000000060F08
:105E500001FF10000000060F01FF10000000060FF8
:105E600001FF10000000060F01FF1000000072612A
:105E7000746573656C007374660063636B5F6F6E4B
:105E800065636F72655F74780074656D70735F70C1
:105E90006572696F64007478636861696E00727816
:105EA000636861696E0073776469765F736E72749C
:105EB00068726573680073776469765F74785F777A
:105EC00065696768740073776469765F736E726C76
:105ED000696D0073776469765F73776374726C5F62
:105EE0006D61736B0073776469765F63636B736E68
:105EF00072636F72720073776469765F737763742D
:105F0000726C5F616E74300073776469765F73776B
:105F10006374726C5F616E74310073776469765F6D
:105F20007765696768740073776469765F73657411
:105F3000746C650073776469765F656E007377646F
:105F400069765F72785F706F6C69637900737764EC
:105F500069765F63656C6C5F706F6C696379007301
:105F6000776469765F73776374726C5F656E0073D4
:105F7000776469765F7468726573680073776469C3
:105F8000765F6770696F5F310073776469765F630E
:105F9000636B6E6F6973656573746C696D0073779D
:105FA0006469765F6C6F67326176670073776469E6
:105FB000765F6770696F0073776469765F74785F86
:105FC000706F6C6963790073776469765F74696D6B
:105FD000656F757400616E746469765F727373695E
:105FE0006469666674687265736800776F776C5F62
:105FF0006770696F00776F776C5F6770696F706F3C
:106000006C00000073B54369164600222F2B04462E
:106010000D46019208DD332B06D013460121E2F331
:10602000D9F183059B0D07E0002120460A46E2F3E3
:1060300031F2064B03401B0C1B022046336001A9C2
:106040002A4600F005F801987CBD00BF0000FF0360
:10605000F8B504460E461546E5F380F540F6120104
:10606000002207462046E6F31BF32046E5F37EF5C3
:1060700020463946E6F322F3024B33604FF4C863FF
:106080002B60F8BD4C6403000B46C06F11461A46E6
:10609000FFF7B8BF10B501210446C06FE2F35CF210
:1060A000E06FE6F337F3002010BD37B500246946F2
:1060B00001AA054600940194FFF7E6FF9DE806005B
:1060C0000346284624F052DC20463EBD38B504463F
:1060D000C06FE2F3D3F148B12046FFF7E6FF054673
:1060E00038B92046FFF7D6FF284638BD4FF0FF30BD
:1060F00038BD002038BD2DE9FF4107464FF4B6708A
:106100000E4615469846E0F36BF40446002832D05C
:1061100000214FF4B672DBF34DF40A9B384600932E
:1061200004F18003019304F18403029331462A466B
:106130004346F2F7F1FBE067C0B10123637440F618
:1061400012010022E6F3ACF20C210022C4F8880010
:10615000E06FE5F3F7F42046F5F722FF2046FFF75E
:10616000B5FFE06FF2F780F9002500E00B2520462F
:10617000E0F348F400E01E25284604B0BDE8F081B5
:10618000CDAB000001BC600300104E03BFDE02F087
:106190000E5C0280C12700000403BFDE02F010592C
:1061A00003A85E02F0001203A65E02F00012028253
:1061B0005E5300001202855EAF000012020200BFB3
:1061C00000000F03A85E02F000120282DEBB000096
:1061D000120282DEB300001202845EB700001202D7
:1061E000845EB3000012028600C7000012028480A1
:1061F000C300001201BC63FF1FF0400000800000DC
:106200000000035B5E02F0001401BC601300104349
:1062100000015E02F0000000025E02F0182C020293
:1062200000BF0000B402045EFF00001B006B446569
:1062300056801B01846002F7F7BF01BC6003000AAF
:10624000A600025E02F012370202DEFF000020000C
:106250006B44655520200182E002F7F7BF03BFDEE3
:1062600002F006C30201AC7B00002500E844656132
:1062700077A101BC607F0817A2006D5E86F44025FF
:1062800000A82C7B010B1E00682B4F00002A028007
:10629000DEFF0000B4006B44655A60B40184E00680
:1062A000F577AB00025E02F0159B020480C7000088
:1062B0002C028180C700002E01806002F7F7BF0129
:1062C000BC6003000ADA00902BE300D7A200E02BA9
:1062D000DEF457A3006D446AF4603200B02BD7009F
:1062E0000AF001876002F7F7BF00682BBF00003A91
:1062F00000E944655DF7A300E8C4695E77A2006821
:10630000DE8B00003A006DDE8D5E003A0286ABD374
:1063100000003A01876006F7F7BF0207DEFF0000C2
:106320003F00E844655A37A2006D5E895A003F017C
:1063300087E002F7F7BF01BC6003000AD100682CB8
:106340006F00004501BC61F70017A100E8446563D8
:1063500077A2006D5E8AF4204501BC6003000B1B30
:1063600000A82C7B002B1E00682AE700005100E8E3
:1063700044655737A1006DDE8556404C00682B23DD
:1063800000005100E844655917A1006DDE855640B4
:106390004E03BFDE02F0005101BC6003000ABA01E7
:1063A000BC6003000AB901BC6003000AC801BC60FC
:1063B00003000AC000A82C7B004B1E0202DEB300C3
:1063C00000540200420300005400025E02F00D2F50
:1063D0000203C57300005702845EB30000B4006876
:1063E000AAEF0000B40284DEB7000059020180C7A2
:1063F00000007900B02AAB0017A202802BD3000066
:106400006000B02B030017A1006DDE855BE0AB00E0
:10641000685E8700006000682BE700006000B02B1A
:10642000E70017A200682AEB00006600E844655701
:1064300057A101856006F5D7AE006DDE86F440AB4E
:1064400000E05E8554F7A1006DDE86F440AB018567
:106450006002F5D7AE0202DEBB00007900682A9B1D
:1064600000007900E8446555D7A100E02A9B015758
:10647000A2006EDE86F440720182E002F5D7AE0122
:1064800081600163CB1E01BC6003000AEA01BC60AD
:1064900003000AA601BC6003000AE503BFDE02F0A8
:1064A0000079006EAA9AF4207800E82A9AF437A1BD
:1064B00000902A9B0037A2006E2A9EF4407700B01D
:1064C0002A9F0017A20069DE86F4407903BFDE022E
:1064D000F000AB0284DEB700009E028881AB0000B2
:1064E0009C02045EB70000B4020480C7000085006F
:1064F000682AF700208500682AF700808500682A4E
:10650000DF00008400682AF702E0820068AAF7082A
:10651000608400E844655637A1006D5E8556E0B49E
:1065200002005EFF00009C028080BF00009C0068AB
:106530002B2300008B02802BD300008B00B02B2B71
:106540000017BB006E2B02F760B403BFDE02F00041
:106550009C0205DEB700008E00682AF70860B403CD
:10656000BFDE02F0009C028400C70000900286009B
:10657000C700009200682AEB00009C02812C2700D3
:10658000009C00E844655637A10206ABD300009694
:1065900000E845C95AF7A203BFDE02F0009700E801
:1065A00045895AF7A20286ABD300009A00E85E86BE
:1065B000F457A10069DE8557009C006CC4655660E5
:1065C000B402855EB70000B400025E02F015BE039F
:1065D000BFDE02F000B40285ABD30000A50206AB1B
:1065E000D30000A301BC63FF1FF7A1006845C6F4F8
:1065F000209C03BFDE02F000A501BC63FF1FF7A1D2
:1066000000684586F4209C0203C5730000AB028538
:106610005EB70000AB020100C70000B4006B446528
:106620005680B40020E3FE1460B40282DEBB00009A
:10663000B402022C270000AE0282DEBB0000AE03D3
:10664000BFDE02F0009C028881AB0000B40282DE53
:10665000B30000B4028080BF0000B40284DEAF004B
:1066600000B402825EBB0000B400025E02F015EED0
:10667000018060020D906C03595E02F000B603D8F1
:106680005E02F000B703D8DE02F000B801BC6183FF
:1066900000112900B0007B00112B01BC6303001125
:1066A0002303125E02F00CB003975E02F00D430369
:1066B000D05E02F0039403D0DE02F0063D03D5DE87
:1066C00002F00C6203915E02F006980396DE02F07F
:1066D0000C5D0288C17300012303C45E02F0081040
:1066E00003C75E02F0083403DCDE02F0163503AAAD
:1066F0005E02F008A40386DE02F00CA10287C03718
:10670000000CA103835E02F00A50020680C700005D
:10671000D00202B0E70000D0006C30EE2320D001A0
:1067200082E001872C3901BC607F1FF7A201E05E87
:106730008A1070830391DE02F00720020680C700F2
:106740000107020601AB0000E3020030E70000E3AE
:106750000068DE4B0620E3020042030000E30284EF
:1067600045230000E30280B0E70000E3006E451718
:106770000020E301BC600300108000A8412300F06A
:106780004803D0DE02F000DC03D05E02F000DD033F
:10679000D5DE02F000DE00E001DF0020770180E0BE
:1067A00005872C3901BC6003000C3A00025E02F040
:1067B000180700025E02F0181B020E01AB0000F089
:1067C000028445230000F0020130E70000F000E001
:1067D00001E300207801816001872C390180E0010C
:1067E000872C39010C81430017A60068DE9B0060EE
:1067F000ED01BC6003004C3A03BFDE02F000EF0085
:1068000068DE9B0040EF01BC6003002C3A00025E92
:1068100002F01807020681AB000107020230E70010
:1068200000FB028042030000FB028445230000FBC2
:1068300003915E02F0069800E001EB00207A0180EF
:10684000E005872C3901826001872C3901BC600387
:10685000000C3A00025E02F0180700025E02F01817
:106860001B0201B0E70000FE006C30F22320FE01A5
:1068700081E001872C39020330E7000107006C300A
:10688000F623210701836001872C390200420300AF
:10689000010700685E4B04410500685E4B0041053E
:1068A00003BFDE02F001070182600609104801BC47
:1068B000600300114503C2DE02F00D0A00025E0211
:1068C000F0123603D4DE02F007B903A3DE02F000B3
:1068D0000203C85E02F005FB0204DEB300011002F1
:1068E0000145230001100184E002F597AC00025E2F
:1068F00002F006370201C5230001120187E002F50C
:1069000077AB00025E02F00EAF00025E02F011777C
:1069100002182E2700011600025E02F0118A03A25F
:106920005E02F0012003565E02F0011D0186600642
:10693000091048031F5E02F0011D006A5E2300017A
:106940001C00B0002700178800E85E23003788038A
:10695000A65E02F0018E00025E02F011F8002860CF
:106960000E08E1B403C4DE02F00D7A0020C2030079
:1069700021BC03BFDE02F0020D03815E02F001259F
:106980000300DE02F000C30188E0020B905C03BF4D
:10699000DE02F0039102874063000127018EE00EC2
:1069A000F43018028740630001290002DE02F00083
:1069B000000287406300012B00B05E8B00101901BC
:1069C0008EE00AF430180002DE02F0000001BC6024
:1069D0006300107B01BC601B00107A01AC607EF488
:1069E0007075028741D70001320002DE02F000001C
:1069F00001BC606300107B01BC601B00107A01AC1D
:106A000060BEF47075028741D70001370002DE02D4
:106A1000F0000001BC606300107B00B05E8B0010D2
:106A20007A01AC607EF43075028741D700013C00EA
:106A300002DE02F0000001BC606300107B00B05E6B
:106A40008B00107A01AC60BEF43075028741D7002C
:106A500001410002DE02F0000001BC60030280067A
:106A60000280DE0700014D01DA6002F017800208A3
:106A70005E0700016101BC60031E17A100E05E0219
:106A8000F4306501BC60031C17A100E05E02F43025
:106A90006401BC600300281103BFDE02F00167013E
:106AA000105E030017A101035E030017A200E05E61
:106AB00086F457A100885E870037A200E05E86F466
:106AC00057A100E0015AF43063028600C300015868
:106AD00000B0560B00106200B0540300106201BCFD
:106AE000600300281103BFDE02F0016900B0418F8E
:106AF0000010620109DE030017A10068DE87004173
:106B00005C00E05E870037A100885E870057A10027
:106B1000E05E8504B7A100E05E8703C00601BC60AB
:106B20000300481103BFDE02F0016901BC600702E7
:106B300017A100E05E02F4306501BC60070017A1F8
:106B400000E05E02F4306401BC600318000601BC82
:106B5000600300081100B05A0300106200B058032F
:106B60000010630002DE02F0000001BC6003063783
:106B70009201BC63FF1FF0C301BC60031890E301E6
:106B8000BC60FB1C10E501BC600300501000B0406D
:106B90004300180000B040470010E70002DE02F09A
:106BA000000000E840330097A100B0400B0017A39D
:106BB000006D5E86F4617700905E8F0037A303BF9F
:106BC000DE02F0017800905E870037A301BC601BF5
:106BD0000437A100E05E8EF437A301F0419700175F
:106BE000A1006DDE86F4618C0287C19700018001EF
:106BF000385A030017A1013C5A030017A203BFDE55
:106C000002F00182013C5A030017A101385A070023
:106C100017A200685E86F4818700D85E8B0037A2D9
:106C200000E14196F4506500E1C19700306503BF73
:106C3000DE02F0017A00D85E8B0037A200E14196B7
:106C4000F457A100E1DE870037A101F05E8700174D
:106C5000A1006EDE86F4618D01BC63FF1FF7A40006
:106C600002DE02F00000020681AB000190018260AA
:106C700001872C390020E38E090002031EDE02F09A
:106C80000196039F5E02F0019601BC60430117A1CB
:106C900000A84122F4304803BFDE02F000020208DF
:106CA000411F00019301816005610B0800025E0233
:106CB000F00D2F00B000AB00108600B00163001093
:106CC0008A00025E02F0107301BC60030417920098
:106CD000B0003B00111D0190600609104803A1DEC1
:106CE00002F001AE0181E00609104801BC6003001A
:106CF000904201BC600300112D039EDE02F001B141
:106D000001846002F2979400B0451700178F00B01D
:106D10005E170017900200441F0001AA018560025F
:106D20000910480181600700104701F0DE0F0037AD
:106D3000A1020400BF0001AD01F084C70037A1002B
:106D4000A044B6F43145039EDE02F001B101BC61FE
:106D50003712B08003BFDE02F0000200A044B42A64
:106D6000314501BC612712708003BFDE02F00002D2
:106D70000020E082090002010CDE530017A1018807
:106D80005E8700104701BC60030050420108411FAC
:106D90000017A1018CDE86F2979403BFDE02F0009B
:106DA000020002DE02F000000020E07E0900020086
:106DB000025E02F012020283C21F00000202028081
:106DC000F30001C600B044670017A1017C5E862372
:106DD00057A302835EFF0001C500E000FAF46829B2
:106DE00001836006F7F7BF006BDE8D0521CA02063E
:106DF000D0030001CE00E950862337A100E8D08AF5
:106E00002357A20069DE8B0001CE00025E02F00D66
:106E10002F0191601684F42700E020A70088290341
:106E2000BFDE02F0036E00025E02F0037102040096
:106E3000BF0001D603945E02F000020020C28F065C
:106E4000000200A0428F01F78000685E002DC002A2
:106E500000025E02F00D2F03BFDE02F000120201FD
:106E6000C28F000002011400630017A100685E8752
:106E700000600200025E02F00D2F0194600F00001E
:106E80001800025E02F001DD03BFDE02F000120115
:106E90001400630017A100B05E870010A501BC605C
:106EA000131B906000685E870001E400E0418306E8
:106EB000D06000E85E870037A103BFDE02F001E08A
:106EC000028050C30001F2018760040310A000B0EB
:106ED00000630010B400B042D30018000088418362
:106EE0000030B601BC60030B10B500B0006300B009
:106EF000B40317DE02F001EB0397DE02F001EC01B0
:106F00008060068614300068D0D30001F20068D09B
:106F1000D70001F200B0446700143400B0446B00A5
:106F200014350002DE02F000000020E01280420C66
:106F3000018760040310A000B000630010B401BC1E
:106F400060030E10B500B0006300F0B401BC6057E0
:106F50000310B600B000630010B401BC600302D09F
:106F6000B50207500B00020901BC600303D0B50154
:106F70008E6002F297940204500B0002020204D0C9
:106F80000B00020201866006F2979400E042D700EF
:106F9000D0B500A0500B1117A10068DE87110208C0
:106FA0000186E006F2979400E042D70050B5020750
:106FB000D00B00020800E042D70090B500B042D7E5
:106FC0000011E100B0006300B0B40317DE02F0026C
:106FD0000A0397DE02F0020B0002DE02F00000005E
:106FE0006820C3000210006CC46506001201BC607A
:106FF00003000830006820BB00021600B0446700A0
:1070000017A2006C446988A215006B446988A0121D
:10701000006EDE8905E01201BC600300082E00202E
:10702000E0BE090002020681AB00021A0281B0E74D
:107030000000020280B0E700000203905E02F00050
:107040001203A25E02F0022C00025E02F011630243
:107050000200BF00022B0284DEAF00022302045EA6
:10706000B700022B00025E02F0156902045EB70051
:10707000022B03BFDE02F0000202045EB70002260C
:10708000020480C700022B02805EFF00022B000278
:107090005E02F0150D0206ABD300022A02052C2376
:1070A00000022A03BFDE02F0022B03BFDE02F00063
:1070B0000200025E02F012020200421F00024300C0
:1070C0006842F300022F006D42F300624301140096
:1070D000630017A100B05E870017A203A25E02F052
:1070E000023703145E02F00245006EC4568062450A
:1070F00002814523000245006E5E8700624301BCA9
:1071000060030077A200886006F457A300885E8BB6
:1071100001001800E85E8B0037A20020C28EF462E6
:107120003D006ADE86F4423703BFDE02F00243020E
:107130000400BF00026F00900063010165008085BC
:10714000970217A100E064820DA16600025E02F0C2
:1071500011DF03BFDE02F0026F01826002091048F6
:1071600003BFDE02F0000201BC600300111500B095
:10717000017F0017A6031F5E02F00254020300C342
:1071800000024A0020C28F02024E03255E02F00276
:10719000540020C28F02024E00688153FFE01203A8
:1071A000BFDE02F002500194601300001803BFDE3E
:1071B00002F0026F039EDE02F002530068DE980BBD
:1071C000C2530201411F000F2501856002091048CA
:1071D00000685E980BC25800695E9F006272029858
:1071E000428F00025803BFDE02F002720201411F0B
:1071F000000F25020400BF00025F0218428F000F3B
:107200002500025E02F011C100025E02F011DF01F2
:1072100094058700001803BFDE02F0026F0200151C
:107220000B000268020016BB00026B00B01497004E
:1072300017A10068DE84B2226800B0149B0017A179
:107240000068DE84B2426800B0149F0017A1006895
:10725000DE84B26268029E14E700026B0201C28FF4
:1072600000026D0194600F00001803BFDE02F002FF
:107270006F0201C28F00026D018060060D906C02EA
:1072800000C28F000F250194600700001800025E05
:1072900002F001DD020400BF0002A103BFDE02F024
:1072A00002A101BC60031810600129500B00179265
:1072B00000B0017B001065006800EB00027A0088D6
:1072C0005A130117A100E84466F437A1006EDE846A
:1072D00007427A03BFDE02F007B201906012091084
:1072E000480194601F00001801085A0F001781011F
:1072F000885E0681540A01345A0F00178000025E2E
:1073000002F0014300B0017B00106500B05623007D
:1073100017A100E05E86A097A100E85E8400F40358
:1073200000E85E8400F41600B05A0300141300B0A5
:107330005A0700141400B05A0B0014150068DE0739
:1073400000429200E800970057A101BC5E86F0144D
:107350001B017C5E8700F41C00B0204700178100F1
:10736000025E02F0108400B0017B00106501085A33
:107370000F00178100B05E8700141E03BFDE02F00D
:10738000029500B0561700141B00B0561B00141CC9
:1073900000B0541300141E00B05013001086006D8E
:1073A00000A700829B0190016300108A00B0418F0A
:1073B00000106200025E02F0160200B0422B0014C0
:1073C0000601BC60031817A1006DC18C20029E014C
:1073D000BC60030297A100E05E840377A100E05E39
:1073E00086B0111D03BFDE02F00337020300C700A1
:1073F00002B1020CD0030002B1011400630017A116
:10740000028500630002B10080DE8701F7A201BCA3
:10741000601B1857A200E05E8A0DB06500B041976E
:107420000014320080DE8700B7A201BC601B15D7B4
:10743000A200E05E8A0DB06400B0419300143300F6
:1074400068D8130002BF02005A1B0002B30180601B
:107450000684F42703BFDE02F006C30201D0030056
:1074600002B300B0509B00142F0281D0C700036B01
:1074700000025E02F00371010BD0030017A1013C72
:10748000502B0017A2018C5E86F457A101480143DE
:107490000017A2010C81430017A300685E8F002231
:1074A000BC018CE0000A17A200685E86F442BF01AE
:1074B00091601284F42703BFDE02F0036E00025EC7
:1074C00002F001F300B0501300108600B050170016
:1074D000108A03A25E02F0030B020CD0030002DE4E
:1074E000020300C70002DD00B050CB0010650002AF
:1074F0005E02F01698020350C70002CB01BC602365
:107500000097A100A85002F4340003BFDE02F0028D
:10751000E2020481AB0002CD006D4246C080120041
:10752000B05A1300178000025E02F0014D00B05403
:107530000F00141E00B05A070017A100B05A130024
:10754000178001875A16F0178000B0418F00106530
:1075500000025E02F0160B00E05E86A07403028754
:107560005E030002DC0109DE030017A300E05E8B6E
:107570000077A200E05E8AF477A200885E8B003775
:10758000A100E05E86F4508903BFDE02F002E20053
:107590006D424A848012010650070017A1028CD068
:1075A000030002E100685E870002E20182DE868657
:1075B0003431018260028634310020D0030402E8B5
:1075C00000B0504F0011F200B050530011F300B062
:1075D00050570011F401BC60030091F0020601ABAA
:1075E00000030402015003000304020601AB000380
:1075F0000403A25E02F00304028030E700030401EA
:10760000806005872C3900E001E700207901BC602B
:10761000430890E600025E02F0016A01BC600319B3
:1076200010E401BC600300000601BC600301D782C6
:1076300001D2DE0877F0E000B00F030010E100B0E7
:10764000004700108600B00F1F00108A01BC6003C5
:1076500000378100025E02F0107000B0059B001040
:107660006400E8581A28F14500B0058B001064004A
:107670006A4516C082FF00025E02F01095006E455A
:107680001700430101BC600300514501BC600300C9
:1076900010BB01BC610303B08003BFDE02F0001227
:1076A00003945E02F0030B020650030003070287F7
:1076B000DEAF00030B028150030005DC0202D0C7DD
:1076C00000030A0208502B00030B0285D0030005BB
:1076D000F301906012863431011050070017A600A4
:1076E00068DE9B004317013A500700178000885E50
:1076F0000300778000E000AEF0106400B05E070089
:10770000081301BC602306D78100E0418301706348
:1077100000E0418F00B06500025E02F010AB00B0E7
:10772000204F00178103A25E02F0032300B0500F28
:107730000011160202D0C700031B00B0505B0011FD
:10774000160282D003000323028147C300031C02F8
:1077500080504F000321002047C73F83230020C7EC
:10776000DB00C36D03BFDE02F0032303A55E02F05E
:1077700003230280C7DF00036D028850C700033F68
:107780000129500B001792020300C7000330020CBE
:10779000D003000330028350C700033000B050CB49
:1077A00000106501385A1300178001825A170057DC
:1077B00081010E5A130017A1018E5E86F0378102F7
:1077C00002D0C700033F00B0501B00108A03BFDE89
:1077D00002F0033F0282D0C7000337013850270070
:1077E000178001085013001781010250130017A1E0
:1077F00001825E86F0378100B0507F00108903BFA0
:10780000DE02F0033F0138506F0017800108502B53
:107810000017810106D0070017A101825E86F037AC
:107820008100B0501B00108A00B050830010890105
:107830000E50730017A1018E5E86F0378100025E44
:1078400002F0014300025E02F010700102421B00D0
:10785000178101825E0502378100025E02F010840A
:10786000020680C700034B010C81430017A6006885
:10787000DE9B00634900885E870057A103BFDE02DC
:10788000F0034B0068DE9B00434B00885E870037A7
:10789000A100E05E840117A101D9DE8700108301F9
:1078A000BC613703B79100685E4B02837F0204001E
:1078B000BF0003520287500300035203945E02F09C
:1078C000035303225E02F00360020681AB00035EF5
:1078D00000685E4B04435700685E4B00435703BF8C
:1078E000DE02F0035E00E001EF00207B01BC6003DC
:1078F00002914501836005872C3900E044670A0C3A
:107900003D018C600E1770BB01BC61030230800327
:10791000BFDE02F0000201BC610300308003BFDE65
:1079200002F0000201BC613303B7910285006300DD
:107930000366009000630097A100E06482F4306564
:10794000006E5A130023660188E006F237910206A2
:1079500001AB00036A0068DE4B05A36A01BC61034A
:1079600000308003BFDE02F0000203BFDE02F0033E
:107970007F0191600E84F42703BFDE02F0036E01E5
:1079800091600684F42701BC60030010B40181E01B
:107990000686343103BFDE02F006C3011C508F009F
:1079A00017A10080DE870197A200E0015E0DB0659F
:1079B00002805A7F00037E02815A7F00037A02030D
:1079C000DA7F00037E00685A8700037E0088600625
:1079D000F437A100201CBAF4237E00025E02F00DF1
:1079E0002F0191601E84F42700015E02F000000365
:1079F000BFDE02F0036E0002DE02F0000003C4DE10
:107A000002F00D7A020650030003870207DEAF0082
:107A1000038701BC6103003791020750030003850F
:107A200001BC620300F79100E0010B00204203BF9C
:107A3000DE02F0038801BC600300204200B05E4714
:107A4000001080020400BF00039000B0058B0010FE
:107A500064006E45170000020068DE4B02838F0051
:107A6000A044B42A314503BFDE02F0000200025EEA
:107A700002F010950068C51700000203D05E02F006
:107A8000039400025E02F0109503BFDE02F00002D4
:107A9000020601AB0003970068DE4B05A397018047
:107AA0006001872C39020E01AB00039A0200B0E797
:107AB00000039A01816005872C3900E10DB228E3AB
:107AC0006C00E08DB700036D01836002F7F7BF0122
:107AD000BC600300900400A8412330104801BC6240
:107AE0000F0011E001816002F5D7AE020200BF0075
:107AF00003B80068DE4B0203A400025E02F017BA6E
:107B00000068DE4B0623B802045EB30003B8020629
:107B1000ABD30003A90204C5AF0003B803BFDE0264
:107B2000F003AA0200456F0003B800E84465563729
:107B3000A100E82A96F437A100695E870823B802FD
:107B400006ABD30003B2006BAC422323B100E04488
:107B500067014B100183E0022B915C03BFDE02F052
:107B600003B80183E0022B915C01BC6003185178DB
:107B700000B045E3001800018360022F317900A8AE
:107B80004138F9D7A100B05E84FE704E0187E00253
:107B9000F577AB0068810B0023BB00B044670000A1
:107BA000430182E00609104800A841B310906C011F
:107BB0008260062891440188E0020B905C00025E1E
:107BC00002F012360185E002F7F7BF0288421B007F
:107BD00003C30185E006F7F7BF035B5E02F003C550
:107BE00001BC601300104301BC600300108501BCA0
:107BF00060030010B8008850770090B90208502B3D
:107C00000003CC013850730017A1017C506EF4378B
:107C1000A100885E870090B9020047A30003D0014D
:107C2000BC60030011EA009042E70091EB00B0470E
:107C3000A300D1E8020047B30003D201B0E08E3DBB
:107C400091EC01D2E00210908403A95E02F004FDE1
:107C500001BC600300108400E001C300207000B08C
:107C60004467000C0D00B0446B000C0E0320DE02D4
:107C7000F0044B00685E4B18A3E30068DE4B0783FB
:107C8000EC01BC63FF1F708401BC600300F0850140
:107C90003813630010B500E042D700D0B501BC60D6
:107CA000030010A601BC602314D0B400E0135700F9
:107CB00024D503BFDE02F004930184E006F597ACFF
:107CC00001BC60FF1FF08400025E02F0042801BCCA
:107CD00060030010B401BC60030010A601BC600387
:107CE00002D0B501BC602304D0B400E0135B0024D3
:107CF000D603BFDE02F0049301816006F5B7AD0044
:107D000068DE4B04A3FF0203DEBB0003F100E02E9C
:107D10000B00106503BFDE02F003F201BC6023011B
:107D2000106500A05E7FFE10EC00B05A030010ED5D
:107D300000B05A070010EE00B05A0B0010EF00B070
:107D40005A0F0010F001BC63FF1EF08401BC6003F9
:107D500000308501BC60030010B401BC600301D099
:107D6000A601BC60030450B501BC602304D0B4007C
:107D7000E002AF0020AB03BFDE02F0049301BC6160
:107D8000FF1FF08401BC60030010850068DE4B0516
:107D9000240701BC60030010B401BC600B0B50A6AB
:107DA00001BC600302D0B501BC602304D0B403BFA2
:107DB000DE02F004130068DE4B02441E00B03067A0
:107DC0000010840285C38F00040B00E05E2700379B
:107DD0008901DA5E270010EE01BC63FF1FF0CE01BF
:107DE000BC60030010B40080E02183180000E0694B
:107DF000820DB0A601BC600303D0B501BC602304B2
:107E0000D0B400E001D3002074018460070011E0C9
:107E10000282DEB30005BC02045EB30005BC018132
:107E2000E006F5D7AE0183E00609104800B0412313
:107E300000180001BC600306B78E0188204610D7E9
:107E40008100025E02F0108400885E870070830368
:107E5000BFDE02F005BC01BC60031FF0840103DE3D
:107E6000530017A200680ECF00042300B00ECF000D
:107E700017A200901CBAF457A202005EFF0004256E
:107E800001BC60030037A200682B4F00042701BC2F
:107E900060030037A201865E8A1C70E3006AC39308
:107EA00000043100E8439000D0E40202421B0004C9
:107EB0002F0090001B0037A10020421B00442E0021
:107EC000B020970017A100E04392F430E40069C3AA
:107ED0009300043101BC60030010E400682B4F00E4
:107EE000043300E043915B30E401BC60030010B454
:107EF00001BC60030010A601BC60030210B501BC08
:107F0000602304D0B400685E4B06A44900E001CBB6
:107F1000002072020681AB0004930280B0E70004E7
:107F2000930203B0E700049301BC600704F7A602C4
:107F300088421B00044101BC600F0017A602824268
:107F40001B00044101BC60170017A6010C8143000F
:107F500017A50068DE9700644400885E9B0037A682
:107F600000E04466F4CC3C0181E005872C390182B5
:107F70006005872C390183E001872C3903BFDE02BD
:107F8000F0049300E001CF00207303BFDE02F00491
:107F90009303205E02F0049A0181E0020910480078
:107FA000E001D7002075031EDE02F0047A01BC60F8
:107FB000030017A2006A5E230004530102428F00EF
:107FC00017A201855E8A0910480180E00610308101
:107FD0000284DE5300045A00B000770017A100E0CD
:107FE0005E840437A100885E870057A100E05E87A9
:107FF0000D57A103BFDE02F0045B01BC60030D5707
:10800000A10068002700047A00E05E8401F7A10166
:10801000BC6023009065008841970030B601BC60C9
:10802000030010B400905E870050A601BC600301FD
:1080300010B501BC602300B0B40317DE02F0046386
:108040000397DE02F004640020DE8700446D002008
:10805000DE8700246A01B85E22D0168001805E8A25
:10806000D0368103BFDE02F0047301BC5E22D0165D
:108070008001845E8AD0368103BFDE02F004730083
:1080800020DE8700247101B85E22D0368101805E37
:108090008AD0568203BFDE02F0047301BC5E22D098
:1080A000368101845E8AD0568201886002F430A84D
:1080B00000B05A030010B000B05A070010B102809F
:1080C00042A300047600E042A30090A800B05A0B3F
:1080D0000010B000B05A0F0010B101876006109078
:1080E0008400E05E2700378901DA5E270010EE0188
:1080F000BC60030010B401BC60030350A600B000D4
:10810000330010B50284DE5300048400E06068038D
:10811000B0A600E042980430A600B000370010B5C9
:1081200001BC602304D0B401846006F297940186F8
:108130006002091048039EDE02F0048E0280441F94
:1081400000049100B05E3F00114501BC60030017C0
:108150008F00B05E4300178500B05E0F00179003DC
:10816000BFDE02F0049100B05E0F0017850280446C
:108170001F00049100A044B6F0B14501BC600301AA
:10818000104201836006F29794018460070011E0B9
:1081900003A05E02F005BA02065EAF0005BC0186D0
:1081A000E006F577AB01BC600300108000025E02C0
:1081B000F00D3703BFDE02F0072003A15E02F005D9
:1081C00027011400630017A10068DE8700E49F0107
:1081D00081600609104803BFDE02F0052702850012
:1081E000630004A10183E0060D906C01816006F537
:1081F000D7AE011C508F0003BD0206508F0004A9AA
:1082000000B044670010F300B0446B0010F401BCF0
:1082100063FF1FF0D301BC63FF1FF0D400B042170F
:108220000310850020600E8624D0018760040310AF
:10823000A000B000630010B401BC60030B10B500D7
:10824000B0006300F0B4020300C70004BB020CD00E
:10825000030004BB028050C70004B300B0541300F5
:1082600017A100E05E8680741A00B0506B0010E425
:1082700000B042130210840209502B0004BB00B06E
:10828000421300308401D2E03AA030E0028050C7AF
:108290000004C101D2E052A030E003BFDE02F004CE
:1082A000C10202D0C70004C100B0505F0010E0005E
:1082B000B050630010E100B050670010E200B05011
:1082C0006B0010E400B0421302F084020050C700BB
:1082D00004CB018AE00E10908401BC60FB1C10E509
:1082E00001BC60030890E600B000630010B401BC5C
:1082F00060030210B500B0006304D0B401846007CD
:108300000011E001BC600300178E03BFDE02F00520
:10831000C700E001C700207100B000630010B40185
:10832000BC600302D0B500B0006304D0B403BFDE6C
:1083300002F0055403225E02F004D200E002A7001E
:1083400020A9010350030017A100B85E870037A1E0
:1083500001875E86101080020400BF0004E0032B3A
:10836000DE02F004E0020000F30004DA00E800237B
:1083700000514201BC600A28514203945E02F0049D
:10838000E000B0058B00106400E0582300360800C0
:108390006858030004E000B0446700111200B058B0
:1083A00003001115020CD003000526020300C700CC
:1083B00004F300B050CB00106501BC6003001685CB
:1083C00000E05A3300368C020350C70004E800E096
:1083D0005A2700368903BFDE02F0052701BC60037F
:1083E0000017B200B05A0B000B8301385A13001764
:1083F000A101BC5A06F430E0013C5A130017A10158
:108400007C5A06F430E10181E0061090840185E099
:10841000070010E30185E0070010C30282D0C70007
:1084200004F803BFDE02F004FB0202D0C70004FD23
:1084300000B02A330017A101B8506EF430E000B04C
:1084400050730017A101B82A36F430E102824213BA
:108450000004FB00B0507B0010E400B04213021097
:10846000840185E0061C30E100B0421300708401F5
:108470008760040310A0020300C700051300B0507A
:10848000CB001065006D5ECAD1C5030185E00218FE
:1084900070C300E05ECB00368E01BC601B1FD06550
:1084A00000E04196F6506500B050970016800068D5
:1084B000DECB00050B01BC60230150B800E001F3E6
:1084C00000207C00682E0F00251103BFDE02F0059E
:1084D0001E00B05ECB0010B500B000630870B4029F
:1084E0008342D300050D01BC60030170B80068AE83
:1084F0000F00251E01BC60030170B802BC5067006C
:10850000051D03BFDE02F0051C010CD0030017A1FE
:1085100003A95E02F0051901BC60230150B800E018
:1085200001F300207C00685E8700651C03BFDE024B
:10853000F0051E01BC60030170B800685E8700454D
:108540001E01BC60030170B80181E0021710B80180
:10855000BC600300F0A501BC60030E10B500E00193
:10856000F700207D00B000630010B400B00063008D
:10857000F0B400B042D3001800018860080310B4C2
:10858000018160060D906C03BFDE02F0055402020B
:10859000D0C700052D00B0506F0010E000B0507340
:1085A0000010E100B050770010E202824213000593
:1085B0002C00B0507B0010E400B0421302F08400A5
:1085C000E05E9F0037A703A15E02F0053601BC60A4
:1085D000030017A7018760040310A000B000630028
:1085E00010B401BC60030E10B500B0006300F0B41D
:1085F000018860080310B403BFDE02F0054900B033
:10860000017B00106500B05A030010E500B05A0766
:108610000010E600B05A0B0010E70068A04B000500
:108620003C00E05E270037890068204B00054001D0
:1086300085E0070010E30185E0070010C300B042A9
:108640001301108401DA5E270010EE018760061026
:10865000908400B042131C108401BC60030010B46D
:1086600000E0606803B0A600B000970010B501BC40
:10867000602304D0B4018460070011E003BFDE0270
:10868000F005A901085E4B0017A100685E87002570
:108690005402025003000553029E509F00055002F1
:1086A00001D00300055000E05E2700378901585EC5
:1086B0002700142D01DA50B70010EE018760061074
:1086C000908403BFDE02F0055401BC600300142D4A
:1086D0000104C1070017A100680EF700055900B09A
:1086E0000EF70017A100901CBAF437A103BFDE02F9
:1086F000F0055B03225E02F0055B0103DE53001709
:10870000A100B05E870017A202005EFF00055E01B7
:10871000BC60030037A200682B4F00056001BC60FD
:10872000030037A202885E4B00056300685E4B06BB
:10873000856301BC60030017A200688EF700056521
:108740000183DE86F297940183DE8684F42702811A
:10875000C21300056B01865E8B0010E30186600783
:108760000010C30181E00610908403BFDE02F00513
:108770006D01865E8A1C70E3018660061870C30274
:10878000B847A70005A502A047B70005A703A95E43
:1087900002F0057501085E4B0017A100685E8700B6
:1087A00025A6021E509F0005750185E0061C70E39A
:1087B0000185E0061870C3011400630017A100686A
:1087C000DE8700857E00B001530017A20068DE8BB3
:1087D000FFE57A0068424700257B0068DE8A84C591
:1087E0007E018560020910480186E0021C70E301E9
:1087F00086E0061870C3011050070017A600685ED7
:108800009B0005A601BC60030011E4013A5007007B
:10881000178000885E0300778000E000AEF01064EF
:108820000068DE9B00458B0207D00300058901BC70
:10883000602B11F7A200E05E000B37A300025E027E
:10884000F010D601BC602306906401BC604700179D
:10885000A200025E02F010FE00685E9B0045A701C8
:10886000A46046F471E00068DE9B00C59901BC611C
:108870001300B7A1020600F300059201BC601300CB
:10888000B7A10192C21AF437A203295E02F005973C
:1088900001BC60030011EE009042E70091EF0192ED
:1088A000E00EF437A200B05E8B0011EC03BFDE02D5
:1088B000F005A700685E9B00659E00685E9B00A5B2
:1088C0009E00B0502F0011E200B050330011E203BF
:1088D000BFDE02F005A7018760023D11E80068DEF7
:1088E0009B00A5A1018760063D11E801BC60030063
:1088F00011EA009042E70091EB0192C21B00B7A27F
:1089000001B85E8A3D11E803BFDE02F005A70184CD
:1089100060070011E001BC600300112D00B044832A
:1089200000142C03A3DE02F005BD01BC6003001798
:108930008E00685E4B05A5AD020050030005B7012F
:1089400083E00609104800B0412300180001BC6014
:108950000306378E00685E4B05A5BC00E002A3004D
:1089600020A801BC600304B78E03A95E02F005BC19
:1089700000685E4B0425BC01BC600306B78E03BFD4
:10898000DE02F005BC01816006F577AB00B05E0F3A
:1089900000178500025E02F0109501BC600300170D
:1089A0008C01BC600300178D0323DE02F005C702B3
:1089B0000680C70005C6010C81430017A10068DED0
:1089C000870065C60108421B0017A10068DE87000A
:1089D00005C601BC607F1FF7A101E05E86107083B1
:1089E0000182E005872C3900E04467258C3B018734
:1089F000E006107083006D00A70085D903295E0290
:108A0000F005D9020300C70005D600B050CB001016
:108A1000650282D0C70005CE00E05A2300368803E5
:108A2000BFDE02F005CF00E05A2700368900682E2D
:108A30000F0025D600E05ECB0037B2010A5ECB0006
:108A400017A100E050CAF4306500D06006F657A2C6
:108A500000205A1AF445D603BFDE02F005D000020A
:108A60005E02F012360350DE02F005D603BFDE02CE
:108A7000F0063D02055EAF0005DB0187E0062671CA
:108A80003303BFDE02F000020190600A8634310237
:108A900082D0C70005E5013C50270017800109502E
:108AA0002B001781010750070017A101825E86F095
:108AB000378100B0501F00108A00B0500F0011160F
:108AC00003BFDE02F005EB0138505F001780010A9A
:108AD000502B0017810107D0070017A101825E8685
:108AE000F0378100B0502300108A00B0505B0011B5
:108AF00016020300C70005F0020CD0030005F002C7
:108B0000085E070005F00138540700178001904205
:108B10002AA1308A028050C70005F901BC60030514
:108B2000B79203BFDE02F0031B019060068634316A
:108B3000020300C70005DD020CD0030005DD00B014
:108B4000001F0017A100E05E8680741A03BFDE02DA
:108B5000F005DD01BC600306379203BFDE02F003BF
:108B60001B00E0135F0024D70204DEB30000020004
:108B7000B0130B001065011998870017A101095A5D
:108B8000130017A201895E86D0968400B0130700F7
:108B900017A3006DDE8498260400B05E870017A33B
:108BA00001885E8ED096840068DE8AF4210E01BCB6
:108BB00063FF1FF0D000B05A130010F001BC600337
:108BC0000017A501825E961E10F001BC63FF1FF026
:108BD000CF01BC601B00F0EF01BC63FF1FF0D100B0
:108BE000B044670010F101BC63FF1FF0D200B04435
:108BF0006B0010F201BC60030404D801BC63FF1FCA
:108C0000F0C301BC60031C10E301BC63FF1FF0C490
:108C100000B052130010E401BC63FF1FF0C500B0A8
:108C2000522F0010E501BC63FF1FF0C600B05233A5
:108C30000010E601BC63FF1FF0C700B05237001000
:108C4000E701BC63FF1FF0C800B052170010E80135
:108C5000BC63FF1FF0C900B0521B0010E901BC63E8
:108C6000FF1FF0CA00B0521F0010EA01BC63FF1FD3
:108C7000F0CB00B013470010EB01BC63FF1FF0CC3A
:108C800000B0134B0010EC01BC63FF1FF0CD00B02F
:108C9000134F0010ED00B0136700106201BC6003B9
:108CA00000281100025E02F0107400025E02F00D56
:108CB0002F01BC602B1877A100025E02F001270192
:108CC0006040670011C000E040649B17A100E05EB7
:108CD000870097A101BC63FF1FF0C001BC600301C6
:108CE000550101D2DE86A030E000905E870177A1B9
:108CF00001BC60030797920190600A09104803BF06
:108D0000DE02F0035301BC60070011C101BC602BFF
:108D10001817A101BC60030017A200025E02F00157
:108D20002B01BC60030011C10002DE02F000000252
:108D300001C2E3000665020300C700064200682E78
:108D40000F002652006E4246F6465203BFDE02F086
:108D50000644006E4247002652020300C700064F39
:108D60000355DE02F00644018060028614300138AB
:108D700050830017A100B050CB001065006DDA32AF
:108D8000F42C6200A8412314104801140063001061
:108D90006500E041970ED06500E05A03003680017F
:108DA000BC621F0011E003BFDE02F000120181E08F
:108DB000068634310191600E84F42703BFDE02F091
:108DC0000665013C50670017A101AC5E861750BADA
:108DD00001BC60030190B8020300C700065F006891
:108DE000AE0F00265A0181E0021710B80350DE02D0
:108DF000F0065803BFDE02F0066500E82E0F002BD8
:108E00008300B05ECB0010B500B000630870B40200
:108E10008342D300065D03BFDE02F006600186E0F8
:108E2000040310A000025E02F001E603D5DE02F0AA
:108E30000C6203D6DE02F00C7A0350DE02F006610B
:108E400003BFDE02F003C301BC600300F0A5018292
:108E5000E00209104801BC621F0011E001BC600380
:108E60000011EC01BC600F0011E80285500B0006F8
:108E70006C0182600209104803A0DE02F006700354
:108E8000D5DE02F00C6203D6DE02F00C7A03205E1F
:108E900002F006760188600209104801BC600300F8
:108EA000083100685E4B18A0020068DE4B0786752B
:108EB00000025E02F0063703BFDE02F0001201BCC2
:108EC00060030037A100025E02F00E9603A3DE02EB
:108ED000F00012020050C700068201BC60030010BF
:108EE00080018260060910480180600286343100EA
:108EF000688EF70006800104C1070017A10183DE18
:108F000086F2979400E001CB00207203BFDE02F0EE
:108F1000020D00B0010B0017A1006DDE840806C32E
:108F200000E844640877A1006E5E840826C30187C8
:108F3000E006F577AB020200BF000697028881AB1E
:108F4000000697028400C70006970129500B0017FE
:108F5000A10068DE870206970282DEBB0006970248
:108F600003C5730006960283DEB30006960286AB45
:108F7000D30006920282DEBB00069200682AE70058
:108F80000697006DDE2F01E6970182E006F7F7BF36
:108F900001BC613B0417A100E04466F42AA903BFA9
:108FA000DE02F0001203BFDE02F006C301BC600364
:108FB00000114902825EAF0006B201826006F577B9
:108FC000AB00B0446700081C020400BF0006A30009
:108FD00068451F0006A30185E002F577AB032BDE91
:108FE00002F006A10185E006F577AB00B0058B0025
:108FF000106400025E02F0119700B0014B0017A24E
:109000000208421B0006A600B0016B0017A2006810
:109010005E8B0006AE0090452B0097A10080DE8697
:10902000F457A1006E20BA0DA6AE00B041B70008FB
:109030002E00E120BA23282F00E0DE86234C4500D5
:10904000B041B6F4282E02055EAF0006B001BC6147
:109050000300113300E10D8229436000E08D870099
:10906000036100E844650397A5006D5E970100C1A8
:10907000020200BF0006C00068DE4B06A6B70184EE
:10908000E002F7F7BF0068DE4B0406BA0282DEB3E7
:109090000006BA01BC6003000B0A02045EB30006BE
:1090A000BD0068DE4B0626BD00025E02F0158F0093
:1090B000025E02F0123703A3DE02F006C00183E075
:1090C00002F597AC00025E02F017C001826002F563
:1090D00077AB03D15E02F00002020050C300071913
:1090E0000325DE02F006C70183600684F42703BF70
:1090F000DE02F006F9020CD0030006F7020300C7F7
:109100000006E6011400630017A1006DDE870086EB
:10911000F701BC600300178000B050CB0010650061
:10912000B050CF001064018160060D906C01826028
:109130000686343100B05A230017A101BC60030039
:10914000168801BC5A2AF437A101BC600300168AB4
:1091500000B05E8700148F00B05A270017A101BC31
:10916000600300168901BC5A2EF437A101BC6003CC
:1091700000168B00B05E8700149000B05A1B0014DC
:109180008D00B05A1F00148E01BC6003001604004D
:1091900068DE030006E3020350C70006E201005048
:1091A0009F00178001805E0291B48D01BC5E029227
:1091B000149001BC600300378000025E02F016E4E8
:1091C00000B05E0300148C03BFDE02F006F20068FC
:1091D000C2470006EB0181E0068634310191600E42
:1091E00084F42701BC600300143003BFDE02F000EA
:1091F0000200B0509F0017A100025E02F001E500DE
:10920000B05E870014270186E0040310A000B0427E
:1092100083001800010CD0030017A10068DE87004E
:1092200066E6010250C70017A101805E8684F4271C
:10923000018AE00E84F42700B050BF00142603BF5B
:10924000DE02F006F90186E0040310A00200509F40
:109250000006F90286C10700071403295E02F00622
:10926000FE00B0523300142D00B052370017A10198
:109270009E5E8684F42700B0509F0017A10180DE17
:1092800086F437A1020580C300070500B0303B001B
:10929000108F00B0303700108E00B050D700108D06
:1092A00000B050D300308C00B050BB00108F00B025
:1092B00050B700108E00B0509B00108D01806006EA
:1092C000F4308C020250C700071100B05243001066
:1092D0008F00B0523F00108E00B0523B00108D0145
:1092E0001A52370017A10198DE870437A101B85E32
:1092F0008691B08C01826002863431018160020D5A
:10930000906C01BC600300143401BC600300143590
:109310000325DE02F00717019C600284F42703BFD7
:10932000DE02F0071B0285500B00071900A850C78A
:109330000D143101BC600300143001816002F5D7C7
:10934000AE0183600284F4270185E0020910480120
:10935000BC600300142E03A25E02F0020D03BFDE08
:1093600002F000120323DE02F0079103A35E02F075
:10937000079103A2DE02F0079101816006F577AB49
:1093800003AA5E02F007910183E00209104803512D
:10939000DE02F0072C020680C70007290182E001E7
:1093A000872C3900E0026B00209A0180E006F577F7
:1093B000AB03BFDE02F007310301DE02F0072F002E
:1093C000685E4F06272F01BC60030017A803A45E48
:1093D00002F0073103C1DE02F0079402045EB3001D
:1093E000073A01846002F597AC0183E00209104856
:1093F00000B02B3F0017A1006D2AEEF4200200E020
:10940000027B00209E01BC6003000ABB00025E02DA
:10941000F0159203BFDE02F000020203DEB3000784
:109420004A0183E002F597AC00E020CF0028330228
:10943000015EBB00074A00B02A830017A1006D201F
:10944000CEF4274501BC600300083300E0027F0032
:10945000209F03A95E02F007480191601A84F42757
:1094600003BFDE02F0036E01BC63FF1FF7A1000221
:109470005E02F00E9603295E02F0074A0191601A1F
:1094800084F42703BFDE02F0074A0184600209105A
:109490004800E10DC229437000E08DC7000371024E
:1094A0000400BF00075101BC600300111501140046
:1094B000630017A100E06602F4306500025E02F06E
:1094C000109A0182600209104800685E3B18A75597
:1094D0000068DE3B07075603BFDE02F000020329E7
:1094E0005E02F007590201500300075900685E3B15
:1094F00004A76001F0DE1700378500A05E16F09724
:109500008500685E3B0627600201500300075F028A
:109510008780BF00075F0185E0060910480280D000
:109520000300077000B05E1B0017A300B0008B00A3
:1095300017A4020400BF000766006E4197306766FB
:1095400001185A030017A3011A5A030017A4006850
:10955000C18318076900E002930020A403BFDE0264
:10956000F0076B006D5E2EF4876B0182E006863497
:109570003100E05E3300378C0068DE32F4676E0045
:10958000B05E0F001785006DDE2EF4677C03BFDE32
:1095900002F0078C00B05E1F0017A300B0008F0020
:1095A00017A4020400BF000776006E41973067766B
:1095B000011C5A030017A3011E5A030017A4006DD3
:1095C0005E2EF487780182E00686343100E05E3753
:1095D00000378D0068DE36F4677B00B05E0F001741
:1095E00085006D5E2EF4678C0185E002091048034A
:1095F000D1DE02F0077E03295E02F007800203003D
:10960000C700078100B05E0F00178500025E02F000
:109610001095006841831807B2020300C70007884D
:10962000020CD003000788028350C7000788006837
:10963000DE4B05A78803BFDE02F016640181E00659
:109640008634310068DE3B06278B00E0029F002055
:10965000A703BFDE02F006C300025E02F010950110
:1096600081600209104803295E02F007910283001D
:10967000C700166403BFDE02F006C303D1DE02F0AA
:10968000079203A5DE02F006C303BFDE02F000125C
:1096900000E10DBA29436E00E08DBF00036F0206A2
:1096A000500300079C00B001030017A1006D810A60
:1096B000F4279C00E844640877A1006E5E840827C4
:1096C0009C0187E006F577AB01085E4B0017A1000F
:1096D000685E4B05279F00685E870027A000B05E8C
:1096E0000F00178500025E02F0109500685E3B06D1
:1096F00027A601BC600300178C0200D0030007AB53
:1097000001BC600300178D03BFDE02F007AB01BC94
:10971000600300178C020300C700020D020CD00387
:1097200000020D019C600284F42703BFDE02F002F8
:109730000D006841831807B10180600684F4270397
:10974000295E02F006C3018260068634310283007E
:10975000C700166403BFDE02F006C300E0029700F4
:1097600020A50181600209104801BC6003000812B5
:1097700000E0017B00A05E01BC60131417A1006D26
:10978000017AF4201201BC60130C805E03BFDE027C
:10979000F0001200025E02F00D2F0338DE02F0002E
:1097A00012039EDE02F0001200E8444C00F7A10014
:1097B000E85E840117A1006ADE840107C200E85E4A
:1097C0008401118701BC600300118801A5E02230EB
:1097D000118001BC600300111301BC60030011146F
:1097E00000B044670017A100B0446B0017A200B09E
:1097F0005E8700110400B05E8B00110503B8DE0225
:10980000F007C403BFDE02F0001201BC600304B71E
:109810009201BC60030417A101BC63FF1FF0CE00DE
:10982000B052170010E800B0521B0010E900B0520F
:109830001F0010EA01BC60030010E4028600C300B0
:1098400007E200B0540F0017A20069DE8A9087D5A6
:1098500000E85212F450E40068A0470007E201BC9F
:1098600060030010E400B054270010E000B0542F53
:109870000010E103BFDE02F007EB01BC60030297BA
:10988000A101BC60031890E801BC60030010E9016D
:10989000BC60030010EA03BFDE02F007E203A4DEAF
:1098A00002F00A5003A9DE02F00A5001BC60030175
:1098B000D7A1020600C30007E40280DE5F0007E9CB
:1098C00000B054070010E0006820470007E701D20D
:1098D000DE86A030E000B0540B0010E103BFDE02D2
:1098E000F007EB01BC5E869010E001BC601F001029
:1098F000E101BC60030010E200B052230010E5005B
:10990000B052270010E600B0522B0010E700025EB4
:1099100002F0107403A9DE02F00AB100685E4F0481
:10992000280701BC63FF1FF0C300685E4F16A7F94C
:1099300000685E4F05A7FC01BC60031A90E301BC00
:10994000600306B79200685E4F05280703BFDE027A
:10995000F0080101BC600318B79201BC60030E90CF
:10996000E303BFDE02F007FE01BC6003063792018D
:10997000BC60031890E3028E01AB0008010298441A
:1099800007000BB502804607000BB500B02047006A
:10999000178100025E02F0108400E85E8400D7A107
:1099A000006A5E8690880700E85212F430E403BF34
:1099B000DE02F0080A01BC60030010E40338DE0296
:1099C000F0080A0187E0061C90E40190600A091083
:1099D0004801BC610304379100685E4F16AC40003B
:1099E000685E4F05ABB503835E02F00A5003BFDE2D
:1099F00002F000020204416300081D01876002F5C5
:109A000077AB01BC600300114901BC6003010B8905
:109A100000E10DB228E36C00E08DB700036D018416
:109A200060020B105802055EAF0008190187E006BE
:109A3000267133020400BF00081C0185E002F5779F
:109A4000AB00025E02F0119703BFDE02F0000203DA
:109A5000A35E02F0081F00025E02F017C00285C577
:109A600023000002018460060B10580200DEFF0094
:109A700008250180E002F7F7BF00682B4F0008259A
:109A800000E044655A4AD302055EAF00082701BCD6
:109A90006103001133020580BF00082D01BC601373
:109AA0001157A100025E02F001270196600E0330FB
:109AB0001900B040670017A200025E02F0012B02FD
:109AC00003C03700082F03BFDE02F0001202875EDA
:109AD000AF00083100E0021F0020870182600628E5
:109AE000914401BC6003010B8903BFDE02F0001248
:109AF000020601AB00083601806001872C3902069E
:109B000081AB0008380183E001872C390183E00232
:109B10000F10780281401300000202004203000887
:109B20003D01846002F597AC01BC6003000ABB01F3
:109B3000BC600300108003A3DE02F00840019060C7
:109B40000209104800B0446700179E00B0446B0043
:109B5000179D00B0446F00179C00B0447300179B22
:109B60000068DE7A23284000E002230020880115E7
:109B7000403B001797006D80A700884B00A05E5FF8
:109B8000003797006880A700084B01BC60030037CE
:109B90009700B001430017A1010C81430017A300F7
:109BA000685E8F00284F018CE0000A17A101C9DE12
:109BB000840527FF01BC60031077950191E0020D39
:109BC000906C0286403700085500E002BB0020AED2
:109BD00003BFDE02F00CA401BC600300148001BCD2
:109BE000600300148101B8600A04902401BC600382
:109BF00004082401BC600300482301BC600300D0BA
:109C00002A01B3600700100401BC600300080801CA
:109C1000BC600300080901BC600300080A01BC60C5
:109C20000300080B0183E002F5D7AE00E044671F94
:109C30004C1F0287C037000C9E00025E02F01236F5
:109C40000286403700086703C35E02F0087903BF4D
:109C5000DE02F00C9F0068C033004877006B44655B
:109C600083E87700B041270017A100B0412701D059
:109C70004900B05E870017A100B05E870017A10001
:109C8000B05E870017A100B05E870017A100B05E2C
:109C9000870017A100B05E870017A100B05E8700A3
:109CA00017A100B05E870017A100B05E870017A162
:109CB00000B05E870017A100B05E8700104903BFA7
:109CC000DE02F00D1303435E02F0086202864037A5
:109CD00000088500685E5F000C9F00685E5F004CB6
:109CE0009F0152D2030017A10185D206F437A203C7
:109CF000BFDE02F00880013C52030017A101BC52F4
:109D000006F437A20323DE02F008830068DE8B012D
:109D1000CC9F03BFDE02F0088500685E8B02888559
:109D20000068DE8B038C9F006D403300CCA400687C
:109D30005E5F00489800685E5F002895006800A795
:109D400000C88A006880A700A88B00E044669028BD
:109D50003001BC62C30017A10280520300088E01CB
:109D60009652030017A10080DE8690379A020352B4
:109D70000300089300E05E6A90379A0207D203005E
:109D8000089300E85E6B00379A029E5E6B000CA49D
:109D900003BFDE02F0089C0152D2030017A1018527
:109DA000D206F4379A03BFDE02F0089C013C52034E
:109DB0000017A101BC5206F4379A006E5E680BAC26
:109DC000A400685E6B000D130204C03B0008AE01E6
:109DD00081E0060D906C0207C0AF0008A4020740A6
:109DE000370008A200E0027300209C03BFDE02F0EF
:109DF0000CA400025E02F0123603BFDE02F0089EE1
:109E000000B02023000C1100B02027000C1200B07D
:109E1000202B000C1300B0202F000C1400B05E7F2C
:109E2000000C150287C0AF000C9E0282403B000C64
:109E30009E015840AF00179A01BC603F1E17A10059
:109E40006DDE6AF42C9E035B5E02F008B001BC601C
:109E50001300104301BC60FF1E17A1006E5E6AF480
:109E60002C9E00B0412328104801806002F2979494
:109E70000184E002091048015840AF00102A006830
:109E800040AB002C9E01BB5E5600900402035E575F
:109E90000008C1020047A30008BE01BC621E3C11BD
:109EA000E001BC60030011EA00B05E6B0011EB0141
:109EB00098601E3D11E8020047B30008C100B05E83
:109EC0006B0011EF01B0E0CE3D91EC03835E02F038
:109ED00008C400025E02F01236006D403304C8C1AF
:109EE00003AADE02F008E001BC63FF1FE3B301BC7C
:109EF000601F10D06401BC600300B7A101BC63FF08
:109F00001FE79300E04186F4306501BC63FF1FF654
:109F10000000E05E870077A100025E02F00F1F02E2
:109F200000C0770008D6012940770017A2006D5EB7
:109F30008B04C8D400E85E8B04D60001BC601F050A
:109F4000F06300E0418EC01063010C56030003B3C0
:109F50000068DE870168D600B05E8B000793006D55
:109F6000DE8701C8D900E0419300306403BFDE0200
:109F7000F008C903B05E02F008DF018360020D90B3
:109F80006C00681E1BFFE8E001BC601F05F0650067
:109F9000E04194F0D06502005A030008E0018360BC
:109FA000060D906C0020402F08A8E201BC60030061
:109FB00003B301BC60030007FC0188E00F0007FD4C
:109FC000006D4033020A4A0129520F00179301091C
:109FD000520F0017AA0068DE4F03A8EA0129522396
:109FE00000179301A95E4F00379301966002F29724
:109FF0009400E0418701F06501BC600F0017A100EB
:10A0000028DE869068F101866006F2979400E041B0
:10A010009700706500E0209300C82401065E53009D
:10A0200017A200A05E4F0477A10068DE870448FFF6
:10A030000186E006F2979400B85E8B0037A200B06C
:10A040005A030017A0020ADA030008F90187600624
:10A05000F297940284C03B0008FF0203DA03000871
:10A06000FF03AB5E02F008FD020441070008FF0198
:10A07000806004FFA7FD01065E530017A20182DE87
:10A080008A00900403AADE02F0094503AB5E02F0E9
:10A090000917018460020D906C01BC63FF1FF799E2
:10A0A00000B01E230017A20068DEAB00290900A043
:10A0B0005E4FFF77A10068DE8707291503BFDE0228
:10A0C000F0090B0284520F0009150204D20F000997
:10A0D0000E03B15E02F0091400B01E1F0017A203A8
:10A0E000BFDE02F0090F03B35E02F0091402005252
:10A0F0001700091500685E8BFFE91500E0015EF4AA
:10A10000506502015A4700091500B01E4F0017990B
:10A11000018460060D906C02005217000943033160
:10A120005E02F00943020200BF0009430180E00122
:10A13000610B080200521700091E0068DE4F040977
:10A140001D00B02AD70017A2006DDE895509310223
:10A1500002AB2F00093E02832B2F00092000685E0E
:10A160005F00092B01BC60030017A30138520300F4
:10A1700017A30283AB2F0009270068DE5F002927A1
:10A1800001085E8F0017A300695E8F00693E03BF60
:10A19000DE02F0092B006DDE5F00492903BFDE02FD
:10A1A000F0093E02842B2F00093E0068DE8F000973
:10A1B0003E00682A9B00093E00B02B930017A200C6
:10A1C0006DAA9AF4493E00685EAB00493100685EB2
:10A1D0004F06893103BFDE02F0093A00B02B9B0025
:10A1E00017A200B02A9B0017A10283AC27000936F2
:10A1F00000682C87000937006D5E8564293700B040
:10A200002C7F0017A2006D5E895CA93900B02C4B31
:10A21000000B110184E006F7F7BF0068DE4F0289EA
:10A220003E00025E02F017BA0206DEFF00093E00A1
:10A23000E02BC7002AF10068DE5F0009410068DEFC
:10A24000AB0049410180E005610B0800682B4F001D
:10A2500009430180E006F7F7BF01BC63FF1FF7A5C4
:10A26000032B5E02F0094600B01E4F0017A502073F
:10A27000520F0009C2028047A30009BF028047B302
:10A280000009BF00E0209300882400E8208F0088A8
:10A290002301BC60030011E401BC600303D1E102AF
:10A2A000065E5300094F01BC60030491E10206DE23
:10A2B0005300095300E047870051E10207D20F0025
:10A2C000095300E047870091E1006D403302CA4A1C
:10A2D00000685E4F0589560068DEAB0049C203ABDB
:10A2E0005E02F00959020052170009C2020580F30C
:10A2F00000095E00685E97FFE95B00E05E970097EB
:10A30000A50068DE97FFE95E028052170009C202CD
:10A310000700BF0009C201BC601B0437A2009047C0
:10A320008700306500E04196F4506500E047870102
:10A33000081A03835E02F0096500025E02F012361D
:10A34000006D4031034962006D4031034A4A01BC4F
:10A35000600B1D57A10068DE97FFE975010F5A07D2
:10A360000017A5031EDE02F009750200521700094E
:10A3700075032C5E02F009C200685E67FFE9750094
:10A38000E05E6700979900E05E66F43064012A5849
:10A39000030017990100DE970017A500E05E66F440
:10A3A000B79900E05E67003799011558030017A6BA
:10A3B00003BFDE02F0098500E05E96F43064012AF6
:10A3C0005803001799020580F30009840182E00216
:10A3D000F33799020052170009840116D8030017B9
:10A3E000A6010F5A070017A4010CD8030017A100FB
:10A3F00068DE92F4298000E05E6702179903BFDEF1
:10A4000002F00989010DD8030017A10068DE92F45B
:10A4100029C200E05E6704179903BFDE02F00989D4
:10A42000011058030017A60068DE9B00C98901814E
:10A43000DA030017A100B85E86C017A10281DE878B
:10A440000009C200885E6700778000E000AEF0106F
:10A450006401AADE64FF87FC0068DE9B0049A3025A
:10A46000078187000996006DDE030C09960285526C
:10A470000F0009960298523B0009960181E004FF03
:10A48000A7FD00E05E000B37A300E05E8F0097A3FE
:10A4900000E041870077A200025E02F010D600E8DB
:10A4A000208F01082301BC602306D78100885E97B6
:10A4B0000077A100E85E86F4B06301BC60070E1768
:10A4C000A100E0418EF4306300B056170017A100E0
:10A4D000B0561B0017A20068DE86D049C20068DEB5
:10A4E0008AD069C200025E02F010AB01BC60230694
:10A4F000906401BC624F0017A200025E02F010FEE1
:10A5000000E047870217A103835E02F009A7006EEF
:10A51000C032F429A5006EC032F42C9E00685E9B08
:10A520000049BF01BC621EF471E00068DE9B00C9F7
:10A53000B201BC611300B7A1020600F30009AE012D
:10A54000BC601300B7A101BC60030011EE00B05E57
:10A550006B0011EF0192E00EF431EC03BFDE02F06C
:10A5600009BF00685E9B0069B40068DE9B00A9BF5C
:10A57000019860063D11E800E0209300882400E87F
:10A58000208F00882301BC60030011EA0068DE5FB1
:10A590000049BA00B05E6B0011EB0192DE5E3D1126
:10A5A000E8018760023D11E80068DE9B00A9BE015A
:10A5B0008760063D11E8019860163D11E80181E0D1
:10A5C00004FF87FC01AADE64FF87FC03BFDE02F004
:10A5D00009C701BC620F0011E001BC60030011E477
:10A5E0000181E000FFA7FD01BC600F0011E801BC84
:10A5F00060030011EC02001FF70009CE00E0208E7E
:10A60000F3482300B0209300102500E8208E04A812
:10A6100023006AA08F01C9CE01B86006049024010E
:10A6200082E006F297940188600A00900401BC6001
:10A630000318779503A0DE02F009DB00685E4F0681
:10A64000A9E00138520300178000B05E5F00178157
:10A650000204DEB70009DA00685E070009D901BC10
:10A66000600301778001BC600300378103BFDE0215
:10A67000F009DA01BC600301578000025E02F001BC
:10A68000430068DEAB0049E000A05E4F0477A10004
:10A69000685E87004C2D00685E87044C2D03BFDE8A
:10A6A00002F00E350180600186EC37006EB0830049
:10A6B0002A1C0068DE4F040A1C03335E02F00A1CE9
:10A6C0000180600184AC2500E030B3002C2C0392A3
:10A6D000DE02F00A1C00E03093002C2400B030832E
:10A6E0000017A1006D3092F429EB03BFDE02F00ADF
:10A6F0001A0180600584AC2501BC60270897A10081
:10A70000025E02F001270187E006032C2A00B00157
:10A7100043000C2B03835E02F00A18006DC0330562
:10A72000C9FB00E860BA0197A60080DE9B0117A56F
:10A7300000685E5F0009F60080DE9B0057A500B050
:10A7400041B7000C360080B0DB0C8C3600B041B74E
:10A75000000C3600B030DB0010400000800000002C
:10A760000001BC601B06D06501BC600300B7A400FB
:10A77000025E02F0017200685E9300AA0303835E2A
:10A7800002F00A18006DC031842A1801BC6003066B
:10A790004C3603BFDE02F009F70207C197000A0634
:10A7A00001385A070017BB03BFDE02F00A07013C5D
:10A7B0005A030017BB01BC601B0437A600E8419692
:10A7C000F4D7A300885E8F0037A300E05E8EF77792
:10A7D000A500E05E970057A503835E02F00A18000B
:10A7E0006DC031842A18006DC032F4AA1800E85EEA
:10A7F000960197A60080DE9B0117A400685E5F00AB
:10A800000A130080DE9B0057A400B041B70017A4D4
:10A810000080DE930C97A400B041B7001040000008
:10A82000800000000003BFDE02F00A0C0386DE0297
:10A83000F00CA103BFDE02F00D8B0180600184AC3F
:10A840002501BC6003000C240386DE02F00CA1028B
:10A8500087C037000C9E00025E02F0123603035ED2
:10A8600002F00A1C03A9DE02F00A2600025E02F0D2
:10A87000123602074037000A210386DE02F00CA1DF
:10A880000287C037000C9E00025E02F00EA3006E2D
:10A890004030020A500301DE02F00A500068DEABCD
:10A8A000000A37032B5E02F00A2C00E0022B002086
:10A8B0008A03BFDE02F00A3002805217000A2F001E
:10A8C000E0024300209003BFDE02F00A3000E00205
:10A8D0005700209500685E4F040D8500685E4F02AA
:10A8E0008D8500685E4F020BC100685E4F050E2526
:10A8F00000685E4F060E2500685E4F068E2F03BF70
:10A90000DE02F00E350068DEAB002A49032B5E0242
:10A91000F00A3B00E0022F00208B03BFDE02F00AAA
:10A920003F02805217000A3E00E0024700209103D8
:10A93000BFDE02F00A3F00E0025B00209600685E86
:10A940004F06AB8E00685E4F042E4D00685E4F04CC
:10A95000AE4D00685E4F05AC3200685E4F062B8E30
:10A9600000685E4F052E2300A05E4FFF77A10068B0
:10A970005E87072E4000685E4F16AC3D03BFDE02C7
:10A98000F00BB503BFDE02F00BB900E0020F0020B0
:10A990008301BC60030011EC01BC600F0011E802F0
:10A9A00084C03B0009C20184E00609104803BFDEF1
:10A9B00002F009C20200C09300000203A35E02F08D
:10A9C0000A5403C35E02F00A5303BFDE02F00D1106
:10A9D00000025E02F012360207C0AF000A570207FB
:10A9E0004037000A540107C0AF0017A100B85E87C6
:10A9F0000037A101825E860D906C00B0447F000795
:10AA0000FE018360020910480287C037000C9E03D4
:10AA100086DE02F00CA100025E02F0123603435EF5
:10AA200002F00A5C0287C037000C9E0301DE02F0D0
:10AA30000A7B03305E02F00A7B01BC601F15506583
:10AA400000E04194F530650138402B001680012D5F
:10AA5000406B0017A200885E8B0137A20288402756
:10AA6000000A6A01846006D0168000B05A02F456CB
:10AA7000800205C027000A6D0187E006D01680011C
:10AA8000BC601B0DD7A100025E02F0012700B040A0
:10AA90006700168101BC601B0DF7A100025E02F089
:10AAA000012700B0406700168200B05A0B0017A1C2
:10AAB00000E85A06F437A200E15E8AF457A100E0EC
:10AAC000DE86F457A100985E8700B7A100E01EA7BC
:10AAD0000067A900691EA7018A7B01BC600300070B
:10AAE000A902801FF7000A7D006E4030020B890327
:10AAF00081DE02F00A8A00E002170020850329DEC9
:10AB000002F00A8102902E27000A8201BC60030035
:10AB10002B8903A9DE02F00A860184E006091048A9
:10AB20000180E0020910480184E002F7F7BF0386C4
:10AB3000DE02F00CA101806004FF87FC018060064A
:10AB4000F2979403BFDE02F00B370068DE4F040A71
:10AB50008D03335E02F00A8D01BC6003000C2401FA
:10AB6000836002F7F7BF0329DE02F00A910288AE84
:10AB700027000AA301BC6003000B8903AB5E02F04F
:10AB80000A9E00685EAB002AA200685EAB000A9CC9
:10AB9000010C520F0017A100685E87002A98006818
:10ABA0005E87004A9A03BFDE02F00AA203B0DE020B
:10ABB000F00A9E03BFDE02F00AA003B15E02F00AB3
:10ABC0009E03BFDE02F00AA003B35E02F00A9E03FA
:10ABD000BFDE02F00AA001BC6003004B8903BFDEA8
:10ABE00002F00AA301BC6003008B8903BFDE02F000
:10ABF0000AA301BC6003002B890386DE02F00CA1CE
:10AC000003AB5E02F00AA801F0521300118601A501
:10AC1000E00A30118003BFDE02F00ACA03A9DE0297
:10AC2000F00AAE0068DEAB004ACA00B0523B001723
:10AC30009F00B0523B0017BE01BC60030028080310
:10AC4000BFDE02F00ACA02875E53000AD703A0DE05
:10AC500002F00AB903BFDE02F007CA0190600A09D8
:10AC6000104800B0523B00179F00B0523B0017BE87
:10AC7000019E5E8300B0EB0106520F0017A100B8E1
:10AC80005E870037A10182DE86F577AB01BC6103E8
:10AC900000308000E8523AF3F7A2006BD23AF3EAB0
:10ACA000BC00E85E7E91D7A200905E8B0097A10168
:10ACB000BC6023011064006B523AF3EAC701185ECE
:10ACC000870017A2010A5E870017A300886006F4B8
:10ACD00057A200E04192F4706400B05802F45600AC
:10ACE000006BDEFA91CACA00B0523B0017BE03BF28
:10ACF000DE02F00ACA00025E02F0164F00B0202306
:10AD000000280800B0523B00179F0320DE02F00A23
:10AD1000D702075E53000ACE0180E0020910480303
:10AD2000BFDE02F00AD70068DE5F000AD4021A54C0
:10AD300007000AD20103C0270017A101825E861016
:10AD4000D0860102C0270017A100E0422AF4308A11
:10AD50000180E004FF87FC03A9DE02F00AD700B0FF
:10AD60005E4700108001085E4F0017A100685E87F3
:10AD7000002B0503AB5E02F00B0902005217000A1C
:10AD8000EF0068DEAB004ADD00E0025300209402D1
:10AD9000865E53000B370284520F000D130284D2DB
:10ADA0000F000AE203AC5E02F00AED03BFDE02F020
:10ADB0000AF8032C5E02F00AF800685E4F040AED00
:10ADC0000106D20F0017A100808ECF0197A200E0EC
:10ADD000015E0DB0640181DE86C3F61F0187DE8649
:10ADE00024912400683077FFEAED00B04467000C3E
:10ADF0001E02005E87000AED00E0446583AC1E0081
:10AE0000685E4F020B3703BFDE02F00B24031EDE29
:10AE100002F00AF503315E02F00AF50068DEAB00CD
:10AE20004AF500808ECF0197A200E0015E0DB0646C
:10AE30000181E002C3F61F0068DEAB004AFA00E0C1
:10AE4000023F00208F03BFDE02F00AFD00685EAB08
:10AE5000004AFD0280522F000B3702024107000A10
:10AE6000FD00685E4F040B3700685E4F028B3702AF
:10AE700006DE53000B020028E01EF40B0200A04483
:10AE8000B703E14500B005130017A100E05E842878
:10AE9000A14602844107000B3701806006F29794B7
:10AEA00003BFDE02F00B37032B5E02F00B370068A6
:10AEB0005E4F05AB2400685E4F052B2403BFDE0206
:10AEC000F00B370068DEAB004B12006D8ECF002B0D
:10AED0001201BC6003000AB501826002F5D7AE0220
:10AEE000805EFF000B1000682B4F000B1200E04447
:10AEF000655A4AD300682B6BFFCB1200E02B6B0026
:10AF00002ADA02065E53000B1500E0026300209867
:10AF100003BFDE02F00B370323DE02F00B1F012913
:10AF2000500B0017A30068DE8F052B1F020680C799
:10AF3000000B1A0182E001872C390187E0021070B2
:10AF4000830184600209104800B05E870017A100E9
:10AF50006EE003002B1E03D1DE02F00B1F0068DE43
:10AF6000AB004B2100E0022700208900685E4F0003
:10AF70000B3700685E4F010B3700685E4F058B375B
:10AF800000808ECF0197A200E0015E0DB065002029
:10AF9000DA7F140B37028047C7000B870329DE02D4
:10AFA000F00B2D0102DEAF0017A10106520F0017B2
:10AFB000A200385E86F44B370182DE8AF577AB005B
:10AFC000B052230011F200B052270011F300B0522A
:10AFD0002B0011F40106520F0017A100E05E87005C
:10AFE00031F500B0005B0011F000B047C30018005D
:10AFF0000134C7C70017A1006EDE8402AB3701BC65
:10B0000060030810420283C107000B3B0301DE020C
:10B01000F00B3A03B55E02F00B3B02805E53000D6D
:10B020001300B040330017A101089FF70017A200DA
:10B03000685E8B006B4300E840310497A102811FDA
:10B04000F7000B4300B020930017A102809FF70088
:10B050000B4300B05E630017A1006E5E84020B8993
:10B0600000B05E870007F401816000FF87FC0202E8
:10B07000C013000B4900E05E840347F401816004C3
:10B08000FF87FC02011FF7000B8201035E530017CC
:10B09000A10187DE84FF87FC0386DE02F00CA1009D
:10B0A000025E02F0123603855E02F00B4C018E60E8
:10B0B000023D11E80107C7830017A101825E84FFEA
:10B0C00087FC02019FF7000B550103C7970017A1EA
:10B0D00001825E84FFA7FD00B020330017A1018E1E
:10B0E0005E84FFA7FD032A5E02F00B5D00025E0294
:10B0F000F00E870329DE02F00B5C0301DE02F00B89
:10B100005C0182E0060D906C03BFDE02F008A40132
:10B11000BC60030011EC01BC600F0011E801846009
:10B1200004FFA7FD01075EAF0017A10185DE84FFC4
:10B1300087FC00B040270007F600B0406B0007F81E
:10B1400000B0406F0007F900B0402B0007F701BCCA
:10B15000601B0DD7A100025E02F0012700B040671E
:10B160000017A201BC601B0DF7A100025E02F001F6
:10B170002700B040670017A100E85E8AF437A200FC
:10B18000E15E8AF457A100E0DE86F457A100985EE4
:10B190008700B7A101BC5E860147F700681F330036
:10B1A0000B7C018F60060127F600681F33002B79A6
:10B1B00000B01FC70017A100025E02F0012700A027
:10B1C0004064F9D7A200B85E88FE17A103BFDE0273
:10B1D000F00B7A00A04138FE17A10068DE87000B53
:10B1E0007C018F60020127F601846004FFA7FD0146
:10B1F000075EAF0017A10185DE84FF87FC00025EB9
:10B2000002F00EA301BC63FF1FD7A800025E02F08C
:10B21000109A00025E02F00E8701A8600A009004F6
:10B2200002011FF700163B00A8401300500403BFA3
:10B23000DE02F0072000E002870020A103BFDE024B
:10B24000F00B8A00E0020B00208203A9DE02F00D61
:10B2500013018460060910480184E00609104803C0
:10B26000BFDE02F00D13032B5E02F00BB10068DEAF
:10B270004F06AB9200E0023B00208E03BFDE02F0DF
:10B280000B9300E0023700208D0323DE02F00BB5A4
:10B290000068DE4EF1CBB5020680C7000B97018235
:10B2A000E001872C390187E002107083018460027D
:10B2B00009104800B05E870017A1006EE003002B64
:10B2C0009B03D1DE02F00B9C00685E4F062BAF01A2
:10B2D000BC600300083303295E02F00BA10203DE09
:10B2E000B3000BA20191601A84F4270183E002F5F8
:10B2F00097AC020200BF000BAE0206ABD3000BA757
:10B30000020345AF000BA90185E0062D716B03BF59
:10B31000DE02F00BA90203456F000BA90185E006D0
:10B320002B715B02045EB3000BAE0187E00210706C
:10B33000830183E00209104800025E02F0159303C6
:10B34000BFDE02F00BB50205500B000BB5018260A9
:10B350000609104803BFDE02F00BB500025E02F0E2
:10B360000BBC0068DE4F062BB500E0024F002093B7
:10B3700003BFDE02F00BB503AB5E02F00BB70204B5
:10B380004107000BBA02834107000A5003BFDE02E7
:10B39000F00BBA02844107000A5001806006F29760
:10B3A0009403BFDE02F00A50028700C3000BC00006
:10B3B00068D213000BC001BC600300118301BC60A4
:10B3C000030011820002DE02F00000039F5E02F023
:10B3D0000BC4039EDE02F00E3502035E53000E35F1
:10B3E000010C81430017A10068DE87002BC9010012
:10B3F00001630017A10102C0270017A20038DE86F2
:10B40000F44BB903AB5E02F00BCB02005217000BFA
:10B41000B90280522F000BCD03335E02F00E3502CD
:10B42000181DF3000BF101BC601B06106501BC6028
:10B43000031BB7A400025E02F0017200B05E8F0031
:10B4400017A60068DE931BABED0207C197000BDA6D
:10B4500001385A070017A1013C5A070017A201BC86
:10B460005A0AF457A2013C5A0B0017A301BC5A0E0A
:10B47000F477A303BFDE02F00BDD013C5A03001793
:10B48000A100B05A070017A200B05A0B0017A30082
:10B490006D5E87008BE701BC61BF0A17A50068DEFF
:10B4A0008AF4ABE201BC60271357A500685E8EF4F6
:10B4B000ABE601BC605F0017A50068DE8AF4ABE76D
:10B4C00001BC60171E57A50068DE8EF4ABE703BF12
:10B4D000DE02F00C2900D85E870037A100E141961A
:10B4E000F4306500E1C19700306501F04197001725
:10B4F000A200E05E8B0077A2006D5E8AF4CBD000E4
:10B50000E840330097A5006E5E96004C2900B01D00
:10B51000EF0017A10068DE840A0E35023C523F009E
:10B520000C02013C523F0017A10068DE84048C2706
:10B5300001BC600316106401BC601B063065006826
:10B540005E87002BFE00B05A030017A20068DE8A57
:10B55000C00C2700E0419700306500E041930030C7
:10B560006400E85E870057A1006A5E87002BF70041
:10B57000685E87000C0301385A030017A101385890
:10B58000030017A20068DE86F44C2703BFDE02F03A
:10B590000C030285C107000E3501BC601B06106557
:10B5A00001BC600305B7A400025E02F001720280D4
:10B5B00000C3000C2701BC60131417A600E0017F34
:10B5C00000B7A5006D5E96F4CC0B01BC60130C9720
:10B5D000A500685E940BCC2B00B0017B00106500C9
:10B5E000B052270017A200B0522B0017A3006841E9
:10B5F000940BEC160068DE8ED04C1200685E8AD088
:10B600002C2700E0419700B065006D4196F4CC0F07
:10B6100001BC60130C906503BFDE02F00C0F00E06C
:10B62000028B0020A200B0017F00106500B0522301
:10B6300000168000B0522700168100B0522B001671
:10B640008200808ECF0197A200E0015E0DB06402FF
:10B6500003587F000C2001BC602F0037A103BFDE20
:10B6600002F00C2101BC5202F2F7A101A95E02F422
:10B67000368300904467011684020281AB000C25DA
:10B680000068DE9305AC2601846006D0968400B085
:10B690005E9700005F020781AB000C290180600605
:10B6A000F2979403AB5E02F007DF03BFDE02F00AFD
:10B6B0005000E0028F0020A303BFDE02F00BB903AD
:10B6C000835E02F00C2F006D4033038C2D006D4023
:10B6D00033038BB9032B5E02F00E3903BFDE02F099
:10B6E00007DF032B5E02F00C3700E0023300208CF2
:10B6F000020681AB000C360183E005872C3903BFBD
:10B70000DE02F007E100E0024B00209200880023F7
:10B710000037A200E05E8800F7A200E0001AF451B2
:10B72000890186E00630118003BFDE02F00BB5030D
:10B730002B5E02F00C3800E013530024D403BFDE6C
:10B7400002F007DA02045247000BB501BC601F107B
:10B75000F06401BC60030177A101BC63FF1FE793A4
:10B7600000E04186F4306501BC63FF1FF60000E095
:10B770005E870077A100025E02F00F1F0200C07713
:10B78000000BB5012940770017A2006D5E8B04CB3A
:10B79000B500E85E8B04D60001BC601F05F06300B5
:10B7A000E0418EC010630200D603000BB5020656BE
:10B7B00003000BB50184E006F597AC0116D6030033
:10B7C00017A200885E8B0077A200E0019EF450650E
:10B7D00000B041970004C201BC602B1817A100B053
:10B7E0005A0F0017A200025E02F0012B01BC602B71
:10B7F0001837A100B05A130017A200025E02F00130
:10B800002B00B0418B0004D903BFDE02F00BB5035F
:10B81000A2DE02F000C203A3DE02F00C7A00E00117
:10B82000FF00207F01BC60030017A303BFDE02F00E
:10B830000C7C018760040310A001BC60030051E48C
:10B8400000B0479300180001BC600302900401BCE3
:10B85000620F0011E001BC600F0131E800B047A3A6
:10B8600000180001BC600F0011E801BC6003013149
:10B87000EC00B047B300180001BC60030011EC01FC
:10B880008460060910480020601E090C7100E00168
:10B89000FB00207E03BFDE02F00C8501BC60030EBE
:10B8A000D7A1011400630017A200E05E86F4506582
:10B8B00000E05A03003680020300C7000C7703A99A
:10B8C0005E02F00C7C0291509F000C7B0191601A8B
:10B8D00084F42703BFDE02F00C7B00E001FF0020B0
:10B8E0007F01BC60030037A30323DE02F00C850157
:10B8F00083E00209104801846002F597AC01BC6046
:10B9000003000ABB01BC600300178E020680C7005B
:10B910000C830182E001872C390187E002107083DB
:10B920000182600209104803D0DE02F00C8603D0C9
:10B930005E02F00C870182E00209104803D5DE02A6
:10B94000F00C8901BC60030010B401BC600300F777
:10B95000A1006800A7000C8D0185421AF437A100F0
:10B96000025E02F0012700B040670017A501BC632A
:10B97000FF1FF7A200025E02F0012B0088600701A2
:10B9800057A400B85E86F497A100025E02F0012B76
:10B990000283C21F000C9400025E02F0114C02846C
:10B9A0004523000C9603D0DE02F00C9800685E8FF1
:10B9B0000000020020E01E090C9C00B05E970014FD
:10B9C0002E03BFDE02F0036E00A8412300F04803FF
:10B9D000BFDE02F000020183600209104800E002AD
:10B9E0001300208403BFDE02F00CA401BC6007003A
:10B9F0001042006E4030020CA400E0027700209D4F
:10BA000000025E02F0170A03A35E02F00A5003C6AA
:10BA1000DE02F00CA7032ADE02F00CAE00B03047C5
:10BA200000080800B0304B00080900B0304F000893
:10BA30000A00B0305300080B00B0305700179F03C6
:10BA4000BFDE02F00D130184E00609104803BFDEDB
:10BA500002F00D13020681AB000CB30281B0E700C7
:10BA600000BD028330E70000BD028445230000BD15
:10BA70000320DE02F00CBB0068A0C7000CB801BCBC
:10BA8000609F0217A100E04466F42831006B446512
:10BA9000062CBC0020E1020900BD00025E02F00D90
:10BAA0002F01BC60030008310020E38A0900BD02B9
:10BAB0008445230000BD00B05E870017A103915E9E
:10BAC00002F000BD0396DE02F000BD03965E02F0B8
:10BAD00000BD00025E02F00D2F00E10DB228E36C04
:10BAE00000E08DB700036D01BC600300114701BC8D
:10BAF000600300602000680173000CD701BC601374
:10BB00000890E600025E02F0016A00B001730010C6
:10BB1000E401BC600300000601BC600300005C019E
:10BB2000BC600301D78201D2DE0877F0E000B00FDD
:10BB3000030010E100B0004700108600B00F1F00A6
:10BB4000108A01BC600300378100025E02F01070B1
:10BB50000190600A09104801BC610300308003BFF6
:10BB6000DE02F0000201BC60030030420187E00207
:10BB700024712300025E02F014DB03975E02F00DD5
:10BB80004303125E02F00CDA01BC600300402001A6
:10BB9000BC6003000B8901BC600300114901BC615A
:10BBA0008300112500B0007B00112701BC60130C3D
:10BBB000805E01BC60130C805F0180E006F5D7AEAB
:10BBC0000107C1070017A101805E86F577AB01BCB4
:10BBD000600F0011E801BC620F0011E000025E027C
:10BBE000F00CF701BC61CF0C105C01BC60030010CD
:10BBF0005D01BC61CF01F05E01BC603B0AF05F01FA
:10BC0000866005610B0800025E02F0145C0186602C
:10BC100001610B0801BC600300082E020300C7008D
:10BC2000001201BC60030006B201BC60030006B74D
:10BC300001BC60030006BC01BC60030006C103BF79
:10BC4000DE02F0001201BC60430017BB00A04122DD
:10BC5000F7704801BC63FF1FF05401BC63FF1FF085
:10BC60005501BC63BF1FF05601BC63FF0FF05700C6
:10BC7000025E02F0170A0187E00624712301BC600E
:10BC80000300105401BC600300105501BC600300A8
:10BC9000105601BC600300105701BC600F00201754
:10BCA0000106C1070017A101825E8402E0170107A7
:10BCB00041070017A100B85E870037A10180DE8729
:10BCC0000000160002DE02F000000285C03700000E
:10BCD0000200025E02F0123602864037000D0A00B2
:10BCE000E0021B00208601BC6003010B890386DE95
:10BCF00002F00CA10287C037000CA100025E02F026
:10BD000017D003BFDE02F0001201B8600A049024CD
:10BD100003AA5E02F00D160158600300102A01BC50
:10BD2000600302900400B040130018000183600219
:10BD300009104801806000FFA7FD00025E02F012BA
:10BD40003603855E02F00D1A01BC620F0011E0019E
:10BD5000BC600F0131E800B047A300180001BC60CF
:10BD60000F0011E801BC60030157A100E85E8700E5
:10BD700037A10068DE87000D2101BC60030290043A
:10BD800000B0401300180001BC60030131EC00B0AA
:10BD900047B300180001BC60030011EC0324DE026D
:10BDA000F0072001866006F577AB00025E02F00D19
:10BDB0002F0180600610308100B05E870017A1015E
:10BDC00080600210308103BFDE02F007200206010E
:10BDD000AB000D3101806001872C3901BC6103008B
:10BDE000108000B04203001800006EE003002D3404
:10BDF00003505E02F00D3700015E02F0000003BF49
:10BE0000DE02F0039401846002F597AC01BC60038C
:10BE1000000ABB00A8412304F04801826002091017
:10BE2000480206DEAF000D3E03D5DE02F00D3E03F4
:10BE300050DE02F00D3C01BC60030010B40284C768
:10BE400083000D4101BC600B0011E0018E6002F522
:10BE500077AB0002DE02F0000003A2DE02F000BDBC
:10BE600002BC4287000D4A01BC60030037A401BC3C
:10BE700060031FF7A3011400630017A20088600687
:10BE8000F457A203BFDE02F00D4F008860070117D0
:10BE9000A401BC63FF0017A3011400630017A200F4
:10BEA000E05E8B0117A200886006F457A201BC6017
:10BEB000131B906501BC601B18506401BC6003003B
:10BEC00017A50020C286F48D5900E0419706D06581
:10BED00000E0419301F06400E05E970037A5008820
:10BEE0005E930037A400205E92F46D7803BFDE02FB
:10BEF000F00D520068DE92F44D5E00680083006D24
:10BF00005E03A0DE02F00D5E0020C123160D53007B
:10BF1000025E02F00D2F006DDE93200D740203000F
:10BF2000C7000D68006DDE97008D6801BC600300DE
:10BF3000160801BC600300160901BC600300160A64
:10BF400001BC600300160B01BC600300160C01BCB1
:10BF5000600300160D01BC600300160E02005AC3F8
:10BF6000000D73023C5A9F000D7300680083006D42
:10BF7000730385DE02F000BD03855E02F000BD03A1
:10BF8000A2DE02F000BD03A3DE02F000BD0397DED7
:10BF900002F000BD00B041970010600191600A847A
:10BFA000F42703BFDE02F0036E01806002D616B0F4
:10BFB00000B05E930010A101836002F7F7BF01BCDF
:10BFC000600300304303BFDE02F00D53006880833E
:10BFD0000060BD03BFDE02F00CDB0283C21F000065
:10BFE0000200B05E870017A103D0DE02F0063D011B
:10BFF000BC6003041042039EDE02F0001200B05E3B
:10C000003F00114501BC600300178F00B05E430084
:10C01000178500B05E0F00179000025E02F00D2F32
:10C0200003BFDE02F00012006D4033058BBA03AC93
:10C030005E02F00D8A00685E4F028DEB00E0026741
:10C0400000209903BFDE02F00DEB00685E4F028D09
:10C05000EB028030DF000D8E00E0025F00209701D0
:10C0600080600586EC3700025E02F00EAF0186604C
:10C0700002F5B7AD01826002F5D7AE01BC600300E6
:10C080000AB5039EDE02F00DA00321DE02F00DA032
:10C0900000E0026F00209B00025E02F00D2F01867F
:10C0A000600209104800A8412301304801BC600328
:10C0B0000210420280441F000D9F00B05E3F00113D
:10C0C0004501BC600300178F00B05E430017850078
:10C0D000B05E0F00179003BFDE02F00DA000A04479
:10C0E000B6F07145028200C3000DEB00B000730092
:10C0F00017A100E05E86B017A100E15E7AF4379EDA
:10C1000000E1DE7700179D00E1DE7300179C00E080
:10C11000DE6F00179B039EDE02F00DAF006E5E6EB9
:10C12000924E21006D5E6E924DAF006E5E72922E49
:10C1300021006D5E72922DAF006E5E76920E210030
:10C140006D5E76920DAF006DDE7A91EE21020030C9
:10C1500097000DB400B05E7B000C3200B05E77003B
:10C160000C3300B05E73000C3400B05E6F000C3511
:10C17000028201AB000DC500B0446700082D00B07D
:10C18000446B00082C00B0446F00082B00B04473CF
:10C1900000082A0068A0B6232DAF00E920B6F3D727
:10C1A0009E00E9A0B2F3B79D00E9A0AEF3979C0012
:10C1B000E8A0AAF3779B00E15E7A91F7A100B05E58
:10C1C0008700111900E1DE7692111A00E1DE729209
:10C1D000311B00E0DE6E92511C0068DE86232DBE0E
:10C1E00003BFDE02F00DEB00E9523EF3D7A100E9F8
:10C1F000D242F3B7A200E9D246F397A300E8D24AAD
:10C20000F377A400880ECF0057A500E0015EF4B0DC
:10C210006400E95E86C9A78100E9DE8AC9C7820099
:10C22000E9DE8EC9E78300E8DE92CA078400808ECB
:10C23000CF0197A501BC601F07778000E05E020D6B
:10C24000B06500885A0F00F7A500B05E970817A5E3
:10C250000134DA0F0017A600E95E94F037A500E874
:10C26000DE98F057A6017BDE96F4D7A500685E96AF
:10C27000D06DEB00E85E96D077A600B05E97001612
:10C280008300685A13000DDD00E05A16F4D68500CD
:10C29000685A1B000DDF00E05A1EF4D68700885E46
:10C2A0009B00F7A10134DE9B0017A201BC600300D4
:10C2B00017A301BC60030017A40069DE9B000DE713
:10C2C00001BC63FF1FF7A301BC63FF1FF7A401C3F9
:10C2D000DE8EF457A200E95936F4364D00E9D93A1A
:10C2E000F4564E00E9D93EF4764F00E8D942F49670
:10C2F00050031EDE02F00E21039F5E02F00E2100AD
:10C30000685E4F028E21032C5E02F00E2101BC609C
:10C310001B06D06501BC600300B7A400025E02F0FA
:10C32000017202003097000DF600685E9300ADF6D2
:10C3300000E030C7002C3103BFDE02F01884006833
:10C34000DE9300AE210207C197000DFC013C5A07A5
:10C350000017BB013C5A0B0017A101385A07000C0B
:10C360002603BFDE02F00DFF01385A070017BB019C
:10C37000385A0B0017A1013C5A03000C2600B05E8E
:10C3800087000C2700808ECF0197A200E0015E0D90
:10C39000B06400B05EEF0016280181DE86C3F61F90
:10C3A00000683073FFEE0802005E87000E08008808
:10C3B00030730071260090307301B1280068307727
:10C3C000FFEE0C00B04467000C1E02005E87000EFA
:10C3D0000C00E0446583AC1E0187DE8624912402B4
:10C3E0000680F3000E100181E002C3F61F0187E012
:10C3F0000224912402003097000E2100E030B700A3
:10C400002C2D028680F3000E140281D87F000E1FAF
:10C4100000B0309F0017A100025E02F00F080280FA
:10C420005E8B000E1F00E85E6984D7A100685E8500
:10C43000846E1B00E030BF002C2F03BFDE02F00E25
:10C440001F00E030BB002C2E01BC6003000C250156
:10C45000BC600700104303BFDE02F00D1300E85E6E
:10C460006984CC2303BFDE02F0188403AB5E02F0C4
:10C4700007DF03BFDE02F00A50032B5E02F00BB9A8
:10C4800003BFDE02F007DF03AB5E02F00E28032CD1
:10C490005E02F00BB903BFDE02F00E3900B052238A
:10C4A0000011F200B052270011F300B0522B00111E
:10C4B000F401BC60030091F501BC60030810420068
:10C4C000B0005B0011F003BFDE02F007DF0138525D
:10C4D0003F0017A102065E53000E320138524B0096
:10C4E00017A10068DE87008E3503AB5E02F007DF20
:10C4F00003BFDE02F00A500068DE4F020E3802076A
:10C5000081AB000E3801806006F2979403AB5E02A7
:10C51000F007DF020000F3000E3E0206DE53000EBD
:10C520003E01185E830017A10068DE8700AE3E0161
:10C53000BC600B02514202005217000BB903BFDE70
:10C5400002F00A5001BC600300118301BC600300CB
:10C550001182032C5E02F00E450199E006201100C5
:10C5600003BFDE02F00E490119402F0017A1006839
:10C570005E87000BB50199DE8620110003315E0253
:10C58000F00BB500A05E3B0097A200205E4EF44B7E
:10C59000B50184600209104803BFDE02F00BB50349
:10C5A000AB5E02F00E5000025E02F00BBC03BFDE79
:10C5B00002F00BB50068DE4F042E5400B052330079
:10C5C000179F00B0522F0010EB0281522F0007CAB4
:10C5D00000E002AB0020AA0281522F000B93032936
:10C5E0005E02F00E5A0203DEB3000E5A0191601A89
:10C5F00084F4270183E002F597AC0208522F00076C
:10C60000DF03BFDE02F00A5001BC600300106701C7
:10C61000BC60030010460180E0060930490282C177
:10C620001F000E6401BC603F1FF06501BC60030089
:10C63000168000E841970030650069C197000E61DF
:10C6400001BC600B00179401BC60030017AB01BC78
:10C6500060030017AC01BC60030017AD01BC6003B0
:10C660000017AE01BC60030017BF01BC63FF1FF7DA
:10C67000B501BC600300202001BC60030017A100CD
:10C68000025E02F0012701384067000028011C40CB
:10C690006700002901BC600300504901BC60030031
:10C6A00017A701BC60030017A801BC60030017A90D
:10C6B00001BC60030017AC01BC60030017AD018230
:10C6C000E0060F10780206C1E3000E77006880A72D
:10C6D000000E7A03BFDE02F00E7B006880A7008E9A
:10C6E0007B01BC601302600001BC60230E400101AD
:10C6F000BC63F318600201BC614B15600301BC60B0
:10C700000300000401BC604305200501BC601B045C
:10C71000306101BC601702506001BC600300082258
:10C7200000B05E0F00178500A044B6F0714503BF4E
:10C73000DE02F00CC30183E0060F107801885E5C16
:10C74000FEC7F601BC601F1E900701BC600301908C
:10C7500008018860060090040386DE02F00CA10345
:10C7600005DE02F00E8C0386DE02F00CA10385DEEE
:10C7700002F00E8E00B05E870017A1006EE003008D
:10C780002E920386DE02F00CA1006EC0146FEE95AF
:10C7900001BC60070010420002DE02F0000003212D
:10C7A0005E02F00E9A00E0204AF4281200B0204BFE
:10C7B00000178B03BFDE02F00EA2028150C7000EED
:10C7C0009F011C509F00178B00E05E2EF4378B01F9
:10C7D0009C5E2E84F42703BFDE02F00EA2011E50E1
:10C7E0009F00178B00E05E2EF4378B019E5E2E8437
:10C7F000F4270002DE02F00000006800A7008EA807
:10C800000102C027000821006880A700AEAE00E04A
:10C8100020870028210002DE02F0000001BC600336
:10C8200000282101BC402B0017A100985E8701174A
:10C83000A10098402B0117A2006ADE8AF42EAE01F7
:10C84000BC60030088210002DE02F000000282804A
:10C85000BF000F0700B0418F00081300B0418B00EC
:10C86000081400B044670017A2017BDE8A2357A199
:10C8700001BC601F07706501BC60030017A201BC0A
:10C88000601F03D06401BC601F11506300685A032D
:10C89000000EFE01BC601F0FB06200E0418AF45040
:10C8A000620090540300F7A6006B5E86D06ED40041
:10C8B000B05A030017A300E05A0EF4D58000E05AE6
:10C8C0000EF4768300E85A2F00368B0069DA2F00C9
:10C8D0000EC300E85A0700368B006CDA0EF42EBE49
:10C8E00000E85A0EF437A400905A030077A5006EB2
:10C8F000DE92F4AECA01BC600300360001BC600BDE
:10C9000000104301BC600300278900205A0B080E69
:10C91000CD01BC600300279203BFDE02F00ED400FD
:10C92000205A0B140ED400202C27080ED000205AB9
:10C930000B040ED401866006F5B7AD0088009B009D
:10C94000D1260090009B01512801BC6303001124F3
:10C95000006B5E86B00EDC00685A13000ED90188A9
:10C960006006D0568200B056030017A400E05E9225
:10C97000D0968500E05A0EF4D58000205A0B080EA0
:10C98000DC01BC600300079200685A13000EE4004B
:10C990006B5E86D0AEE40188600AD0568200B05645
:10C9A000030017A400E05E92D0968501BC600300EE
:10C9B000360101BC600B00104301BC6003002789F5
:10C9C00000685A1B000EFE006B5E86D0EEFE020170
:10C9D0005A0B000EF300E85A1B00368600B05A27A7
:10C9E0000017A300E05A1EF4768701BC601F11D027
:10C9F0006200E0418AF4506200B05A2B0017A30095
:10CA0000E05402F475000203D403000EF100E05A72
:10CA10001F0036870130540300150001816002D0E9
:10CA2000568203BFDE02F00EF600B05A230017A3B1
:10CA300000E05A1EF4768701816006D056820068B5
:10CA40005A1B000EF8006CDA1EF42EE602015A0B97
:10CA5000000EFB01BC600300360203BFDE02F00ED5
:10CA6000FC01BC600300360301BC600B00104301F5
:10CA7000BC600300278900E0419701906500E05EFB
:10CA80008B0037A200E0419300906400E0418F00EA
:10CA90003063006D5E8B008EB802981DF3000F05A9
:10CAA00001BC600300079200B0204F00106300B08B
:10CAB00020530010620002DE02F0000001BC60039F
:10CAC0000017A20068018B000F1E0090018B0077F9
:10CAD000A201806002F437A1006E5E86F44F1E0250
:10CAE00007C197000F1001385A070017A303BFDED4
:10CAF00002F00F11013C5A030017A300E85E8F00FB
:10CB000097A300E85E8AF437A2006A5E8AF46F1E7B
:10CB100000D0419700306400E05E8B00B7A300E0D6
:10CB20004192F4706400D841930030640207C193CD
:10CB3000000F1B013C58030017A103BFDE02F00FDA
:10CB40001C013858030017A100A0018B00F7A200B8
:10CB5000905E86F457A20002DE02F0000000B05A98
:10CB60000300101F00B05A0700102000B05A0B003D
:10CB700010210180600700101D02804077000F2304
:10CB80000002DE02F000000187E002F577AB0391BE
:10CB90005E02F000020020E3FE0900020200421FD4
:10CBA0000000020068C2F300000202844523000076
:10CBB000020068C0170000020068AB970000020086
:10CBC000025E02F00EAF00683073FFEF310207C45F
:10CBD00093000F3C00683077FFE00200683077FF79
:10CBE000EF350068307B000F3B006BC46583CF3CA2
:10CBF00003BFDE02F0000201BC601F07706400E0AA
:10CC000041930617A20068D82F000F390281D80B74
:10CC100000000200E04193019064006D4192F44FE6
:10CC2000370287C49300000200689E4B0000020296
:10CC3000815E53000F4A0283411F000F400281DED4
:10CC400053000F5B01BC600300115101BC60030085
:10CC5000115201BC620300115301BC60030051502A
:10CC600001896006F2979401BC60E700107701BC6F
:10CC7000600300107601BC60031117A300025E027E
:10CC8000F0013403BFDE02F000020280C543000061
:10CC90000201F0C5470011560107C5470017A10161
:10CCA000F0C54AF4315500B0455700107700B04543
:10CCB0005B00107601BC60030E97A300025E02F0D9
:10CCC000013400B04557000C1000B0455B000C0F5C
:10CCD00001BC600300115501BC60030011560090B7
:10CCE000303F00CC0F00B030430017A101AD5E858E
:10CCF00081EC0F0189600AF2979401BC600308106F
:10CD0000470392DE02F00FAF020480BF000F600104
:10CD1000BC63FF1FE7F301BC61FF1FE80E03BFDE2A
:10CD200002F00FB101866002F597AC01BC601F07ED
:10CD3000706501BC601F0FB06401BC60030037A1C7
:10CD400001BC60030017A300685A03000F9D01BCDB
:10CD500060030017A502035A0B000F6E02805A0BE6
:10CD6000000FAF00E9440AC017BB00E8C40F00176A
:10CD7000A4017BDEEEF497A400685A13000F7C0335
:10CD8000BFDE02F00F790068DE87002F700203DE3D
:10CD900053000FAF0203DA0B000F8400B05A0F00EC
:10CDA00017A400685A07002F7500685A2F002F75C6
:10CDB00001BC60030037A500685A13000F79006CAE
:10CDC000DE92D0AF7900B05A170017A401BC6003FF
:10CDD0000037A500201CBAF42F7C00685A1B000FF6
:10CDE0009703BFDE02F00F7F00885E870097BB00CD
:10CDF000201CBAF76FAF02015A0B000FAF006CDEB8
:10CE000092D0EF9700B05A1F0017A400201CBAF46C
:10CE10002F8301BC60030037A503BFDE02F00F972C
:10CE20000202DA0B000F9D0204C107000FAF00B031
:10CE30005A0F0017A400E85A2F0037BB0069DEEF35
:10CE4000000F8A00E85A070037BB013C016F00174A
:10CE5000800068DE03000F900138016F001780002A
:10CE6000685E03000F9300E85E030037BB03BFDE7C
:10CE700002F00F9300E85E030037800080DE02D0EE
:10CE8000378000E05EEE0DB7BB00685EEF000F97E5
:10CE900000E05E92D017A400E85EEF0037BB03BF4E
:10CEA000DE02F00F9300685E8F000F9A006B5E92B7
:10CEB000F44F9B03BFDE02F00F9D01BC60030037FF
:10CEC000A300B05E930017A200B05E970017A60003
:10CED000885E870037A100E0419701906500E0413E
:10CEE00093003064006D5E87020F6500685E8F00FE
:10CEF0000FAF00B044670017A5017BDE962357A54E
:10CF000000E85E8AF4B7A400885E9300E4DB00903A
:10CF10005E9301271D00B0012B0017A300689C77CA
:10CF2000000FAA006E936EF46FAF03A65E02F00FBF
:10CF3000AF00B05E9B00078500E9136EF467F30055
:10CF4000E89C7700080E03BFDE02F00FB100681EF8
:10CF50001700000203BFDE02F0105901BC6103009C
:10CF600011230069203B000FB50180E006F2979481
:10CF700003BFDE02F00FB70180E002F2979403BF17
:10CF8000DE02F0000200684127000FC6028445233C
:10CF9000000FB8006800A700AFBC006800A700CF72
:10CFA000BC006880A7010FBF00B044670017A10054
:10CFB000E84466F437A2006D5E8B004FBD0280C16D
:10CFC00027000FC10392DE02F010590392DE02F037
:10CFD0000CE700025E02F014E700025E02F0113D71
:10CFE00000025E02F0113800025E02F0114801BC3E
:10CFF000600F0011E8031EDE02F00FCD01BC6003DC
:10D0000000105C01BC600300905D01BC6053041023
:10D010005E01BC600300105F03BFDE02F00FD101B0
:10D02000BC600B00105C01BC600300905D01BC6043
:10D030004304105E01BC600300105F01BC6003008C
:10D040000C1E01BC6003008020028500BF00106040
:10D0500000B01FCF00115100B0203B001152006EF4
:10D060001FCE2A8FDA0068A03B000FDA00E01FCE47
:10D0700023280F03BFDE02F00FFB00B04467000857
:10D080000F00E91FCE2A915100E8A03B0011520188
:10D09000BC61FF1F707701BC63FF1FF07601BC60AD
:10D0A000031197A300025E02F0013400B0454B006B
:10D0B000107700B0454700107601BC60030F17A33E
:10D0C00000025E02F0013401BC602F1AB06500B0AE
:10D0D000455700169100B0455B00169200B0440B16
:10D0E00000169300B0440F00169401BC63FF1FF1BB
:10D0F0005201BC63FF1FF15101BC600300115501D7
:10D10000BC600300115601AC607F0290750287413C
:10D11000D7000FEF00B041DB0003B100B041DF00EA
:10D1200003B200B0446700082D00B0446B00082C27
:10D1300000B0446F00082B00B0447300082A00E1DF
:10D140004464FE6C1A00E0C46901CC1B01BC60039E
:10D1500002315000B0454300180000686003000F22
:10D16000FB01BC60030010400000800000000002D2
:10D170000480BF000FFF0312DE02F00FFB0068C542
:10D180005700100701BC602F1AB06500B05A470065
:10D19000115500B05A4B00115600B05A4F00110201
:10D1A00000B05A5300110301BC60030017A701BC73
:10D1B00060030017A801BC600300006601AC607F3B
:10D1C0000F1075028741D700100900B041DB001134
:10D1D0005100B041DF0011520068454700101000B7
:10D1E000E91FCE2A87F300E8A03B00080E01866005
:10D1F00006F597AC01BC600300107701BC6003002A
:10D20000107601BC60030F17A300025E02F0013428
:10D2100001BC600300115002844543001015020751
:10D22000C1E300101600B044670017A100685E86D5
:10D230002330180182E0060F10780206C1E30010C7
:10D240001A01BC600300402001BC600300006601BD
:10D2500086600620110001BC606300107B01BC6089
:10D260001B00107A01AC607F029075028741D700E5
:10D27000102100E941D876379C00E8C1DC76579B45
:10D2800000B0303F0017A10080DE72F4379D00B07F
:10D2900041B700179E0080DE6EF4379C00E15E7699
:10D2A0000DB79D00E0DE7300179C017D5E7AF3B739
:10D2B000A1017D5E76F397A200905E730157A300F3
:10D2C000E120B6F4311900E1A0B2F4511A00E1A056
:10D2D000AEF4711B00E0A0AB00111C00E10DAAF43C
:10D2E000236A00E08DAEF4436B00B0441F001800C9
:10D2F000008844230157A30090442300D7A400B022
:10D30000440B0017A100B0440F0017A200E95E868D
:10D310002337A100E8DE8A2357A20069DE8B0010C4
:10D320004100E1440AF4710200E0C40EF4910300EC
:10D33000E85E230037880069DE2300103600E8002D
:10D340002700378803BFDE02F01036018660022016
:10D35000110001BC600300402000E9306A2337A1BE
:10D3600000E8B06E2357A20068DE8B00105001BCAD
:10D37000604F1117A3006DDE86F4705001BC60038E
:10D3800000104001BC600300105D018260060BF0DC
:10D390005F00D05E8700713401E1DE8A269135019D
:10D3A000BC630300113300008000000000018260B4
:10D3B000020BF05F02865EB300105900681E170072
:10D3C000105901BC60430017A100E04466F43780A7
:10D3D00001BC600300078900025E02F00EAF006C22
:10D3E0004466F0105900681E2700105503BFDE0286
:10D3F000F00F5B0200DE530010630180E002F29741
:10D400009400025E02F0113B01BC60030010400377
:10D41000BFDE02F0105E00E044640957A103BFDEE6
:10D4200002F0106301BC600300104000B0012F0047
:10D4300017A100E0012AF4310900B0012F00110901
:10D4400001BC61CF0C105C01BC600300105D01BC2D
:10D4500061CF01F05E01BC603B0AF05F00025E023A
:10D46000F0114400025E02F0114B00025E02F01166
:10D470004101BC6003000785006D80A7008CE700B8
:10D48000E044670477A10068DE8623306E03BFDEC8
:10D4900002F00CE701885E0610D08601025E0700EC
:10D4A00017A101825E8610D0860002DE02F0000025
:10D4B00000B000470010860108204700178101389E
:10D4C00052030017800102C0270017A600025E0267
:10D4D000F015F80068204700507B00B05407001793
:10D4E0008000025E02F01070006820470030830068
:10D4F00068A04700107F021A54070010830103C080
:10D50000270017A103BFDE02F010820106C03B0016
:10D5100017A101825E8610D0860002DE02F00000B4
:10D5200000B054130017A10068DE4F16B08700B09A
:10D5300054130017A10200DE0700108F00B0418BCA
:10D5400000106501BC600301D7A10068DE4F16B072
:10D550008C01BC60030297A100025E02F0160B0072
:10D56000E05E8400F7A103BFDE02F01094020480A5
:10D57000F300109402025E0700109402805E070020
:10D5800010940090001B0037A200E85412F457A139
:10D590000002DE02F00000020400BF00109800024A
:10D5A0005E02F011E903BFDE02F0109900A044B65C
:10D5B000F0B1450002DE02F00000020000BF0010E2
:10D5C000AA0068ABEF0010AA00E05EA30037A80035
:10D5D0006D5EA005D0AA00B02E2F0017A100025E3C
:10D5E00002F0012700B040670017A20068DEA3FF29
:10D5F000F0A700B05E897197A2006D00A70090A609
:10D60000006DA0870050A803BFDE02F010A70068DD
:10D61000A0870010A800B85E897197A200025E0280
:10D62000F0012B01BC60030017A80002DE02F0002D
:10D630000000D85A030117A201B85A06F457A200F5
:10D64000B0560300083600B0560700083700B05641
:10D650000B00083800B0560F00083900B056130010
:10D66000083A00E05612F4483B00B05A0300083470
:10D6700001385E8B00083500B020EF0017A401BC14
:10D6800060030017A200B0419300106500B85E92DD
:10D69000D017A400E05E06F4506300F05E9300171C
:10D6A000A300F05E930077A400E05E8B0037A20039
:10D6B000B85E92F477A400E04192F4506500E05621
:10D6C00002F4958000B056030017A4006EDE8B00B4
:10D6D000B0B800B85E92C0D7A200D85E8B0037A267
:10D6E00000E020DAF4483600B020DB0017A400B8D0
:10D6F0005E92C0F7A200D85E8B0037A200E020DE69
:10D70000F4483700D820DF0037A200E020E2F448D8
:10D710003800D820E30037A200E020E6F4483900C2
:10D72000D820E70037A200E020EAF4483A00D820E9
:10D73000EB0037A200E020EEF4483B00B020EF0001
:10D7400017A200B85E8AC017A200905E8B0037A2B5
:10D7500001BC5E8906A8350002DE02F000000180EF
:10D7600060063C91E4018760063CD1E601A86002B6
:10D770003CD1E6018B60023CD1E600B05E8F001028
:10D780006300B056030011E700B056070011E70030
:10D79000B0560B0011E700B0560F0011E701A96069
:10D7A000423C91E401A860023CD1E6018B60063C5A
:10D7B000D1E600B05E8B00106301BC60030057A18E
:10D7C000020456030010E601BC60030117A100E04B
:10D7D000418EF4306300B056030011E700B05607E5
:10D7E0000011E700B0560B0011E700B05E8B00108F
:10D7F0006301BC600300B7A10204D6030010F0016E
:10D80000BC60030117A102065E530010F001BC606A
:10D81000030197A100E0418EF4306300B05603008D
:10D8200011E700B056070011E700B0560B0011E7F2
:10D8300001BC60030017A10206DE530010FB00B01C
:10D840005E8B00106302065E530010FA00A0563F84
:10D8500001F7A103BFDE02F010FB00A0563301F771
:10D86000A100B05E870011E701BC60030011E70072
:10D8700002DE02F0000000685E9B00D11801BC606F
:10D88000070211E30068DE9B00510B00E8478701A7
:10D8900011E101BC60030011E201BC60030011E270
:10D8A00001BC60030011E201BC60030011E201BC95
:10D8B00060030011E201BC60030011E201BC6003DF
:10D8C0000011E201BC60030011E200B06142F451BA
:10D8D000E000B058030011E200B058070011E20068
:10D8E000B0580B0011E200B0580F0011E200B05820
:10D8F000130011E200B058170011E200B0581B00ED
:10D9000011E200B0581F0011E200B05E9B0017A4A6
:10D910000068DE9B00B11601BC60030077A4019291
:10D92000DE930217A30002DE02F0000001BC6007D4
:10D930000011E300B058030011E200B058070011D5
:10D94000E200B0580B0011E200B0580F0011E200E5
:10D95000B058130011E200B058170011E200B0589F
:10D960001B0011E200B0581F0011E200E00146F078
:10D97000106401BC60070031E300B058030011E2FD
:10D9800000B058070011E200B0580B0011E200B0DF
:10D99000580F0011E200B058130011E200B0581700
:10D9A0000011E200B0581B0011E200B0581F001136
:10D9B000E20192E01B0017A30002DE02F000000269
:10D9C0008740C300112D01866006F01030028640AA
:10D9D000C300112F00B040C70017810002DE02F023
:10D9E0000000028740C300113200B05E0700103112
:10D9F0000186E006F010300002DE02F00000006850
:10DA000000A701978C03BFDE02F0114A00025E02FC
:10DA1000F0113B00025E02F0114B0002DE02F0004A
:10DA200000006800A701970F0002DE02F00000016D
:10DA3000816006093049006800A700914000025E3D
:10DA400002F0114C0002DE02F0000000025E02F063
:10DA5000114C018160020930490002DE02F0000031
:10DA60000188E00E09304900B0412700180000B0DD
:10DA7000002B0010020002DE02F0000001BC600377
:10DA80000010020182E0020F10780002DE02F000B6
:10DA900000006800A701978B00B041270017A10084
:10DAA000B0412701D04900B05E870017A100B05EE9
:10DAB000870017A100B05E870017A100B05E870045
:10DAC00017A100B05E870017A100B05E870017A104
:10DAD00000B05E870017A100B05E870017A100B0FC
:10DAE0005E870017A100B05E870017A100B05E87B7
:10DAF0000010490002DE02F000000100DE530017B2
:10DB0000A601BC60030037A103BFDE02F0115D0077
:10DB1000025E02F00127018760060337A20068DE7B
:10DB20009B001161018760020337A200025E02F0D0
:10DB3000012B0002DE02F000000202411F001176FC
:10DB400002825E5300116801826006F2979400B071
:10DB5000446700180000B0446B00081B00B0446725
:10DB600000180000E844690377A4006800A700914A
:10DB70006B006DDE9300517000E044670317A30350
:10DB8000905E02F011730285C5230011730068DEF8
:10DB90008E23316D01BC600302104701BC6003009D
:10DBA000904301826002F2979401826002F5B7AD62
:10DBB000006800A7009176006800A700B176000217
:10DBC000DE02F000000201C11F00118902855EAF74
:10DBD00000117C01856006F577AB00B04467000852
:10DBE0001E00B0446B00081F00E9446503D7A10084
:10DBF000E8C46903F7A200D05E870077A101E1DEE7
:10DC00008AF437A200E95E862697A100E8DE8A261C
:10DC1000B7A200695E8B00118901BC61030011335A
:10DC200000E144DAF4313600E144DEF45137018595
:10DC30006002F577AB01BC600301104701BC6003D3
:10DC40000050430002DE02F000000201AE27001186
:10DC50008C0284C52300119601BC600F0C10650076
:10DC6000E0419571306502002E2700119000E041DF
:10DC70009700B06501BC600F0D17A1006E4196F4CE
:10DC8000319400E15A0229368000E0DA070016815B
:10DC900001BC6003000B8901BC6003001149000254
:10DCA000DE02F0000000B0451F00178100B005B78C
:10DCB0000017A601BC600704106401BC60131B9030
:10DCC0006501BC60030017A10205DEAF0011B100C1
:10DCD000B0580F0017800068DE842C31A100E05896
:10DCE0002300360803BFDE02F011B902005E9B007C
:10DCF00011B10280DA030011A70118581F00178222
:10DD000000E05E0B00378201985E0AC0F60703BF91
:10DD1000DE02F011AA011A581F00178200E05E0B04
:10DD2000003782019A5E0AC0F60701F0DE03003771
:10DD30008000A05E02C0578000B05E0300160300A2
:10DD4000A044B6F0178200B05E0B00160500E05E3E
:10DD50000AC0960603BFDE02F011B900B0581300E6
:10DD6000178200E85E06F057A5006ADE970011B73B
:10DD700000E85816F4B6050069D8170011B701BCC1
:10DD8000600300160500B058170017A500E05812F0
:10DD9000F4B60600E0419302106400E0419706D01B
:10DDA0006500E05E870037A100905E9B0037A6000B
:10DDB00068DE8700919C01BC600300114701BC60D4
:10DDC0000300016D0002DE02F0000001BC600300F0
:10DDD000016C01BC600300016D01BC60070A1064A6
:10DDE00001BC60030077A100B0428F00178000A043
:10DDF0005E0301F78000B05E0300016E01BC63FFAB
:10DE00001FF7A20068DE030011CB01BC60030017FE
:10DE1000A200886006F43781002005BAF031D000F6
:10DE200068DE8AC0D1D000E005B300216C00B005E7
:10DE3000B6F0216D00685E030011D400205E06F08C
:10DE400011DA006EDE8AC0D1DA03BFDE02F011D52E
:10DE5000006DDE8AC0D1DA00B05E870017A300B083
:10DE6000419300016600B0581B0017A201BC60037B
:10DE700000016C01BC600300016D00E841930210D9
:10DE80006400E85E870037A10069DE870011CB00DF
:10DE9000B05E8F0001650002DE02F0000000B005F8
:10DEA0009B00106400B0581B00114500B0059B009A
:10DEB000016200B0059700016100B0580F0017859E
:10DEC00000B0580700178300B0580B0017840118E2
:10DED000581F00178C011A581F00178D0002DE0210
:10DEE000F0000000B0058B001064006E41932A1111
:10DEF000F600A044B6F0B7A100B05E87001605009A
:10DF0000E05812F4360600B0581B0011450200001C
:10DF1000F30011F3006D41932811F30200DEAF000E
:10DF200011F301BC600B02514200B05E8700016F2B
:10DF300002015EAF0011F600B05E1700160301810A
:10DF40006002F577AB0002DE02F00000020145231B
:10DF50000012010287C49300120101826002F5D70A
:10DF6000AE02012C230011FE00E02C2B002B0A0135
:10DF7000816001610B0802065EB700120100E02A11
:10DF8000D7002AB501866002F5B7AD0002DE02F0C7
:10DF90000000020200BF00120F00025E02F0123702
:10DFA0000202DEB30012070068428F000F2503BF94
:10DFB000DE02F00002028881AB00120F02845EFFD5
:10DFC00000120502845EB30012050282DEFF001219
:10DFD0000502822B2F00120D00682A9B00120F02EF
:10DFE00084DEAF00120502845EB700120500B05E49
:10DFF000870017A10002DE02F000000182E002F5B6
:10E0000097AC0203DEFF00121902844523001219A7
:10E0100002012B2F0012190180E006F297940002F2
:10E020005E02F0114C0180E002F2979400025E0261
:10E03000F0114C0180E002F297940201AC23001130
:10E04000360181E001610B0803BFDE02F0113802E6
:10E050000400C70012270206ABD30012210284C5B8
:10E06000AF00123503BFDE02F012220284C56F003A
:10E0700012350284452300122402004203001235A7
:10E0800000685E4B04B23500685E4B06B23500682E
:10E090005E4B0632350182E006F597AC02844523DB
:10E0A00000122A0323DE02F0122B0183E006F5970B
:10E0B000AC0180E006F29794028400C7001136009C
:10E0C000B02AD70017A2006DDE8955113602872BC2
:10E0D0002F00123202005EFF0011360207AB2F0044
:10E0E00011360181E005610B0803BFDE02F0113833
:10E0F00003BFDE02F011360002DE02F00000020271
:10E1000000BF00144D0206ABD30012440104C10746
:10E110000017A101855E85610B0802042C23001203
:10E120004401846001610B0801BC60370017A20143
:10E13000BC60031417A100B045E300180000B0450F
:10E14000E300180000B045E300180001BC620300C2
:10E15000107701BC60031B507600025E02F0013EA6
:10E1600000682AEB00124900E844655757A101BC3A
:10E1700063F71D17A2006D5E86F4524900E84466FD
:10E18000F44ABA006CC46556724B00E84467002A32
:10E19000B30206ABD3001250006DC46701524E01AA
:10E1A000BC6003000B100284C5AF0012BD03BFDECC
:10E1B00002F012510280456F0012BD020701AB0050
:10E1C00012530180600209D04E01BC63FF1FF7A10A
:10E1D0000068C586F4325601BC6003000ABD020423
:10E1E000DEB700144D0184E002F5B7AD0184E00113
:10E1F000610B080202DEB30012740206ABD30012F8
:10E20000650068AAF700925D00682B0300125E03A8
:10E21000BFDE02F01263018B600E2B915C0287ABB4
:10E22000D30012620182600209D04E03BFDE02F009
:10E2300012630182600609D04E00025E02F01211E4
:10E2400003BFDE02F01267018360062B915C0002BF
:10E250005E02F012110204DEAF0012740282DEBB15
:10E260000012740068AAF700926C0106AB17001741
:10E27000BB0068DEEF001270028480C700127400D9
:10E2800068AAF700326F006CC4655672730068AA02
:10E29000F700927400682B0300127400E845895A55
:10E2A000F7A1006D5E856052740186E005610B0880
:10E2B00002835EBB00127A0206ABD300127800E83C
:10E2C00045C95AF7A103BFDE02F0127900E845897B
:10E2D0005AF7A1006E5E8554B2970205DEB70012B0
:10E2E0009300E02B97002AE501BC6003000AE700D9
:10E2F000682C4700127F00E82C47002B1101866034
:10E3000002F5B7AD0204DEFF00128900B02B9B00BE
:10E3100017A200B02A9B0017A10283AC2700128627
:10E3200000682C87001287006D5E8564328700B01C
:10E330002C7F0017A2006D2B96F452890184E00215
:10E34000F7F7BF0206DEFF00129300E02BC7020AB8
:10E35000F100B04467000AFC01182BC70017A101A7
:10E360001A2BC70017A2006E5E87001291006DDEA7
:10E37000895E529103BFDE02F0129301BC6003007C
:10E380000AF10186E002F7F7BF02025EFF00144DBA
:10E390000068AAEB00144D00B02AC7000ABA03BFF8
:10E3A000DE02F0144D0182E002F7F7BF02862C2353
:10E3B00000129F0068B05B00129B0068305F001283
:10E3C0009F00E9446582D7A600E8C46982F7BB00D4
:10E3D000E10EE2F4C3B800E08EE6F763B902025E34
:10E3E000FF0012A7020600C70012A402802BD30070
:10E3F00012A400B02B2B0017BB006E2B02F7744D3C
:10E4000002025EFF0012A700B04467000ABA03BF11
:10E41000DE02F0144D0205DEB70012B500682AF7DF
:10E420000872AA00E8446555CAB600682C47001275
:10E43000AC00E82C47002B1100E02B9F002AE700DE
:10E44000B02BA30017A100B02A9B0017A20283AC37
:10E45000270012B200682C870012B3006D5E896439
:10E4600032B300B02C830017A1006D2B9EF432B59F
:10E4700001BC6003000AE50068AAF700B2B800B06A
:10E480004467000AEF00B0446B000AF30068AAF783
:10E490000132BC00B04467000B0B02062BD3001204
:10E4A000BC00B02C7B010B1E03BFDE02F0144D023A
:10E4B0000701AB0012BF0180600609D04E0204DEE6
:10E4C000B70012C80283C5730012C201876006F547
:10E4D00077AB0282DEB300144D0203C57300141C37
:10E4E00000E844655637A1006D5E8555B44D018343
:10E4F0006006F5D7AE03BFDE02F0144D00E10ED387
:10E500000023B400E08ED70003B502862C2300124E
:10E51000CD00B04467000C1600B0446B000C17022D
:10E5200006AC230012D001846002F5B7AD0186E08D
:10E5300001610B080206ABD30012D701BC600300D7
:10E540000AD7006D45C71F52D400B045C7000AD78F
:10E5500000E044655AF7BB00E85EEE2E2AB103BF27
:10E56000DE02F012DC01BC6003000AD7006D4587B3
:10E570001F52DA00B04587000AD700E044655AF719
:10E58000BB00E85EEE2C2AB101836002F5D7AE0134
:10E5900084E006F5B7AD0185E002F5B7AD01826014
:10E5A00002F7F7BF01856002F5B7AD01BC6003005B
:10E5B0000B0500E844655637A1006D5E855DD2E22B
:10E5C000006D5E8555B2E600E02B63002AD800B0EE
:10E5D0002A930017B30206ABD30012F501BC600307
:10E5E00001917800B045E300180000B045E7000A4B
:10E5F000C401BC600301B17800B045E3001800001D
:10E60000B045E7000AC501BC600301D17800B04500
:10E61000E300180000B045E7000AC601BC60030132
:10E62000F17800B045E300180000B045E7000AC7E4
:10E6300003BFDE02F0130101BC600300117800B0DB
:10E6400045E300180000B045E7000AC401BC6003C0
:10E6500000317800B045E300180000B045E7000A3B
:10E66000C501BC600300517800B045E3001800000C
:10E67000B045E7000AC601BC600300717800B045F0
:10E68000E300180000B045E7000AC70182E001611D
:10E690000B080207AB1B0013040182E005610B08A5
:10E6A00000B02B170017BB01285EEF000ABD01BCAC
:10E6B00060131C57BB02182B1B00130B01182B1BDC
:10E6C0000017A60080DE9AF777BB00B041B70017AD
:10E6D000B301342B1B0017A201182B1B0017A3003A
:10E6E000682AF70033180068AAF700931100685EE3
:10E6F0008F00731A03BFDE02F0131800682AF701B7
:10E7000033170068AAF70053150068DE8B007319F1
:10E7100003BFDE02F013170068AAF700731A00683F
:10E72000DE8B00D31900685E8F00331A00685E8F9D
:10E7300000131A018760055E8AF402032BD30013CD
:10E740002200682AF702D31D0068AAF702B322014B
:10E75000BC60131C57BB0234AB170013220134AB4F
:10E76000170017A60080DE9AF777BB00B041B7000C
:10E7700017B302022C270013240186600560AB0545
:10E78000006E2AF701F3280088600557B7BB002008
:10E79000DEED5C532B03BFDE02F0132E00E82AF7F8
:10E7A0000217BB00886006F777BB00205EED5C7344
:10E7B0002E01856006F5B7AD020480C300132E015B
:10E7C00084E00560AB05006E2AF701F33500886030
:10E7D0000557B7BB00205EEF0193330186600160EF
:10E7E000AB050068AC470013390020DEED5A9338C2
:10E7F00003BFDE02F0133900E82AF70217BB0088D6
:10E800006006F777BB00205EED5AB33901846005DE
:10E8100060AB050068AAF702F342010DAB170017C1
:10E82000A1010EAB170017A200685E87001342001B
:10E83000E05E86F457A100E05E87080ABD018660AD
:10E840000160AB0500682C47001342018460016041
:10E85000AB0502032BD300134E018360015AAAD5E6
:10E8600000682AF702D3490068AAF702B35E00687D
:10E87000AAE700134C0068AB2300134C0282DEBBF6
:10E8800000134C02072B1B00134C0184600560AB86
:10E890000503BFDE02F0135E0283C57300135E0042
:10E8A000025E02F015BE0068AAF702B35E01836043
:10E8B000055AAAD500E02C8F002B2301856002F5B4
:10E8C000B7AD0068AAE700135E0068AB2300135ED3
:10E8D0000282DEBB00135E00B02AC30017A201341F
:10E8E0002B1B0017A1006EDE8706135900B02ABF4C
:10E8F0000017A2006E5E8964735E01BC6003000BAA
:10E900002301BC6003000ADA01856006F5B7AD019A
:10E9100084E005610B080068AAF700B36802075E8F
:10E92000FF00136801342B1B0017A3006DDE8D6000
:10E93000336800685E8F0013680283AB17001366AC
:10E940000183600560AB0503BFDE02F0136800B011
:10E950002BDB000AF000B0446B000AF70068AAF74E
:10E960000133770202AC2700136B0186E00560AB30
:10E97000050281ABD300137701BC6003000ADA0003
:10E98000682C2F00137700E844656177A1006D5E65
:10E990008561937400B02C330017A200E05E89619A
:10E9A000B7A2006DDE86F453760200AC2300137725
:10E9B0000185600560AB0503BFDE02F013770180BF
:10E9C000E001610B080068AAF701137A00B02AC7BA
:10E9D000000AD10187E006F7F7BF0207DEFF001348
:10E9E0007C0181E00560AB0500682AF700338100F7
:10E9F000682AF701F38102852BD300138000682A6F
:10EA0000F70313810068AAF700939201826006F76A
:10EA1000F7BF00B02AC7000AB90068AAF703138835
:10EA200000682B2300138800B00013000ABD00B05B
:10EA30002B7F000AC003BFDE02F013910068AAF723
:10EA4000009392011C2B17000AC00106AB17001798
:10EA5000BB00685EEF00138F01BC6003006AC30057
:10EA6000B02C7B004B1E03BFDE02F0139100A82CDC
:10EA70007B004B1E01BC6003008AC300B02AC700A4
:10EA80000AC80202DEBB00139F0284DEFF0013955A
:10EA90000206DEFF00139F00B02AD70017A2006D08
:10EAA000DE8955139E00B02B9B0017A200B02A9B55
:10EAB0000017A10283AC2700139C00682C87001369
:10EAC0009D006D5E8564339D00B02C7F0017A20011
:10EAD0006DAB96F4539F0182E00560AB050286ABF7
:10EAE000D30013AD0088600557B7A10020DE856311
:10EAF00093A500E82AF70217A100886006F437A161
:10EB000000205E8563B3AB00682C6F0013AB01344B
:10EB10002B1B0017A2006E5E8B0293AA00B02C7B09
:10EB2000002B1E03BFDE02F013AB00A82C7B002BD2
:10EB30001E0068AAF702F3AD00B04467000B1B008B
:10EB4000E05ECD54B7B301826002F5D7AE00B02CC1
:10EB50002B0017A100B02AD70017A2006D5E8955BF
:10EB600013B402865EB70013C503BFDE02F013B60E
:10EB7000006D5E855FF3CA02812C230013C501BCC2
:10EB8000601F07706501BC601F11506401BC601FED
:10EB900011D7A400685A030013C10088580300F776
:10EBA000A30134D8030017A200E95E8E2337A30126
:10EBB000C3E0022357A500E8DE8AF4B7A20068DEAE
:10EBC0008B0013C1006EDE8EF673C500E04193002A
:10EBD000306400E04197019065006D4192F493B973
:10EBE00003BFDE02F013CA00682AF70093CA006868
:10EBF0002AF70053CA00682AF70073CA0182600628
:10EC0000F5D7AE00025E02F015BE01BC60131C57C2
:10EC1000BB01342B1B0017A20080DE8AF777BB00F4
:10EC2000B041B70017A200682AF70053D700682A3E
:10EC3000F70253D700682AF70273D700682AF70053
:10EC400073D700682AF70853D700682AF70873D7E4
:10EC500000682AF70893D700682AF703D3D703BFC1
:10EC6000DE02F013E60185E006F5B7AD00685E8BC5
:10EC70000013E100B05E8B000AA60182E006F5D722
:10EC8000AE00682C8B0013DE006E5E896453DE01DB
:10EC900081600563CB1E00E02BAB002AEA006E5EAC
:10ECA000896013E10182600560AB0500E8446556A8
:10ECB00037A100B044670017A300682AF70893E55E
:10ECC00000E85E8EF42AAE01846002F7F7BF02828C
:10ECD000DEB300144D0203C57300141C00B02AAB50
:10ECE0000017A200B02AB30017A30068AAF7009388
:10ECF000F602802BD30013F600B02B030017A100FF
:10ED00006D5E855873F20180E00560AB0500682BED
:10ED10004F0013F201BC6003000ABC00025E02F067
:10ED2000159B00685E870013F600682BE70013F65A
:10ED300000B02BE70017A200B02BEB0017A3006870
:10ED40005E8F0013FF00682AEB0013FF00E84465A4
:10ED50005757A100E05E8EF457A2006D5E86F45313
:10ED6000FF0181600560AB0500682B4F0013FF01B8
:10ED7000BC6003000ABC00025E02F0159B0281AB7E
:10ED80002F00140402005EFF001404020445230057
:10ED9000140403A0DE02F014040183E00560AB0557
:10EDA0000281AC2700141C02862C1700144D028629
:10EDB000AC1700144D028080BF00144D02825EBB70
:10EDC00000144D02822BD300141C0281AC170014D6
:10EDD0001C0280AC1700141C02812C1700141C02AA
:10EDE000822C1700141C028881AB00141C0282AC18
:10EDF0001700141502832B1700141C02832C170014
:10EE0000141502852C1700141502842C1700141CED
:10EE10000284AC1700141C0283AC1700141C02847B
:10EE20005EB700141B0204DEAF00141B0281DEBBC0
:10EE300000141B0184E002F577AB00025E02F015BE
:10EE40009F03BFDE02F0144D00E844655637A10071
:10EE50006DDE8554B4280206ABD30014210183E093
:10EE6000022B915C03BFDE02F0144D0183E0022B04
:10EE7000915C01BC600318517800B045E3001800B4
:10EE8000018360022F317900A84138F9D7A100B081
:10EE90005E84FE704E03BFDE02F0144D028101ABB2
:10EEA00000142C020081AB00143702842C170014CC
:10EEB000370280AC170014370206ABD300143500BC
:10EEC0006BAC4223343000E04467014B10018B608F
:10EED000022B915C0287ABD30014330182600609D8
:10EEE000D04E03BFDE02F014340182600209D04E1E
:10EEF00003BFDE02F01436018360022B915C03BF76
:10EF0000DE02F0144D0206ABD3001440006BAC429D
:10EF100023343B00E04467014B10018B60022B91CE
:10EF20005C0287ABD300143E0182600609D04E0319
:10EF3000BFDE02F0143F0182600209D04E03BFDE43
:10EF400002F01446018B60022B915C01BC60031837
:10EF5000517800B045E3001800018360022F317939
:10EF600000A84138F9D7A100B05E84FE704E0002BF
:10EF70005E02F0121D02845EB700144D02832BD393
:10EF800000144A00682AF702B44D0184E006F577C0
:10EF9000AB00E02B27002AC903BFDE02F015870073
:10EFA00002DE02F000000185E002F5B7AD018360EA
:10EFB00002F5D7AE0182E002F5D7AE0182E002F79A
:10EFC000F7BF0184E002F7F7BF01BC6003000AD37A
:10EFD00001BC6003000AC801BC6003000AC001BC98
:10EFE0006003000AEA018760015F6AFB01BC6003FD
:10EFF000000C1601BC6003000C170181600163CB9B
:10F000001E0002DE02F00000020200BF0014B20285
:10F0100083DEFF0014DA0183E006F7F7BF018560A5
:10F02000060B705B018560060BF05F0206ABD30038
:10F03000146601BC600302116D00B02A9700116EC6
:10F04000028045AB00147A03BFDE02F0146901BCF4
:10F05000600302115D00B02A9700115E0280456BCB
:10F0600000147A0206ABD3001473006BAC42233455
:10F070006D00E04467014B10018B60022B915C0234
:10F0800087ABD30014700182600609D04E03BFDE47
:10F0900002F014710182600209D04E0188600E2DC9
:10F0A000516A03BFDE02F0147A018B60022B915C7F
:10F0B00001BC600318517800B045E30018000183DB
:10F0C00060022F317900A84138F9D7A100B05E84E1
:10F0D000FE704E0188600E2B515A00B0413F1FF068
:10F0E0004F00682ABB00148001846006F7F7BF0157
:10F0F000BC602F1717A300E04466F46AB401BC603B
:10F1000003000AAE00025E02F0144E00E844695F9C
:10F11000D7A1006EDE8700348A00B02BD7000AF03A
:10F1200001BC6003000AEF00682AEB00148A00B0FB
:10F130004467000AB900E84465554ABA00B02AB3EA
:10F140000017A100E82AEAF42ABA028080BF00145E
:10F15000970281DEBB0014A80206ABD300148F0215
:10F1600004C5AF00149703BFDE02F01490020045FF
:10F170006F0014970283C5730014970206ABD30087
:10F18000149501BC63FF1FF7A10068C5C6F434A83D
:10F1900003BFDE02F0149701BC63FF1FF7A10068F4
:10F1A000C586F434A80206ABD300149E018B600E12
:10F1B0002B915C0287ABD300149C0182600209D0C2
:10F1C0004E03BFDE02F0149D0182600609D04E039B
:10F1D000BFDE02F014A4018B600E2B915C01BC60B9
:10F1E0000318517800B045E3001800018B2B2E2F37
:10F1F000317900A84138F9D7A100B05E84F9B04E4A
:10F200000184E002F5B7AD0184E002F577AB01853A
:10F21000E001610B0803BFDE02F015920206ABD3DA
:10F220000014AB00025E02F0121D03BFDE02F014F8
:10F23000AD018360022B915C00025E02F0121D01A1
:10F2400084E006F5B7AD0184E006F577AB0206ABC6
:10F25000D30014B101846005610B0803BFDE02F026
:10F260001592018D60020BF05F0206ABD30014B65D
:10F270000188600E2D516A03BFDE02F014B70188C9
:10F28000600E2B515A028181AB0014C80206ABD329
:10F290000014C1006BAC422334BC00E04467014B56
:10F2A00010018B60062B915C0287ABD30014BF0169
:10F2B00082600209D04E03BFDE02F014C0018260FA
:10F2C0000609D04E03BFDE02F014D7018B60062B77
:10F2D000915C01BC600318517800B045E300180050
:10F2E000018360022F317900A84138F9D7A100B01D
:10F2F0005E84FE704E03BFDE02F014D70206ABD36D
:10F300000014D1006BAC422334CC00E04467014BC5
:10F3100010018B60022B915C0287ABD30014CF01EC
:10F3200082600609D04E03BFDE02F014D001826075
:10F330000209D04E03BFDE02F014D7018B60022B0E
:10F34000915C01BC600318517800B045E3001800DF
:10F35000018360022F317900A84138F9D7A100B0AC
:10F360005E84FE704E0184E002F5B7AD0184E002D8
:10F37000F577AB00025E02F0144E0002DE02F000F0
:10F380000000B0446B000AFE0202DEB30014E70284
:10F3900006ABD30014E5018360062B915C0287ABBA
:10F3A000D30014E20182600209D04E03BFDE02F0F6
:10F3B00014E30182600609D04E00025E02F01211D1
:10F3C00003BFDE02F014E7018360062B915C0002AC
:10F3D0005E02F0121101866005610B08020200BF97
:10F3E00000150C0183E002F7F7BF0203C573001498
:10F3F000FC020080BF0014FC0206ABD30014F50031
:10F400006BAC422334F000E04467014B10018B6089
:10F410000E2B915C0287ABD30014F30182600209CA
:10F42000D04E03BFDE02F014F40182600609D04E14
:10F4300003BFDE02F0150B018B600E2B915C01BC4B
:10F44000600318517800B045E3001800018B2B2EA3
:10F450002F317900A84138F9D7A100B05E84F9B006
:10F460004E03BFDE02F0150B0206ABD300150500FC
:10F47000E0446700B7BB006CC466F774FE018B60A4
:10F48000022B915C0287ABD3001503018260060951
:10F49000D04E03BFDE02F015040182600209D04E97
:10F4A00003BFDE02F0150B018B60022B915C01BCE7
:10F4B000600318517800B045E30018000183600232
:10F4C0002F317900A84138F9D7A100B05E84FE70D1
:10F4D0004E0182E002F597AC0002DE02F00000016E
:10F4E000BC60030037A20020E3FE0915680020E09D
:10F4F000420D956802845EB30015680280420300E5
:10F5000015680284452300156803915E02F01568B2
:10F510000068AB4F0015680282DEFF0015680068C6
:10F520002ABB00151900E8446555D7B900E82A9AA6
:10F53000F737B902805EFF00159B020180C70015F6
:10F540009200B02AD70017A1006DDE8555159202F2
:10F5500082DEB30015680203C573001549020480FA
:10F56000C700154900685E8B00152E0284AC23008D
:10F57000152E0203C5730015490202ABD3001525F1
:10F5800002855EBB0015260282DEBB00154900B075
:10F590002B830017A1006EAB6AF4352E0203C573EE
:10F5A00000154900682A9B00152D00682ABB00152C
:10F5B0002E006ADEE554F549006ADEE55A55490039
:10F5C000682AE700154902941DF30015310203DE95
:10F5D0005300153603BFDE02F0153401141DF3008D
:10F5E00017A600901CBAF4D7A602005E9B00153641
:10F5F00000B02B87000AA703BFDE02F0159201BC02
:10F60000600302579201BC63FF1FF0C301BC60039B
:10F610000910E301865E8A1C70E3018460061C7099
:10F62000E300682AEF00153D0185E0061C70E30148
:10F63000BC600303978200025E02F0157200B054B2
:10F64000130010E400E043915B30E401BC60030070
:10F6500010EE01BC63FF1FF0CE00E02AEF002ABBD2
:10F6600001BC61030077A601141DF30017A200B0CE
:10F670005E8B000C1801BC610303EC1903BFDE02B2
:10F68000F0156202845EB700156801BC6023089023
:10F69000E600025E02F0016A00B05ECF0010E400F6
:10F6A00068AAF70035520205AC2300155200E82A7B
:10F6B000CE2337A3006DDE8E1C955200B05E8F0006
:10F6C00010E400682A9B00155A00B02ADB0010E401
:10F6D0000206ABD30015570284C5AF00155A03BF0D
:10F6E000DE02F015580280456F00155A00695EE78A
:10F6F00000155A00E05EE556D0E40282DEBB00153C
:10F700005E00682AF700155E00E10EDA1C83B60081
:10F71000E08EDF0003B701BC600301D78200025E08
:10F7200002F0157201BC61030077A603BFDE02F090
:10F73000156200B0004700108600025E02F015F866
:10F7400000025E02F010700190600A091048018406
:10F750006006F597AC00B05E9B0010800002DE02F0
:10F76000F0000002805EFF00156D0281DEBB001517
:10F770006D020180C7001592020480C70015920136
:10F78000806002F7F7BF0280C28F0015930201DE8E
:10F79000BB00159301BC60030017A203BFDE02F09B
:10F7A000150E00685E4B0635790285DEFF00158078
:10F7B00000B02B370017A1006DAAEEF4358001BC14
:10F7C000600301378000B02B3B0017A1006D2AEECB
:10F7D000F4357B02812BD300157B01BC60030177DC
:10F7E0008001BC600300378100025E02F00143012A
:10F7F000D2DE0AA030E000B0540B0010E103BFDEFF
:10F8000002F015860280ABD300157901BC600301BC
:10F81000578001BC600300178100025E02F00143C3
:10F8200000B054070010E000885E0B0070E1000299
:10F83000DE02F0000000682AF30015920204DEAF39
:10F8400000159200E844655797A4006E5E9154F548
:10F850009200885E930037A4006D5E9154F592008B
:10F86000025E02F015E303BFDE02F0159F00E844DC
:10F87000655797A400885E930037A400025E02F0EB
:10F8800015E303BFDE02F0159F0284DEAF0015967C
:10F890000181E002F5D7AE03BFDE02F0159F0068DC
:10F8A0002B6700159B00E044655B2AD300682B6B37
:10F8B00000159A00E044655A4AD30002DE02F000C7
:10F8C0000001806006F7F7BF00682AF300159F006B
:10F8D000E844655797A400025E02F015E3018460D6
:10F8E00002F597AC01BC6003000ABC01BC600300D8
:10F8F0000AD301BC6003000ABB0104DEAF0017A1FC
:10F9000001845E86F5B7AD0284DEAF0015A80180E4
:10F9100060060D906C0002DE02F000000285AC2350
:10F920000015BD0203C5730015BD00B02A8F001776
:10F93000A30202AC230015AD00B02AAF0017A3024A
:10F9400002DEBB0015AF00B02A8B0017A300E04415
:10F9500066F46AB30185E005610B0800B0446700F6
:10F960000B030206ABD30015B7006BAC422335B6D0
:10F9700000E04467014B100183E0022B915C03BF60
:10F98000DE02F015BD0183E0022B915C01BC600337
:10F9900018517800B045E3001800018360022F3150
:10F9A0007900A84138F9D7A100B05E84FE704E00FE
:10F9B00002DE02F000000202DEB30015C90206AB4F
:10F9C000D30015C7018B600E2B915C0287ABD3006F
:10F9D00015C40182600209D04E03BFDE02F015C5D6
:10F9E0000182600609D04E00025E02F0121103BFD0
:10F9F000DE02F015DB018360062B915C00025E02E3
:10FA0000F012110203C5730015CE0284DEAF00159B
:10FA1000CE0281DEBB0015CE02805EFF0015CE0255
:10FA2000045EB70015E20206ABD30015D5018B606A
:10FA30000E2B915C0287ABD30015D30182600209C3
:10FA4000D04E03BFDE02F015D40182600609D04E0D
:10FA500003BFDE02F015DB018B600E2B915C01BC55
:10FA6000600318517800B045E3001800018B2B2E7D
:10FA70002F317900A84138F9D7A100B05E84F9B0E0
:10FA80004E0183E001610B0801846006F5B7AD010A
:10FA900084E002F577AB01BC6003000ABB0184601F
:10FAA00002F597AC0185E001610B080186E0016178
:10FAB0000B080002DE02F0000000682B5B0015E579
:10FAC00000B02B5B0017A4006D5E915555E700B0A8
:10FAD0002AAB0017A400882B070037A500E82B0AE3
:10FAE000F4AAC200885E930037A400E02B0AF48ACF
:10FAF000C200902B0B00AAC100B02B07000AA70080
:10FB000002DE02F0000003A0DE02F015F102004266
:10FB1000030015F100025E02F00D2F0183E0056184
:10FB20000B0801846002F5B7AD0184E006F577AB00
:10FB300001BC6003000ABB01846002F597AC00B011
:10FB40004467000ABC0002DE02F00000010C8143A1
:10FB50000017A101BC600300508A00685E07001610
:10FB6000020068DE8700360201BC600300B08A0034
:10FB7000685E070036020282DE0300160201BC60E6
:10FB80000300908A0283DE0300160200E0600AF49C
:10FB9000D08A00685E0700160A0190422AA1308AC6
:10FBA00000685E0700360A0190422AA0108A010907
:10FBB000DE030017A2018F5E8A11508A00685E8BF7
:10FBC00000160A0191E00E11508A0002DE02F000D8
:10FBD000000109DE030017A400E05A06F497A5000F
:10FBE000905E96F497A50203DE030016120282DEF1
:10FBF0000300161201BC61EF0857A60080DE96F4E0
:10FC0000D7A50116DE870017A300885E870077A1BD
:10FC100000E15E8702D7A100E0DE8F0017A301BCE0
:10FC200060030017A2020E5E0300161901BC6003F8
:10FC30000037A200905E96F457A50080DE96F43758
:10FC4000A100E141B7FFF7A600E1DE8701F7A100BF
:10FC500080DE96F477A300E1DE860DB7A100E0DE3A
:10FC60008F0017A3017A5E86F477A100885E86F480
:10FC700057A100B05E870017A20287DE0300162698
:10FC800000885E870057A103BFDE02F016330287AB
:10FC90005E0300162D01BC639B0CD7A50080DE8699
:10FCA000F4B7A100E141B7FFF7A500E0DE87001738
:10FCB000A100885E870057A103BFDE02F016330063
:10FCC000885E870057A101BC639B0CF7A50080DE0E
:10FCD00086F4B7A101BC62030017A500E141B6F4A8
:10FCE000B7A500E0DE870017A100E05E8400D7A181
:10FCF0000002DE02F0000002001FF7000012028284
:10FD0000DE5300163B0188600204902400E020923C
:10FD1000F3082400E8208EF3082303BFDE02F00B73
:10FD20003701B8601604902401BC600301D025039C
:10FD3000055E02F0164C0287C037000C9E0386DE7B
:10FD400002F00CA100025E02F01236035CDE02F04B
:10FD5000163D00D8409B0117A100E05E870237984E
:10FD600000A85E630077980102DE530017A10182AC
:10FD7000E002F297940188DE84FFA7FD006EA08E5A
:10FD8000F3164C00E85E6301D02501B860060490CC
:10FD90002403BFDE02F0000201816004FFA7FD0121
:10FDA000B8600A04902403BFDE02F0000202285E5D
:10FDB0008700166200B041930017A400E041930051
:10FDC0007064010A5E870017A200E84192F4506354
:10FDD00001185E870017A100E86042F437A200888E
:10FDE0005602F436000068418EF4965E00E8418FBA
:10FDF00000306300E8419300306400685E8B0216B7
:10FE00005600905602F457A300B05806F47601034A
:10FE1000BFDE02F0165600684192F4966200E84197
:10FE20009300306401BC600300160003BFDE02F0E3
:10FE3000165E00B05E870017A10002DE02F000002F
:10FE40000180600286143000B050CB00106501388C
:10FE500050830017A10068DE3B06366A00E05A3383
:10FE600000368C006EDA32F4201200B05A0B001704
:10FE7000A201BC63FF1FF7A300B050CF00106400C5
:10FE80006EDA32F4366F00B05A370017A300B0585C
:10FE90001300178201BC600300160401BC601B1F25
:10FEA000D7B60102D0C70017A100E04196F4306533
:10FEB00000E050CB00D06401BC60030017B401BC6B
:10FEC000600300178001BC60030037810187600474
:10FED0000310A0009052330097A400E0418701B7BF
:10FEE000B500685ED2F0569600E05EDAF6906300E8
:10FEF00020D802F0368A020250C7001690009056B1
:10FF0000030097A100E85E86F497A1019E6002F4C9
:10FF100037A1006DDE87081690010A5E870017A2E0
:10FF200001DA6002F437A100E05ED6F45063008885
:10FF30006006F437A100205602F4369000B0580253
:10FF4000F0360000E05A2B00368A006ADED2F476E2
:10FF50008C0068DED2F0169100E05E03003780006E
:10FF6000685E030036910186E0040310A003BFDE43
:10FF700002F01691006ADED2F4768C00E05ED300C7
:10FF800037B400D05E0700378102985ED300167B3D
:10FF900000E0419300306403BFDE02F0167B00688E
:10FFA0005E0300001203BFDE02F006CC0282D0C75F
:10FFB0000016A000B02A370017A101B82A32F43683
:10FFC0008401025013001685013C50830017A100E4
:10FFD000B050A70017A4006D5A32F436A90182E090
:10FFE000068634310288502B0016A500B05A330023
:10FFF00017A1019E5E8684F4270183600686343152
:020000041005E5
:100000000002DE02F0000000B050730017A101B83A
:10001000506EF436840106D00700168500B050AB50
:100020000017A400D06006C0978000E0419700D779
:10003000B5010A58130017A100E05ED6F437B500E9
:10004000B0580F001063011656030017810068D8DE
:10005000130016BE011400630017A10068DE8700BC
:1000600016B40088013B01168003BFDE02F016B90A
:100070000068DE870076B700A0013BE0168003BF72
:10008000DE02F016B900E05E870970620088540352
:1000900001168000E85A0330168001BC6003001688
:1000A0008101BC600300168201BC6003001683035B
:1000B000BFDE02F016C300E0418EC09063006EC147
:1000C0008EC036C300E8418EC0306300E85803009C
:1000D00037A100E0418EF43063013850A30017A52A
:1000E0000068581303F6DE0068418EC056DE006DCE
:1000F000DA0AF4B6DE011656030017A10068DE86A0
:10010000F036DE015856030017A100E05E870DD7D8
:10011000A200B05ED70010620020DE02A016D5005B
:10012000E05E86D037A300E05E8ED077A3006D5AE4
:1001300002F456DE006E5E8EF496DE00E86002F495
:10014000368300B05E8F00168100A05A0F007683C0
:1001500000E05A0B00368200E85A02F4568000D0C4
:100160005E0300378000E0581300360400E0418F42
:10017000003063029858130016DB00E05ED70037AA
:10018000B5006EC18EC036C400B0580300106303C2
:10019000BFDE02F016C400B058130017A10068DAE1
:1001A000370016E100B05E8700168D006DDE86D147
:1001B000B6E300B05E8700168D0002DE02F000009C
:1001C00001BC60030017A1018760040310A001BCFB
:1001D00060030990B500B0006300F0B401BC605743
:1001E0000310B601BC60030090B500B0006300B01E
:1001F000B400B042D30018000317DE02F016EC037F
:1002000097DE02F016ED00B02A3300142F018EE0C5
:100210000C0310A0006DDE02D1B6F300E85A36F0F0
:10022000168D03BFDE02F016F501BC600300168CCC
:1002300001BC600300168D006E5A3AF016F801BC3E
:10024000600300168E03BFDE02F016F900E85A3A8A
:10025000F0168E00B058070017A100E0580EF016F7
:1002600003006ED80EF436FF00E85E86C017A100CA
:10027000E8580EF4360300E8580F00360301185E04
:10028000030017A1006DDE0302170700E86042F4C7
:1002900037A200905A1AF4368600885A1EF457A2E4
:1002A00000905A1EF4368700B05A1AF4568603BFDF
:1002B000DE02F0170900905A1EF4368601BC600376
:1002C0000016870002DE02F00000015860030010F3
:1002D0002A01B8600A04902401BC60030290040162
:1002E00089E0020D906C0002DE02F000000200DEE8
:1002F0005300171901BC60170777A100025E02F0D6
:10030000012700B040670017A200B05E8B0057A223
:1003100000025E02F0012B01BC600303378001BCC8
:10032000600300178100025E02F011320002DE025B
:10033000F0000001BC600303378000025E02F01190
:100340002D0183E006F037810181E006F03781005E
:10035000025E02F0113200B05E070017A200E04416
:10036000670B57A1006B4466F4372001BC60031192
:10037000378000025E02F0112D01806006F03781A7
:1003800000025E02F0113201BC600300978000029F
:100390005E02F0112D01806006F0378100025E02DE
:1003A000F0113200E044670157A1006B4466F43756
:1003B0002A01BC600303378001A0607EF4578100EE
:1003C000025E02F0113200E044670797A1006B441F
:1003D00066F4372F01BC600311578000025E02F003
:1003E000112D01846006F0378100025E02F01132A7
:1003F00000B05E070017A201BC60030A378000024C
:100400005E02F0112D01806002F0378100025E0271
:10041000F0113200E044670037A1006B4466F43706
:100420003A01806006F0378100025E02F01132016D
:10043000BC600308578000025E02F0112D018A6043
:1004400002F0378100025E02F0113200E0446700E2
:1004500037A1006B4466F43742018A600EF03781A1
:1004600000025E02F0113200E044670657A1006B03
:100470004466F4374601BC60030CB78000025E029C
:10048000F0112D0280DE0700173001BC6003115708
:100490008001846002F4578100025E02F011320193
:1004A000BC60030037A30206ABD30017510284C51A
:1004B000AF00175903BFDE02F017520280456F00EC
:1004C000175901BC60030017A3018B600E2B915CD0
:1004D00001BC600318517800B045E3001800018B9F
:1004E0002B2E2F317900A84138F9D7A100B05E84B6
:1004F000F9B04E01BC60170777A100025E02F0015F
:100500002700B040670017A200A85E8B0057A2002A
:10051000025E02F0012B00E044670157A1006B442A
:1005200066F4375F01BC600301B7A101BC6003043E
:1005300077A200025E02F0012B01BC60130AF7A152
:1005400001BC60030017A200025E02F0012B01BC97
:1005500060030117A400E85E930037A401BC6003A8
:1005600001D7A100B05E930017A200025E02F00165
:100570002B01BC60130AD7A101BC60030017A200C5
:10058000025E02F0012B0068DE9300176700685ED0
:100590008F0017710002DE02F0000001BC60270C22
:1005A000B7A101BC60030197A200025E02F0012B1B
:1005B00001BC60270EB7A101BC60030137A2000295
:1005C0005E02F0012B01BC60030657A401BC60036E
:1005D0000077A301BC60130957A100025E02F0017D
:1005E00027018060060337A200025E02F0012B01A2
:1005F000806002F457A200025E02F0012B00E0448A
:1006000066F497A1006B4466F4378000E85E8F00C3
:1006100037A300685E8F00178701BC60030317A42F
:1006200001BC60270F17A100025E02F001270068DD
:10063000C0671FF77901BC60270EB7A101BC60033A
:1006400001F7A200025E02F0012B0002DE02F000C0
:10065000000002DE02F000000200DE5300179D01E0
:10066000BC60130E77A100025E02F0012700A040DB
:10067000673FEC4401BC60131497A100025E02F0D6
:1006800001270196E0020337A200025E02F0012B6F
:1006900001BC601309B7A100025E02F001270187C7
:1006A00060020337A200025E02F0012B01BC60135E
:1006B0000997A100025E02F0012701876006033757
:1006C000A200025E02F0012B0002DE02F000000137
:1006D000BC60730017A301BC60131497A100025EF5
:1006E00002F0012700A04066F477A40196E01EF412
:1006F00097A300B05E8D8897A200025E02F0012BE6
:1007000001BC601309B7A100025E02F00127018756
:1007100060060337A200025E02F0012B01BC6013E9
:100720000997A100025E02F00127018760060337E6
:10073000A200025E02F0012B0002DE02F0000000C7
:1007400068DE930017B100E05E030057A201095E66
:100750008B0017A103BFDE02F017B90068DE93001B
:1007600037B501105E030017A200E05E8B0097A171
:1007700003BFDE02F017B901305E030017A200E0EC
:100780005E8B0197A1006D5E870597B901BC600380
:100790000597A10002DE02F0000000682BCB0017D5
:1007A000BF00B02BF30017A100E05E855FB7A1008A
:1007B0006BDE862337BF0186E006F7F7BF0002DE57
:1007C00002F0000000681F330017CD020200BF00D6
:1007D00017C3020345730017CD0285C5230017CD4B
:1007E00000681F330037CB00B01FC70017A10002FD
:1007F0005E02F0012700A84064F9D7A200B05E882D
:10080000F9B7A200025E02F0012B03BFDE02F0176F
:10081000CD00A84138F9D7A100B05E84F9B04E00F0
:1008200002DE02F00000020200BF0017C30203450F
:10083000730017CD0158600300102A0189E0020DF2
:10084000906C01BC600300900400B040130017A13D
:100850000002DE02F00000018260060F107802073D
:10086000C1E30017D601BC60030C17A301BC6003F1
:1008700000907601BC600300107700025E02F00178
:100880003401BC60030C97A300025E02F0012F004C
:100890008860118757A101BC5E860EF07700025E6A
:1008A00002F0013401BC60030C17A301BC6003001B
:1008B000B07601BC600300107700025E02F00134E4
:1008C00001BC60030C97A300025E02F0012F0088B8
:1008D00060058757A101BC5E860ED07600025E02DD
:1008E000F0013401BC60030017A300025E02F001B6
:1008F0002F018560060ED07600025E02F001340101
:10090000BC60030C17A301BC600300307601BC601F
:100910000300107700025E02F0013401BC60030C9A
:1009200097A300025E02F0012F01AC60A20EF077E7
:1009300000025E02F0013401BC60030017A3000254
:100940005E02F0012F018560060ED07600025E0285
:10095000F0013401BC60030C17A301BC600300303C
:100960007601BC600300107700025E02F0013401E2
:10097000BC60030C97A300025E02F0012F01AC6083
:10098000020EF07700025E02F0013401BC60030049
:1009900017A300025E02F0012F018560060ED076DB
:1009A00000025E02F00134018260020F1078000242
:1009B000DE02F0000001BC60130817A100025E0215
:1009C000F00127018060020337A200025E02F001FD
:1009D0002B01BC60030037A100025E02F001270179
:1009E00088600E0337A20068B0EB00181001886021
:1009F0000A0337A200025E02F0012B01BC601B0655
:100A000057A100025E02F00127018830EA0337A2F5
:100A100000025E02F0012B00025E02F017D501BC5D
:100A200060130817A100025E02F001270180600632
:100A30000337A200025E02F0012B0002DE02F0008A
:100A40000001BC60430890E600025E02F0016A010A
:100A5000BC604F1110E40190600A09104801BC60AD
:100A60000300000601BC600301D78201D2DE0877D3
:100A7000F0E000B00F030010E100B0004700108666
:100A800000B00F1F00108A01BC6003003781000214
:100A90005E02F0107001BC60030010BB01BC61037A
:100AA0000010800182600610308103D05E02F003E6
:100AB000940002DE02F0000000681F83001882022A
:100AC0008042030018820285C52300188200681F37
:100AD0008F00388200681F8B00385F01BC601308EC
:100AE00017A100025E02F00127018060020337A215
:100AF00000025E02F0012B01BC601B1B57A100022B
:100B00005E02F0012700B04067000C3E0182E00663
:100B10000337A200025E02F0012B01846006F45745
:100B2000A200025E02F0012B01BC60270F37A1007A
:100B3000025E02F0012700B04067000C3F018860B0
:100B4000060337A200025E02F0012B01BC602715EC
:100B500097A100025E02F0012700B04067000C4040
:100B6000019B60160337A201806006F457A20002C1
:100B70005E02F0012B01BC60131077A101BC600B79
:100B80000017A200025E02F0012B01BC6013105797
:100B9000A100025E02F0012701B860820337A200C3
:100BA000025E02F0012B01BC60131037A100025E4F
:100BB00002F001270180E0020337A200025E02F08A
:100BC000012B01BC60030007E201BC60030007E3E6
:100BD0000068310F00185700E044658867E103BFE3
:100BE000DE02F0185800E044670807E101BC60131A
:100BF0001037A100025E02F0012701806006033772
:100C0000A200025E02F0012B01BC60030027E2009B
:100C1000025E02F001270200406700187302804262
:100C2000030018730285C52300187301BC601310FC
:100C300037A100025E02F00127020040670018663B
:100C4000006CC464FC385F00E03107002C4100E018
:100C5000310B002C4201BC601310F7A100025E02B0
:100C6000F0012700B0406700018401BC601310D779
:100C7000A100025E02F0012700B04067000185017B
:100C8000BC602B1357A100025E02F0012700B040A8
:100C90006700018601BC60131117A100025E02F01B
:100CA000012700B0406700018701BC60271597A1AC
:100CB00000B031030017A200025E02F0012B01BC5C
:100CC00060270F37A100B030FF0017A200025E02BC
:100CD000F0012B01BC601B1B57A100B030FB0017BB
:100CE000A200025E02F0012B01BC60130817A100F4
:100CF000025E02F00127018060060337A200025E57
:100D000002F0012B01BC60030007E201BC6003009C
:100D100007E000B05E870017A10002DE02F00000CD
:100D200001BC6003000C2500B030CB00179E00B062
:100D300030CF00179D00B030D300179C00B030D7E3
:100D400000179B03BFDE02F00A1A0000000000003B
:100D50000000000000000000000000000000000093
:100D60000000000000000000000000000000000083
:100D700000207EC000000000000000000000000015
:100D80000000000000000000000000000000000063
:100D90000000000000000000000000000000000053
:100DA0000000000000000000000000000000000043
:100DB00000207EC0000000000000000000000000D5
:100DC0000000000000000000000000000000000023
:100DD00000000000000020000000401101000000A1
:100DE00000008016010080000000801601008003D2
:100DF00000008016000000400000801A2100E0037F
:100E000000008016000200400000801A100200401E
:100E10000000801A100202400000801A6100E00306
:100E200000008016100200400000801A6101E013EB
:100E300000008016300200400000801A10020040BE
:100E40000000801A1C0200400000801A000200000E
:100E50000000801A1C0A00400000801A1C0A204072
:100E60000000801A1FCA20400000801A1FCA2040BC
:100E70000000801A010000000000801E0900000030
:100E80000000801E00000000000080020000000042
:100E90000000800200000000000080020800000046
:100EA0000000801E000000000000801E0100000005
:100EB0000000801E110000000000801E1FCA20C01C
:100EC0000000801A1FCA20C00000801A5FCA20C01C
:100ED0000000801AB06400000000800E00002800AE
:100EE00000008012110000000000801E00000000C1
:100EF000C8254285000000000000400100000000FD
:100F00000000400100000000000040015FCA2040D6
:100F1000000040191FCA20400000401901000000D5
:100F20000000401D010000000000401D0100000005
:100F30000000401D090000000000401D1FC22040AD
:100F4000000040190F0000000000401D1FC220C01B
:100F5000000040191BC220C000004019207D000085
:100F60000000400D000020000000401100000000C3
:100F7000330442890000000000004001000000002E
:100F80000000400100000000000040011BC22040A2
:100F900000004019090000000000401D1BC2204055
:100FA00000004019010000000000401D000000008A
:100FB0000000401D1FC22040000040190100000039
:100FC0000000401D090000000000401D1FC220401D
:100FD000000040190B0100000000401D1FC220C08E
:100FE000000040191BC220C000004019C07700005B
:100FF0000000400D0000280000004011000000002B
:10100000331C428900000000000040010000000085
:101010000000400100000000000040011FC220C08D
:10102000000040191FC220C0000040196100E013F9
:10103000000040150000000000004001000000001A
:101040000000400100000000000040016101E013C9
:101050000000401513C220C0000040196101801338
:10106000000040150A0100000000401D13C220C00E
:101070000000401908040000000000F80000000013
:1010800000004001000000000000400100000000DE
:1010900000004001000000000000400100000000CE
:1010A0000000400113C22040000040190B01000065
:1010B0000000401D13C220C00000401900000000C5
:1010C000000040010000000000004001030100009A
:1010D0000000401D13C2204000004019000008001D
:1010E0000000401161018013000040156101801370
:1010F0000000401561018013000040151FC2204010
:10110000000040191FC22040000040191FC22040AB
:10111000000040190B0100000000401D0B01000001
:101120000000401D1FC220C0000040191BC220C08B
:1011300000004019C37700000000400D00000800C7
:101140000000401100000000131C42880000000055
:10115000000040010000000000004001000000000D
:10116000000040011BC2204000004019090000009F
:101170000000401D1BCA2040000040191FCA20402B
:1011800000004019090000000000401D1FC220405F
:10119000000040190F0000000000401D1FC220C0C9
:1011A000000040191BC220C000004019237D000030
:1011B0000000400D00000000000040110000000091
:1011C00013044288000000000000400100000000FD
:1011D0000000400100000000000040011BC2204050
:1011E00000004019090000000000401D1BCA2040FB
:1011F00000004019010000000000401D1FCA2040EF
:1012000000004019110000000000401D1FCA2040CE
:10121000000040191FCA20C0000040191FCA20C08A
:10122000000040191FCA20C0000040195FCA20C03A
:1012300000004019B06400000000400D00000800EC
:1012400000004011110000000000401D00000000DF
:10125000B8254284000000000000400100000000AA
:101260000000400100000000000040015FCA204073
:1012700000004019010000000000401D1FCA20406E
:10128000000040191FCA2040000040190000000063
:101290000000401D1C0A2040000000181C0A2040CD
:1012A0000000001800000000000000100000000016
:1012B0000000001C61018013000000141C0A204083
:1012C000000000186101800300000014100A204093
:1012D00000000018000A204000000018000A00402A
:1012E00000000018410180030000001400080040C5
:1012F000000000180000100000000010000802406C
:101300000000001800080340000000180008024018
:101310000000001800080040000000180000000055
:101320000000001000080040000000180008004005
:10133000000000184101800000000014410100007D
:1013400000000014400100000000001400080240EA
:101350000000001800010000000000140008004018
:1013600000000018000800C000000018080C000071
:101370000000000408080000000000FC000000005D
:10138000000000000000000000000000000000005D
:10139000000000000C715D48075F3100B3C9A56112
:1013A000005B234B4525244728080000000000006F
:1013B000941DC51301BD3208010034333433396143
:1013C000302D726F6D6C2F7364696F2D672D706F88
:1013D0006F6C2D7032702D69647375702D69646146
:1013E0007574682D706B7466696C7465722D6B65AD
:1013F0006570616C6976652D616F652D6C70632D0C
:1014000073776469762D7372666173742D66756186
:1014100072742D627463782D6E6F636C6D696E6388
:101420002D636C6D5F6D696E2D6662742D6D6670D7
:101430002D7361652D776F776C70662D746B6F20DF
:1014400056657273696F6E3A20372E39352E3439EE
:1014500020283232373162623620435929204352E4
:10146000433A2062376132386566332044617465DF
:101470003A204D6F6E20323032312D31312D3239DC
:101480002032323A35303A323720505354205563A7
:101490006F6465205665723A20313034332E323114
:1014A000363220465749442030312D633531643976
:1014B00034303000FA00445649442030312D623037
:1014C0006234353230660000000000000000000089
:1014D000000000000000000000000000000000000C
:1014E00000000000000000000000000000000000FC
:1014F00000000000000000000000000000000000EC
:101500000000000000000000424C4F423C00000080
:10151000FA69E0BB010000000200000000000000CA
:101520003C000000980300000A6F2B5200000000EE
:1015300000000000D403000004000000A0B0E5E2B9
:1015400000000000434C4D204441544100000C0079
:10155000020052617370626572727950692E50692F
:10156000636F57000000312E32392E340000000026
:101570000000000070000000436C6D496D706F72D8
:10158000743A20312E34372E310000000000000064
:1015900000000000000076352032322F30362F3226
:1015A000340000000000000000000000010B010DED
:1015B0000C0D0000680300007401000068000000CA
:1015C000300100007C010000000000004C01000020
:1015D0004601000058030000000000002801000040
:1015E00090030000880300007FB2000000000000AC
:1015F00000000000000000000000000000000000EB
:101600000000000000000000000000007003000067
:101610000000000032010000000000000000000097
:1016200000000000000000000000000000000000BA
:1016300000000000000000000000000000000000AA
:10164000000000000000000000000000000000009A
:10165000000000000000000000000000000000008A
:101660000000000000000000000000003400000046
:10167000810100000102323032322D30362D3234F9
:101680002030363A35353A3038000000FF0000008F
:101690000100FF011E0000014800010100FF0114CC
:1016A0000000014800010000FF00000002000001EE
:1016B0001E010001480101000000000000000000C0
:1016C0000001000101236E000200FFFFF000415401
:1016D00000010001FFC000415500010001FFC000F2
:1016E000424500010001FFC000425200010001FF1D
:1016F000C00043410000FF00FFCC00434800010050
:1017000001FFC000434C00010001FFC000434E0038
:10171000010001FFC000434F00010001FFC0004372
:101720005A00010001FFC00044450001FF01FFCC49
:1017300000444B00010001FFC000454500010001CD
:10174000FFC000455300010001FFC00046520001E8
:101750000001FFC000474200010001FFC0004752E6
:1017600000010001FFC000484B00010001FFC00064
:10177000485500010001FFC000494C00010001FF75
:10178000C000494E00010001FFC0004953000100A4
:1017900001FFC000495400010001FFC0004A500091
:1017A000010001FFC0004B4500010001FFC0004BDC
:1017B0005200010001FFC0004C4900010001FFC0C0
:1017C000004C5400010001FFC0004C550001000115
:1017D000FFC0004C5600010001FFC0004D54000145
:1017E0000001FFC0004D5800010001FFC0004D592D
:1017F00000010001FFC0004E4700010001FFC000D2
:101800004E4C00010001FFC0004E4F00010001FFDF
:10181000C0004E5A00010001FFC000504500010009
:1018200001FFC000504800010001FFC000504C0003
:10183000010001FFC000505400010001FFC000532F
:101840004500010001FFC000534700010001FFC037
:1018500000534900010001FFC000534B000100018B
:10186000FFC000544800010001FFC00054520001B5
:101870000001FFC000545700010001FFC000555394
:1018800000000000FFC00058580003FF02FFCC001A
:101890005A4100010001FFC000010D010001480094
:1018A00000000148000000014801000001000000A4
:1018B000550300000A0C0D0E0F1011121314150C15
:1018C000000102030405060708090A0B00000000D6
:1018D000000000000000000000000000AFA90000B0
:1018E0004E5652414D5265763D2452657624006D28
:1018F000616E6669643D30783264300070726F6486
:1019000069643D3078303732370076656E646964DB
:101910003D3078313465340064657669643D3078F3
:101920003433653200626F617264747970653D3082
:10193000783038383700626F6172647265763D3096
:10194000783131303000626F6172646E756D3D3296
:1019500032006D6163616464723D30303A41303A07
:1019600035303A62353A35393A35650073726F6D04
:101970007265763D313100626F617264666C6167D9
:10198000733D3078303034303430303100626F6144
:101990007264666C616773333D3078303430303058
:1019A000303030007874616C667265713D33373465
:1019B0003030006E6F6372633D31006167303D32DD
:1019C000353500616132673D310063636F64653DA9
:1019D000414C4C007061306974737369743D3078A8
:1019E00032300065787470616761696E32673D30CE
:1019F000007061326761303D2D3136382C37313619
:101A0000312C2D383230004176566D69645F633079
:101A10003D3078302C307863380063636B707772B8
:101A20006F6666736574303D35006D61787032673E
:101A300061303D383400747870777262636B6F6622
:101A40003D360063636B627732303267706F3D30D2
:101A5000006C65676F66646D627732303267706FF5
:101A60003D30783636313131313131006D6373625A
:101A70007732303267706F3D3078373737313131F8
:101A800031310070726F70627732303267706F3D43
:101A900030786464006F66646D64696766696C744D
:101AA000747970653D3138006F66646D646967668E
:101AB000696C747479706562653D3138007061706D
:101AC000646D6F64653D31007061706476616C694E
:101AD00064746573743D3100706163616C6964782E
:101AE00032673D343500706170646570736F66668F
:101AF0007365743D2D33300070617064656E646988
:101B000064783D3538006C746563786D75783D3068
:101B1000006C746563787061646E756D3D3078300B
:101B2000313032006C74656378666E73656C3D307D
:101B3000783434006C746563786763696770696FC3
:101B40003D3078303100696C306D6163616464727E
:101B50003D30303A39303A34633A63353A31323ACB
:101B6000333800776C3069643D307834333162004B
:101B7000646561646D616E5F746F3D307866666642
:101B80006666666666006D7578656E61623D307882
:101B90003130300073707572636F6E6669673D3007
:101BA000783300676C697463685F62617365645F52
:101BB0006372736D696E3D31006274635F6D6F6453
:101BC000653D3100000000000050F20100000000FF
:101BD000636F756E74727900000000006375725F48
:101BE0006574686572616464720000000000000042
:101BF00000000000636C6D6C6F6164000000000009
:101C0000636C6D6C6F61645F7374617475730000F5
:101C10000000000000A050B5595E00006273730020
:101C2000000000006D61786173736F630000000055
:101C300063636770696F696E000000000100000057
:101C4000FFFFFFFFFEFFFFFFFDFFFFFFE8A3011007
:101C5000F4A3011000000000FCA30110000000002C
:101C60000000000004A4011010A4011000000000F6
:101C7000000000000000000018A4011024A40110BE
:101C800000000000000000000000000034A401106B
:101C90000000000000000000000000000000000044
:101CA0000000000000000000000000000000000034
:101CB0000000000000000000000000000000000024
:101CC0000000000000000000000000000000000014
:101CD0000000000000000000000000000000000004
:101CE00000000000000000000000000000000000F4
:101CF00000000000000000000000000000000000E4
:101D0000000000003CA401100000000000000000E2
:101D100000000000000000000000000000000000C3
:101D200000000000000000000000000000000000B3
:101D300000000000000000000000000000000000A3
:101D40000000000000000000000000000000000093
:101D50000000000000000000000000000000000083
:101D600044A401100000000000000000000000007A
:101D70000000000000000000000000000000000063
:101D800000000000000000000000000054A401104A
:101D90000000000000000000000000000000000043
:101DA000000000000000000068A4011078A40110E9
:101DB000020000008D5D0110C9600110ED5F01108F
:101DC000095F01105961011021630110896201103E
:101DD000F16101101160011000000000F55E0110BA
:101DE000ED5E0110455E0110FF00000000002110B3
:101DF000422063308440A550C660E7700881299175
:101E00004AA16BB18CC1ADD1CEE1EFF1311210021C
:101E100073325222B5529442F772D66239931883C4
:101E20007BB35AA3BDD39CC3FFF3DEE362244334E8
:101E300020040114E664C774A44485546AA54BB514
:101E400028850995EEE5CFF5ACC58DD553367226BC
:101E500011163006D776F6669556B4465BB77AA764
:101E600019973887DFF7FEE79DD7BCC7C448E55808
:101E70008668A7784008611802282338CCC9EDD9B4
:101E80008EE9AFF9488969990AA92BB9F55AD44A5C
:101E9000B77A966A711A500A333A122AFDDBDCCB04
:101EA000BFFB9EEB799B588B3BBB1AABA66C877C28
:101EB000E44CC55C222C033C600C411CAEED8FFD54
:101EC000ECCDCDDD2AAD0BBD688D499D977EB66EFC
:101ED000D55EF44E133E322E511E700E9FFFBEEFA4
:101EE000DDDFFCCF1BBF3AAF599F788F8891A98166
:101EF000CAB1EBA10CD12DC14EF16FE18010A10050
:101F0000C230E3200450254046706760B98398933F
:101F1000FBA3DAB33DC31CD37FE35EF3B10290129F
:101F2000F322D2323542145277625672EAB5CBA50B
:101F3000A89589856EF54FE52CD50DC5E234C324EF
:101F4000A01481046674476424540544DBA7FAB7DF
:101F50009987B8975FE77EF71DC73CD7D326F2363F
:101F60009106B01657667676154634564CD96DC92B
:101F70000EF92FE9C899E9898AB9ABA9445865488F
:101F800006782768C018E1088238A3287DCB5CDB7F
:101F90003FEB1EFBF98BD89BBBAB9ABB754A545ADF
:101FA000376A167AF10AD01AB32A923A2EFD0FED4B
:101FB0006CDD4DCDAABD8BADE89DC98D267C076C2F
:101FC000645C454CA23C832CE01CC10C1FEF3EFF1F
:101FD0005DCF7CDF9BAFBABFD98FF89F176E367E7F
:101FE000554E745E932EB23ED10EF01E0009121BA8
:101FF000242D363F48415A536C657E7719100B02E9
:102000003D342F265158434A757C676E323B202958
:10201000161F040D7A7368615E574C452B223930C8
:102020000F061D14636A7178474E555C646D767FA8
:102030004049525B2C253E3708011A137D746F66A8
:1020400059504B42353C272E1118030A565F444D18
:10205000727B60691E170C053A3328214F465D5488
:102060006B627970070E151C232A31384148535A88
:10207000656C777E09001B122D243F3658514A4368
:102080007C756E671019020B343D262F737A6168D8
:10209000575E454C3B3229201F160D046A63787148
:1020A0004E475C55222B3039060F141D252C373E28
:1020B0000108131A6D647F7649405B523C352E2728
:1020C00018110A03747D666F5059424B171E050C98
:1020D000333A21285F564D447B7269600E071C1508
:1020E0002A233831464F545D626B7079000000003E
:1020F000000000000000000000097E000000000059
:102100000011210000001A130117400000031804F9
:10211000052423000020160614122500000E0208D4
:1021200007195E0000000D0A15262A00003C0B0965
:102130000F292800003E3F0C3A105F0000002200EB
:102140007B2B000000000D7D007C000000000000E3
:102150000000080000000014000000000000120051
:102160001311030000000000000000000000000048
:10217000000000000000000000097E0000000000D8
:102180000051210000005A53415740000043584479
:10219000452423000020564654522500004E424854
:1021A00047595E0000004D4A55262A00003C4B4925
:1021B0004F292800003E3F4C3A505F0000002200AB
:1021C0007B2B000000000D7D007C00000000000063
:1021D00000000800000000140000000000001200D1
:1021E00013110300000000000000000000000000C8
:1021F0000000000000000000000960000000000076
:102200000071310000007A736177320000637864F6
:10221000653433000020766674723500006E6268A3
:102220006779360000006D6A75373800002C6B69DD
:102230006F303900002E2F6C3B702D0000002700FE
:102240005B3D000000000D5D005C00000000000030
:102250000000080000000014000000000000120050
:0C22600013111B00000000000000000033
:08226C00CC5CFC7F01000000C6
:1022740048A5011054A5011060A501106CA501101A
:1022840078A5011084A5011090A501109CA501104A
:04229400E8A60110A7
:10229800F0B50124436801F108029440234283B059
:1022A80001D003B0F0BD05460E4601F095FB6B6802
:1022B8002340FCD14FF00040DFF894C105EB8607BE
:1022C80006EB46063C6A05EBC6059CF800E005F5FA
:1022D8008655A6B2C4F305212861E4B22861BEF18F
:1022E800000F08D05548564A05681068A84225D3FB
:1022F80013608CF800300D2900F29E8001A353F87A
:1023080021F000BFAD0200203B0200201102002096
:10231800BD0200203F020020450200204B020020A1
:10232800510200203502002033010020570200200E
:10233800670200207F020020230200200D297BD89D
:1023480001A353F821F000BFB102002019020020B8
:1023580015020020C10200203F0200204502002093
:102368004B020020510200203502002033010020DA
:1023780057020020670200207F020020230200206D
:102388002E4B1D68C5F30721B60B012E89D1396183
:1023980087E701F035FB2B4A1388591C0344118049
:1023A8001979F1E700238CF800300021ECE7264B7F
:1023B800D978E9E7244B9978E6E7234B5978E3E79E
:1023C800214B1978E0E701F01BFB00221D4BA0F818
:1023D80006421A8065E701F013FB0022194B1A80A8
:1023E800B0F8063243EA0423A0F8063259E701F0B0
:1023F80007FB03460068E8B10125B3F806221C1D57
:10240800009500232146D0F8AC52A8474FF400713C
:10241800204601F0EDFA0C4B186042E7084A1068B4
:102428000A4B1B68195C01301060ADE7034B1D684F
:10243800E9B2A9E71C1DE9E7FF21A5E7382C002030
:1024480038B70020B0F80020342C0020302C0020B1
:10245800BFF8002010B50268EFF3108372B6D2E817
:10246800CF4F0121002CFAD1C2E8441F002CF6D12D
:10247800BFF35F8FB0F90420002A1CDC002102683A
:10248800C2E88F1F83F3108820BF0268EFF3108320
:1024980072B6D2E8CFEF5FF0010CBEF1000FF8D1B1
:1024A800C2E84ECFBEF1000FF3D1BFF35F8FB0F992
:1024B8000420002AE3DD013A002104688280C4E890
:1024C8008F1F83F3108810BDF8B500270446164601
:1024D8001D4608E0C1E88F7F8EF3108830462946F4
:1024E80001F09EFAF8B92168EFF3108E72B6D1E8C0
:1024F800CF2F0123002AFAD1C1E8423F002AF6D1A2
:10250800BFF35F8FB4F904C02168BCF1000FE1DDAF
:102518000CF1FF3C0023A4F804C0C1E88F3F8EF300
:1025280010880120F8BD0020F8BD00BF70B5054631
:102538000C4601F06DFA02460B464FF47A704FF0E4
:10254800FF3E6FF0004CE4FB002396457CEB030153
:1025580038BF72462846BDE8704038BF6346FFF76B
:10256800B3BF00BF0368EFF3108272B6D3E8CFCFD2
:102578000121BCF1000FF9D1C3E84C1FBCF1000FD9
:10258800F4D1BFF35F8FB0F90430B0F906C0016829
:102598009C450ADD01334FF0000C8380C1E88FCFE2
:1025A80082F3108840BF012070470020C1E88F0FD8
:1025B80082F31088704700BF00B50368EFF31082FC
:1025C80072B6D3E8CFEF5FF0010CBEF1000FF8D17F
:1025D800C3E84ECFBEF1000FF3D1BFF35F8FB0F960
:1025E80004C003688C4509DA4FF0000C8180C3E809
:1025F8008FCF82F3108840BF5DF804FB81800021F3
:10260800C3E88F1F82F310885DF804FB4FF0504336
:1026180010B5026893F90040EFF3108372B6D2E860
:10262800CFCF0121BCF1000FF9D1C2E84C1FBCF19A
:10263800000FF4D1BFF35F8F90F90420002A1CDB50
:1026480000210268C2E88F1F83F3108820BF026848
:10265800EFF3108372B6D2E8CFEF5FF0010CBEF152
:10266800000FF8D1C2E84ECFBEF1000FF3D1BFF38F
:102678005F8F90F90420002AE3DA002201680471D0
:10268800C1E88F2F83F3108810BD00BF4FF050436F
:1026980010B5026893F90040EFF3108372B6D2E8E0
:1026A800CFCF0121BCF1000FF9D1C2E84C1FBCF11A
:1026B800000FF4D1BFF35F8F90F90420944229D022
:1026C8004FF0000C19E0C1E88FCF83F3108820BFCA
:1026D8000268EFF3108372B6D2E8CFEF0121BEF1A2
:1026E800000FF9D1C2E84E1FBEF1000FF4D1BFF3BD
:1026F8005F8F90F90420A2420CD0002A0168E2DA28
:1027080042790471013242710022C1E88F2F83F3AC
:10271800108810BD0168F3E7034600B50268EFF3BF
:10272800108C72B6D2E8CFEF0120BEF1000FF9D1BC
:10273800C2E84E0FBEF1000FF4D1BFF35F8F93F9DB
:102748000420002A0ADB01B10A60002000221B686D
:10275800C3E88F2F8CF310885DF804FB4FF05042CC
:10276800126801201A71F1E74FF05042034692F9BE
:1027780000C010B50268EFF3108E72B6D2E8CF4FE2
:102788000120002CFAD1C2E8440F002CF6D1BFF387
:102798005F8F93F90420002A05DB624503D001B15D
:1027A8000A60002005E001205A7983F804C0024439
:1027B8005A7100221B68C3E88F2F8EF3108810BD52
:1027C8004FF050412DE9F0410027044616461D46BA
:1027D800D1F8008008E0C1E88F7F8CF3108830467C
:1027E800294601F01DF9E8B92168EFF3108C72B69B
:1027F800D1E8CF2F0123002AFAD1C1E8423F002AAD
:10280800F6D1BFF35F8F94F904302168002BE2DA28
:10281800002384F80480C1E88F3F8CF310880120DE
:10282800BDE8F0810020BDE8F08100BF30B5046844
:10283800EFF3108C72B6D4E8CFEF0125BEF1000F8C
:10284800F9D1C4E84E5FBEF1000FF4D1BFF35F8F3A
:1028580090F904400568002C10DB0021C5E88F1FA3
:102868008CF310884FF0504595F90050A54201D1DE
:10287800084630BDBDE83040FFF7A2BF4FF05042D8
:10288800126800230271C5E88F3F8CF3108801207D
:1028980030BD00BF70B505460C4601F0B9F80246D8
:1028A8000B464FF47A704FF0FF3E6FF0004CE4FB9C
:1028B800002396457CEB030138BF72462846BDE8E5
:1028C800704038BF6346FFF77BBF00BF0368EFF374
:1028D800108272B6D3E8CFCF0121BCF1000FF9D135
:1028E800C3E84C1FBCF1000FF4D1BFF35F8F4FF06A
:1028F800FF0C0023016880F804C0C1E88F3F82F311
:10290800108840BF704700BF0368EFF3108272B6AB
:10291800D3E8CFCF0121BCF1000FF9D1C3E84C1F98
:10292800BCF1000FF4D1BFF35F8F43790168013B1D
:10293800DBB243714BB94FF0FF0C80F804C0C1E81B
:102948008F3F82F3108840BF70470023C1E88F3F54
:1029580082F31088704700BF002108B5134B4FF46D
:10296800707299601248D960196159619961D96189
:10297800196259629962D962196359639963D96373
:10298800196459649964D964196559659965D96553
:10299800196659669966D966196759679967D96733
:1029A80001F022F8034B044A1A6008BD00001050D9
:1029B800A43F002010B70020800110502DE9F04FEF
:1029C8001F4B85B0D3F858A0BAF1000F22D00024CD
:1029D80001254FF4E069DFF870801A4F01E0202CE0
:1029E80018D00AEA0502611C2346AB46CCB26D003A
:1029F800002AF4D004F0010203F0FE06164407EBA7
:102A080046163046C8F858B000F00AFC28B93AEA29
:102A18000B0AE4D105B0BDE8F08F00238DF809302A
:102A2800B37801A88DF80830F38A0121ADF8049035
:102A3800039300F013FC304600F098FBE7E700BF73
:102A480000001150643F002000301150F0B5BB4B1E
:102A580085B0D3F8985015F4003674D0B84BB94CFB
:102A6800996A94F83B30B84A022B116000F0D48080
:102A7800002694F87B30022B00F03B8194F8BB30A1
:102A8800022B00F07D8194F8FB30022B00F06C8162
:102A980094F83B31022B00F0448194F87B31022BEF
:102AA80000F0338194F8BB31022B00F0B68194F822
:102AB800FB31022B00F0A68194F83B32022B00F088
:102AC800968194F87B32022B00F0868194F8BB3211
:102AD800022B00F0768194F8FB32022B00F066811D
:102AE80094F83B33022B00F0568194F87B33022B89
:102AF80000F0A48094F8BB33022B00F0998194F87D
:102B0800FB33022B00F0B4803EB9904B1B7823B9FD
:102B18004FF400328E4BC3F890204FF44072874B2D
:102B280001219B6C01A8C3F30A03ADF804200293AA
:102B380000F094FBEA064FF40036864C07D5FFF701
:102B48003DFF264603E0EA064FF01004F7D4EB03F6
:102B580022D57C4C46F48036A37E002B40F0998029
:102B6800012394F83A20E370002A40F0AD80012355
:102B78004FF4C061784A84F82330ADF8041092E825
:102B8800030004AA02E90300194601A800F066FB45
:102B98004FF400326E4B1A65E90408D46A041DD458
:102BA8002B042AD4AE4240F0C58105B0F0BD002404
:102BB800624B46F480561C60FFF7CEFE4FF48073DC
:102BC800012101A8ADF804308DF8084000F046FB5B
:102BD8004FF400225E4B1A656A04E1D54FF4806316
:102BE800012101A8ADF8043000F038FB1022584B41
:102BF80046F480461A652B04D4D54FF4A06301210E
:102C080001A8ADF8043000F029FB4FF40062504BE6
:102C180046F400461A65C5E794F83A60002E3FF47A
:102C280028AF94F83C30002B3FF423AF002304F185
:102C3800200084F83C3000F0C1FA1AE794F87A735F
:102C4800002F3FF457AF94F87C33002B40F0648199
:102C580094F8BB33022B40F0F48094F8BA33002B7D
:102C680040F0EB8094F8FB33022B7FF456AF3E46DE
:102C780094F8FA33002B3FF447AF94F8FC33002B59
:102C88003FF44BAF0023354884F8FC3300F096FA44
:102C980043E70221324B294A1966536E9F07FCD538
:102CA8004FF440520021274800F066FA254800F00A
:102CB8005DFA0222264B5A661A66012394F83A20D6
:102CC800E370002A3FF453AF254A1366A2F5005279
:102CD800536ED807FCD54FF440520021214800F02C
:102CE8004BFA204800F042FA0122194B5A661A663C
:102CF8003DE794F87A70002F3FF4C0AE94F87C302A
:102D0800002B40F001813E46B8E694F87A71002F16
:102D18003FF4C8AE94F87C31002B40F0ED803E467D
:102D2800C0E694F83A71002F3FF4B7AE94F83C31FE
:102D3800002B40F0D9803E46AFE600BF000011509E
:102D480000000B40643F0020543F0020BDF80020E5
:102D580000301150100002000000105044430020C1
:102D680000201150843F002094F8FA70002F3FF49F
:102D78008FAE94F8FC30002B40F08E803E4687E6FC
:102D880094F8BA70002F3FF47EAE94F8BC30002B54
:102D98007AD13E4677E694F83A73002F3FF4A5AE11
:102DA80094F83C33002B57D13E469EE694F8FA72CD
:102DB800002F3FF495AE94F8FC32002B5CD13E46D0
:102DC8008EE694F8BA72002F3FF485AE94F8BC32C0
:102DD800002B49D13E467EE694F87A72002F3FF4E4
:102DE80075AE94F87C32002B76D13E466EE694F8A8
:102DF8003A72002F3FF465AE94F83C32002B63D151
:102E08003E465EE694F8FA71002F3FF455AE94F80A
:102E1800FC31002B50D13E464EE694F8BA71002F93
:102E28003FF445AE94F8BC31002B3DD13E463EE61A
:102E380094F8BA33002B3FF462AE94F8BC33002BFD
:102E480071D194F8FB33022B7FF467AE94F8FA3310
:102E5800002B3FF462AE10E70023394884F83C3376
:102E68003E4600F0ABF940E60023364884F8BC3211
:102E78003E4600F0A3F92EE60023334884F8FC32DE
:102E88003E4600F09BF92BE60023304884F8BC301E
:102E98003E4600F093F9F6E500232D4884F8FC300F
:102EA8003E4600F08BF9F3E500232A4884F8BC314C
:102EB8003E4600F083F9FAE50023274884F8FC3100
:102EC8003E4600F07BF9F7E50023244884F83C32BD
:102ED8003E4600F073F9F4E50023214884F87C327B
:102EE8003E4600F06BF9F1E500231E4884F83C31BA
:102EF8003E4600F063F9D0E500231B4884F87C3196
:102F08003E4600F05BF9CDE50023184884F87C3094
:102F18003E4600F053F9B1E50023154884F87C33A8
:102F280000F04CF994E60023124884F8BC3300F012
:102F380045F986E7104886EA050100F049FD00BF1B
:102F48008442002004420020444200200440002023
:102F580044400020044100204441002084410020D6
:102F6800C441002084400020C4400020C43F002009
:102F7800C442002004430020388801102DE9F0479E
:102F8800848A058BC278A54228BF2546171E18BF1C
:102F98000127641B467882F00102A4B20346C2707E
:102FA800848245F4806040EA4730A6BBD3E9032613
:102FB8006F1E02EB811E55B3052F98BF721C31D9C5
:102FC80002EB811C721CACEB0204022C2AD932469B
:102FD8004FEA95094FEA890A06EB890852F8044B2B
:102FE80042454CF8044BF9D15545A7EB0A070EEBBF
:102FF8000A040AD016F829600EF829602FB156780D
:10300800012F667001D09278A2701E699C8A2E44A6
:103018001E6140F400400CB940F4804001B1000446
:10302800BDE8F0870EF1FF3E2E4400E0013212F8B1
:10303800014CB2420EF8014FF8D1E6E78368024628
:10304800186801B1000C5378C0F30900002B3CD07C
:103058002DE9F041D2E90334461E03EB811E40B34B
:10306800052E3BD989014D1C1D44651B022D35D900
:103078007346214600F47F774FEA9008FD1853F80D
:1030880004CBAB4241F804CBF9D1B842A6EB070612
:1030980004EB07030EEB07010AD01EF8285004F8CA
:1030A80028502EB14C78012E5C7001D08978997027
:1030B8001469D38A04440344D382138B1461834272
:1030C80084BF00239382BDE8F081D38A0344D3826E
:1030D800138B834284BF002393827047013C0EEB1D
:1030E80000011EF8013B714504F8013FF9D1DFE703
:1030F80010B50446836800211B68FFF79FFF6368CB
:103108001B685B0002D5238B834200D010BD20468C
:10311800BDE810400121FFF791BF00BF084B1B6CB1
:1031280013F0020302D18278D20901D1002070473E
:10313800C07EA0F10200B0FA80F04009704700BFDD
:103148000000115008B5FFF7E9FF50B1054A064BDA
:10315800906A1B68A0F54870C01AC6288CBF00206A
:10316800012008BD00000B40543F00200023C0E9A7
:1031780004338376704700BF10B5836809B11C68B3
:10318800214082B1114352050DD51A6854050CD45B
:10319800084A21F480641C60126C920703D40C2343
:1031A800033BFDD28368196010BD8178024800F0A6
:1031B8000FFC00BF000011504C88011030B5436867
:1031C800002183B004461D68FFF7D8FE134B40F476
:1031D8008052196CA37889070ED55B060ED025F0AE
:1031E800A04545F000550021204663681D6003B0E6
:1031F800BDE83040FFF7C0BFDB09F0D0A38A002B41
:10320800EDD0012120460192FFF7B8FE019A25F082
:103218000055024345F0A045E5E700BF0000115006
:1032280038B5857E044695B1FFF762FFA38A0BB9CE
:10323800284638BD2046FFF785FF20B101232377B4
:103248000025284638BD2046FFF7B8FFF8E7817803
:10325800014800F0BDFB00BF6C8801102DE9F04368
:1032680043788146023B0D4685B0042B13D8DFE82E
:1032780003F0034A6A73440000217B4B1A7822F05A
:1032880001021A701A7822F002021A7059701A781C
:1032980061F382021A70754B1C686369EFF3108240
:1032A80072B6D3E8CF0F01210028FAD1C3E8401F36
:1032B8000028F6D1BFF35F8FA2614946204600F08F
:1032C8008FFB00236269C2E88F3FA36983F31088EC
:1032D80048B94FF0E023D3F8F03DDB070AD500BE2C
:1032E80005B0BDE8F0832A4699F8011099F8000066
:1032F80000F082FB05B0BDE8F0835D4A1378013326
:10330800DBB21370C7E700245A4E23463178DFF842
:103318006C81594F11E03B6813EB441307D0DB690C
:103328002BB1D9F8041099F8000098473178013486
:10333800E4B24A1CA242234617DBA142EBD85B1A2F
:1033480008EB4313EBE7484B1A78D607D2D51A781F
:1033580042F004021A709EE7434B1A78D407C9D585
:103368001A7822F004021A7095E73F4C2378580720
:103378003AD4E378DA07BDD5032300263B4A99F807
:1033880000101468D9F804208DF804108DF8053061
:103398006369CDF80660CDF80A60ADF80E60029258
:1033A800EFF3108272B6D3E8CF0F01210028FAD1CB
:1033B800C3E8401F0028F6D1BFF35F8F2046A26103
:1033C80001A900F00DFB6369C3E88F6FA36983F35C
:1033D800108800283FF47DAF2A469DF805109DF817
:1033E800040000F009FB85E72378002723F0040395
:1033F800237005231D4A8DF80530166899F80020BA
:10340800ADF80E708DF804207369CDF80670CDF80C
:103418000A70EFF3108272B6D3E8CF0F01210028AB
:10342800FAD1C3E8401F0028F6D1BFF35F8F3046BA
:10343800B26101A900F0D4FA7369C3E88F7FB36958
:1034480083F3108838B94FF0E023D3F8F03DD9075B
:103458008FD500BE8DE72A469DF805109DF804001B
:1034680000F0CAFA85E700BF48270020A0270020FF
:10347800BEF80020BCF800207825002074A70110B1
:1034880070B500244FF0A045012600E0013400F09B
:10349800C3FA844212D2204600F0B6FA43690A2BD6
:1034A800F4D1036AD5F80C2406FA03F31A42EDD0D6
:1034B800C5F80C343430FFF755F8E7E770BD00BFA6
:1034C80070B500244FF0A045012600E0013400F05B
:1034D800A3FA844212D2204600F096FA43690B2BD5
:1034E800F4D1036AD5F81C2406FA03F31A42EDD086
:1034F800C5F81C343430FFF735F8E7E770BD00BF76
:1035080070B5466A044626F03006002949D0A56AF7
:1035180046F01006666225F0C005002A48D045F03E
:103528004005E069A562800100F1A04E206A800193
:1035380000F1A04C2068CEF800100830CEF8040046
:10354800CEF80830CEF81060CCF8000004F1340052
:10355800CCF80420CCF80830CCF8105005460021EF
:10356800FFF72AF801224FF0A046E3692846256AAA
:1035780002FA03F3AA4013434FF47A71C6F85034A1
:10358800FEF7D4FF60B1E269920132441369590130
:10359800FCD4226A920102F1A04213695B01FCD4B7
:1035A80070BDA56A0349666225F0C005002AB6D138
:1035B800014AB6E7E81D0510B01C002084461046F5
:1035C8006AB3013900B501EB020EDCF80C309B0739
:1035D800FBD511F8013F7145CCF80830F5D1DCF87E
:1035E8000C30590705D5DCF80830DCF80C305907E1
:1035F800F9D4DCF80C30DA0606D5DCF80C30DA063B
:10360800F7D401E0DCF80830DCF80C305B07F9D4BB
:103618000123CCF820305DF804FBDCF80830DCF836
:103628000C305907F9D4DCF80C30DA0606D5DCF88A
:103638000C30DA06F7D401E0DCF80830DCF80C309E
:103648005B07F9D40123CCF82030704753B94AB945
:10365800002908BF00281CBF4FF0FF314FF0FF3092
:1036680000F0B2B9ADF1080C6DE904CE00F006F82F
:10367800DDF804E0DDE9022304B070472DE9F04FDE
:103688008C46099E04460F46002B48D18A421546AF
:103698005ED9B2FA82F33BB1C3F120029F409D404C
:1036A8009C4020FA02F217434FEA154E1FFA85FC98
:1036B800220CB7FBFEF10EFB117701FB0CF042EA7E
:1036C8000742904207D9AA1801F1FF3702D2904267
:1036D80000F258813946121AA4B2B2FBFEF00EFB72
:1036E800102200FB0CFC44EA0244A4450BD92C1917
:1036F80000F1FF322CBF01270027A44502D9002F73
:1037080000F04381104640EA0140A4EB0C0400217C
:103718001EB1DC400023C6E90043BDE8F08F8B42B0
:1037280006D90EB1C6E9000100210846BDE8F08FB0
:10373800B3FA83F1002951D16345C0F01681824262
:1037480040F213810846002EE7D0C6E90047E4E7B7
:10375800002A00F0AF80B2FA82F3002B40F0C2805A
:103768008A1A4FEA154EAFB20121200CB2FBFEFCBB
:103778000EFB1C2240EA024207FB0CF090420ED9D5
:10378800AA180CF1FF382CBF4FF001094FF00009BF
:10379800904203D9B9F1000F00F0F080C446121A24
:1037A800A4B2B2FBFEF00EFB102200FB07F744EABE
:1037B8000244A7420ED92C1900F1FF322CBF4FF05A
:1037C800010E4FF0000EA74203D9BEF1000F00F022
:1037D800D2801046E41B40EA0C4099E7C1F120056D
:1037E8008B400CFA01F400FA01F922FA05F72CFAD9
:1037F80005FC8A401F4320FA05F3380C23431FFABF
:1038080087FE1C0CBCFBF0F800FB18CC44EA0C4407
:1038180008FB0EFCA4450ED93C1908F1FF3A2CBF51
:103828004FF0010B4FF0000BA44503D9BBF1000F7B
:1038380000F0B880D046A4EB0C041FFA83FCB4FB5C
:10384800F0F300FB134403FB0EFE4CEA0444A645C8
:103858000ED93C1903F1FF302CBF4FF0010C4FF08B
:10386800000CA64503D9BCF1000F00F09F80034669
:1038780043EA0840A4EB0E04A0FB02EC644573463F
:10388800E04602D307D1F14505D2BEEB02036CEB4B
:10389800070C0138E0465EB1B9EB030264EB08049B
:1038A80004FA05F522FA01F3CC401D43C6E9005499
:1038B800002132E742082F464B08AC4642EAC17263
:1038C800AE46C407110C92B241EA034142EA0142F2
:1038D800B1FBF5F1B3FBF5F01F23A2EB0C0241EAB3
:1038E800004142E79D40C3F1200299409C402CFAD8
:1038F80002FC4FEA154E20FA02F2AFB2BCFBFEF80A
:103908000A430EFB18CC110C41EA0C4108FB07FCDA
:103918008C4550D9691808F1FF302CBF4FF00109C8
:103928004FF000098C4502D9B9F1000F30D0A1EB56
:103938000C01B1FBFEF808FB07FC0EFB181192B254
:1039480042EA0142624534D2AA1808F1FF312CBF7D
:103958004FF001094FF000096245BED2B9F1000FDE
:10396800BBD1A8F102012A44B7E7841A6CEB030221
:1039780001201746E7E62C4402382BE7ACF1020C8D
:103988002A440CE702392A44A5E62C440238BAE650
:10399800A5EB0C0CA8F102006144B1FBFEF808FB92
:1039A80007FCCAE7A8F102083C4444E7023B3C4450
:1039B8005EE7414691E7A1EB0C014046B1FBFEF8FA
:1039C80008FB07FCB9E700BF704700BF0000000014
:1039D8005FF800F0650D00105FF800F0D90A0010DC
:1039E8005FF800F07D6D00105FF800F0D57D0110E4
:1039F8005FF800F0B90500105FF800F0A55300105B
:103A08005FF800F0810B00105FF800F0250B001044
:103A18005FF800F0CD2000105FF800F0210B0010D7
:103A28005FF800F0791F0010C8860110701B002095
:103A38001500000000000000160000000000000053
:103A4800000000000000000000000000000000006E
:103A5800000000000000000000000000000000005E
:103A6800000000000000000000000000000000004E
:103A7800000000000000000000000000000000003E
:103A8800000000000000000000000000000000002E
:103A9800000000000000000000000000000000001E
:103AA800000000000000000000000000000000000E
:103AB80000000000000000000000000000000000FE
:103AC80000000000000000000000000000000000EE
:103AD80000000000000000000000000000000000DE
:103AE80000000000000000000000000000000000CE
:103AF80000000000000000000000000000000000BE
:103B080000000000000000000000000000000000AD
:103B1800000000000000000000000000000000009D
:103B2800000000000000000000000000000000008D
:103B3800000000000000000000000000000000007D
:103B4800000000000000000000000000000000006D
:103B5800000000000000000000000000000000005D
:103B6800000000000000000000000000000000004D
:103B7800000000000000000000000000000000003D
:103B8800000000000000000000000000000000002D
:103B9800000000000000000000000000000000001D
:103BA800000000000000000000000000000000000D
:103BB80000000000000000000000000000000000FD
:103BC80000000000000000000000000000000000ED
:103BD80000000000000000000000000000000000DD
:103BE80000000000000000000000000000000000CD
:103BF80000000000000000000000000000000000BD
:103C080000000000000000000000000000000000AC
:103C1800000000000000000000000000000000009C
:103C2800000000000000000000000000000000008C
:103C3800000000000000000000000000000000007C
:103C4800000000000000000000000000000000006C
:103C5800000000000000000000000000000000005C
:103C6800000000000000000000000000000000004C
:103C7800000000000000000000000000000000003C
:103C8800000000000000000000000000000000002C
:103C9800000000000000000000000000000000001C
:103CA800000000000000000000000000000000000C
:103CB80000000000000000000000000000000000FC
:103CC80000000000000000000000000000000000EC
:103CD80000000000000000000000000000000000DC
:103CE800008008401C0000001B0000001A000000B3
:103CF80020BCBE0000000000000000000000000022
:103D080000000000000000000000000000000000AB
:103D1800000000000000000000000000000000009B
:103D2800000000001000000000000000000001007A
:103D38000000000000000000000002000000000079
:103D48000000000000000300000000000000000068
:103D58000000FF000000000001B5486801318E46F0
:103D68000047704609380149884701BD7D14001095
:103D7800000000000000000000000000000000003B
:103D88000000000080220020414B0010ED4A001086
:103D9800654A0010D549001000000000000100002D
:103DA800A427002010000C00000000000000000004
:103DB800000000000000000000000000FF000000FC
:103DC800000000003D760010000000000000000028
:103DD8000000000000000000000000004176001014
:103DE80000000000000000006E19000000C000C0C4
:103DF8005858000000000000155B0110000000008A
:103E0800000000000000000000000000795A0110C6
:103E1800000000000000000000000000000000009A
:103E2800A5010000FFFFFFFF0000020000000000E6
:103E38000000000000000000C01C0020C01C002082
:103E4800C81C0020C81C0020D01C0020D01C00204A
:103E5800D81C0020D81C0020E01C0020E01C0020FA
:103E6800E81C0020E81C0020F01C0020F01C0020AA
:103E7800F81C0020F81C0020001D0020001D002058
:103E8800081D0020081D0020101D0020101D002006
:103E9800181D0020181D0020201D0020201D0020B6
:103EA800281D0020281D0020301D0020301D002066
:103EB800381D0020381D0020401D0020401D002016
:103EC800481D0020481D0020501D0020501D0020C6
:103ED800581D0020581D0020601D0020601D002076
:103EE800681D0020681D0020701D0020701D002026
:103EF800781D0020781D0020801D0020801D0020D6
:103F0800881D0020881D0020901D0020901D002085
:103F1800981D0020981D0020A01D0020A01D002035
:103F2800A81D0020A81D0020B01D0020B01D0020E5
:103F3800B81D0020B81D0020C01D0020C01D002095
:103F4800C81D0020C81D0020D01D0020D01D002045
:103F5800D81D0020D81D0020E01D0020E01D0020F5
:103F6800E81D0020E81D0020F01D0020F01D0020A5
:103F7800F81D0020F81D0020001E0020001E002053
:103F8800081E0020081E0020101E0020101E002001
:103F9800181E0020181E0020201E0020201E0020B1
:103FA800281E0020281E0020301E0020301E002061
:103FB800381E0020381E0020401E0020401E002011
:103FC800481E0020481E0020501E0020501E0020C1
:103FD800581E0020581E0020601E0020601E002071
:103FE800681E0020681E0020701E0020701E002021
:103FF800781E0020781E0020801E0020801E0020D1
:10400800881E0020881E0020901E0020901E002080
:10401800981E0020981E0020A01E0020A01E002030
:10402800A81E0020A81E0020B01E0020B01E0020E0
:10403800B81E0020B81E0020C01E0020C01E002090
:10404800C81E0020C81E0020D01E0020D01E002040
:10405800D81E0020D81E0020E01E0020E01E0020F0
:10406800E81E0020E81E0020F01E0020F01E0020A0
:10407800F81E0020F81E0020001F0020001F00204E
:10408800081F0020081F0020101F0020101F0020FC
:10409800181F0020181F0020201F0020201F0020AC
:1040A800281F0020281F0020301F0020301F00205C
:1040B800381F0020381F0020401F0020401F00200C
:1040C800481F0020481F0020501F0020501F0020BC
:1040D800581F0020581F0020601F0020601F00206C
:1040E800681F0020681F0020701F0020701F00201C
:1040F800781F0020781F0020801F0020801F0020CC
:10410800881F0020881F0020901F0020901F00207B
:10411800981F0020981F0020A01F0020A01F00202B
:10412800A81F0020A81F0020B01F0020B01F0020DB
:10413800B81F0020B81F0020C01F0020C01F00208B
:10414800C81F0020C81F0020D01F0020D01F00203B
:10415800D81F0020D81F0020E01F0020E01F0020EB
:10416800E81F0020E81F0020F01F0020F01F00209B
:10417800F81F0020F81F0020002000200020002049
:1041880008200020082000201020002010200020F7
:1041980018200020182000202020002020200020A7
:1041A8002820002028200020302000203020002057
:1041B8003820002038200020402000204020002007
:1041C80048200020482000205020002050200020B7
:1041D8005820002058200020602000206020002067
:1041E8006820002068200020702000207020002017
:1041F80078200020782000208020002080200020C7
:104208008820002088200020902000209020002076
:104218009820002098200020A0200020A020002026
:10422800A8200020A8200020B0200020B0200020D6
:10423800B8200020B8200020D02000200000000076
:104248000000000040240020A824002010250020A1
:104258000000000000000000000000000000000056
:104268000000000000000000000000000000000046
:104278000000000000000000000000000000000036
:104288000000000000000000000000000000000026
:104298000000000000000000000000000000000016
:1042A8000000000000000000000000000000000006
:1042B80000000000000000000000000000000000F6
:1042C80000000000000000000000000000000000E6
:1042D80000000000000000000100000000000000D5
:1042E8000E33CDAB34126DE6ECDE05000B0000009A
:1042F80000000000000000000000000000000000B6
:1043080000000000000000000000000000000000A5
:104318000000000000000000000000000000000095
:104328000000000000000000000000000000000085
:104338000000000000000000000000000000000075
:104348000000000000000000000000000000000065
:104358000000000000000000000000000000000055
:104368000000000000000000000000000000000045
:104378000000000000000000000000000000000035
:104388000000000000000000000000000000000025
:104398000000000000000000000000000000000015
:1043A800D3DEFFFFFE010000FF01000090BDFAFF11
:0443B800793512AB96
:040000051000014D99
:00000001FF
